invoice_id,customer_id,customer_name,business_segment,invoice_date,invoice_amount,credit_limit,credit_used,due_date,payment_terms_days,grace_period_days,handover_date,payment_date,handover_eligibility
FDX20251020136,CUST770487,Lawson-Greene,Small,2026-01-03,4639,22522,7267,2026-01-13,10,7,2026-01-20,,IN_GRACE
FDX20258239315,CUST216739,Mendez Inc,Small,2025-12-26,52865,161282,140319,2026-01-05,10,7,2026-01-12,2026-01-12,RESOLVED_IN_GRACE
FDX20259758448,CUST126225,Keith-Williams,Large,2025-12-14,50641,141120,61541,2026-01-08,25,20,2026-01-28,,ELIGIBLE
FDX20258057906,CUST877572,Burton-Lyons,Small,2025-12-22,55106,223408,166289,2026-01-01,10,7,2026-01-08,2026-01-02,RESOLVED_IN_GRACE
FDX20257213902,CUST388389,"Hunter, Phillips and Massey",Small,2026-01-03,28715,81016,67081,2026-01-13,10,7,2026-01-20,,ELIGIBLE
FDX20251728773,CUST356787,Suarez-Allen,Small,2026-01-10,31625,104296,65431,2026-01-20,10,7,2026-01-27,,ELIGIBLE
FDX20259888846,CUST334053,Howe-Gutierrez,Small,2026-01-05,53128,198979,187940,2026-01-15,10,7,2026-01-22,2026-01-16,RESOLVED_IN_GRACE
FDX20258196691,CUST246316,Martinez-Swanson,Large,2025-12-03,10630,32323,18199,2025-12-28,25,20,2026-01-17,,IN_GRACE
FDX20254850140,CUST872246,Adkins-Foley,Mid,2026-01-03,1579,4331,3856,2026-01-18,15,12,2026-01-30,,IN_GRACE
FDX20259088689,CUST207473,Powers-Campbell,Large,2025-12-01,35054,105976,60379,2025-12-26,25,20,2026-01-15,2026-01-12,RESOLVED_IN_GRACE
FDX20257396087,CUST809570,Swanson-Robertson,Small,2026-01-11,57447,223034,155873,2026-01-21,10,7,2026-01-28,,IN_GRACE
FDX20256880713,CUST876646,"Ritter, Rodriguez and Flores",Large,2025-12-01,56039,290295,219746,2025-12-26,25,20,2026-01-15,,IN_GRACE
FDX20252639417,CUST671858,Coleman-Kramer,Small,2025-12-30,4857,25409,20522,2026-01-09,10,7,2026-01-16,,IN_GRACE
FDX20258138527,CUST191161,Fry-Sparks,Small,2025-12-27,9879,37584,31959,2026-01-06,10,7,2026-01-13,,IN_GRACE
FDX20253246185,CUST719176,Morrison-Turner,Small,2025-12-29,15790,44296,17800,2026-01-08,10,7,2026-01-15,,ELIGIBLE
FDX20255270103,CUST542417,Lewis-Simmons,Small,2026-01-04,18781,81345,53464,2026-01-14,10,7,2026-01-21,,IN_GRACE
FDX20259005101,CUST133326,Ramirez-Skinner,Mid,2025-12-31,9683,56568,54002,2026-01-15,15,12,2026-01-27,,ELIGIBLE
FDX20254900918,CUST131244,"Castillo, Morales and Savage",Mega,2025-12-01,59759,271609,224410,2026-01-05,35,30,2026-02-04,,ELIGIBLE
FDX20252406225,CUST198246,Hamilton-Potts,Large,2025-12-06,17557,85057,71649,2025-12-31,25,20,2026-01-20,,ELIGIBLE
FDX20255752426,CUST329258,Gonzales-Martinez,Mid,2025-12-22,57603,239113,140705,2026-01-06,15,12,2026-01-18,,IN_GRACE
FDX20257855954,CUST343962,Smith-Torres,Small,2025-12-24,48989,232307,67393,2026-01-03,10,7,2026-01-10,,IN_GRACE
FDX20255325249,CUST629903,"Joseph, Jackson and Tapia",Small,2025-12-29,41208,139327,57781,2026-01-08,10,7,2026-01-15,,IN_GRACE
FDX20254171246,CUST731262,"Conrad, Riggs and Brown",Small,2026-01-09,6206,32892,24128,2026-01-19,10,7,2026-01-26,,ELIGIBLE
FDX20251091762,CUST127824,Woods-Ballard,Small,2025-12-29,10426,35220,11113,2026-01-08,10,7,2026-01-15,,ELIGIBLE
FDX20251119354,CUST688508,Leon Ltd,Small,2025-12-30,28413,98992,39109,2026-01-09,10,7,2026-01-16,,ELIGIBLE
FDX20259766777,CUST308496,Long-Hodge,Mid,2025-12-12,35989,185292,140226,2025-12-27,15,12,2026-01-08,2026-01-01,RESOLVED_IN_GRACE
FDX20252976835,CUST850800,"Stokes, Strickland and Cooper",Mid,2025-12-24,9466,55167,34658,2026-01-08,15,12,2026-01-20,,ELIGIBLE
FDX20259720156,CUST781453,Wilkerson-Hatfield,Small,2026-01-09,5637,21410,19210,2026-01-19,10,7,2026-01-26,,IN_GRACE
FDX20251120696,CUST835392,White-Noble,Mid,2025-12-14,3404,11058,4957,2025-12-29,15,12,2026-01-10,,ELIGIBLE
FDX20257291957,CUST671412,Collins-Miller,Large,2025-12-10,28596,105804,43848,2026-01-04,25,20,2026-01-24,,IN_GRACE
FDX20254446353,CUST539898,Miller-Underwood,Small,2025-12-29,46738,231234,206003,2026-01-08,10,7,2026-01-15,2026-01-10,RESOLVED_IN_GRACE
FDX20256299951,CUST331148,Oneal PLC,Small,2026-01-04,29258,139564,54066,2026-01-14,10,7,2026-01-21,,ELIGIBLE
FDX20257859282,CUST571029,"Hardy, Bauer and Mckee",Mid,2025-12-26,22266,133135,30932,2026-01-10,15,12,2026-01-22,2026-01-17,RESOLVED_IN_GRACE
FDX20257077878,CUST717889,West-Acosta,Mid,2025-12-17,57049,263848,170962,2026-01-01,15,12,2026-01-13,,ELIGIBLE
FDX20252788169,CUST391704,Turner-Trujillo,Small,2026-01-13,19451,50586,46864,2026-01-23,10,7,2026-01-30,,ELIGIBLE
FDX20253596753,CUST948749,Kennedy-Hines,Mid,2025-12-24,17478,53351,32245,2026-01-08,15,12,2026-01-20,,ELIGIBLE
FDX20258148295,CUST106814,Roberts-Flores,Large,2025-12-14,52719,283160,227418,2026-01-08,25,20,2026-01-28,2026-01-11,RESOLVED_IN_GRACE
FDX20255255251,CUST895667,Greene LLC,Mid,2025-12-28,48228,270402,240686,2026-01-12,15,12,2026-01-24,,ELIGIBLE
FDX20255383935,CUST944962,Berg-James,Large,2025-12-01,16449,84283,40000,2025-12-26,25,20,2026-01-15,2026-01-06,RESOLVED_IN_GRACE
FDX20259994347,CUST267414,Ryan-Walker,Mid,2025-12-22,10669,61645,20445,2026-01-06,15,12,2026-01-18,,ELIGIBLE
FDX20258106183,CUST832052,Carr-Sullivan,Small,2026-01-03,59532,315308,270568,2026-01-13,10,7,2026-01-20,,ELIGIBLE
FDX20257134489,CUST543143,Fuller-Sharp,Mid,2025-12-16,27866,129199,41195,2025-12-31,15,12,2026-01-12,2026-01-03,RESOLVED_IN_GRACE
FDX20255623138,CUST456778,Keller-Haney,Large,2025-12-01,26438,145066,57947,2025-12-26,25,20,2026-01-15,,IN_GRACE
FDX20257668174,CUST391369,Lewis-Young,Small,2026-01-11,31718,155732,65801,2026-01-21,10,7,2026-01-28,,ELIGIBLE
FDX20254417412,CUST263032,Baker PLC,Small,2026-01-07,41150,186991,84512,2026-01-17,10,7,2026-01-24,2026-01-19,RESOLVED_IN_GRACE
FDX20257932818,CUST325772,Boone-Colon,Small,2026-01-11,22014,79284,62312,2026-01-21,10,7,2026-01-28,,ELIGIBLE
FDX20259094465,CUST900581,Liu LLC,Small,2025-12-22,28662,171480,96101,2026-01-01,10,7,2026-01-08,2026-01-04,RESOLVED_IN_GRACE
FDX20253998417,CUST452944,Nguyen-Sosa,Small,2026-01-10,21244,121298,57737,2026-01-20,10,7,2026-01-27,2026-01-27,RESOLVED_IN_GRACE
FDX20257211142,CUST207175,Thornton-Smith,Small,2025-12-27,17773,96954,74029,2026-01-06,10,7,2026-01-13,,ELIGIBLE
FDX20259116148,CUST197251,"Coffey, Garcia and Singleton",Small,2026-01-07,51749,271487,165783,2026-01-17,10,7,2026-01-24,,ELIGIBLE
FDX20255257682,CUST498382,Bauer-Macdonald,Mid,2025-12-21,34746,101671,49969,2026-01-05,15,12,2026-01-17,,IN_GRACE
FDX20256144785,CUST201414,Lopez-Kent,Small,2026-01-07,6374,26063,13666,2026-01-17,10,7,2026-01-24,,ELIGIBLE
FDX20256777340,CUST476417,Brown-Curtis,Mid,2025-12-21,15969,42958,29930,2026-01-05,15,12,2026-01-17,,IN_GRACE
FDX20257679508,CUST988662,Smith-Rojas,Mid,2025-12-31,18375,47530,38199,2026-01-15,15,12,2026-01-27,2026-01-27,RESOLVED_IN_GRACE
FDX20253316405,CUST460663,Cohen-Jefferson,Small,2025-12-24,35561,92116,56563,2026-01-03,10,7,2026-01-10,2026-01-08,RESOLVED_IN_GRACE
FDX20252997927,CUST733052,Steele-Bell,Small,2026-01-01,34247,148387,45410,2026-01-11,10,7,2026-01-18,,ELIGIBLE
FDX20254854922,CUST377370,Ingram PLC,Small,2025-12-22,56609,229063,139777,2026-01-01,10,7,2026-01-08,,ELIGIBLE
FDX20258492618,CUST946335,"Stanley, Rios and Rosales",Mid,2025-12-30,47537,209994,203206,2026-01-14,15,12,2026-01-26,2026-01-25,RESOLVED_IN_GRACE
FDX20253714471,CUST145561,Smith-Martin,Mid,2025-12-22,44748,126494,95689,2026-01-06,15,12,2026-01-18,,ELIGIBLE
FDX20252682396,CUST865179,"Perry, Hall and Deleon",Small,2026-01-05,47283,161958,149518,2026-01-15,10,7,2026-01-22,,ELIGIBLE
FDX20254598010,CUST581741,Turner-Horton,Mid,2025-12-28,33054,152187,95825,2026-01-12,15,12,2026-01-24,,IN_GRACE
FDX20259528589,CUST662275,Mills-Pacheco,Mid,2025-12-26,41460,117315,63969,2026-01-10,15,12,2026-01-22,,ELIGIBLE
FDX20257720296,CUST230889,Mullins-Lindsey,Mid,2026-01-03,24852,137775,37692,2026-01-18,15,12,2026-01-30,,IN_GRACE
FDX20256678044,CUST496922,Evans-Cruz,Small,2025-12-29,46595,156318,48667,2026-01-08,10,7,2026-01-15,,ELIGIBLE
FDX20251873301,CUST182627,"Ferguson, Erickson and Murphy",Small,2026-01-13,48242,190452,150523,2026-01-23,10,7,2026-01-30,2026-01-25,RESOLVED_IN_GRACE
FDX20253696736,CUST678856,Parker-Avila,Mid,2025-12-31,32168,102479,47402,2026-01-15,15,12,2026-01-27,,ELIGIBLE
FDX20257528076,CUST407419,"Prince, Thompson and Stuart",Mega,2025-12-01,28530,94731,80544,2026-01-05,35,30,2026-02-04,,IN_GRACE
FDX20251088762,CUST969693,"Oliver, Ellis and Wright",Large,2025-12-10,27404,163517,33298,2026-01-04,25,20,2026-01-24,,IN_GRACE
FDX20252528212,CUST759176,Douglas-Parker,Large,2025-12-01,15679,48749,28147,2025-12-26,25,20,2026-01-15,2026-01-06,RESOLVED_IN_GRACE
FDX20253438206,CUST748564,Shaw Inc,Large,2025-12-12,34839,126019,44336,2026-01-06,25,20,2026-01-26,,ELIGIBLE
FDX20258913286,CUST479201,"Miles, Baker and Simpson",Mid,2025-12-17,36574,195808,38333,2026-01-01,15,12,2026-01-13,,ELIGIBLE
FDX20258304421,CUST705397,"Stevens, Russo and Golden",Small,2025-12-26,12982,73250,33919,2026-01-05,10,7,2026-01-12,,ELIGIBLE
FDX20252478755,CUST301629,Huynh-Rosales,Mid,2025-12-31,24090,141388,101348,2026-01-15,15,12,2026-01-27,,ELIGIBLE
FDX20252075091,CUST838797,Romero-Martin,Mid,2026-01-03,38709,225145,161499,2026-01-18,15,12,2026-01-30,,ELIGIBLE
FDX20255413951,CUST172933,"Parrish, Valentine and Maynard",Mid,2025-12-12,51934,189440,171307,2025-12-27,15,12,2026-01-08,,ELIGIBLE
FDX20254720687,CUST148050,"Velez, Perez and Chen",Small,2025-12-24,53709,284021,104975,2026-01-03,10,7,2026-01-10,,ELIGIBLE
FDX20257221581,CUST793384,Carr-Lane,Small,2026-01-05,40929,196432,169081,2026-01-15,10,7,2026-01-22,2026-01-22,RESOLVED_IN_GRACE
FDX20252342843,CUST338968,Blackwell-Jones,Mega,2025-12-01,39436,181387,130205,2026-01-05,35,30,2026-02-04,2026-01-08,RESOLVED_IN_GRACE
FDX20251633429,CUST910620,Hernandez-Phillips,Large,2025-12-14,38483,134492,71887,2026-01-08,25,20,2026-01-28,2026-01-23,RESOLVED_IN_GRACE
FDX20257447920,CUST403445,Powell-Martinez,Mid,2026-01-01,19157,59077,23973,2026-01-16,15,12,2026-01-28,,ELIGIBLE
FDX20257721705,CUST183667,Jimenez-Rosario,Small,2025-12-31,5719,30008,27850,2026-01-10,10,7,2026-01-17,,ELIGIBLE
FDX20259741022,CUST996865,Rhodes Inc,Small,2025-12-24,15693,64890,45580,2026-01-03,10,7,2026-01-10,,ELIGIBLE
FDX20255806156,CUST344098,Cobb LLC,Small,2026-01-04,2276,7479,6598,2026-01-14,10,7,2026-01-21,2026-01-18,RESOLVED_IN_GRACE
FDX20251964069,CUST205907,"Frederick, Peterson and Hess",Small,2026-01-11,11226,51339,36978,2026-01-21,10,7,2026-01-28,,ELIGIBLE
FDX20253940561,CUST498591,Briggs-Peters,Small,2025-12-24,44290,232101,157297,2026-01-03,10,7,2026-01-10,2026-01-04,RESOLVED_IN_GRACE
FDX20259294125,CUST391476,Murphy-Levy,Mega,2025-12-01,8277,25945,20229,2026-01-05,35,30,2026-02-04,,ELIGIBLE
FDX20258364728,CUST575435,"Bass, Lopez and Schmidt",Mid,2025-12-31,37912,171237,79951,2026-01-15,15,12,2026-01-27,,ELIGIBLE
FDX20251179690,CUST766563,"Bowers, Price and Morgan",Small,2025-12-29,14953,51013,16960,2026-01-08,10,7,2026-01-15,,ELIGIBLE
FDX20254384085,CUST974628,"Roach, Underwood and Manning",Small,2026-01-10,53698,138023,124875,2026-01-20,10,7,2026-01-27,,ELIGIBLE
FDX20259693169,CUST482554,Johnson-Vincent,Small,2026-01-07,4315,16709,10834,2026-01-17,10,7,2026-01-24,,IN_GRACE
FDX20255798393,CUST270555,Clay-Moore,Large,2025-12-04,17834,46686,42184,2025-12-29,25,20,2026-01-18,,IN_GRACE
FDX20254267304,CUST488162,Copeland-Armstrong,Large,2025-12-04,34803,178682,73116,2025-12-29,25,20,2026-01-18,,ELIGIBLE
FDX20251563871,CUST472528,Middleton-Price,Large,2025-12-01,39382,142004,121731,2025-12-26,25,20,2026-01-15,,ELIGIBLE
FDX20259565571,CUST319684,Baker-Aguirre,Mid,2025-12-22,18063,86935,36323,2026-01-06,15,12,2026-01-18,,ELIGIBLE
FDX20259653916,CUST802729,Young-Sullivan,Mid,2025-12-19,35007,148640,64258,2026-01-03,15,12,2026-01-15,2026-01-06,RESOLVED_IN_GRACE
FDX20254886793,CUST379946,Scott-Phillips,Small,2025-12-22,53887,163718,59040,2026-01-01,10,7,2026-01-08,,IN_GRACE
FDX20253843451,CUST835911,Miller-Espinoza,Small,2026-01-13,59694,272889,238725,2026-01-23,10,7,2026-01-30,,ELIGIBLE
FDX20251605005,CUST816751,Hayes-Ward,Small,2026-01-05,48431,257838,185994,2026-01-15,10,7,2026-01-22,,ELIGIBLE
FDX20257035435,CUST779514,West-Griffin,Large,2025-12-07,14785,42416,20413,2026-01-01,25,20,2026-01-21,,IN_GRACE
FDX20255014060,CUST174870,"Arroyo, Miller and Johnson",Small,2026-01-10,43225,223766,103394,2026-01-20,10,7,2026-01-27,,ELIGIBLE
FDX20251004819,CUST738720,Ochoa-Cisneros,Mid,2025-12-28,48441,232974,141015,2026-01-12,15,12,2026-01-24,,ELIGIBLE
FDX20253641484,CUST765822,"Reilly, Stout and Cross",Small,2025-12-22,51470,204856,194277,2026-01-01,10,7,2026-01-08,,ELIGIBLE
FDX20252456980,CUST279451,Luna-Howard,Mid,2025-12-21,24367,80492,36418,2026-01-05,15,12,2026-01-17,2026-01-06,RESOLVED_IN_GRACE
FDX20255629452,CUST660086,Herrera-Mahoney,Small,2025-12-24,32428,98598,33290,2026-01-03,10,7,2026-01-10,,IN_GRACE
FDX20257701385,CUST864544,Robinson-Bennett,Large,2025-12-13,5697,28961,6434,2026-01-07,25,20,2026-01-27,,ELIGIBLE
FDX20256924499,CUST356702,Benson-Beck,Small,2025-12-29,37571,171240,73675,2026-01-08,10,7,2026-01-15,,ELIGIBLE
FDX20257629401,CUST271339,Bradshaw PLC,Small,2026-01-07,37202,154603,70413,2026-01-17,10,7,2026-01-24,2026-01-24,RESOLVED_IN_GRACE
FDX20257802338,CUST584714,Baker-Turner,Small,2025-12-24,45633,132262,102892,2026-01-03,10,7,2026-01-10,2026-01-09,RESOLVED_IN_GRACE
FDX20254360650,CUST497887,Morris-Parker,Small,2025-12-31,48454,163121,112686,2026-01-10,10,7,2026-01-17,,ELIGIBLE
FDX20259686281,CUST383060,"Davies, Powers and Moore",Small,2025-12-30,41678,216885,96555,2026-01-09,10,7,2026-01-16,,ELIGIBLE
FDX20251257807,CUST771088,Scott-Payne,Mid,2025-12-30,42737,210535,128260,2026-01-14,15,12,2026-01-26,,ELIGIBLE
FDX20252151205,CUST821590,Murray-Brady,Small,2025-12-30,5839,19741,16074,2026-01-09,10,7,2026-01-16,,ELIGIBLE
FDX20252512732,CUST684004,Pennington Inc,Small,2026-01-05,49430,209358,142093,2026-01-15,10,7,2026-01-22,,IN_GRACE
FDX20255773013,CUST330283,Taylor-Atkins,Small,2026-01-10,23259,70123,68113,2026-01-20,10,7,2026-01-27,,IN_GRACE
FDX20256840069,CUST817870,Smith-Burns,Large,2025-12-08,47989,125079,50390,2026-01-02,25,20,2026-01-22,,ELIGIBLE
FDX20256829664,CUST440035,Daniels-Torres,Mid,2025-12-30,25317,73877,27437,2026-01-14,15,12,2026-01-26,2026-01-23,RESOLVED_IN_GRACE
FDX20255639031,CUST983794,Morales-Brown,Mid,2025-12-25,9025,42827,28920,2026-01-09,15,12,2026-01-21,2026-01-21,RESOLVED_IN_GRACE
FDX20254796608,CUST905635,Pope-Gray,Small,2025-12-29,36743,192596,103834,2026-01-08,10,7,2026-01-15,,ELIGIBLE
FDX20254263591,CUST913694,Knight PLC,Mega,2025-12-01,48030,153864,64914,2026-01-05,35,30,2026-02-04,,ELIGIBLE
FDX20258629590,CUST158655,Watson-Farley,Mid,2025-12-21,29632,96744,56893,2026-01-05,15,12,2026-01-17,2026-01-17,RESOLVED_IN_GRACE
FDX20257777264,CUST340174,Nielsen-Brown,Small,2026-01-11,4623,11767,6341,2026-01-21,10,7,2026-01-28,,ELIGIBLE
FDX20251078038,CUST961722,Kerr-Thomas,Mid,2025-12-16,28916,73697,58524,2025-12-31,15,12,2026-01-12,,ELIGIBLE
FDX20255380657,CUST133659,"Peck, Richardson and Gardner",Mega,2025-12-01,10323,34261,18207,2026-01-05,35,30,2026-02-04,,ELIGIBLE
FDX20253936596,CUST944151,Robinson-Bailey,Small,2025-12-22,22618,61563,32680,2026-01-01,10,7,2026-01-08,,IN_GRACE
FDX20257830585,CUST430776,"Meza, Campbell and Brown",Small,2026-01-11,50378,297437,189038,2026-01-21,10,7,2026-01-28,,IN_GRACE
FDX20259493265,CUST520651,Guerrero-Contreras,Mid,2025-12-17,16633,41766,39747,2026-01-01,15,12,2026-01-13,2026-01-05,RESOLVED_IN_GRACE
FDX20252786185,CUST380746,Pope-Rogers,Small,2026-01-09,45387,184695,82702,2026-01-19,10,7,2026-01-26,,ELIGIBLE
FDX20252214435,CUST169403,Nichols-Green,Small,2025-12-30,58985,315167,130984,2026-01-09,10,7,2026-01-16,2026-01-11,RESOLVED_IN_GRACE
FDX20259441777,CUST321231,Hall-Schroeder,Mid,2025-12-28,31443,121977,58274,2026-01-12,15,12,2026-01-24,,ELIGIBLE
FDX20255936726,CUST694731,Newman-Sanchez,Small,2025-12-30,39138,127920,96120,2026-01-09,10,7,2026-01-16,,ELIGIBLE
FDX20256703681,CUST852787,Sherman-Kent,Small,2026-01-01,51800,279741,88905,2026-01-11,10,7,2026-01-18,,IN_GRACE
FDX20252963085,CUST429963,Lane-Olson,Small,2026-01-01,57167,289784,65066,2026-01-11,10,7,2026-01-18,,ELIGIBLE
FDX20259611521,CUST322955,Boyer-Hebert,Mid,2026-01-01,58153,304279,87475,2026-01-16,15,12,2026-01-28,,IN_GRACE
FDX20255323377,CUST787277,"Harvey, Jones and Lawrence",Mega,2025-12-01,58594,255417,244575,2026-01-05,35,30,2026-02-04,,ELIGIBLE
FDX20255196677,CUST623481,"Bright, Herrera and Graham",Large,2025-12-02,27478,97676,43726,2025-12-27,25,20,2026-01-16,2026-01-10,RESOLVED_IN_GRACE
FDX20258428425,CUST514850,Jones-Powers,Small,2026-01-04,56565,253156,217053,2026-01-14,10,7,2026-01-21,2026-01-18,RESOLVED_IN_GRACE
FDX20257326357,CUST774079,Roberts-Martinez,Mid,2025-12-21,56297,287058,179831,2026-01-05,15,12,2026-01-17,,ELIGIBLE
FDX20259113963,CUST581141,"Choi, Mitchell and Jones",Small,2026-01-01,49137,202939,51561,2026-01-11,10,7,2026-01-18,2026-01-13,RESOLVED_IN_GRACE
FDX20255081447,CUST249811,Hull-Mcgee,Small,2025-12-30,15022,37649,23352,2026-01-09,10,7,2026-01-16,,IN_GRACE
FDX20256698561,CUST377746,Cruz-Black,Small,2025-12-29,25998,101491,59122,2026-01-08,10,7,2026-01-15,2026-01-09,RESOLVED_IN_GRACE
FDX20258698199,CUST246413,Taylor-Anderson,Small,2026-01-07,2736,13222,4367,2026-01-17,10,7,2026-01-24,2026-01-21,RESOLVED_IN_GRACE
FDX20258729606,CUST358607,Kelly LLC,Mid,2025-12-14,27122,102395,87979,2025-12-29,15,12,2026-01-10,,ELIGIBLE
FDX20251458868,CUST881177,Monroe Ltd,Small,2025-12-29,1780,4700,4588,2026-01-08,10,7,2026-01-15,,ELIGIBLE
FDX20259086117,CUST688637,Padilla-Johnson,Small,2026-01-03,37321,130971,75351,2026-01-13,10,7,2026-01-20,,ELIGIBLE
FDX20252950658,CUST665158,Smith-Carr,Large,2025-12-10,53193,219827,197980,2026-01-04,25,20,2026-01-24,2026-01-05,RESOLVED_IN_GRACE
FDX20255325497,CUST375504,Johnson-Henson,Mid,2026-01-01,8043,30894,29535,2026-01-16,15,12,2026-01-28,2026-01-18,RESOLVED_IN_GRACE
FDX20252133372,CUST883300,Hughes-Romero,Mid,2025-12-25,33599,137371,72831,2026-01-09,15,12,2026-01-21,2026-01-12,RESOLVED_IN_GRACE
FDX20257420191,CUST712982,Mitchell-Erickson,Mid,2025-12-20,39517,207024,84070,2026-01-04,15,12,2026-01-16,,ELIGIBLE
FDX20254697401,CUST549245,Martin-Schultz,Mid,2025-12-17,35298,88715,73724,2026-01-01,15,12,2026-01-13,,IN_GRACE
FDX20254857587,CUST711878,"Lewis, Gomez and Craig",Small,2026-01-04,9993,44362,16277,2026-01-14,10,7,2026-01-21,2026-01-15,RESOLVED_IN_GRACE
FDX20256297082,CUST518801,"Foster, Perez and Williams",Small,2026-01-04,25005,63307,45835,2026-01-14,10,7,2026-01-21,,IN_GRACE
FDX20257919359,CUST479580,Neal-Lee,Small,2026-01-07,55116,142550,140862,2026-01-17,10,7,2026-01-24,2026-01-22,RESOLVED_IN_GRACE
FDX20256923972,CUST329974,Lopez-Jones,Mid,2025-12-19,54325,242752,215615,2026-01-03,15,12,2026-01-15,2026-01-13,RESOLVED_IN_GRACE
FDX20259665502,CUST245051,Saunders-King,Mid,2025-12-25,47708,228243,73585,2026-01-09,15,12,2026-01-21,2026-01-21,RESOLVED_IN_GRACE
FDX20259986747,CUST634277,Berry Inc,Small,2026-01-01,48609,172677,64621,2026-01-11,10,7,2026-01-18,,IN_GRACE
FDX20251163128,CUST617488,Lee-Wagner,Mid,2025-12-12,23120,79089,69542,2025-12-27,15,12,2026-01-08,2026-01-02,RESOLVED_IN_GRACE
FDX20255418274,CUST195325,Turner-Elliott,Large,2025-12-01,25910,85719,71662,2025-12-26,25,20,2026-01-15,,ELIGIBLE
FDX20255165071,CUST892495,Wolf-Arnold,Small,2025-12-22,17526,89448,38844,2026-01-01,10,7,2026-01-08,,ELIGIBLE
FDX20255819919,CUST149405,Taylor-Cole,Small,2025-12-24,10226,28710,20855,2026-01-03,10,7,2026-01-10,,ELIGIBLE
FDX20252560439,CUST214975,Riggs Inc,Large,2025-12-02,34478,195961,178197,2025-12-27,25,20,2026-01-16,,ELIGIBLE
FDX20257692945,CUST260265,Terry-Lawson,Large,2025-12-10,14155,65273,56617,2026-01-04,25,20,2026-01-24,,ELIGIBLE
FDX20256737688,CUST757924,Strong-Forbes,Large,2025-12-01,30667,160023,70533,2025-12-26,25,20,2026-01-15,2026-01-03,RESOLVED_IN_GRACE
FDX20252275551,CUST267753,Wise-Weiss,Small,2026-01-10,24427,96589,31932,2026-01-20,10,7,2026-01-27,,ELIGIBLE
FDX20253994493,CUST930555,Sharp-Vega,Mid,2025-12-21,47338,198577,177608,2026-01-05,15,12,2026-01-17,,ELIGIBLE
FDX20258995273,CUST813536,Hayes-Johnson,Mid,2025-12-14,28015,92890,89515,2025-12-29,15,12,2026-01-10,2026-01-04,RESOLVED_IN_GRACE
FDX20256265911,CUST542666,Nguyen-Sanchez,Mid,2025-12-19,50399,178026,128493,2026-01-03,15,12,2026-01-15,,ELIGIBLE
FDX20256931382,CUST725380,Riley LLC,Small,2025-12-27,25363,69531,32343,2026-01-06,10,7,2026-01-13,2026-01-07,RESOLVED_IN_GRACE
FDX20254666931,CUST166613,Hernandez-Avery,Mid,2026-01-01,9089,52692,30690,2026-01-16,15,12,2026-01-28,2026-01-19,RESOLVED_IN_GRACE
FDX20255514342,CUST503457,Brewer-Moses,Mid,2025-12-17,55047,222715,138760,2026-01-01,15,12,2026-01-13,2026-01-10,RESOLVED_IN_GRACE
FDX20254066614,CUST500156,Hartman-Stephens,Large,2025-12-16,46446,230253,94045,2026-01-10,25,20,2026-01-30,2026-01-25,RESOLVED_IN_GRACE
FDX20254190481,CUST724834,Jones-Greer,Small,2025-12-30,30684,169000,77127,2026-01-09,10,7,2026-01-16,,ELIGIBLE
FDX20259371819,CUST590785,Lane and Sons,Mid,2025-12-24,27836,74882,42322,2026-01-08,15,12,2026-01-20,,ELIGIBLE
FDX20254349848,CUST654816,White-Hoffman,Small,2025-12-29,6903,31843,15958,2026-01-08,10,7,2026-01-15,,IN_GRACE
FDX20254940319,CUST363626,Miller-Palmer,Large,2025-12-08,36333,167844,41230,2026-01-02,25,20,2026-01-22,2026-01-10,RESOLVED_IN_GRACE
FDX20255061034,CUST680099,Clarke-Johnson,Large,2025-12-01,2802,11178,8679,2025-12-26,25,20,2026-01-15,,IN_GRACE
FDX20255452763,CUST112038,Brown-Wise,Mid,2025-12-28,54082,275097,263149,2026-01-12,15,12,2026-01-24,,ELIGIBLE
FDX20254469169,CUST813328,"Li, Ferguson and Anderson",Small,2026-01-05,34759,87813,81073,2026-01-15,10,7,2026-01-22,,ELIGIBLE
FDX20254845464,CUST855731,Richard-Contreras,Mid,2025-12-25,51257,283595,174697,2026-01-09,15,12,2026-01-21,2026-01-11,RESOLVED_IN_GRACE
FDX20254401858,CUST220116,Ramirez-George,Small,2026-01-04,56338,283338,169522,2026-01-14,10,7,2026-01-21,2026-01-15,RESOLVED_IN_GRACE
FDX20255189194,CUST814825,Macdonald-Walker,Small,2025-12-22,53881,215835,88286,2026-01-01,10,7,2026-01-08,2026-01-03,RESOLVED_IN_GRACE
FDX20256973148,CUST663054,"Oneal, Wood and Williams",Small,2025-12-29,41421,161272,89652,2026-01-08,10,7,2026-01-15,,ELIGIBLE
FDX20253617171,CUST887352,White-Marshall,Mega,2025-12-01,47540,204958,124876,2026-01-05,35,30,2026-02-04,2026-01-27,RESOLVED_IN_GRACE
FDX20252789949,CUST379786,Robinson-Finley,Mid,2026-01-03,49396,219032,205701,2026-01-18,15,12,2026-01-30,,IN_GRACE
FDX20253011227,CUST905934,Barrett-Blankenship,Small,2025-12-30,59124,195270,70971,2026-01-09,10,7,2026-01-16,,IN_GRACE
FDX20252316802,CUST772097,"King, Adams and Campbell",Small,2026-01-03,22863,103376,96726,2026-01-13,10,7,2026-01-20,,ELIGIBLE
FDX20259265544,CUST456699,"Molina, Berry and Cunningham",Small,2025-12-24,28157,128450,70254,2026-01-03,10,7,2026-01-10,2026-01-07,RESOLVED_IN_GRACE
FDX20251111126,CUST216970,"Carrillo, Walker and Sellers",Small,2026-01-11,34000,163588,113595,2026-01-21,10,7,2026-01-28,,IN_GRACE
FDX20251709057,CUST407757,Marsh-Harrington,Small,2025-12-26,57375,166574,71396,2026-01-05,10,7,2026-01-12,,IN_GRACE
FDX20259091518,CUST555884,Sherman Group,Small,2026-01-01,46105,164641,149029,2026-01-11,10,7,2026-01-18,,ELIGIBLE
FDX20257227644,CUST265840,West-Green,Mid,2025-12-26,30939,154995,135466,2026-01-10,15,12,2026-01-22,2026-01-19,RESOLVED_IN_GRACE
FDX20256291817,CUST575763,"Humphrey, Hernandez and Brooks",Mid,2025-12-26,16147,41567,39367,2026-01-10,15,12,2026-01-22,,ELIGIBLE
FDX20259260100,CUST103402,Washington-Bell,Small,2025-12-30,21517,97223,82824,2026-01-09,10,7,2026-01-16,,IN_GRACE
FDX20255609255,CUST857168,Richardson-Wilson,Mega,2025-12-01,28479,89913,57455,2026-01-05,35,30,2026-02-04,,ELIGIBLE
FDX20259234347,CUST854639,Jackson-Mcgrath,Mid,2026-01-03,58781,212517,144014,2026-01-18,15,12,2026-01-30,,IN_GRACE
FDX20254068080,CUST376183,Stewart-Mckinney,Mega,2025-12-01,51769,308421,79052,2026-01-05,35,30,2026-02-04,,ELIGIBLE
FDX20259575399,CUST624902,Logan-Mendez,Mid,2025-12-12,7251,30875,7269,2025-12-27,15,12,2026-01-08,,ELIGIBLE
FDX20255702093,CUST898975,Rios Ltd,Mid,2025-12-16,37511,187269,176606,2025-12-31,15,12,2026-01-12,2026-01-10,RESOLVED_IN_GRACE
FDX20257675310,CUST287330,Green-Hernandez,Small,2025-12-26,31958,85003,84255,2026-01-05,10,7,2026-01-12,2026-01-12,RESOLVED_IN_GRACE
FDX20254726098,CUST632342,Grant-Cherry,Mid,2025-12-22,8645,50388,31492,2026-01-06,15,12,2026-01-18,,ELIGIBLE
FDX20253151610,CUST211579,Duncan-Butler,Small,2026-01-11,44707,155777,68501,2026-01-21,10,7,2026-01-28,,ELIGIBLE
FDX20251908455,CUST755674,Cunningham-Rogers,Mid,2025-12-19,9120,48247,22561,2026-01-03,15,12,2026-01-15,,ELIGIBLE
FDX20259820377,CUST412942,"Duarte, Herrera and Robbins",Small,2026-01-09,14700,61582,61185,2026-01-19,10,7,2026-01-26,2026-01-24,RESOLVED_IN_GRACE
FDX20258099712,CUST982554,"Colon, Barnes and Acosta",Small,2025-12-22,40501,199807,56436,2026-01-01,10,7,2026-01-08,,ELIGIBLE
FDX20259024879,CUST769987,Owen-Norman,Small,2025-12-24,2008,9230,3611,2026-01-03,10,7,2026-01-10,2026-01-06,RESOLVED_IN_GRACE
FDX20251546310,CUST632323,Novak-Vasquez,Small,2025-12-26,31548,135574,120776,2026-01-05,10,7,2026-01-12,2026-01-11,RESOLVED_IN_GRACE
FDX20259430135,CUST738551,Woodward-Sims,Small,2026-01-10,6110,19531,17113,2026-01-20,10,7,2026-01-27,,ELIGIBLE
FDX20256826541,CUST308573,Mendoza PLC,Mid,2025-12-24,34765,170223,170087,2026-01-08,15,12,2026-01-20,2026-01-18,RESOLVED_IN_GRACE
FDX20257605473,CUST260263,"Pugh, Mack and Coleman",Small,2026-01-04,41963,164487,42884,2026-01-14,10,7,2026-01-21,,ELIGIBLE
FDX20253932663,CUST492077,Glover-Williams,Mid,2025-12-25,46513,246264,120113,2026-01-09,15,12,2026-01-21,,ELIGIBLE
FDX20258670476,CUST899550,Casey Group,Small,2025-12-31,27086,81586,75613,2026-01-10,10,7,2026-01-17,2026-01-11,RESOLVED_IN_GRACE
FDX20253019442,CUST269396,Kramer PLC,Large,2025-12-01,50501,190848,176111,2025-12-26,25,20,2026-01-15,,IN_GRACE
FDX20259694039,CUST665579,"Mullen, Blankenship and Smith",Mid,2025-12-24,39334,131534,100484,2026-01-08,15,12,2026-01-20,,IN_GRACE
FDX20258718703,CUST916449,Roy-Compton,Small,2026-01-07,8389,41727,29908,2026-01-17,10,7,2026-01-24,2026-01-23,RESOLVED_IN_GRACE
FDX20256295749,CUST656116,Mendoza-Klein,Small,2025-12-29,27317,74667,41756,2026-01-08,10,7,2026-01-15,,IN_GRACE
FDX20251141240,CUST100599,Gonzales-Johnson,Large,2025-12-01,15344,72495,59696,2025-12-26,25,20,2026-01-15,2026-01-11,RESOLVED_IN_GRACE
FDX20251198306,CUST728038,Lynch-Murray,Mid,2025-12-28,50531,268147,186596,2026-01-12,15,12,2026-01-24,,IN_GRACE
FDX20254535838,CUST439902,Reid-Frost,Large,2025-12-14,45843,207082,83993,2026-01-08,25,20,2026-01-28,,ELIGIBLE
FDX20257365745,CUST612340,"Robinson, Stokes and Powell",Mid,2025-12-24,35143,135763,131334,2026-01-08,15,12,2026-01-20,2026-01-19,RESOLVED_IN_GRACE
FDX20252690268,CUST120422,Black-Rios,Small,2025-12-26,38253,199588,172609,2026-01-05,10,7,2026-01-12,,ELIGIBLE
FDX20256459913,CUST217301,Davis-Morrow,Small,2025-12-22,44226,138067,115804,2026-01-01,10,7,2026-01-08,,IN_GRACE
FDX20257066680,CUST480612,Rodriguez-Wu,Small,2026-01-10,52157,198078,113722,2026-01-20,10,7,2026-01-27,,ELIGIBLE
FDX20255357055,CUST972064,Tucker-Hayes,Mid,2025-12-24,39208,220549,142997,2026-01-08,15,12,2026-01-20,,ELIGIBLE
FDX20254139896,CUST945964,Vincent-Gutierrez,Large,2025-12-01,47157,181517,60565,2025-12-26,25,20,2026-01-15,,ELIGIBLE
FDX20255409875,CUST422451,Scott-Thompson,Small,2025-12-22,48146,269386,50388,2026-01-01,10,7,2026-01-08,2026-01-07,RESOLVED_IN_GRACE
FDX20254978534,CUST351083,Parker-Buchanan,Mid,2026-01-01,1766,8267,3709,2026-01-16,15,12,2026-01-28,2026-01-24,RESOLVED_IN_GRACE
FDX20255519920,CUST160738,Combs-Bailey,Mid,2025-12-14,39994,174582,117900,2025-12-29,15,12,2026-01-10,2026-01-03,RESOLVED_IN_GRACE
FDX20258907862,CUST352572,"Bartlett, Kennedy and Patrick",Large,2025-12-01,21988,115597,111640,2025-12-26,25,20,2026-01-15,,ELIGIBLE
FDX20256756203,CUST694916,Miller-Lyons,Small,2025-12-22,43611,175257,124798,2026-01-01,10,7,2026-01-08,,IN_GRACE
FDX20257139188,CUST182582,Perez-Oconnor,Small,2026-01-03,19660,63609,22492,2026-01-13,10,7,2026-01-20,,ELIGIBLE
FDX20254085559,CUST189814,Gutierrez-Montoya,Mid,2025-12-22,31115,130607,107337,2026-01-06,15,12,2026-01-18,2026-01-09,RESOLVED_IN_GRACE
FDX20259367972,CUST867460,Long-Shannon,Small,2025-12-29,50246,237299,85750,2026-01-08,10,7,2026-01-15,2026-01-12,RESOLVED_IN_GRACE
FDX20258112581,CUST609597,Walker-Steele,Small,2025-12-30,43459,198656,118120,2026-01-09,10,7,2026-01-16,2026-01-15,RESOLVED_IN_GRACE
FDX20254532148,CUST955662,Thomas-Nguyen,Mega,2025-12-01,16721,61313,46338,2026-01-05,35,30,2026-02-04,,ELIGIBLE
FDX20258031212,CUST172574,Prince PLC,Small,2026-01-10,55917,232763,204826,2026-01-20,10,7,2026-01-27,,ELIGIBLE
FDX20257246319,CUST897549,Daugherty-Frazier,Small,2026-01-03,8651,44216,34275,2026-01-13,10,7,2026-01-20,,ELIGIBLE
FDX20257124992,CUST658582,Stephens-Kirk,Small,2026-01-04,3531,20846,12021,2026-01-14,10,7,2026-01-21,2026-01-16,RESOLVED_IN_GRACE
FDX20257720828,CUST903035,Harris-Barry,Mid,2025-12-12,23840,135587,109332,2025-12-27,15,12,2026-01-08,,ELIGIBLE
FDX20255691405,CUST231869,Reyes LLC,Mid,2025-12-16,35276,115623,115390,2025-12-31,15,12,2026-01-12,,ELIGIBLE
FDX20258561977,CUST234628,"Nixon, Jones and Oneill",Mid,2025-12-31,35298,131418,117437,2026-01-15,15,12,2026-01-27,,ELIGIBLE
FDX20254018040,CUST791798,Williamson-Reid,Large,2025-12-03,43235,256903,237423,2025-12-28,25,20,2026-01-17,2025-12-30,RESOLVED_IN_GRACE
FDX20253200150,CUST598369,Copeland-Hess,Small,2025-12-31,31781,185931,181806,2026-01-10,10,7,2026-01-17,2026-01-14,RESOLVED_IN_GRACE
FDX20254834713,CUST676510,Nolan and Sons,Small,2025-12-30,25346,129724,66532,2026-01-09,10,7,2026-01-16,,ELIGIBLE
FDX20252675536,CUST273148,Larson-Marks,Small,2026-01-11,31020,144053,130153,2026-01-21,10,7,2026-01-28,,ELIGIBLE
FDX20255528994,CUST377932,Lynch-Simmons,Small,2025-12-30,16112,84315,81238,2026-01-09,10,7,2026-01-16,,IN_GRACE
FDX20254956154,CUST653306,Gates-Castaneda,Mid,2025-12-25,23118,112404,110411,2026-01-09,15,12,2026-01-21,2026-01-18,RESOLVED_IN_GRACE
FDX20258251427,CUST736059,Newman-Shah,Small,2025-12-22,6221,27951,21849,2026-01-01,10,7,2026-01-08,,ELIGIBLE
FDX20257390162,CUST543692,Garcia-Jacobs,Small,2026-01-01,35988,130527,64572,2026-01-11,10,7,2026-01-18,,ELIGIBLE
FDX20254289394,CUST322086,Peters-Clark,Large,2025-12-16,21592,59084,53626,2026-01-10,25,20,2026-01-30,,ELIGIBLE
FDX20253446851,CUST665492,Proctor-Wilson,Small,2026-01-04,56616,323316,166986,2026-01-14,10,7,2026-01-21,,ELIGIBLE
FDX20253509000,CUST891952,Hunt-Jimenez,Large,2025-12-01,5221,27563,26590,2025-12-26,25,20,2026-01-15,,ELIGIBLE
FDX20258935405,CUST865388,Keith-Brown,Small,2026-01-13,45404,139163,135412,2026-01-23,10,7,2026-01-30,2026-01-30,RESOLVED_IN_GRACE
FDX20251163448,CUST823378,Stewart-Shelton,Mid,2025-12-31,32037,141131,82883,2026-01-15,15,12,2026-01-27,,IN_GRACE
FDX20253962978,CUST310922,"Keith, Grant and Willis",Mid,2025-12-17,7655,41618,20323,2026-01-01,15,12,2026-01-13,,ELIGIBLE
FDX20258071943,CUST847581,"Harris, Williams and Long",Small,2025-12-29,22229,58919,22400,2026-01-08,10,7,2026-01-15,,ELIGIBLE
FDX20259381860,CUST426858,Clark-Hunter,Large,2025-12-01,33739,150913,103810,2025-12-26,25,20,2026-01-15,,IN_GRACE
FDX20253256060,CUST518373,"Gamble, White and Hancock",Small,2026-01-13,15781,64873,54045,2026-01-23,10,7,2026-01-30,2026-01-25,RESOLVED_IN_GRACE
FDX20259673937,CUST804314,Warner-Torres,Small,2025-12-31,11239,40597,17706,2026-01-10,10,7,2026-01-17,,IN_GRACE
FDX20259958741,CUST781446,Molina-Wilson,Small,2026-01-03,48390,252322,132681,2026-01-13,10,7,2026-01-20,2026-01-16,RESOLVED_IN_GRACE
FDX20256297024,CUST491559,Robinson-Mullins,Mega,2025-12-01,2394,9856,9801,2026-01-05,35,30,2026-02-04,,ELIGIBLE
FDX20259164132,CUST559381,Hogan-Torres,Mid,2025-12-24,13892,61521,52010,2026-01-08,15,12,2026-01-20,,ELIGIBLE
FDX20256033738,CUST642717,Dominguez-Sanchez,Large,2025-12-06,40026,189211,74077,2025-12-31,25,20,2026-01-20,,IN_GRACE
FDX20255210645,CUST573417,Johnson-Tran,Small,2026-01-04,37828,181871,49157,2026-01-14,10,7,2026-01-21,,IN_GRACE
FDX20251800429,CUST226882,Johnson-Schmidt,Small,2026-01-11,49213,172128,78600,2026-01-21,10,7,2026-01-28,,IN_GRACE
FDX20257684074,CUST359947,Alvarez-Lang,Large,2025-12-07,7201,43068,16260,2026-01-01,25,20,2026-01-21,2026-01-14,RESOLVED_IN_GRACE
FDX20252660521,CUST335612,Johnson-Ellis,Mid,2026-01-03,22147,81000,32542,2026-01-18,15,12,2026-01-30,,IN_GRACE
FDX20253740422,CUST167136,Williams-Smith,Small,2025-12-30,31554,110066,72653,2026-01-09,10,7,2026-01-16,,IN_GRACE
FDX20252007243,CUST454508,Peterson-Larsen,Small,2025-12-30,47005,204285,78168,2026-01-09,10,7,2026-01-16,2026-01-12,RESOLVED_IN_GRACE
FDX20254614941,CUST122056,Holt-Cannon,Mid,2025-12-21,42333,223925,83194,2026-01-05,15,12,2026-01-17,2026-01-10,RESOLVED_IN_GRACE
FDX20255266272,CUST716886,Johnson-Smith,Large,2025-12-16,40443,115165,65133,2026-01-10,25,20,2026-01-30,,ELIGIBLE
FDX20258995004,CUST680828,Williams-Mills,Mega,2025-12-01,10652,35015,18702,2026-01-05,35,30,2026-02-04,,ELIGIBLE
FDX20252615677,CUST341292,Brown-Benton,Small,2026-01-01,19053,110818,82924,2026-01-11,10,7,2026-01-18,,ELIGIBLE
FDX20258547311,CUST717024,Church-Harris,Mid,2025-12-14,6404,25578,20293,2025-12-29,15,12,2026-01-10,,ELIGIBLE
FDX20256614605,CUST330914,Harris-Smith,Small,2026-01-07,53418,294075,139857,2026-01-17,10,7,2026-01-24,,ELIGIBLE
FDX20255358202,CUST107540,Garrett-Thomas,Small,2025-12-31,59579,157697,136277,2026-01-10,10,7,2026-01-17,2026-01-12,RESOLVED_IN_GRACE
FDX20257055937,CUST174441,Greer-Walters,Small,2026-01-04,48054,213703,130357,2026-01-14,10,7,2026-01-21,2026-01-17,RESOLVED_IN_GRACE
FDX20257044941,CUST842225,Proctor-Moreno,Mid,2025-12-20,24088,119396,29580,2026-01-04,15,12,2026-01-16,2026-01-07,RESOLVED_IN_GRACE
FDX20255323737,CUST761759,Clark-Phelps,Mega,2025-12-01,3908,10440,7275,2026-01-05,35,30,2026-02-04,2026-01-09,RESOLVED_IN_GRACE
FDX20256773715,CUST161733,Dawson-Lang,Large,2025-12-06,32319,113758,41971,2025-12-31,25,20,2026-01-20,2026-01-07,RESOLVED_IN_GRACE
FDX20251332781,CUST340062,"Steele, Clark and Smith",Small,2026-01-04,28900,112773,63695,2026-01-14,10,7,2026-01-21,2026-01-21,RESOLVED_IN_GRACE
FDX20257908201,CUST170674,Hays-Harris,Mid,2025-12-30,25122,136677,61048,2026-01-14,15,12,2026-01-26,2026-01-22,RESOLVED_IN_GRACE
FDX20253034027,CUST132938,Rangel-Black,Small,2025-12-26,53876,237352,83015,2026-01-05,10,7,2026-01-12,,ELIGIBLE
FDX20256890320,CUST446479,Estrada-Garcia,Small,2026-01-01,51698,171218,65824,2026-01-11,10,7,2026-01-18,,IN_GRACE
FDX20254337963,CUST174299,Barton-Castro,Small,2025-12-30,37611,159374,159137,2026-01-09,10,7,2026-01-16,2026-01-15,RESOLVED_IN_GRACE
FDX20253928275,CUST639131,"Wu, Carlson and Jefferson",Small,2025-12-31,40629,126015,123842,2026-01-10,10,7,2026-01-17,2026-01-12,RESOLVED_IN_GRACE
FDX20255774942,CUST349565,Parker-Jordan,Mega,2025-12-01,32800,170735,36540,2026-01-05,35,30,2026-02-04,2026-02-01,RESOLVED_IN_GRACE
FDX20256957741,CUST392004,Tapia-Rodriguez,Small,2025-12-31,28925,114900,32813,2026-01-10,10,7,2026-01-17,,ELIGIBLE
FDX20256454109,CUST801474,Munoz-Collins,Mid,2025-12-30,30178,171775,136404,2026-01-14,15,12,2026-01-26,,ELIGIBLE
FDX20259563838,CUST608993,Edwards-Hoffman,Small,2025-12-26,8274,25725,13807,2026-01-05,10,7,2026-01-12,,IN_GRACE
FDX20259178787,CUST324643,Hernandez-Ortega,Small,2025-12-27,58470,185346,177267,2026-01-06,10,7,2026-01-13,2026-01-11,RESOLVED_IN_GRACE
FDX20258498243,CUST665427,Kane and Sons,Small,2026-01-05,44039,172187,130050,2026-01-15,10,7,2026-01-22,,ELIGIBLE
FDX20252315459,CUST238739,Tate PLC,Small,2026-01-04,48036,285849,54960,2026-01-14,10,7,2026-01-21,,ELIGIBLE
FDX20257393310,CUST858490,Morrow PLC,Mid,2025-12-25,25399,114117,64201,2026-01-09,15,12,2026-01-21,2026-01-14,RESOLVED_IN_GRACE
FDX20255807067,CUST698782,Roberts-Hall,Mid,2025-12-14,28975,145504,120066,2025-12-29,15,12,2026-01-10,2026-01-04,RESOLVED_IN_GRACE
FDX20258780468,CUST704201,Freeman-Peters,Small,2026-01-07,17774,88422,18346,2026-01-17,10,7,2026-01-24,,IN_GRACE
FDX20253430151,CUST595631,Hess Inc,Mid,2025-12-30,18321,70114,42550,2026-01-14,15,12,2026-01-26,,ELIGIBLE
FDX20253811450,CUST354801,Moran-James,Large,2025-12-14,22723,101385,98827,2026-01-08,25,20,2026-01-28,,ELIGIBLE
FDX20256660436,CUST922733,Kennedy-Williams,Small,2025-12-26,23321,64993,31583,2026-01-05,10,7,2026-01-12,2026-01-09,RESOLVED_IN_GRACE
FDX20258076906,CUST595948,Lewis-Gregory,Small,2026-01-04,15409,84770,59033,2026-01-14,10,7,2026-01-21,,IN_GRACE
FDX20257790959,CUST946721,Evans-Crawford,Small,2025-12-31,29595,74854,62344,2026-01-10,10,7,2026-01-17,2026-01-14,RESOLVED_IN_GRACE
FDX20252196955,CUST526833,"Cherry, Fox and Johnson",Small,2026-01-04,33434,184269,174712,2026-01-14,10,7,2026-01-21,2026-01-19,RESOLVED_IN_GRACE
FDX20252327277,CUST299659,Johnson-Cunningham,Large,2025-12-01,54060,311353,135747,2025-12-26,25,20,2026-01-15,,ELIGIBLE
FDX20253717900,CUST198907,Garrett LLC,Small,2025-12-29,53508,190494,114348,2026-01-08,10,7,2026-01-15,,IN_GRACE
FDX20256765079,CUST201639,"Shelton, Crawford and Lucero",Mid,2025-12-17,43847,145504,107830,2026-01-01,15,12,2026-01-13,,ELIGIBLE
FDX20254828861,CUST790993,"Beltran, Marsh and Roberts",Small,2026-01-13,28365,96036,36454,2026-01-23,10,7,2026-01-30,2026-01-26,RESOLVED_IN_GRACE
FDX20256259356,CUST551989,"Weaver, Lewis and Miller",Mid,2025-12-12,45957,222648,55227,2025-12-27,15,12,2026-01-08,2025-12-28,RESOLVED_IN_GRACE
FDX20256316334,CUST471507,"Erickson, Moore and Lewis",Large,2025-12-01,35549,112195,67556,2025-12-26,25,20,2026-01-15,,ELIGIBLE
FDX20255888148,CUST544154,Brown-Castro,Mid,2025-12-30,27734,143464,77152,2026-01-14,15,12,2026-01-26,,ELIGIBLE
FDX20255487442,CUST531071,James-Lane,Mid,2025-12-21,48743,159112,104329,2026-01-05,15,12,2026-01-17,,IN_GRACE
FDX20257634639,CUST589710,House-Ortiz,Small,2026-01-01,59813,297068,64366,2026-01-11,10,7,2026-01-18,,ELIGIBLE
FDX20255550787,CUST864491,"Jenkins, Roberts and Castro",Mid,2025-12-30,13541,78786,25583,2026-01-14,15,12,2026-01-26,2026-01-17,RESOLVED_IN_GRACE
FDX20258464156,CUST156802,Nixon and Sons,Small,2025-12-29,5567,32405,20120,2026-01-08,10,7,2026-01-15,2026-01-11,RESOLVED_IN_GRACE
FDX20257092894,CUST806073,Mccormick-Patrick,Small,2026-01-01,23596,62052,49837,2026-01-11,10,7,2026-01-18,,IN_GRACE
FDX20259739850,CUST785197,"Taylor, Anderson and Petty",Small,2026-01-01,8327,35821,33665,2026-01-11,10,7,2026-01-18,,ELIGIBLE
FDX20258554590,CUST777568,"Mccormick, Franco and Martin",Mid,2025-12-14,41181,112684,97760,2025-12-29,15,12,2026-01-10,2026-01-09,RESOLVED_IN_GRACE
FDX20257945583,CUST203198,Wade-Wilkerson,Small,2025-12-27,31792,82593,79063,2026-01-06,10,7,2026-01-13,,ELIGIBLE
FDX20253807132,CUST163556,Anderson-Barnes,Mid,2025-12-20,5899,25913,9431,2026-01-04,15,12,2026-01-16,2026-01-07,RESOLVED_IN_GRACE
FDX20254085098,CUST522179,Paul and Sons,Mid,2025-12-17,4034,10999,5731,2026-01-01,15,12,2026-01-13,2026-01-11,RESOLVED_IN_GRACE
FDX20251387572,CUST863587,"Hernandez, Lawson and Young",Small,2026-01-05,57097,197473,123380,2026-01-15,10,7,2026-01-22,,IN_GRACE
FDX20253097821,CUST455784,Dyer-Medina,Mid,2025-12-24,21772,58776,51728,2026-01-08,15,12,2026-01-20,,ELIGIBLE
FDX20254936391,CUST939482,French Inc,Large,2025-12-01,30101,153781,92441,2025-12-26,25,20,2026-01-15,,IN_GRACE
FDX20255221936,CUST214576,Lyons-West,Mid,2025-12-25,12221,38056,24751,2026-01-09,15,12,2026-01-21,,ELIGIBLE
FDX20252343263,CUST360735,Holden-Conner,Mega,2025-12-01,13448,38462,31510,2026-01-05,35,30,2026-02-04,2026-01-26,RESOLVED_IN_GRACE
FDX20254532803,CUST300896,Taylor-Decker,Mid,2025-12-20,14190,80423,45341,2026-01-04,15,12,2026-01-16,2026-01-15,RESOLVED_IN_GRACE
FDX20253800292,CUST299448,Clark-Mcclain,Mid,2026-01-03,55101,198362,74124,2026-01-18,15,12,2026-01-30,,ELIGIBLE
FDX20257661319,CUST662336,Jones-Hendricks,Large,2025-12-10,50038,281403,91339,2026-01-04,25,20,2026-01-24,,ELIGIBLE
FDX20252728209,CUST570405,"Cohen, Kennedy and Santana",Small,2026-01-13,39379,197517,77837,2026-01-23,10,7,2026-01-30,,ELIGIBLE
FDX20252603125,CUST246991,Anderson-Cox,Small,2026-01-03,8871,22257,14395,2026-01-13,10,7,2026-01-20,2026-01-15,RESOLVED_IN_GRACE
FDX20252070258,CUST542374,Bradley-Franco,Small,2025-12-30,3131,15697,4524,2026-01-09,10,7,2026-01-16,,ELIGIBLE
FDX20258938740,CUST292401,Ellis-Roth,Small,2026-01-10,11960,41259,25653,2026-01-20,10,7,2026-01-27,2026-01-21,RESOLVED_IN_GRACE
FDX20251903041,CUST392075,Simmons-Molina,Large,2025-12-07,58247,160206,131545,2026-01-01,25,20,2026-01-21,,ELIGIBLE
FDX20251442329,CUST585100,"Morton, Young and Davis",Mid,2025-12-17,9752,33903,26493,2026-01-01,15,12,2026-01-13,,ELIGIBLE
FDX20257660764,CUST361941,Olsen PLC,Small,2026-01-10,16781,84705,77506,2026-01-20,10,7,2026-01-27,2026-01-24,RESOLVED_IN_GRACE
FDX20259790972,CUST179046,Villanueva-Miller,Small,2026-01-03,50560,199729,98225,2026-01-13,10,7,2026-01-20,,ELIGIBLE
FDX20252396723,CUST564656,Nelson-Hernandez,Small,2026-01-03,31255,180295,45447,2026-01-13,10,7,2026-01-20,2026-01-16,RESOLVED_IN_GRACE
FDX20252743629,CUST947272,Allen-Compton,Small,2025-12-22,20248,93107,84603,2026-01-01,10,7,2026-01-08,,ELIGIBLE
FDX20255403218,CUST997546,Lopez-Sherman,Mega,2025-12-01,49691,266171,190055,2026-01-05,35,30,2026-02-04,2026-02-03,RESOLVED_IN_GRACE
FDX20253605071,CUST677057,Ingram-Washington,Small,2025-12-24,30657,180095,74307,2026-01-03,10,7,2026-01-10,2026-01-08,RESOLVED_IN_GRACE
FDX20252414508,CUST202664,Bentley-Wright,Large,2025-12-12,11021,31624,24135,2026-01-06,25,20,2026-01-26,2026-01-13,RESOLVED_IN_GRACE
FDX20257540534,CUST153045,Floyd-Smith,Small,2026-01-03,11377,38847,34084,2026-01-13,10,7,2026-01-20,,ELIGIBLE
FDX20256190378,CUST783823,Arellano-Daniel,Small,2026-01-11,44769,247857,226618,2026-01-21,10,7,2026-01-28,,IN_GRACE
FDX20254847954,CUST666847,Johnson-Kennedy,Small,2025-12-22,50474,132946,60848,2026-01-01,10,7,2026-01-08,,ELIGIBLE
FDX20255150624,CUST976638,Payne-Gomez,Mid,2025-12-28,12471,58793,50280,2026-01-12,15,12,2026-01-24,2026-01-21,RESOLVED_IN_GRACE
FDX20255767670,CUST115474,Horton-Soto,Small,2026-01-11,4974,21974,13450,2026-01-21,10,7,2026-01-28,,IN_GRACE
FDX20258434998,CUST197793,Watson-Simmons,Small,2026-01-10,28760,164133,138620,2026-01-20,10,7,2026-01-27,2026-01-23,RESOLVED_IN_GRACE
FDX20253120836,CUST890170,"Arias, Duke and Patterson",Mid,2025-12-19,34482,162173,76955,2026-01-03,15,12,2026-01-15,,ELIGIBLE
FDX20253202464,CUST989921,Salas and Sons,Mid,2025-12-21,10501,43995,42683,2026-01-05,15,12,2026-01-17,,ELIGIBLE
FDX20259837269,CUST347861,Ortiz-Branch,Small,2025-12-30,28261,72374,65476,2026-01-09,10,7,2026-01-16,,ELIGIBLE
FDX20253862327,CUST274389,Juarez-Salinas,Large,2025-12-13,28825,162843,33924,2026-01-07,25,20,2026-01-27,,ELIGIBLE
FDX20251479346,CUST526156,Moody-Sawyer,Small,2026-01-09,43884,221537,113422,2026-01-19,10,7,2026-01-26,,IN_GRACE
FDX20251589802,CUST609231,Vega-Best,Small,2026-01-13,30333,96230,64027,2026-01-23,10,7,2026-01-30,,ELIGIBLE
FDX20256986802,CUST604740,Frederick-King,Mid,2026-01-01,55014,227356,101383,2026-01-16,15,12,2026-01-28,2026-01-22,RESOLVED_IN_GRACE
FDX20256455972,CUST324130,Boyd-Campbell,Small,2026-01-03,31714,107795,91095,2026-01-13,10,7,2026-01-20,,IN_GRACE
FDX20258988550,CUST520521,Rodriguez-Olson,Small,2025-12-30,37552,215980,103247,2026-01-09,10,7,2026-01-16,2026-01-13,RESOLVED_IN_GRACE
FDX20258838205,CUST161483,Oneill-Alvarez,Mid,2026-01-01,33928,156576,152697,2026-01-16,15,12,2026-01-28,,IN_GRACE
FDX20255570355,CUST272634,"Espinoza, Mercado and Aguilar",Small,2025-12-26,36649,125814,38496,2026-01-05,10,7,2026-01-12,2026-01-09,RESOLVED_IN_GRACE
FDX20258463259,CUST497382,Ellison-Villa,Small,2026-01-13,1736,10048,6202,2026-01-23,10,7,2026-01-30,,IN_GRACE
FDX20253266851,CUST102260,Montgomery-Lamb,Small,2025-12-27,28800,113691,91524,2026-01-06,10,7,2026-01-13,,ELIGIBLE
FDX20253970181,CUST509386,Sanchez-Thompson,Small,2025-12-24,32177,140492,133814,2026-01-03,10,7,2026-01-10,,ELIGIBLE
FDX20258659527,CUST378085,Day-Miller,Mid,2025-12-14,58354,159741,115236,2025-12-29,15,12,2026-01-10,,ELIGIBLE
FDX20258297709,CUST922157,Smith-Goodwin,Small,2026-01-13,7163,22569,21988,2026-01-23,10,7,2026-01-30,,ELIGIBLE
FDX20259782198,CUST923267,Cantu-Rice,Small,2026-01-05,41792,239208,172896,2026-01-15,10,7,2026-01-22,,ELIGIBLE
FDX20259955411,CUST577110,Ross-Sherman,Large,2025-12-01,41258,222095,81406,2025-12-26,25,20,2026-01-15,2026-01-13,RESOLVED_IN_GRACE
FDX20256195254,CUST399105,Lawrence-Castaneda,Mid,2025-12-31,21574,74259,47715,2026-01-15,15,12,2026-01-27,,ELIGIBLE
FDX20256824517,CUST543555,Ward-Smith,Small,2025-12-26,35739,97381,87877,2026-01-05,10,7,2026-01-12,,ELIGIBLE
FDX20259080774,CUST830429,Chen-Allen,Large,2025-12-01,40738,137583,107931,2025-12-26,25,20,2026-01-15,,IN_GRACE
FDX20254810582,CUST865990,Anderson-Kelley,Large,2025-12-01,53709,172709,170832,2025-12-26,25,20,2026-01-15,,IN_GRACE
FDX20252502467,CUST921414,"Ferrell, Macias and Brown",Mid,2025-12-19,27783,159505,46447,2026-01-03,15,12,2026-01-15,,IN_GRACE
FDX20258413185,CUST682765,Flowers-White,Small,2026-01-11,47863,218657,115275,2026-01-21,10,7,2026-01-28,2026-01-22,RESOLVED_IN_GRACE
FDX20256165171,CUST794022,Robinson and Sons,Small,2026-01-09,30175,78955,30260,2026-01-19,10,7,2026-01-26,,ELIGIBLE
FDX20257136825,CUST853305,Jimenez-Diaz,Mid,2026-01-03,23887,85390,80620,2026-01-18,15,12,2026-01-30,,ELIGIBLE
FDX20257915632,CUST610311,"Allison, Rivera and Peterson",Large,2025-12-01,33789,94241,76090,2025-12-26,25,20,2026-01-15,,IN_GRACE
FDX20255358838,CUST262316,"Hampton, Fisher and Evans",Large,2025-12-01,35313,211687,146526,2025-12-26,25,20,2026-01-15,2025-12-28,RESOLVED_IN_GRACE
FDX20253612506,CUST299122,Page-Olson,Small,2026-01-10,23434,109335,75576,2026-01-20,10,7,2026-01-27,,ELIGIBLE
FDX20256093108,CUST411120,Carlson-Sanders,Small,2025-12-24,37069,160214,38455,2026-01-03,10,7,2026-01-10,2026-01-10,RESOLVED_IN_GRACE
FDX20251177097,CUST328275,Brooks-Bennett,Large,2025-12-01,14690,41592,37299,2025-12-26,25,20,2026-01-15,2026-01-08,RESOLVED_IN_GRACE
FDX20251001549,CUST161324,"Ryan, Martinez and Foster",Mega,2025-12-01,26272,105737,88131,2026-01-05,35,30,2026-02-04,2026-02-02,RESOLVED_IN_GRACE
FDX20259779789,CUST707314,Smith-Carpenter,Small,2026-01-13,39329,194707,56133,2026-01-23,10,7,2026-01-30,2026-01-25,RESOLVED_IN_GRACE
FDX20253286742,CUST871476,Johnson-Stewart,Small,2026-01-03,32053,156498,100694,2026-01-13,10,7,2026-01-20,,ELIGIBLE
FDX20256769431,CUST668532,"Myers, Smith and Bennett",Small,2026-01-03,14011,43101,42850,2026-01-13,10,7,2026-01-20,,ELIGIBLE
FDX20255811072,CUST163918,Walker-Wilson,Mid,2025-12-26,12916,49493,21667,2026-01-10,15,12,2026-01-22,2026-01-19,RESOLVED_IN_GRACE
FDX20258871835,CUST884309,Davis-Flores,Small,2026-01-04,46373,210556,108821,2026-01-14,10,7,2026-01-21,,ELIGIBLE
FDX20259977469,CUST428838,Case PLC,Large,2025-12-04,25950,152988,115822,2025-12-29,25,20,2026-01-18,2026-01-07,RESOLVED_IN_GRACE
FDX20251139537,CUST159942,"Orozco, Smith and Reynolds",Large,2025-12-13,6952,30451,7542,2026-01-07,25,20,2026-01-27,,IN_GRACE
FDX20259253243,CUST152578,Barber and Sons,Mid,2026-01-03,7053,36532,26842,2026-01-18,15,12,2026-01-30,,IN_GRACE
FDX20259003857,CUST712554,Graham-Leblanc,Small,2026-01-03,7109,37983,25340,2026-01-13,10,7,2026-01-20,2026-01-19,RESOLVED_IN_GRACE
FDX20256026630,CUST599948,Burke-Morris,Small,2025-12-26,18650,83073,19942,2026-01-05,10,7,2026-01-12,2026-01-10,RESOLVED_IN_GRACE
FDX20251153219,CUST627276,Mclean-Harrison,Mid,2025-12-25,30335,76199,38101,2026-01-09,15,12,2026-01-21,2026-01-17,RESOLVED_IN_GRACE
FDX20258221506,CUST994141,Fleming-Robinson,Mid,2025-12-21,1576,8154,7961,2026-01-05,15,12,2026-01-17,,ELIGIBLE
FDX20255914425,CUST656926,Mckinney-Harper,Small,2026-01-09,48943,227315,176318,2026-01-19,10,7,2026-01-26,,ELIGIBLE
FDX20254879150,CUST265080,Barrett-Bailey,Mega,2025-12-01,58661,173592,106766,2026-01-05,35,30,2026-02-04,2026-01-11,RESOLVED_IN_GRACE
FDX20251121097,CUST159642,Bennett-Williams,Mid,2025-12-19,4082,18061,11738,2026-01-03,15,12,2026-01-15,2026-01-14,RESOLVED_IN_GRACE
FDX20257268704,CUST632496,Simon-Dean,Small,2026-01-09,8280,44441,11872,2026-01-19,10,7,2026-01-26,2026-01-23,RESOLVED_IN_GRACE
FDX20254163696,CUST184002,"Farley, Anderson and Elliott",Small,2025-12-27,55698,214016,70958,2026-01-06,10,7,2026-01-13,,ELIGIBLE
FDX20257907781,CUST992697,Sanders-Beltran,Mid,2025-12-28,20176,80073,34917,2026-01-12,15,12,2026-01-24,,ELIGIBLE
FDX20258333427,CUST294851,Powell-Lopez,Small,2025-12-29,29329,145145,105217,2026-01-08,10,7,2026-01-15,2026-01-11,RESOLVED_IN_GRACE
FDX20257622840,CUST171849,Clark-Huff,Mid,2025-12-26,49472,239713,205998,2026-01-10,15,12,2026-01-22,,ELIGIBLE
FDX20255192561,CUST723939,Allen-Buck,Small,2026-01-04,26358,125272,118028,2026-01-14,10,7,2026-01-21,2026-01-16,RESOLVED_IN_GRACE
FDX20253739207,CUST171262,Torres Inc,Mid,2025-12-21,43974,186919,152051,2026-01-05,15,12,2026-01-17,,ELIGIBLE
FDX20257538471,CUST808011,Gomez-Watson,Small,2025-12-29,6955,39331,8714,2026-01-08,10,7,2026-01-15,,ELIGIBLE
FDX20257347794,CUST346629,Valentine-Carroll,Small,2025-12-24,22964,66240,28966,2026-01-03,10,7,2026-01-10,,ELIGIBLE
FDX20254700926,CUST523389,Little-Fisher,Mid,2025-12-14,3792,18829,3800,2025-12-29,15,12,2026-01-10,,ELIGIBLE
FDX20255412076,CUST225710,Gay Inc,Mid,2025-12-20,4858,27512,6529,2026-01-04,15,12,2026-01-16,,ELIGIBLE
FDX20252328918,CUST697347,Gonzalez-Benson,Mid,2025-12-19,54927,165139,119986,2026-01-03,15,12,2026-01-15,,ELIGIBLE
FDX20258084001,CUST358175,Bryant-Carney,Small,2025-12-26,37890,189652,45250,2026-01-05,10,7,2026-01-12,,ELIGIBLE
FDX20255019180,CUST707040,Mooney-Cole,Small,2025-12-30,49112,169077,50661,2026-01-09,10,7,2026-01-16,,ELIGIBLE
FDX20259667278,CUST723398,Skinner-Griffin,Mid,2025-12-12,25894,71035,35632,2025-12-27,15,12,2026-01-08,,IN_GRACE
FDX20255561139,CUST141672,"Bowman, Miller and Dixon",Mid,2025-12-14,24307,98654,98408,2025-12-29,15,12,2026-01-10,,ELIGIBLE
FDX20255776085,CUST749468,Butler Group,Mid,2025-12-28,32534,102761,62633,2026-01-12,15,12,2026-01-24,,ELIGIBLE
FDX20259924543,CUST185965,Shannon-Smith,Small,2025-12-30,47593,280927,93632,2026-01-09,10,7,2026-01-16,2026-01-10,RESOLVED_IN_GRACE
FDX20255510085,CUST539589,"Guerrero, Thomas and Castro",Large,2025-12-01,6867,17558,9687,2025-12-26,25,20,2026-01-15,,ELIGIBLE
FDX20257927377,CUST789305,Simon LLC,Small,2025-12-27,42139,228729,137683,2026-01-06,10,7,2026-01-13,2026-01-11,RESOLVED_IN_GRACE
FDX20254154127,CUST712024,Payne-Hudson,Large,2025-12-03,53309,291356,177400,2025-12-28,25,20,2026-01-17,,ELIGIBLE
FDX20252148634,CUST692683,Miller-Blankenship,Small,2026-01-10,19131,108213,107531,2026-01-20,10,7,2026-01-27,2026-01-26,RESOLVED_IN_GRACE
FDX20254060284,CUST648177,Juarez-Pugh,Small,2025-12-27,44357,198385,104667,2026-01-06,10,7,2026-01-13,,IN_GRACE
FDX20253292170,CUST431737,Hanson-Turner,Mid,2025-12-30,58395,303049,169088,2026-01-14,15,12,2026-01-26,,ELIGIBLE
FDX20255858602,CUST373432,Boone-Munoz,Small,2026-01-03,22556,134378,120659,2026-01-13,10,7,2026-01-20,,ELIGIBLE
FDX20252851472,CUST314181,Fuller-Torres,Large,2025-12-07,31076,175753,112139,2026-01-01,25,20,2026-01-21,2026-01-10,RESOLVED_IN_GRACE
FDX20258639388,CUST802258,"Gillespie, Mendez and Flynn",Small,2025-12-31,55987,183744,101409,2026-01-10,10,7,2026-01-17,2026-01-12,RESOLVED_IN_GRACE
FDX20258596173,CUST850981,Marquez-Martin,Large,2025-12-02,26638,153509,115531,2025-12-27,25,20,2026-01-16,,ELIGIBLE
FDX20255565653,CUST429445,Shaw-Wilson,Mid,2025-12-24,46094,182845,89547,2026-01-08,15,12,2026-01-20,2026-01-09,RESOLVED_IN_GRACE
FDX20259254323,CUST350280,Stephens-Smith,Mid,2025-12-28,19934,60763,46440,2026-01-12,15,12,2026-01-24,,IN_GRACE
FDX20254150584,CUST378517,Ortega-Martinez,Small,2026-01-07,20126,65126,43012,2026-01-17,10,7,2026-01-24,2026-01-24,RESOLVED_IN_GRACE
FDX20256379509,CUST515011,"Robertson, Jones and Castaneda",Mid,2025-12-17,48607,176878,106384,2026-01-01,15,12,2026-01-13,,ELIGIBLE
FDX20251325400,CUST237235,Harvey-Ho,Large,2025-12-01,20618,56702,44629,2025-12-26,25,20,2026-01-15,2025-12-29,RESOLVED_IN_GRACE
FDX20253552641,CUST804318,Estrada-Johnson,Large,2025-12-01,13798,50115,43851,2025-12-26,25,20,2026-01-15,,IN_GRACE
FDX20251832687,CUST776856,"Hatfield, Taylor and Brooks",Small,2025-12-30,52682,292296,253838,2026-01-09,10,7,2026-01-16,,IN_GRACE
FDX20259975319,CUST414569,"Sloan, Kim and Nguyen",Mega,2025-12-01,16558,98306,74772,2026-01-05,35,30,2026-02-04,,ELIGIBLE
FDX20251371294,CUST579434,Mcdowell-Price,Mid,2025-12-26,53235,244170,156905,2026-01-10,15,12,2026-01-22,,IN_GRACE
FDX20254119515,CUST431535,Campbell-Gordon,Small,2025-12-22,50098,275565,252328,2026-01-01,10,7,2026-01-08,2026-01-08,RESOLVED_IN_GRACE
FDX20252715864,CUST888387,Sims-Meyer,Small,2026-01-03,46505,275625,163759,2026-01-13,10,7,2026-01-20,,ELIGIBLE
FDX20255733096,CUST176066,Burns-Khan,Mid,2025-12-16,26359,135833,41460,2025-12-31,15,12,2026-01-12,,IN_GRACE
FDX20255516344,CUST109767,Garza-Harvey,Small,2026-01-13,50228,224325,51485,2026-01-23,10,7,2026-01-30,,ELIGIBLE
FDX20253097809,CUST580547,Bennett-Meyers,Mid,2025-12-12,56385,279949,140331,2025-12-27,15,12,2026-01-08,,ELIGIBLE
FDX20258355410,CUST751332,"Tran, Perry and Meyer",Small,2025-12-31,24011,125091,124519,2026-01-10,10,7,2026-01-17,,ELIGIBLE
FDX20251137641,CUST690341,Graham and Sons,Small,2026-01-07,7293,33233,17162,2026-01-17,10,7,2026-01-24,,ELIGIBLE
FDX20254905912,CUST204837,Mays-Lopez,Mid,2025-12-24,40737,114012,88338,2026-01-08,15,12,2026-01-20,,ELIGIBLE
FDX20252513254,CUST176819,Hamilton-Stevenson,Small,2025-12-27,35641,128197,116299,2026-01-06,10,7,2026-01-13,,IN_GRACE
FDX20253528052,CUST663750,Rowland-Martin,Small,2026-01-05,48921,224796,184242,2026-01-15,10,7,2026-01-22,,ELIGIBLE
FDX20251247041,CUST323508,Hodge-Ortega,Small,2025-12-27,34866,97498,52890,2026-01-06,10,7,2026-01-13,,ELIGIBLE
FDX20259280890,CUST630458,Campbell-Jones,Small,2025-12-29,19382,53024,23203,2026-01-08,10,7,2026-01-15,2026-01-10,RESOLVED_IN_GRACE
FDX20254643811,CUST378082,Larsen Ltd,Mid,2025-12-12,55205,226461,187146,2025-12-27,15,12,2026-01-08,,ELIGIBLE
FDX20256736345,CUST238890,Garcia-Washington,Mid,2025-12-14,27764,91812,46326,2025-12-29,15,12,2026-01-10,,ELIGIBLE
FDX20258050508,CUST465962,"Meyers, Montgomery and Davenport",Small,2025-12-29,49634,135916,96228,2026-01-08,10,7,2026-01-15,,ELIGIBLE
FDX20256227389,CUST172132,Farmer-Herrera,Mid,2026-01-01,30611,110014,65414,2026-01-16,15,12,2026-01-28,2026-01-22,RESOLVED_IN_GRACE
FDX20259361693,CUST356150,Gray-Griffin,Large,2025-12-10,3256,17395,13368,2026-01-04,25,20,2026-01-24,,IN_GRACE
FDX20257231009,CUST487477,Romero-Nunez,Large,2025-12-03,39350,212861,94164,2025-12-28,25,20,2026-01-17,2026-01-03,RESOLVED_IN_GRACE
FDX20258779334,CUST398830,Jones-Russell,Small,2025-12-30,18436,70592,68561,2026-01-09,10,7,2026-01-16,2026-01-11,RESOLVED_IN_GRACE
FDX20251532460,CUST265409,Tucker-Davila,Mid,2025-12-19,22297,74794,51222,2026-01-03,15,12,2026-01-15,2026-01-15,RESOLVED_IN_GRACE
FDX20256540652,CUST559469,Henry-Daniels,Small,2026-01-01,40242,129252,52978,2026-01-11,10,7,2026-01-18,,IN_GRACE
FDX20252345920,CUST974244,Brandt-Peters,Small,2025-12-24,9138,25811,10997,2026-01-03,10,7,2026-01-10,,ELIGIBLE
FDX20253450947,CUST669605,Mcdaniel PLC,Large,2025-12-04,47449,254433,144952,2025-12-29,25,20,2026-01-18,,ELIGIBLE
FDX20251940167,CUST837715,Johnston-Berger,Small,2025-12-24,53973,316592,91103,2026-01-03,10,7,2026-01-10,,ELIGIBLE
FDX20255471188,CUST417212,"Snyder, Mendoza and Oliver",Large,2025-12-01,36511,124082,90297,2025-12-26,25,20,2026-01-15,,ELIGIBLE
FDX20257583744,CUST741390,"Zavala, Hunt and Johnson",Small,2026-01-10,45895,225962,180028,2026-01-20,10,7,2026-01-27,,ELIGIBLE
FDX20252197636,CUST946305,"Werner, Rodriguez and Potts",Large,2025-12-07,41456,187921,99749,2026-01-01,25,20,2026-01-21,,IN_GRACE
FDX20258887754,CUST785743,Jefferson PLC,Small,2026-01-13,55141,181353,65151,2026-01-23,10,7,2026-01-30,,IN_GRACE
FDX20254046805,CUST654634,Payne-Reilly,Small,2026-01-04,17409,66916,55215,2026-01-14,10,7,2026-01-21,2026-01-18,RESOLVED_IN_GRACE
FDX20254224451,CUST108203,Cummings and Sons,Small,2026-01-13,9219,39433,31042,2026-01-23,10,7,2026-01-30,,IN_GRACE
FDX20255195637,CUST800305,Clay-Melton,Mid,2025-12-14,15239,41525,36835,2025-12-29,15,12,2026-01-10,,IN_GRACE
FDX20257401806,CUST956795,Mendoza-Pierce,Small,2026-01-03,31250,172917,83301,2026-01-13,10,7,2026-01-20,,IN_GRACE
FDX20251211652,CUST681542,Henry-Barnes,Small,2026-01-13,44153,182471,46332,2026-01-23,10,7,2026-01-30,,IN_GRACE
FDX20253046175,CUST413921,Curry-Pitts,Small,2026-01-03,59013,346593,79923,2026-01-13,10,7,2026-01-20,2026-01-15,RESOLVED_IN_GRACE
FDX20255176895,CUST795613,Huynh-Stewart,Mid,2025-12-22,11186,55397,28533,2026-01-06,15,12,2026-01-18,2026-01-09,RESOLVED_IN_GRACE
FDX20257455837,CUST208618,King-Barr,Small,2025-12-27,24186,141231,89111,2026-01-06,10,7,2026-01-13,,IN_GRACE
FDX20258431651,CUST240814,Foley-Barnes,Large,2025-12-01,44930,147519,46064,2025-12-26,25,20,2026-01-15,2026-01-06,RESOLVED_IN_GRACE
FDX20255146693,CUST377312,Robinson-Brown,Large,2025-12-01,57307,230267,135034,2025-12-26,25,20,2026-01-15,,IN_GRACE
FDX20251562209,CUST221035,Nichols-Valencia,Small,2025-12-26,37325,201608,80307,2026-01-05,10,7,2026-01-12,2026-01-12,RESOLVED_IN_GRACE
FDX20254341683,CUST212235,Miller-Klein,Mid,2025-12-24,39146,233404,166094,2026-01-08,15,12,2026-01-20,,ELIGIBLE
FDX20258731522,CUST878480,Acevedo Ltd,Large,2025-12-01,53383,277127,80115,2025-12-26,25,20,2026-01-15,2026-01-15,RESOLVED_IN_GRACE
FDX20252576392,CUST680097,Gibbs and Sons,Large,2025-12-12,10734,31044,19971,2026-01-06,25,20,2026-01-26,,IN_GRACE
FDX20259743263,CUST262998,Cole-Boone,Mid,2025-12-24,32333,170365,99280,2026-01-08,15,12,2026-01-20,2026-01-18,RESOLVED_IN_GRACE
FDX20254497162,CUST385577,Irwin-Martin,Mid,2026-01-03,49265,264675,122676,2026-01-18,15,12,2026-01-30,2026-01-26,RESOLVED_IN_GRACE
FDX20258932696,CUST395442,Bridges-Dillon,Small,2026-01-09,21491,104398,22135,2026-01-19,10,7,2026-01-26,2026-01-22,RESOLVED_IN_GRACE
FDX20257528399,CUST734210,"Rivers, Walker and Jones",Small,2025-12-31,12936,70604,29182,2026-01-10,10,7,2026-01-17,,IN_GRACE
FDX20256236326,CUST320861,Cook-Kennedy,Small,2025-12-31,31362,91996,62935,2026-01-10,10,7,2026-01-17,,ELIGIBLE
FDX20256420100,CUST852470,Davidson-Hodge,Small,2025-12-27,48755,265448,114833,2026-01-06,10,7,2026-01-13,2026-01-12,RESOLVED_IN_GRACE
FDX20253661058,CUST459536,Thompson-Villa,Mid,2025-12-20,32592,185603,79840,2026-01-04,15,12,2026-01-16,,ELIGIBLE
FDX20251707762,CUST313487,Jones-Owens,Small,2025-12-31,6782,25548,20865,2026-01-10,10,7,2026-01-17,2026-01-11,RESOLVED_IN_GRACE
FDX20259739692,CUST820892,Bradford-Collins,Large,2025-12-01,31516,102797,96925,2025-12-26,25,20,2026-01-15,,ELIGIBLE
FDX20253049194,CUST765046,Bernard and Sons,Small,2026-01-09,23516,128957,29731,2026-01-19,10,7,2026-01-26,,IN_GRACE
FDX20255249882,CUST994343,Hamilton-Rios,Small,2026-01-11,54497,207394,144710,2026-01-21,10,7,2026-01-28,,IN_GRACE
FDX20259073692,CUST376807,Meyer-Faulkner,Mega,2025-12-01,53968,172683,135428,2026-01-05,35,30,2026-02-04,2026-02-01,RESOLVED_IN_GRACE
FDX20256013251,CUST629959,Miller-Parker,Small,2026-01-09,13357,61167,42586,2026-01-19,10,7,2026-01-26,,ELIGIBLE
FDX20254334029,CUST612262,Salinas Ltd,Small,2026-01-10,58140,257510,220583,2026-01-20,10,7,2026-01-27,,IN_GRACE
FDX20257046955,CUST363319,Gonzales-Hall,Small,2026-01-03,34493,154188,119565,2026-01-13,10,7,2026-01-20,,IN_GRACE
FDX20251873883,CUST987204,"Hester, Shields and Mcmahon",Small,2026-01-13,42044,224384,196625,2026-01-23,10,7,2026-01-30,,IN_GRACE
FDX20254653880,CUST153266,Schmitt LLC,Small,2026-01-05,37004,161288,97431,2026-01-15,10,7,2026-01-22,,ELIGIBLE
FDX20252894625,CUST196781,"Beck, Scott and Price",Mid,2025-12-22,32343,124195,70772,2026-01-06,15,12,2026-01-18,,ELIGIBLE
FDX20254958849,CUST765095,Washington-Richmond,Mid,2025-12-20,19770,92598,86973,2026-01-04,15,12,2026-01-16,2026-01-09,RESOLVED_IN_GRACE
FDX20258284023,CUST544151,Mccoy-Nelson,Large,2025-12-14,59399,266964,258233,2026-01-08,25,20,2026-01-28,,ELIGIBLE
FDX20256444432,CUST969634,Cruz-Powell,Mid,2025-12-24,20827,61146,36267,2026-01-08,15,12,2026-01-20,,ELIGIBLE
FDX20251252794,CUST390120,James-Walker,Small,2026-01-05,19695,49796,23481,2026-01-15,10,7,2026-01-22,,ELIGIBLE
FDX20253807840,CUST146228,Brown-Gray,Large,2025-12-12,41501,139454,136140,2026-01-06,25,20,2026-01-26,,ELIGIBLE
FDX20255632190,CUST103717,Simmons-Lawrence,Mid,2025-12-22,39592,154824,94111,2026-01-06,15,12,2026-01-18,2026-01-07,RESOLVED_IN_GRACE
FDX20253007387,CUST449759,Davis-Schneider,Small,2026-01-04,46802,203065,160825,2026-01-14,10,7,2026-01-21,,IN_GRACE
FDX20257640561,CUST908577,Cabrera-Brown,Mid,2025-12-28,13427,79139,72891,2026-01-12,15,12,2026-01-24,,ELIGIBLE
FDX20255078362,CUST237174,Morris-Jenkins,Mega,2025-12-01,23315,66675,61419,2026-01-05,35,30,2026-02-04,2026-01-12,RESOLVED_IN_GRACE
FDX20251149818,CUST768061,Haas-Moore,Small,2026-01-10,17960,69599,34291,2026-01-20,10,7,2026-01-27,2026-01-25,RESOLVED_IN_GRACE
FDX20251704531,CUST374680,"Larsen, Travis and Bryan",Mid,2025-12-16,41005,109646,55538,2025-12-31,15,12,2026-01-12,,ELIGIBLE
FDX20258973718,CUST269430,Whitehead-Washington,Mid,2025-12-20,11539,47118,46141,2026-01-04,15,12,2026-01-16,,IN_GRACE
FDX20253600333,CUST877236,York-Lewis,Small,2026-01-09,20265,89276,82985,2026-01-19,10,7,2026-01-26,2026-01-24,RESOLVED_IN_GRACE
FDX20257231035,CUST563298,Marquez-Glover,Small,2026-01-09,17386,71116,64491,2026-01-19,10,7,2026-01-26,,ELIGIBLE
FDX20252501223,CUST678478,Howe Inc,Mega,2025-12-01,53163,308302,144775,2026-01-05,35,30,2026-02-04,,ELIGIBLE
FDX20255172867,CUST839945,Rangel-Diaz,Mid,2026-01-03,28181,86027,32762,2026-01-18,15,12,2026-01-30,,IN_GRACE
FDX20253645741,CUST548462,"George, Burke and Mcmillan",Mid,2025-12-19,25102,116440,97766,2026-01-03,15,12,2026-01-15,2026-01-10,RESOLVED_IN_GRACE
FDX20259387252,CUST688153,Williams-Carson,Small,2026-01-07,10419,34718,33396,2026-01-17,10,7,2026-01-24,2026-01-19,RESOLVED_IN_GRACE
FDX20252533463,CUST110139,Osborne-Williams,Mid,2025-12-26,58372,162209,119364,2026-01-10,15,12,2026-01-22,2026-01-11,RESOLVED_IN_GRACE
FDX20256677780,CUST217308,"Lee, Fitzpatrick and Webb",Small,2025-12-22,44572,221238,132465,2026-01-01,10,7,2026-01-08,2026-01-06,RESOLVED_IN_GRACE
FDX20252007511,CUST178898,Reed-Wade,Small,2025-12-30,18036,79067,20018,2026-01-09,10,7,2026-01-16,,ELIGIBLE
FDX20252002860,CUST824586,Horne-Potter,Small,2026-01-04,58279,228553,119113,2026-01-14,10,7,2026-01-21,2026-01-15,RESOLVED_IN_GRACE
FDX20256964596,CUST256294,Benitez and Sons,Large,2025-12-01,26322,70408,34928,2025-12-26,25,20,2026-01-15,2025-12-31,RESOLVED_IN_GRACE
FDX20253582322,CUST672092,White-Riley,Mid,2025-12-24,30959,160714,152043,2026-01-08,15,12,2026-01-20,,ELIGIBLE
FDX20259998515,CUST137778,Reynolds-Turner,Mid,2025-12-31,21128,84444,37385,2026-01-15,15,12,2026-01-27,2026-01-16,RESOLVED_IN_GRACE
FDX20252801733,CUST975136,Knapp-Clayton,Small,2026-01-01,15470,67510,59719,2026-01-11,10,7,2026-01-18,2026-01-13,RESOLVED_IN_GRACE
FDX20253111034,CUST487151,Liu-Medina,Small,2025-12-26,54481,306744,242038,2026-01-05,10,7,2026-01-12,2026-01-12,RESOLVED_IN_GRACE
FDX20259184645,CUST710805,Allen-Berry,Small,2025-12-26,33747,93202,68932,2026-01-05,10,7,2026-01-12,,ELIGIBLE
FDX20254903632,CUST679364,Davis-Leonard,Mid,2026-01-03,28622,154882,113648,2026-01-18,15,12,2026-01-30,,ELIGIBLE
FDX20256314007,CUST255287,Johnson-Moore,Mid,2025-12-26,12113,48911,31659,2026-01-10,15,12,2026-01-22,2026-01-18,RESOLVED_IN_GRACE
FDX20256827024,CUST550664,"Brewer, Edwards and Knight",Large,2025-12-01,58660,238962,168333,2025-12-26,25,20,2026-01-15,,ELIGIBLE
FDX20258360481,CUST233636,Ross-Stewart,Small,2026-01-09,13824,38664,17269,2026-01-19,10,7,2026-01-26,,IN_GRACE
FDX20254237420,CUST143860,Lopez-Gonzalez,Small,2025-12-31,10023,30070,16894,2026-01-10,10,7,2026-01-17,2026-01-15,RESOLVED_IN_GRACE
FDX20251358241,CUST423232,Thomas-Williams,Small,2026-01-04,47278,121953,111705,2026-01-14,10,7,2026-01-21,2026-01-19,RESOLVED_IN_GRACE
FDX20257337911,CUST482364,Blackwell and Sons,Large,2025-12-08,57037,191352,185034,2026-01-02,25,20,2026-01-22,2026-01-20,RESOLVED_IN_GRACE
FDX20257009053,CUST934794,Moore-Lawson,Small,2025-12-27,51195,140435,102980,2026-01-06,10,7,2026-01-13,,IN_GRACE
FDX20253260430,CUST141832,Walton Group,Small,2025-12-24,28775,82104,49677,2026-01-03,10,7,2026-01-10,,ELIGIBLE
FDX20255205984,CUST475190,Shepherd-Dorsey,Small,2026-01-03,47175,196267,138064,2026-01-13,10,7,2026-01-20,,ELIGIBLE
FDX20251662507,CUST320281,Morris-Lamb,Large,2025-12-12,42301,239617,129156,2026-01-06,25,20,2026-01-26,,ELIGIBLE
FDX20259142018,CUST815198,Beck-Baker,Small,2026-01-01,35159,140501,84534,2026-01-11,10,7,2026-01-18,2026-01-13,RESOLVED_IN_GRACE
FDX20258340032,CUST361650,"English, Mcdonald and Payne",Small,2026-01-03,24676,118445,67419,2026-01-13,10,7,2026-01-20,2026-01-19,RESOLVED_IN_GRACE
FDX20255944490,CUST799330,"Willis, Perry and Gonzales",Small,2025-12-29,56116,218003,77062,2026-01-08,10,7,2026-01-15,,ELIGIBLE
FDX20259222379,CUST207786,Matthews-Hopkins,Mid,2025-12-21,35767,211326,43296,2026-01-05,15,12,2026-01-17,,IN_GRACE
FDX20254183910,CUST470858,Strickland-Wilson,Mid,2025-12-30,12329,72009,68330,2026-01-14,15,12,2026-01-26,,IN_GRACE
FDX20254131076,CUST918011,Ferguson-Berry,Small,2026-01-13,37608,140162,81987,2026-01-23,10,7,2026-01-30,,ELIGIBLE
FDX20256832845,CUST687080,"Travis, Williams and Rice",Mid,2025-12-12,10642,31587,16256,2025-12-27,15,12,2026-01-08,2026-01-07,RESOLVED_IN_GRACE
FDX20256430463,CUST526117,Brown-Valenzuela,Mid,2025-12-25,35795,181878,177429,2026-01-09,15,12,2026-01-21,,ELIGIBLE
FDX20258858359,CUST750810,Lindsey and Sons,Mid,2026-01-03,26484,122936,103030,2026-01-18,15,12,2026-01-30,2026-01-19,RESOLVED_IN_GRACE
FDX20255619177,CUST885884,Sellers-Wright,Mid,2025-12-20,22215,91255,73347,2026-01-04,15,12,2026-01-16,,IN_GRACE
FDX20253690116,CUST262060,Daniels-Wilkerson,Small,2025-12-27,40122,238185,121429,2026-01-06,10,7,2026-01-13,,ELIGIBLE
FDX20252155557,CUST348237,Robinson-Church,Small,2025-12-24,13008,67703,45874,2026-01-03,10,7,2026-01-10,,IN_GRACE
FDX20259911007,CUST270395,Patterson-Rhodes,Mid,2025-12-16,59863,190635,190087,2025-12-31,15,12,2026-01-12,,ELIGIBLE
FDX20253600895,CUST938742,Levy-Terry,Mid,2025-12-16,46895,256858,122014,2025-12-31,15,12,2026-01-12,2026-01-08,RESOLVED_IN_GRACE
FDX20258539415,CUST950155,Mendoza-Flores,Small,2026-01-10,59396,157928,102431,2026-01-20,10,7,2026-01-27,2026-01-22,RESOLVED_IN_GRACE
FDX20255960564,CUST285652,Weeks-Villarreal,Small,2025-12-24,4413,15005,5711,2026-01-03,10,7,2026-01-10,,ELIGIBLE
FDX20255418267,CUST532322,Berg-Martinez,Small,2026-01-10,45399,171226,155464,2026-01-20,10,7,2026-01-27,,ELIGIBLE
FDX20257159129,CUST125990,Stevens-Herring,Large,2025-12-08,45704,158185,152461,2026-01-02,25,20,2026-01-22,,ELIGIBLE
FDX20258618181,CUST288073,Fry-Graves,Small,2026-01-09,41928,246481,187545,2026-01-19,10,7,2026-01-26,,ELIGIBLE
FDX20251012076,CUST872343,Soto-Griffin,Large,2025-12-02,58322,266462,82221,2025-12-27,25,20,2026-01-16,,ELIGIBLE
FDX20259488562,CUST448321,Hatfield-Neal,Large,2025-12-01,53448,177551,80921,2025-12-26,25,20,2026-01-15,2026-01-01,RESOLVED_IN_GRACE
FDX20257359295,CUST920391,Murphy-Monroe,Small,2025-12-30,2599,9904,9705,2026-01-09,10,7,2026-01-16,,ELIGIBLE
FDX20254112748,CUST531712,Walker-Bartlett,Small,2025-12-29,29850,124646,98394,2026-01-08,10,7,2026-01-15,2026-01-12,RESOLVED_IN_GRACE
FDX20251314067,CUST941204,Charles-Austin,Small,2026-01-07,20700,68366,49700,2026-01-17,10,7,2026-01-24,,ELIGIBLE
FDX20257108168,CUST802448,Rollins-Becker,Mid,2025-12-14,58693,343070,310629,2025-12-29,15,12,2026-01-10,,ELIGIBLE
FDX20255006173,CUST870763,Wright-Bond,Mid,2025-12-16,37226,144078,55075,2025-12-31,15,12,2026-01-12,2026-01-07,RESOLVED_IN_GRACE
FDX20256380354,CUST950132,Ray-Morse,Small,2026-01-03,36992,184548,125576,2026-01-13,10,7,2026-01-20,2026-01-15,RESOLVED_IN_GRACE
FDX20252062698,CUST360222,Ross-Cannon,Small,2025-12-29,32380,99827,93035,2026-01-08,10,7,2026-01-15,,ELIGIBLE
FDX20257501017,CUST379766,Andrews and Sons,Small,2026-01-11,49916,224068,57533,2026-01-21,10,7,2026-01-28,,ELIGIBLE
FDX20254185480,CUST266931,Smith-Roberts,Mid,2025-12-28,48841,185855,88042,2026-01-12,15,12,2026-01-24,,ELIGIBLE
FDX20259792431,CUST925622,"Reeves, Brewer and Garcia",Mid,2025-12-14,1912,8923,5869,2025-12-29,15,12,2026-01-10,,ELIGIBLE
FDX20259347489,CUST835343,Alexander-Singleton,Mid,2025-12-19,30914,150821,60601,2026-01-03,15,12,2026-01-15,2026-01-08,RESOLVED_IN_GRACE
FDX20253585897,CUST213346,Davis-Ramirez,Mega,2025-12-01,30180,85934,78898,2026-01-05,35,30,2026-02-04,,ELIGIBLE
FDX20255750117,CUST501124,Jenkins-Boyle,Mid,2025-12-30,1975,8268,3465,2026-01-14,15,12,2026-01-26,,ELIGIBLE
FDX20256412330,CUST140605,Brady-Watson,Small,2026-01-07,45136,253596,104788,2026-01-17,10,7,2026-01-24,2026-01-24,RESOLVED_IN_GRACE
FDX20257875379,CUST593554,Scott-Moore,Mid,2025-12-20,16040,57529,38778,2026-01-04,15,12,2026-01-16,,IN_GRACE
FDX20256402667,CUST333238,Payne PLC,Mid,2025-12-20,54798,303878,239408,2026-01-04,15,12,2026-01-16,2026-01-10,RESOLVED_IN_GRACE
FDX20252853280,CUST309267,Gordon-Hancock,Small,2026-01-09,32979,114260,77821,2026-01-19,10,7,2026-01-26,2026-01-23,RESOLVED_IN_GRACE
FDX20252614912,CUST956253,Chavez-Reid,Small,2026-01-05,12869,44812,44130,2026-01-15,10,7,2026-01-22,2026-01-21,RESOLVED_IN_GRACE
FDX20259777848,CUST582662,Morris-Ward,Mid,2025-12-21,9958,54577,42706,2026-01-05,15,12,2026-01-17,,IN_GRACE
FDX20252118702,CUST466643,"Cummings, Dickerson and Blair",Small,2025-12-29,43725,118893,51056,2026-01-08,10,7,2026-01-15,,IN_GRACE
FDX20251734460,CUST420015,Moody-Manning,Small,2025-12-29,18191,67142,32147,2026-01-08,10,7,2026-01-15,,ELIGIBLE
FDX20253177250,CUST960394,"Good, Robinson and Carter",Small,2026-01-11,23759,128962,70479,2026-01-21,10,7,2026-01-28,,ELIGIBLE
FDX20253997061,CUST933980,"Drake, Rodriguez and Anderson",Small,2026-01-05,47749,272467,170908,2026-01-15,10,7,2026-01-22,,ELIGIBLE
FDX20251524686,CUST338651,Palmer-Goodman,Mid,2025-12-26,15808,43510,19931,2026-01-10,15,12,2026-01-22,,ELIGIBLE
FDX20254390323,CUST333752,Walters-Phillips,Small,2026-01-04,52352,252064,110187,2026-01-14,10,7,2026-01-21,,ELIGIBLE
FDX20252796087,CUST124813,Jones-Davidson,Small,2026-01-10,50354,292616,225779,2026-01-20,10,7,2026-01-27,,ELIGIBLE
FDX20259143162,CUST792094,Matthews-Moran,Small,2025-12-29,55561,172079,77871,2026-01-08,10,7,2026-01-15,,IN_GRACE
FDX20254214793,CUST302511,"Klein, Shepherd and Smith",Small,2025-12-24,37594,184265,155077,2026-01-03,10,7,2026-01-10,,IN_GRACE
FDX20252656810,CUST517821,Jacobson-Morris,Large,2025-12-02,2984,12574,5658,2025-12-27,25,20,2026-01-16,,ELIGIBLE
FDX20251533803,CUST444207,Walker-Williams,Small,2025-12-24,53185,199696,64131,2026-01-03,10,7,2026-01-10,2026-01-10,RESOLVED_IN_GRACE
FDX20257519606,CUST392136,"Zhang, Edwards and Yoder",Mid,2025-12-20,49132,162778,92525,2026-01-04,15,12,2026-01-16,,ELIGIBLE
FDX20259219319,CUST172792,Spears-Acevedo,Small,2025-12-30,23925,104081,61982,2026-01-09,10,7,2026-01-16,,ELIGIBLE
FDX20259821818,CUST910891,Bruce-Jimenez,Mid,2025-12-12,28405,139327,107524,2025-12-27,15,12,2026-01-08,2026-01-08,RESOLVED_IN_GRACE
FDX20255293936,CUST392683,Caldwell-Lee,Mid,2025-12-26,53256,316734,170136,2026-01-10,15,12,2026-01-22,,ELIGIBLE
FDX20251823520,CUST468203,Lewis-House,Small,2026-01-07,39435,216517,159537,2026-01-17,10,7,2026-01-24,2026-01-23,RESOLVED_IN_GRACE
FDX20257146400,CUST772642,Fox-Ramirez,Small,2025-12-26,4034,14888,5742,2026-01-05,10,7,2026-01-12,,ELIGIBLE
FDX20254703113,CUST634150,Guzman-Rivera,Small,2026-01-09,8315,34404,23934,2026-01-19,10,7,2026-01-26,2026-01-24,RESOLVED_IN_GRACE
FDX20252189067,CUST519093,Thomas-Gibson,Mid,2025-12-28,36721,203712,54848,2026-01-12,15,12,2026-01-24,,ELIGIBLE
FDX20251219548,CUST812526,Luna-Adams,Small,2026-01-10,25072,139197,80296,2026-01-20,10,7,2026-01-27,,ELIGIBLE
FDX20254502044,CUST984642,Hall-Best,Small,2026-01-09,43287,183056,148074,2026-01-19,10,7,2026-01-26,2026-01-26,RESOLVED_IN_GRACE
FDX20259244416,CUST662262,"Pollard, Adams and Burton",Small,2025-12-26,43765,230059,104804,2026-01-05,10,7,2026-01-12,2026-01-10,RESOLVED_IN_GRACE
FDX20252341452,CUST447235,"Novak, Zamora and Cochran",Small,2026-01-09,27122,112798,76944,2026-01-19,10,7,2026-01-26,,ELIGIBLE
FDX20258852729,CUST128941,Fisher-Wilson,Small,2026-01-10,41393,106145,60858,2026-01-20,10,7,2026-01-27,,ELIGIBLE
FDX20252018380,CUST220944,"Gregory, Banks and Berger",Small,2026-01-07,19754,116873,107729,2026-01-17,10,7,2026-01-24,,ELIGIBLE
FDX20257055334,CUST373903,"Cabrera, Reyes and Harris",Large,2025-12-04,18837,103614,84302,2025-12-29,25,20,2026-01-18,,ELIGIBLE
FDX20257978536,CUST287241,Jimenez-Gibson,Small,2026-01-03,50397,185830,104720,2026-01-13,10,7,2026-01-20,,ELIGIBLE
FDX20257191944,CUST708792,Trevino PLC,Small,2026-01-09,13782,81095,37154,2026-01-19,10,7,2026-01-26,2026-01-24,RESOLVED_IN_GRACE
FDX20251978112,CUST378361,Weber and Sons,Large,2025-12-01,57083,161202,147494,2025-12-26,25,20,2026-01-15,2026-01-01,RESOLVED_IN_GRACE
FDX20255459646,CUST140115,Parker-Green,Small,2025-12-22,20074,93477,66244,2026-01-01,10,7,2026-01-08,,IN_GRACE
FDX20259875496,CUST213668,Gilbert Inc,Small,2025-12-22,36539,152327,126909,2026-01-01,10,7,2026-01-08,2026-01-05,RESOLVED_IN_GRACE
FDX20251682046,CUST725550,Hurley-Lopez,Small,2026-01-01,3401,8675,6868,2026-01-11,10,7,2026-01-18,2026-01-13,RESOLVED_IN_GRACE
FDX20252180916,CUST555673,Johnson-Cowan,Mid,2025-12-17,17173,87325,51483,2026-01-01,15,12,2026-01-13,,IN_GRACE
FDX20256098672,CUST462479,Gray-Fowler,Large,2025-12-01,21998,131368,99700,2025-12-26,25,20,2026-01-15,2026-01-04,RESOLVED_IN_GRACE
FDX20252307538,CUST863934,Howard-Wilson,Mid,2026-01-01,11963,57546,29958,2026-01-16,15,12,2026-01-28,,ELIGIBLE
FDX20254622201,CUST924629,Villa PLC,Mid,2025-12-14,3582,16953,10341,2025-12-29,15,12,2026-01-10,,ELIGIBLE
FDX20259715516,CUST428914,Rodriguez-Murphy,Small,2025-12-22,3074,18108,12169,2026-01-01,10,7,2026-01-08,2026-01-06,RESOLVED_IN_GRACE
FDX20252629390,CUST557592,Thompson-Ruiz,Mid,2025-12-20,22670,83718,26546,2026-01-04,15,12,2026-01-16,2026-01-06,RESOLVED_IN_GRACE
FDX20252698275,CUST735656,Lyons Ltd,Mega,2025-12-01,9939,27940,17324,2026-01-05,35,30,2026-02-04,,ELIGIBLE
FDX20254875838,CUST636265,Woods-Oneal,Small,2025-12-24,57825,208771,191951,2026-01-03,10,7,2026-01-10,2026-01-04,RESOLVED_IN_GRACE
FDX20259919792,CUST221263,Davis-Hernandez,Large,2025-12-02,46969,148178,78599,2025-12-27,25,20,2026-01-16,2026-01-13,RESOLVED_IN_GRACE
FDX20257464782,CUST503906,Allen-Brown,Small,2026-01-03,34189,97414,91018,2026-01-13,10,7,2026-01-20,2026-01-20,RESOLVED_IN_GRACE
FDX20254178618,CUST704596,Smith-Acevedo,Small,2025-12-29,26136,84185,61807,2026-01-08,10,7,2026-01-15,2026-01-10,RESOLVED_IN_GRACE
FDX20254240006,CUST299312,Cantrell-May,Small,2025-12-22,17736,67661,45542,2026-01-01,10,7,2026-01-08,,IN_GRACE
FDX20259828037,CUST367095,Wood-Torres,Mid,2025-12-28,37526,107798,79530,2026-01-12,15,12,2026-01-24,2026-01-21,RESOLVED_IN_GRACE
FDX20255173551,CUST146542,Griffith-Alexander,Small,2025-12-29,52294,150578,57299,2026-01-08,10,7,2026-01-15,2026-01-13,RESOLVED_IN_GRACE
FDX20254001408,CUST843215,Obrien-Clark,Mid,2025-12-28,45648,118552,60979,2026-01-12,15,12,2026-01-24,,IN_GRACE
FDX20257965641,CUST557239,"Saunders, Taylor and Wagner",Small,2026-01-09,25484,92343,52577,2026-01-19,10,7,2026-01-26,,ELIGIBLE
FDX20252770234,CUST101773,Jones-Hernandez,Small,2026-01-03,31452,115356,57368,2026-01-13,10,7,2026-01-20,2026-01-16,RESOLVED_IN_GRACE
FDX20257005628,CUST645175,"Duncan, James and Mcdonald",Small,2026-01-01,27956,129971,30731,2026-01-11,10,7,2026-01-18,,ELIGIBLE
FDX20258696054,CUST945687,Murphy Ltd,Small,2025-12-22,9973,54413,42151,2026-01-01,10,7,2026-01-08,,ELIGIBLE
FDX20258165129,CUST664607,Barnett-Tran,Small,2025-12-30,12359,64418,62621,2026-01-09,10,7,2026-01-16,2026-01-13,RESOLVED_IN_GRACE
FDX20252746548,CUST820221,Cruz-Delgado,Small,2026-01-13,6145,25807,18628,2026-01-23,10,7,2026-01-30,2026-01-26,RESOLVED_IN_GRACE
FDX20253798595,CUST854377,Fuentes-Lowery,Small,2026-01-01,41355,216500,214383,2026-01-11,10,7,2026-01-18,,ELIGIBLE
FDX20254026551,CUST877991,Walker-Hopkins,Small,2026-01-07,42197,201984,163485,2026-01-17,10,7,2026-01-24,,ELIGIBLE
FDX20257737011,CUST872840,Lewis-Garza,Small,2025-12-31,47167,270318,222223,2026-01-10,10,7,2026-01-17,,IN_GRACE
FDX20259467339,CUST803204,Gillespie-Tucker,Small,2026-01-07,20886,98542,85719,2026-01-17,10,7,2026-01-24,2026-01-20,RESOLVED_IN_GRACE
FDX20256662526,CUST306606,Baker-Williams,Small,2026-01-05,38747,186850,135964,2026-01-15,10,7,2026-01-22,,ELIGIBLE
FDX20253653760,CUST481913,Velasquez-Ferguson,Mid,2025-12-12,25607,67348,48059,2025-12-27,15,12,2026-01-08,2026-01-02,RESOLVED_IN_GRACE
FDX20259957363,CUST552248,Molina-Cook,Small,2026-01-10,44002,172917,134222,2026-01-20,10,7,2026-01-27,2026-01-26,RESOLVED_IN_GRACE
FDX20258432510,CUST173372,Rollins Group,Small,2026-01-07,26844,84674,63750,2026-01-17,10,7,2026-01-24,,ELIGIBLE
FDX20256911017,CUST796503,Gilmore-Hernandez,Mega,2025-12-01,48035,285641,69787,2026-01-05,35,30,2026-02-04,2026-01-20,RESOLVED_IN_GRACE
FDX20256287423,CUST446239,Larson-Vargas,Small,2025-12-26,9019,32389,25859,2026-01-05,10,7,2026-01-12,2026-01-08,RESOLVED_IN_GRACE
FDX20256446792,CUST753425,Leon-Harris,Small,2026-01-01,58865,222194,78344,2026-01-11,10,7,2026-01-18,2026-01-16,RESOLVED_IN_GRACE
FDX20257236418,CUST429164,Robertson-Cooper,Mid,2025-12-17,16196,81401,38804,2026-01-01,15,12,2026-01-13,,IN_GRACE
FDX20257917972,CUST795612,Gallegos-Simpson,Small,2026-01-07,12015,50546,20599,2026-01-17,10,7,2026-01-24,2026-01-23,RESOLVED_IN_GRACE
FDX20258224069,CUST989208,Evans-Brooks,Large,2025-12-01,57417,317292,292529,2025-12-26,25,20,2026-01-15,,ELIGIBLE
FDX20256426605,CUST230679,Cochran-Roberts,Small,2025-12-27,25549,82669,78567,2026-01-06,10,7,2026-01-13,,ELIGIBLE
FDX20255038654,CUST854717,Harper-Wood,Mid,2025-12-24,5543,28705,27456,2026-01-08,15,12,2026-01-20,2026-01-17,RESOLVED_IN_GRACE
FDX20254589118,CUST414910,Ross-Kelley,Mid,2025-12-25,43786,240700,86784,2026-01-09,15,12,2026-01-21,,ELIGIBLE
FDX20257292514,CUST631756,Williamson-Davila,Small,2026-01-11,52280,150178,103969,2026-01-21,10,7,2026-01-28,,ELIGIBLE
FDX20255262908,CUST424308,Smith-Walker,Large,2025-12-08,44105,192400,69344,2026-01-02,25,20,2026-01-22,2026-01-05,RESOLVED_IN_GRACE
FDX20257039941,CUST799287,Reeves-Anderson,Small,2026-01-01,41493,152221,53621,2026-01-11,10,7,2026-01-18,2026-01-14,RESOLVED_IN_GRACE
FDX20258590070,CUST528231,Ramirez-Schaefer,Small,2026-01-07,56041,238212,184865,2026-01-17,10,7,2026-01-24,,ELIGIBLE
FDX20258507800,CUST442027,"Casey, Evans and Thomas",Mid,2025-12-17,20859,90924,62758,2026-01-01,15,12,2026-01-13,,IN_GRACE
FDX20257662074,CUST521947,"Clayton, Jackson and Brown",Mid,2025-12-31,11260,32084,17961,2026-01-15,15,12,2026-01-27,,IN_GRACE
FDX20251003282,CUST831076,Smith-Nelson,Small,2026-01-07,4145,23297,8585,2026-01-17,10,7,2026-01-24,,ELIGIBLE
FDX20251581546,CUST410016,Thomas-Montgomery,Mid,2025-12-24,32536,164003,133649,2026-01-08,15,12,2026-01-20,,ELIGIBLE
FDX20255772818,CUST681343,Palmer-Warner,Mid,2025-12-22,51637,292397,282771,2026-01-06,15,12,2026-01-18,,ELIGIBLE
FDX20251273509,CUST233470,Waters-Moore,Small,2025-12-22,18675,77045,31944,2026-01-01,10,7,2026-01-08,2026-01-02,RESOLVED_IN_GRACE
FDX20259684044,CUST301158,Mcclure Group,Small,2025-12-30,35112,183547,178485,2026-01-09,10,7,2026-01-16,,ELIGIBLE
FDX20253266362,CUST540869,King-Chambers,Small,2026-01-03,10773,46604,14487,2026-01-13,10,7,2026-01-20,,ELIGIBLE
FDX20256064062,CUST797229,Wright-Washington,Mid,2025-12-22,13856,82401,61353,2026-01-06,15,12,2026-01-18,,IN_GRACE
FDX20251110206,CUST497562,Gardner-Allen,Small,2025-12-27,46274,179116,91442,2026-01-06,10,7,2026-01-13,2026-01-12,RESOLVED_IN_GRACE
FDX20256038767,CUST810219,Kim-Stewart,Large,2025-12-10,7500,44498,18544,2026-01-04,25,20,2026-01-24,,ELIGIBLE
FDX20254722641,CUST884475,Martin-Daugherty,Large,2025-12-04,49854,199218,124756,2025-12-29,25,20,2026-01-18,,ELIGIBLE
FDX20254604128,CUST282480,Williams-Bailey,Mid,2025-12-14,2129,11357,4961,2025-12-29,15,12,2026-01-10,,ELIGIBLE
FDX20256283223,CUST745414,Walker-Moreno,Mid,2025-12-24,39691,151727,140997,2026-01-08,15,12,2026-01-20,,ELIGIBLE
FDX20251364088,CUST696750,Espinoza-Jones,Mid,2025-12-26,30106,105877,68059,2026-01-10,15,12,2026-01-22,,ELIGIBLE
FDX20255629792,CUST415568,Camacho-Wiggins,Large,2025-12-10,43704,115040,76539,2026-01-04,25,20,2026-01-24,,ELIGIBLE
FDX20259577712,CUST525800,Patterson Group,Mega,2025-12-01,7414,24303,10315,2026-01-05,35,30,2026-02-04,2026-02-01,RESOLVED_IN_GRACE
FDX20253595683,CUST674553,Collins-Lopez,Small,2026-01-03,37654,104302,85062,2026-01-13,10,7,2026-01-20,,ELIGIBLE
FDX20252581875,CUST974224,Williams-Martin,Small,2026-01-04,48583,164649,94927,2026-01-14,10,7,2026-01-21,,ELIGIBLE
FDX20251633110,CUST100425,Blackburn-Holt,Small,2026-01-13,32839,157027,74386,2026-01-23,10,7,2026-01-30,,ELIGIBLE
FDX20258723723,CUST418635,Branch-Lucas,Mid,2025-12-30,39707,115292,43234,2026-01-14,15,12,2026-01-26,,ELIGIBLE
FDX20256966913,CUST400850,Harrison-Humphrey,Large,2025-12-01,20001,112713,99664,2025-12-26,25,20,2026-01-15,,ELIGIBLE
FDX20253619042,CUST320392,Mccarthy-Smith,Small,2026-01-07,18072,50982,27004,2026-01-17,10,7,2026-01-24,2026-01-24,RESOLVED_IN_GRACE
FDX20253322104,CUST550770,Williams-Watts,Small,2026-01-03,44452,173170,162972,2026-01-13,10,7,2026-01-20,,ELIGIBLE
FDX20255445763,CUST923927,Edwards-Barron,Large,2025-12-01,11583,50250,31406,2025-12-26,25,20,2026-01-15,2026-01-09,RESOLVED_IN_GRACE
FDX20257158628,CUST708158,Cabrera-Sanchez,Mid,2025-12-19,2034,5792,4301,2026-01-03,15,12,2026-01-15,2026-01-13,RESOLVED_IN_GRACE
FDX20255191903,CUST736130,"Davenport, Livingston and Palmer",Small,2025-12-29,7199,21727,10540,2026-01-08,10,7,2026-01-15,,IN_GRACE
FDX20254908993,CUST786508,King-Aguilar,Mid,2025-12-25,53923,214132,115061,2026-01-09,15,12,2026-01-21,,IN_GRACE
FDX20255299058,CUST437902,Ford-Delacruz,Mid,2025-12-20,18669,99169,84511,2026-01-04,15,12,2026-01-16,,ELIGIBLE
FDX20256038238,CUST587575,Hines Ltd,Large,2025-12-10,48033,216259,172024,2026-01-04,25,20,2026-01-24,2026-01-07,RESOLVED_IN_GRACE
FDX20252541912,CUST563246,Reyes-Kim,Small,2026-01-13,14746,50911,43084,2026-01-23,10,7,2026-01-30,,ELIGIBLE
FDX20257707501,CUST563638,Juarez-Martinez,Small,2026-01-01,46844,163221,107357,2026-01-11,10,7,2026-01-18,,ELIGIBLE
FDX20254647992,CUST808446,Krueger-Johnson,Small,2026-01-13,29517,145470,84044,2026-01-23,10,7,2026-01-30,2026-01-24,RESOLVED_IN_GRACE
FDX20252295227,CUST324082,Rodriguez-Williams,Large,2025-12-03,13666,66511,29343,2025-12-28,25,20,2026-01-17,2026-01-07,RESOLVED_IN_GRACE
FDX20256447428,CUST636004,Ponce Inc,Small,2025-12-24,55199,171662,70400,2026-01-03,10,7,2026-01-10,,ELIGIBLE
FDX20259095563,CUST596171,Banks-Robles,Small,2026-01-04,51831,160116,71588,2026-01-14,10,7,2026-01-21,,IN_GRACE
FDX20253900822,CUST932291,Coffey LLC,Mid,2025-12-25,3198,10705,8270,2026-01-09,15,12,2026-01-21,,IN_GRACE
FDX20259191918,CUST934692,Parker-Ross,Small,2026-01-13,7156,40690,20513,2026-01-23,10,7,2026-01-30,,ELIGIBLE
FDX20252599943,CUST871711,Murphy-Schwartz,Small,2026-01-13,34431,97032,49097,2026-01-23,10,7,2026-01-30,,ELIGIBLE
FDX20256039762,CUST277934,Osborne-Lester,Mid,2025-12-19,4084,11721,6459,2026-01-03,15,12,2026-01-15,2026-01-13,RESOLVED_IN_GRACE
FDX20251626991,CUST790855,"Palmer, Barr and Boyd",Mid,2025-12-30,57814,224571,204741,2026-01-14,15,12,2026-01-26,2026-01-15,RESOLVED_IN_GRACE
FDX20257401281,CUST188914,"Elliott, Fletcher and Young",Small,2025-12-26,12166,70920,46614,2026-01-05,10,7,2026-01-12,2026-01-10,RESOLVED_IN_GRACE
FDX20252316632,CUST397571,"Acevedo, Smith and Carter",Small,2026-01-03,4825,14363,14301,2026-01-13,10,7,2026-01-20,,ELIGIBLE
FDX20251938227,CUST640490,Lamb Group,Small,2025-12-26,26393,154773,80416,2026-01-05,10,7,2026-01-12,2026-01-08,RESOLVED_IN_GRACE
FDX20256610127,CUST796101,"Bradley, Taylor and Lane",Small,2026-01-07,54555,230880,95916,2026-01-17,10,7,2026-01-24,,IN_GRACE
FDX20256837300,CUST763686,Middleton Inc,Small,2025-12-26,13837,42260,40854,2026-01-05,10,7,2026-01-12,,ELIGIBLE
FDX20258286418,CUST749342,Jackson-Buckley,Small,2025-12-26,39004,125740,114464,2026-01-05,10,7,2026-01-12,2026-01-12,RESOLVED_IN_GRACE
FDX20257988074,CUST451470,Pena-Bray,Small,2026-01-09,40172,109893,107429,2026-01-19,10,7,2026-01-26,,ELIGIBLE
FDX20253022334,CUST197923,Webster and Sons,Small,2025-12-22,11597,33586,33574,2026-01-01,10,7,2026-01-08,,ELIGIBLE
FDX20254803691,CUST958179,Camacho-Carson,Mid,2026-01-03,15718,51890,36750,2026-01-18,15,12,2026-01-30,,ELIGIBLE
FDX20251191837,CUST887625,Ward Inc,Mid,2025-12-22,27226,141673,122523,2026-01-06,15,12,2026-01-18,,ELIGIBLE
FDX20257417066,CUST346277,Jones-Edwards,Small,2026-01-03,55019,320049,163492,2026-01-13,10,7,2026-01-20,2026-01-14,RESOLVED_IN_GRACE
FDX20251908116,CUST805477,Lawson Ltd,Small,2026-01-13,30484,96081,61089,2026-01-23,10,7,2026-01-30,2026-01-30,RESOLVED_IN_GRACE
FDX20256113416,CUST425498,"Hess, Hernandez and Dean",Mid,2025-12-12,29748,156425,82005,2025-12-27,15,12,2026-01-08,,ELIGIBLE
FDX20259797692,CUST335552,Romero-Jensen,Small,2025-12-30,33550,90931,53236,2026-01-09,10,7,2026-01-16,,ELIGIBLE
FDX20251690923,CUST945742,Chavez-Sullivan,Small,2026-01-05,48130,138466,111602,2026-01-15,10,7,2026-01-22,,ELIGIBLE
FDX20256357242,CUST308802,Sampson-Guzman,Small,2025-12-26,7075,18058,17809,2026-01-05,10,7,2026-01-12,2026-01-07,RESOLVED_IN_GRACE
FDX20253509536,CUST254511,Rosario-Moss,Large,2025-12-04,46771,260544,194406,2025-12-29,25,20,2026-01-18,,ELIGIBLE
FDX20256483324,CUST125611,Sweeney-King,Small,2026-01-01,7545,39125,11318,2026-01-11,10,7,2026-01-18,2026-01-16,RESOLVED_IN_GRACE
FDX20259428900,CUST148458,Rodriguez-Mcdonald,Small,2026-01-09,53482,259307,129651,2026-01-19,10,7,2026-01-26,,ELIGIBLE
FDX20254704361,CUST356736,"Davis, Simmons and Griffith",Mid,2025-12-20,3843,14867,4337,2026-01-04,15,12,2026-01-16,,ELIGIBLE
FDX20253570227,CUST598216,Matthews-Roth,Large,2025-12-13,8840,29937,15588,2026-01-07,25,20,2026-01-27,,ELIGIBLE
FDX20251847581,CUST740967,Nielsen LLC,Large,2025-12-08,52730,173476,55734,2026-01-02,25,20,2026-01-22,,ELIGIBLE
FDX20257591477,CUST991014,Reeves-Farley,Large,2025-12-01,51532,194107,122948,2025-12-26,25,20,2026-01-15,,ELIGIBLE
FDX20258476199,CUST905819,Rodriguez-Anthony,Large,2025-12-01,53864,203734,150301,2025-12-26,25,20,2026-01-15,,ELIGIBLE
FDX20259467953,CUST176365,Cook-Spencer,Mid,2025-12-16,29671,77822,61986,2025-12-31,15,12,2026-01-12,,ELIGIBLE
FDX20252511341,CUST577538,Williams-Hernandez,Small,2025-12-30,6520,24691,23534,2026-01-09,10,7,2026-01-16,2026-01-13,RESOLVED_IN_GRACE
FDX20254725978,CUST534572,Lutz-Freeman,Small,2025-12-30,51959,232353,142383,2026-01-09,10,7,2026-01-16,,ELIGIBLE
FDX20258246678,CUST760356,Cherry-Perry,Small,2026-01-07,5303,29507,20172,2026-01-17,10,7,2026-01-24,,ELIGIBLE
FDX20255861752,CUST703634,White Ltd,Mid,2025-12-17,24224,80679,47692,2026-01-01,15,12,2026-01-13,,IN_GRACE
FDX20257615632,CUST303880,"Campbell, Snyder and Parker",Mid,2025-12-30,47865,240046,87717,2026-01-14,15,12,2026-01-26,2026-01-18,RESOLVED_IN_GRACE
FDX20253483236,CUST853240,Schaefer-Howell,Large,2025-12-08,6431,28441,13278,2026-01-02,25,20,2026-01-22,2026-01-06,RESOLVED_IN_GRACE
FDX20253217764,CUST830180,"Khan, Olson and Mcdonald",Small,2025-12-27,27345,71782,40179,2026-01-06,10,7,2026-01-13,2026-01-12,RESOLVED_IN_GRACE
FDX20256639966,CUST502630,Maxwell-Anderson,Mid,2025-12-19,34101,169464,166176,2026-01-03,15,12,2026-01-15,,ELIGIBLE
FDX20252384877,CUST618392,Zavala-Fuentes,Mid,2025-12-19,49216,143180,61382,2026-01-03,15,12,2026-01-15,2026-01-14,RESOLVED_IN_GRACE
FDX20258983516,CUST519066,Griffin-Garcia,Small,2025-12-22,57387,319585,86154,2026-01-01,10,7,2026-01-08,2026-01-04,RESOLVED_IN_GRACE
FDX20251827302,CUST355836,Mckinney-Dyer,Mid,2025-12-24,51998,310881,249928,2026-01-08,15,12,2026-01-20,2026-01-16,RESOLVED_IN_GRACE
FDX20257697318,CUST254739,Warren-Jacobs,Small,2026-01-07,57001,150622,81637,2026-01-17,10,7,2026-01-24,,ELIGIBLE
FDX20255404991,CUST787926,Warner-Ferguson,Small,2025-12-30,51287,278512,211732,2026-01-09,10,7,2026-01-16,2026-01-13,RESOLVED_IN_GRACE
FDX20252427388,CUST821024,Richards-Harris,Small,2026-01-01,57842,346845,165726,2026-01-11,10,7,2026-01-18,,ELIGIBLE
FDX20257686174,CUST105814,"Bonilla, Baker and Gordon",Mid,2025-12-28,5460,27560,18532,2026-01-12,15,12,2026-01-24,,IN_GRACE
FDX20259419194,CUST887443,Finley Group,Mid,2025-12-26,58493,267252,64446,2026-01-10,15,12,2026-01-22,,ELIGIBLE
FDX20258289551,CUST907451,Cook-Lopez,Mid,2026-01-01,2395,11645,6997,2026-01-16,15,12,2026-01-28,2026-01-23,RESOLVED_IN_GRACE
FDX20253187332,CUST211764,Burns-Crawford,Small,2026-01-01,40637,205637,144764,2026-01-11,10,7,2026-01-18,,ELIGIBLE
FDX20253262755,CUST916232,Alexander-Shields,Large,2025-12-03,46485,274703,110858,2025-12-28,25,20,2026-01-17,,ELIGIBLE
FDX20259068540,CUST545798,Ryan-Rice,Mega,2025-12-01,57945,332481,129733,2026-01-05,35,30,2026-02-04,2026-01-30,RESOLVED_IN_GRACE
FDX20254323709,CUST329471,Strong and Sons,Mid,2025-12-22,17741,58651,47967,2026-01-06,15,12,2026-01-18,,ELIGIBLE
FDX20259184951,CUST284430,Mason-Leblanc,Mid,2025-12-19,5384,14419,13463,2026-01-03,15,12,2026-01-15,,ELIGIBLE
FDX20257632348,CUST943170,King-Johnson,Mega,2025-12-01,8584,45780,29442,2026-01-05,35,30,2026-02-04,2026-01-22,RESOLVED_IN_GRACE
FDX20254290000,CUST829716,Jennings-May,Mid,2025-12-21,55160,140233,58623,2026-01-05,15,12,2026-01-17,2026-01-15,RESOLVED_IN_GRACE
FDX20259795418,CUST643118,Vasquez-Perez,Mid,2025-12-30,33971,198520,51194,2026-01-14,15,12,2026-01-26,2026-01-19,RESOLVED_IN_GRACE
FDX20255131319,CUST587115,Black-Brown,Mid,2025-12-17,44489,123950,117815,2026-01-01,15,12,2026-01-13,,ELIGIBLE
FDX20255065372,CUST152657,Glenn-Perez,Mid,2025-12-22,29081,98641,61802,2026-01-06,15,12,2026-01-18,2026-01-09,RESOLVED_IN_GRACE
FDX20252201986,CUST684482,Park-Lucero,Small,2026-01-01,15669,58717,29791,2026-01-11,10,7,2026-01-18,,ELIGIBLE
FDX20255467052,CUST361303,Olsen-Woods,Mid,2025-12-12,56837,150119,110081,2025-12-27,15,12,2026-01-08,,ELIGIBLE
FDX20258215305,CUST989545,Dawson-Miller,Small,2026-01-13,23627,129127,125642,2026-01-23,10,7,2026-01-30,,ELIGIBLE
FDX20256425946,CUST227253,Bradford Ltd,Large,2025-12-06,33672,122604,71068,2025-12-31,25,20,2026-01-20,,ELIGIBLE
FDX20252503148,CUST578634,Bridges-Wilson,Small,2025-12-27,59282,330616,160311,2026-01-06,10,7,2026-01-13,,ELIGIBLE
FDX20252887937,CUST239816,Powell-Hunter,Mid,2025-12-20,42332,150682,74235,2026-01-04,15,12,2026-01-16,,IN_GRACE
FDX20257938755,CUST940346,Wu-Peterson,Small,2026-01-05,32178,124361,110792,2026-01-15,10,7,2026-01-22,,ELIGIBLE
FDX20258105832,CUST587213,Galloway Group,Mid,2025-12-14,49486,125079,114089,2025-12-29,15,12,2026-01-10,2026-01-01,RESOLVED_IN_GRACE
FDX20257128174,CUST800005,Blanchard Inc,Small,2026-01-05,10815,61417,32115,2026-01-15,10,7,2026-01-22,,IN_GRACE
FDX20256843636,CUST656932,Diaz and Sons,Small,2026-01-13,37003,202406,74063,2026-01-23,10,7,2026-01-30,2026-01-29,RESOLVED_IN_GRACE
FDX20254195887,CUST686075,Marshall Ltd,Small,2026-01-03,25999,137140,70257,2026-01-13,10,7,2026-01-20,2026-01-19,RESOLVED_IN_GRACE
FDX20256381096,CUST724377,Francis-Sherman,Small,2026-01-04,19479,95367,60945,2026-01-14,10,7,2026-01-21,,IN_GRACE
FDX20256780168,CUST432711,Williamson-Ross,Small,2025-12-26,58533,175841,86264,2026-01-05,10,7,2026-01-12,2026-01-10,RESOLVED_IN_GRACE
FDX20251406123,CUST891937,Hebert-Hughes,Small,2026-01-07,51916,159760,127427,2026-01-17,10,7,2026-01-24,,ELIGIBLE
FDX20256114011,CUST564071,"Atkinson, Hancock and Baker",Mid,2026-01-01,29079,75833,43154,2026-01-16,15,12,2026-01-28,2026-01-21,RESOLVED_IN_GRACE
FDX20253839632,CUST742412,Ryan-Hernandez,Mid,2025-12-12,35538,201820,78816,2025-12-27,15,12,2026-01-08,2025-12-31,RESOLVED_IN_GRACE
FDX20256867267,CUST954596,Reynolds-Walters,Small,2025-12-26,29573,138892,100700,2026-01-05,10,7,2026-01-12,2026-01-10,RESOLVED_IN_GRACE
FDX20258419054,CUST854213,Wilson-Tran,Small,2026-01-05,15012,73430,61571,2026-01-15,10,7,2026-01-22,2026-01-19,RESOLVED_IN_GRACE
FDX20253446428,CUST629298,Ochoa-Peterson,Mid,2025-12-24,14309,61749,51179,2026-01-08,15,12,2026-01-20,,ELIGIBLE
FDX20258389750,CUST547470,"Henry, Reeves and Goodwin",Mid,2025-12-19,56628,308006,107092,2026-01-03,15,12,2026-01-15,2026-01-06,RESOLVED_IN_GRACE
FDX20251752920,CUST970914,"Chang, Davis and Day",Small,2026-01-05,17262,78012,18375,2026-01-15,10,7,2026-01-22,,ELIGIBLE
FDX20254917305,CUST674485,Pace-Bishop,Small,2026-01-04,3632,13308,7488,2026-01-14,10,7,2026-01-21,,IN_GRACE
FDX20254350161,CUST567574,Pham-Allen,Mid,2026-01-01,28448,104587,85985,2026-01-16,15,12,2026-01-28,2026-01-22,RESOLVED_IN_GRACE
FDX20257271672,CUST266889,Irwin-Foster,Small,2025-12-27,35505,129551,89676,2026-01-06,10,7,2026-01-13,,IN_GRACE
FDX20253617098,CUST879779,Boone-Hoffman,Mid,2025-12-25,29096,108584,96894,2026-01-09,15,12,2026-01-21,,ELIGIBLE
FDX20252439727,CUST597732,Berger PLC,Mid,2026-01-03,29728,171058,155454,2026-01-18,15,12,2026-01-30,,ELIGIBLE
FDX20252885284,CUST571932,Hurley-Benson,Mid,2025-12-30,48142,190019,73901,2026-01-14,15,12,2026-01-26,2026-01-21,RESOLVED_IN_GRACE
FDX20251914996,CUST371782,Moore-Manning,Small,2026-01-03,16631,73761,66879,2026-01-13,10,7,2026-01-20,,ELIGIBLE
FDX20255077673,CUST888295,"Crawford, Oliver and Butler",Small,2025-12-27,7289,22490,7921,2026-01-06,10,7,2026-01-13,,ELIGIBLE
FDX20253477610,CUST359249,"Randolph, Torres and Hart",Mid,2025-12-30,27735,99219,41582,2026-01-14,15,12,2026-01-26,,IN_GRACE
FDX20255826554,CUST980660,King-Carrillo,Mid,2025-12-25,31474,122321,76720,2026-01-09,15,12,2026-01-21,,IN_GRACE
FDX20251230406,CUST768636,Waller-Orr,Small,2026-01-03,59844,193822,175781,2026-01-13,10,7,2026-01-20,,ELIGIBLE
FDX20256759137,CUST390782,Lloyd-Combs,Mid,2025-12-28,33008,134901,37899,2026-01-12,15,12,2026-01-24,,ELIGIBLE
FDX20252866934,CUST903013,"Mcmillan, Coleman and Williams",Small,2026-01-13,9484,40759,21226,2026-01-23,10,7,2026-01-30,,ELIGIBLE
FDX20256119031,CUST915451,Lambert-Owens,Small,2025-12-29,35145,127433,35783,2026-01-08,10,7,2026-01-15,,IN_GRACE
FDX20258550780,CUST646622,Davenport-Washington,Large,2025-12-13,35111,101334,49647,2026-01-07,25,20,2026-01-27,2026-01-16,RESOLVED_IN_GRACE
FDX20258905261,CUST608136,Patel-Carter,Small,2026-01-09,18084,97589,28500,2026-01-19,10,7,2026-01-26,,IN_GRACE
FDX20251381650,CUST757193,Wood-Shelton,Large,2025-12-01,25739,121941,49104,2025-12-26,25,20,2026-01-15,2026-01-13,RESOLVED_IN_GRACE
FDX20256567967,CUST350867,Gates-Williams,Small,2026-01-04,8888,45378,29309,2026-01-14,10,7,2026-01-21,2026-01-20,RESOLVED_IN_GRACE
FDX20254506598,CUST387936,Khan PLC,Mid,2026-01-01,15536,84914,65244,2026-01-16,15,12,2026-01-28,2026-01-18,RESOLVED_IN_GRACE
FDX20254554677,CUST561239,Wright-Carpenter,Small,2025-12-22,6263,29225,23925,2026-01-01,10,7,2026-01-08,2026-01-05,RESOLVED_IN_GRACE
FDX20254419219,CUST181247,Stout-Jones,Small,2025-12-31,9250,26466,19307,2026-01-10,10,7,2026-01-17,,IN_GRACE
FDX20259778944,CUST848206,Chavez-Wright,Small,2025-12-26,26843,71176,39835,2026-01-05,10,7,2026-01-12,,ELIGIBLE
FDX20255339561,CUST399607,Andrews-Flores,Mid,2025-12-12,59004,245827,78960,2025-12-27,15,12,2026-01-08,,ELIGIBLE
FDX20259103837,CUST345884,Moore-Sanchez,Mid,2025-12-17,7354,35306,27262,2026-01-01,15,12,2026-01-13,,ELIGIBLE
FDX20253371416,CUST384913,Flores-Fox,Small,2025-12-30,12404,57202,13854,2026-01-09,10,7,2026-01-16,2026-01-16,RESOLVED_IN_GRACE
FDX20251308508,CUST452161,Mills-Wagner,Small,2026-01-04,23313,103068,67849,2026-01-14,10,7,2026-01-21,2026-01-20,RESOLVED_IN_GRACE
FDX20257318411,CUST435239,Thompson-Wilson,Mega,2025-12-01,42826,177742,142200,2026-01-05,35,30,2026-02-04,,ELIGIBLE
FDX20259838222,CUST666390,Stone-Pena,Small,2026-01-03,24479,95040,47475,2026-01-13,10,7,2026-01-20,,ELIGIBLE
FDX20251729507,CUST184491,Mitchell-Adams,Mid,2025-12-25,50096,229635,181371,2026-01-09,15,12,2026-01-21,2026-01-13,RESOLVED_IN_GRACE
FDX20255285846,CUST245095,Fuller-Guerrero,Mid,2025-12-28,26388,132365,125093,2026-01-12,15,12,2026-01-24,,ELIGIBLE
FDX20253857489,CUST258157,Wells-Allen,Small,2025-12-29,18243,106221,48582,2026-01-08,10,7,2026-01-15,,IN_GRACE
FDX20252008479,CUST342495,Wright-Anderson,Mid,2026-01-03,34256,144894,45987,2026-01-18,15,12,2026-01-30,2026-01-23,RESOLVED_IN_GRACE
FDX20255764956,CUST501641,Newton-Thompson,Small,2026-01-07,54384,143117,80389,2026-01-17,10,7,2026-01-24,,IN_GRACE
FDX20254367121,CUST827659,"Benson, Chan and Salinas",Small,2025-12-30,20509,87014,61765,2026-01-09,10,7,2026-01-16,,ELIGIBLE
FDX20255551347,CUST260227,"Pacheco, Hobbs and Olsen",Small,2026-01-13,19903,94054,66325,2026-01-23,10,7,2026-01-30,,ELIGIBLE
FDX20251890622,CUST840734,Baker-Scott,Mid,2025-12-31,45708,221820,156854,2026-01-15,15,12,2026-01-27,2026-01-16,RESOLVED_IN_GRACE
FDX20258800748,CUST324345,Gonzalez-Gray,Mid,2025-12-26,2081,7093,2137,2026-01-10,15,12,2026-01-22,,ELIGIBLE
FDX20251139824,CUST167348,Mendoza-Smith,Mid,2025-12-31,57286,165820,69438,2026-01-15,15,12,2026-01-27,,IN_GRACE
FDX20252117325,CUST535020,Miller-Little,Small,2025-12-30,40885,210651,209582,2026-01-09,10,7,2026-01-16,2026-01-11,RESOLVED_IN_GRACE
FDX20257520383,CUST527398,Brown-Jones,Mid,2025-12-21,11473,61223,21292,2026-01-05,15,12,2026-01-17,,ELIGIBLE
FDX20255551832,CUST446954,Miller-Howell,Mid,2025-12-19,15953,74135,40621,2026-01-03,15,12,2026-01-15,2026-01-13,RESOLVED_IN_GRACE
FDX20257043474,CUST668969,Dorsey LLC,Small,2025-12-29,32405,116015,48881,2026-01-08,10,7,2026-01-15,2026-01-14,RESOLVED_IN_GRACE
FDX20252810117,CUST588557,"Sanders, Taylor and Young",Mid,2025-12-19,7987,41319,37151,2026-01-03,15,12,2026-01-15,2026-01-15,RESOLVED_IN_GRACE
FDX20251320081,CUST535970,Chapman-Lynch,Mega,2025-12-01,58666,201101,161053,2026-01-05,35,30,2026-02-04,2026-01-31,RESOLVED_IN_GRACE
FDX20255907261,CUST165290,Johns-Martin,Small,2026-01-04,36258,121021,106391,2026-01-14,10,7,2026-01-21,2026-01-17,RESOLVED_IN_GRACE
FDX20257484783,CUST316881,Allen-Bartlett,Mid,2025-12-21,44630,126085,120773,2026-01-05,15,12,2026-01-17,,ELIGIBLE
FDX20254878365,CUST973349,Vance-Chase,Small,2025-12-26,22788,116081,25602,2026-01-05,10,7,2026-01-12,2026-01-12,RESOLVED_IN_GRACE
FDX20257387106,CUST540552,Armstrong-Jones,Large,2025-12-01,39869,150443,73769,2025-12-26,25,20,2026-01-15,,ELIGIBLE
FDX20259531890,CUST508396,Rodriguez-Martinez,Small,2026-01-07,3425,20295,6211,2026-01-17,10,7,2026-01-24,2026-01-21,RESOLVED_IN_GRACE
FDX20252671072,CUST907189,Taylor-Bailey,Small,2025-12-31,46259,210205,54948,2026-01-10,10,7,2026-01-17,,IN_GRACE
FDX20256292472,CUST712451,Mendez-Wise,Small,2026-01-09,37125,107688,46251,2026-01-19,10,7,2026-01-26,2026-01-21,RESOLVED_IN_GRACE
FDX20259131281,CUST829308,Barr PLC,Small,2026-01-03,28491,162082,96549,2026-01-13,10,7,2026-01-20,2026-01-20,RESOLVED_IN_GRACE
FDX20259918107,CUST120480,Freeman-Chan,Small,2025-12-30,59931,347383,70029,2026-01-09,10,7,2026-01-16,,IN_GRACE
FDX20252476741,CUST998348,"Pittman, Thomas and Brown",Large,2025-12-10,17264,61188,51846,2026-01-04,25,20,2026-01-24,,IN_GRACE
FDX20254127564,CUST902784,Ramirez-Brown,Mid,2025-12-31,42680,172728,116338,2026-01-15,15,12,2026-01-27,2026-01-20,RESOLVED_IN_GRACE
FDX20254336572,CUST703655,Cruz-Ross,Mega,2025-12-01,13874,65739,44243,2026-01-05,35,30,2026-02-04,,ELIGIBLE
FDX20259399526,CUST498858,Rodriguez-Moore,Mega,2025-12-01,3723,9562,9383,2026-01-05,35,30,2026-02-04,2026-01-19,RESOLVED_IN_GRACE
FDX20258683734,CUST600149,Aguirre-Richard,Mid,2025-12-30,12819,63963,50201,2026-01-14,15,12,2026-01-26,2026-01-20,RESOLVED_IN_GRACE
FDX20251360516,CUST106182,Bradley-Rangel,Small,2025-12-27,48196,271590,136114,2026-01-06,10,7,2026-01-13,,ELIGIBLE
FDX20251666934,CUST468845,Pacheco-Avila,Small,2026-01-01,58927,333393,123998,2026-01-11,10,7,2026-01-18,2026-01-14,RESOLVED_IN_GRACE
FDX20255150551,CUST413118,Meyers-Berger,Large,2025-12-13,54669,184183,132514,2026-01-07,25,20,2026-01-27,,ELIGIBLE
FDX20259882115,CUST890075,Obrien-Jones,Small,2026-01-13,24791,95411,62157,2026-01-23,10,7,2026-01-30,,ELIGIBLE
FDX20256115834,CUST508930,Bray LLC,Mid,2025-12-14,41677,205693,153808,2025-12-29,15,12,2026-01-10,2026-01-08,RESOLVED_IN_GRACE
FDX20256596369,CUST994905,Taylor-Adams,Mid,2025-12-24,23081,96195,41193,2026-01-08,15,12,2026-01-20,,ELIGIBLE
FDX20259219709,CUST976325,Walker-Clark,Mid,2025-12-12,56242,162767,153481,2025-12-27,15,12,2026-01-08,2026-01-08,RESOLVED_IN_GRACE
FDX20257600153,CUST539375,Mitchell-Mccann,Mid,2026-01-03,32693,192169,125420,2026-01-18,15,12,2026-01-30,,ELIGIBLE
FDX20253634111,CUST664365,"Carson, Hall and Ortega",Mid,2025-12-17,56860,256214,91051,2026-01-01,15,12,2026-01-13,,ELIGIBLE
FDX20251308234,CUST883826,Miller-Valenzuela,Mid,2025-12-25,32606,126445,54698,2026-01-09,15,12,2026-01-21,,IN_GRACE
FDX20256818001,CUST870319,"Schultz, Meadows and Wood",Mid,2025-12-19,34300,86766,35085,2026-01-03,15,12,2026-01-15,2026-01-05,RESOLVED_IN_GRACE
FDX20256904121,CUST672661,Ford-Mullins,Mid,2025-12-21,28691,169046,46211,2026-01-05,15,12,2026-01-17,2026-01-16,RESOLVED_IN_GRACE
FDX20256962255,CUST938722,Hill-Williams,Small,2026-01-10,30783,103786,66290,2026-01-20,10,7,2026-01-27,,IN_GRACE
FDX20256072192,CUST732556,Cross Group,Small,2026-01-11,21556,114308,97572,2026-01-21,10,7,2026-01-28,2026-01-27,RESOLVED_IN_GRACE
FDX20254962858,CUST331251,Wells-Ramos,Mid,2025-12-14,52824,206657,136428,2025-12-29,15,12,2026-01-10,,ELIGIBLE
FDX20259409604,CUST611945,Collins-Payne,Small,2025-12-24,39843,147874,70544,2026-01-03,10,7,2026-01-10,,ELIGIBLE
FDX20255628469,CUST330080,Jones-Diaz,Large,2025-12-01,22015,70443,48838,2025-12-26,25,20,2026-01-15,,ELIGIBLE
FDX20252040350,CUST386193,Trujillo Inc,Small,2025-12-30,48135,176136,120329,2026-01-09,10,7,2026-01-16,2026-01-11,RESOLVED_IN_GRACE
FDX20255323142,CUST557007,Ray and Sons,Large,2025-12-01,55456,181187,110842,2025-12-26,25,20,2026-01-15,2026-01-04,RESOLVED_IN_GRACE
FDX20257495644,CUST609232,Morris-Vance,Small,2026-01-09,49490,258568,208359,2026-01-19,10,7,2026-01-26,2026-01-23,RESOLVED_IN_GRACE
FDX20251494355,CUST130434,Roth LLC,Small,2025-12-26,48583,145337,138610,2026-01-05,10,7,2026-01-12,,IN_GRACE
FDX20255700872,CUST507746,Rogers-Rodriguez,Large,2025-12-01,46294,127841,53243,2025-12-26,25,20,2026-01-15,,ELIGIBLE
FDX20254784649,CUST452457,Walter-Green,Mid,2025-12-17,7430,33155,7848,2026-01-01,15,12,2026-01-13,,ELIGIBLE
FDX20253545240,CUST801364,Dunn-Ibarra,Mid,2025-12-14,31982,152855,45540,2025-12-29,15,12,2026-01-10,2026-01-01,RESOLVED_IN_GRACE
FDX20256734220,CUST812131,Smith-Humphrey,Mid,2026-01-01,46266,190079,134828,2026-01-16,15,12,2026-01-28,,IN_GRACE
FDX20257590872,CUST936912,Bolton-Long,Small,2025-12-27,30891,130315,40707,2026-01-06,10,7,2026-01-13,,ELIGIBLE
FDX20253302852,CUST523956,Hamilton-Foster,Mid,2026-01-03,49843,187366,60578,2026-01-18,15,12,2026-01-30,,IN_GRACE
FDX20252472955,CUST859359,Fletcher-Murphy,Small,2026-01-10,57627,214998,206073,2026-01-20,10,7,2026-01-27,,ELIGIBLE
FDX20257412371,CUST273061,Jensen-Miller,Small,2026-01-09,21274,126511,58215,2026-01-19,10,7,2026-01-26,,ELIGIBLE
FDX20259736195,CUST981334,Mcintosh-Walls,Small,2026-01-11,7389,41371,26290,2026-01-21,10,7,2026-01-28,,ELIGIBLE
FDX20254815608,CUST590094,Lopez-Joseph,Small,2026-01-01,12885,73205,59128,2026-01-11,10,7,2026-01-18,,IN_GRACE
FDX20258001691,CUST233827,"Spence, Maldonado and Kent",Small,2026-01-03,59894,316746,282141,2026-01-13,10,7,2026-01-20,,ELIGIBLE
FDX20255032585,CUST752483,Middleton-Torres,Mid,2025-12-20,59797,213775,141947,2026-01-04,15,12,2026-01-16,2026-01-16,RESOLVED_IN_GRACE
FDX20253562705,CUST660069,Wu-Williams,Mid,2025-12-31,24477,80820,76065,2026-01-15,15,12,2026-01-27,,IN_GRACE
FDX20258154895,CUST128276,Smith-Barron,Small,2026-01-11,59630,291110,112581,2026-01-21,10,7,2026-01-28,,ELIGIBLE
FDX20256240913,CUST513160,Reid-Gutierrez,Mid,2025-12-19,43436,164496,106795,2026-01-03,15,12,2026-01-15,,IN_GRACE
FDX20256524481,CUST720644,Johnson-Murphy,Small,2025-12-22,12574,66488,65637,2026-01-01,10,7,2026-01-08,2026-01-05,RESOLVED_IN_GRACE
FDX20258535808,CUST691807,Smith-Gonzalez,Small,2026-01-13,48223,214719,154491,2026-01-23,10,7,2026-01-30,,IN_GRACE
FDX20253210769,CUST795205,Thomas-Patrick,Mid,2025-12-21,44651,240586,195063,2026-01-05,15,12,2026-01-17,,ELIGIBLE
FDX20254468811,CUST128418,"Walter, Chapman and Miles",Small,2026-01-03,37859,127334,124306,2026-01-13,10,7,2026-01-20,,ELIGIBLE
FDX20253324928,CUST188025,Stanley-Parker,Mid,2025-12-30,15139,41010,19678,2026-01-14,15,12,2026-01-26,2026-01-21,RESOLVED_IN_GRACE
FDX20254394202,CUST773971,Bernard-Eaton,Mid,2025-12-14,59516,234173,158700,2025-12-29,15,12,2026-01-10,,ELIGIBLE
FDX20253317095,CUST549433,Nichols-Wright,Mega,2025-12-01,19451,108441,81363,2026-01-05,35,30,2026-02-04,,ELIGIBLE
FDX20256184132,CUST242291,Mccall-Gonzalez,Small,2025-12-22,7782,46584,13207,2026-01-01,10,7,2026-01-08,,ELIGIBLE
FDX20259787997,CUST584125,Romero-Ayers,Mid,2025-12-19,23890,127574,97338,2026-01-03,15,12,2026-01-15,,ELIGIBLE
FDX20253269160,CUST290556,Moore-Orozco,Mid,2025-12-19,10012,29273,27204,2026-01-03,15,12,2026-01-15,2026-01-11,RESOLVED_IN_GRACE
FDX20258215281,CUST152727,Harrison-Mora,Small,2026-01-03,3958,20956,13054,2026-01-13,10,7,2026-01-20,,ELIGIBLE
FDX20253435253,CUST372793,Clay Inc,Mid,2025-12-22,6283,15773,14272,2026-01-06,15,12,2026-01-18,,ELIGIBLE
FDX20253651604,CUST497519,Potter-Johnson,Small,2026-01-10,49191,274196,80863,2026-01-20,10,7,2026-01-27,2026-01-21,RESOLVED_IN_GRACE
FDX20256326702,CUST443254,Golden-Harper,Large,2025-12-01,28797,87623,33782,2025-12-26,25,20,2026-01-15,2026-01-05,RESOLVED_IN_GRACE
FDX20252137730,CUST321941,Graham-Wallace,Small,2026-01-10,27801,103291,61169,2026-01-20,10,7,2026-01-27,,IN_GRACE
FDX20259941610,CUST576786,"Frey, Shelton and Cummings",Mid,2025-12-30,26523,151456,37234,2026-01-14,15,12,2026-01-26,,ELIGIBLE
FDX20252986209,CUST442722,Zimmerman-Daniels,Small,2026-01-05,8254,39723,36311,2026-01-15,10,7,2026-01-22,2026-01-20,RESOLVED_IN_GRACE
FDX20254089276,CUST453894,Cross-Ramsey,Small,2026-01-11,17301,47207,42147,2026-01-21,10,7,2026-01-28,,IN_GRACE
FDX20256328403,CUST898207,"Maxwell, Mejia and Curtis",Mid,2025-12-19,39285,218136,134506,2026-01-03,15,12,2026-01-15,2026-01-08,RESOLVED_IN_GRACE
FDX20253441467,CUST497542,"Bird, Wilkinson and Hampton",Small,2025-12-27,12802,51795,44880,2026-01-06,10,7,2026-01-13,,ELIGIBLE
FDX20251494648,CUST391773,"Bradshaw, Callahan and Edwards",Small,2026-01-11,15451,86577,83107,2026-01-21,10,7,2026-01-28,,IN_GRACE
FDX20256346688,CUST888539,Martinez-Bennett,Small,2025-12-26,37323,205763,125529,2026-01-05,10,7,2026-01-12,,IN_GRACE
FDX20257946441,CUST972335,Mays-Garcia,Small,2026-01-09,48059,168571,79670,2026-01-19,10,7,2026-01-26,,IN_GRACE
FDX20257899659,CUST542042,Simpson-Berry,Mid,2025-12-21,34074,179768,160650,2026-01-05,15,12,2026-01-17,2026-01-10,RESOLVED_IN_GRACE
FDX20256089336,CUST364525,Herrera-Flynn,Small,2026-01-04,38171,225339,158361,2026-01-14,10,7,2026-01-21,,ELIGIBLE
FDX20258432381,CUST975467,Davenport-Landry,Mid,2025-12-16,1810,4987,3730,2025-12-31,15,12,2026-01-12,,ELIGIBLE
FDX20255593537,CUST185884,Graves-Jones,Small,2026-01-05,38220,127269,121126,2026-01-15,10,7,2026-01-22,,IN_GRACE
FDX20253549416,CUST593152,Parks-Johnson,Small,2026-01-13,11135,50160,27011,2026-01-23,10,7,2026-01-30,,ELIGIBLE
FDX20254153002,CUST120324,"Reed, Barr and Hayden",Small,2026-01-10,12810,53935,19023,2026-01-20,10,7,2026-01-27,2026-01-22,RESOLVED_IN_GRACE
FDX20252791327,CUST885408,Swanson Inc,Small,2026-01-03,7171,42534,9189,2026-01-13,10,7,2026-01-20,,ELIGIBLE
FDX20253206973,CUST665621,Mendez-Ortiz,Mid,2026-01-03,37584,136800,136537,2026-01-18,15,12,2026-01-30,2026-01-21,RESOLVED_IN_GRACE
FDX20254099531,CUST154615,Joyce-Thompson,Large,2025-12-07,28119,133614,103059,2026-01-01,25,20,2026-01-21,2026-01-20,RESOLVED_IN_GRACE
FDX20251439533,CUST466960,Griffin Group,Large,2025-12-04,5458,27050,18757,2025-12-29,25,20,2026-01-18,2026-01-12,RESOLVED_IN_GRACE
FDX20255477211,CUST335113,Hamilton-Odom,Large,2025-12-04,49211,128146,68662,2025-12-29,25,20,2026-01-18,,ELIGIBLE
FDX20254874049,CUST781725,Luna and Sons,Large,2025-12-02,36964,148820,84226,2025-12-27,25,20,2026-01-16,,ELIGIBLE
FDX20254895376,CUST171951,Scott-Mitchell,Small,2026-01-07,48615,174822,120614,2026-01-17,10,7,2026-01-24,,ELIGIBLE
FDX20254874066,CUST919182,Weaver Ltd,Mid,2025-12-22,15590,93300,90444,2026-01-06,15,12,2026-01-18,,ELIGIBLE
FDX20251437625,CUST783414,Gamble Ltd,Small,2026-01-13,43874,204320,164296,2026-01-23,10,7,2026-01-30,,ELIGIBLE
FDX20257027405,CUST142213,Larson-Jensen,Mid,2025-12-21,5640,27530,15714,2026-01-05,15,12,2026-01-17,,ELIGIBLE
FDX20252333376,CUST890870,Mahoney-Atkins,Mid,2025-12-17,27878,157334,97294,2026-01-01,15,12,2026-01-13,,ELIGIBLE
FDX20258996058,CUST132537,Cohen-Ellis,Small,2026-01-11,10255,32742,10293,2026-01-21,10,7,2026-01-28,2026-01-28,RESOLVED_IN_GRACE
FDX20253249600,CUST359295,Tucker-Cross,Mid,2025-12-25,2409,9117,8003,2026-01-09,15,12,2026-01-21,,ELIGIBLE
FDX20259427608,CUST309044,Dougherty-Tran,Small,2026-01-09,50325,249645,52848,2026-01-19,10,7,2026-01-26,,ELIGIBLE
FDX20258864546,CUST979995,Valdez-Miller,Small,2025-12-29,56023,295699,276952,2026-01-08,10,7,2026-01-15,,ELIGIBLE
FDX20257273997,CUST121369,Allen-Cook,Mid,2025-12-17,2887,14540,3651,2026-01-01,15,12,2026-01-13,,ELIGIBLE
FDX20254086613,CUST751517,Camacho-Harris,Mega,2025-12-01,54632,201058,182405,2026-01-05,35,30,2026-02-04,,IN_GRACE
FDX20257500504,CUST259784,Hughes-Walters,Large,2025-12-02,35590,190780,51520,2025-12-27,25,20,2026-01-16,,ELIGIBLE
FDX20259245088,CUST350132,Lang Ltd,Mid,2025-12-16,36085,172985,170333,2025-12-31,15,12,2026-01-12,2026-01-12,RESOLVED_IN_GRACE
FDX20258949832,CUST232352,Faulkner-Ramirez,Mid,2025-12-14,28822,165587,142761,2025-12-29,15,12,2026-01-10,2026-01-08,RESOLVED_IN_GRACE
FDX20253307080,CUST596564,"Phelps, Wang and Reid",Mid,2025-12-16,16232,51342,18629,2025-12-31,15,12,2026-01-12,2026-01-08,RESOLVED_IN_GRACE
FDX20253747879,CUST801978,Sanchez-Gonzalez,Mega,2025-12-01,53964,320062,72378,2026-01-05,35,30,2026-02-04,,ELIGIBLE
FDX20254242361,CUST219946,Grant Group,Mid,2025-12-14,38897,232206,100390,2025-12-29,15,12,2026-01-10,2026-01-03,RESOLVED_IN_GRACE
FDX20254796232,CUST691364,Henry-Holmes,Small,2025-12-29,34569,121984,112408,2026-01-08,10,7,2026-01-15,2026-01-10,RESOLVED_IN_GRACE
FDX20251540722,CUST328552,Guzman-Bryant,Large,2025-12-12,45565,227995,174463,2026-01-06,25,20,2026-01-26,,IN_GRACE
FDX20257854988,CUST587623,Bradley-Davis,Small,2025-12-30,48852,201944,190626,2026-01-09,10,7,2026-01-16,,ELIGIBLE
FDX20251251897,CUST833442,Elliott-Martin,Large,2025-12-01,30352,129536,120020,2025-12-26,25,20,2026-01-15,,ELIGIBLE
FDX20255527477,CUST368690,Howard-Flowers,Large,2025-12-01,13034,72934,39893,2025-12-26,25,20,2026-01-15,,IN_GRACE
FDX20257929728,CUST904150,Neal Group,Mid,2025-12-30,24281,68470,55395,2026-01-14,15,12,2026-01-26,2026-01-19,RESOLVED_IN_GRACE
FDX20254733840,CUST486814,Wagner-Bauer,Small,2025-12-29,45618,184567,134829,2026-01-08,10,7,2026-01-15,,ELIGIBLE
FDX20254402982,CUST275939,Garcia-Murphy,Small,2025-12-29,27384,109965,85270,2026-01-08,10,7,2026-01-15,,ELIGIBLE
FDX20254431982,CUST735324,Ramsey-Mercer,Large,2025-12-10,10231,53565,41091,2026-01-04,25,20,2026-01-24,,ELIGIBLE
FDX20252109583,CUST736745,Noble Inc,Mid,2025-12-16,27397,115736,63596,2025-12-31,15,12,2026-01-12,,ELIGIBLE
FDX20253970879,CUST884256,Lynch-Moore,Small,2026-01-07,7385,43805,40797,2026-01-17,10,7,2026-01-24,,ELIGIBLE
FDX20258369982,CUST853252,Gallegos-Hamilton,Mid,2025-12-25,11996,62898,18743,2026-01-09,15,12,2026-01-21,2026-01-17,RESOLVED_IN_GRACE
FDX20259219877,CUST220096,Stewart-Diaz,Small,2026-01-05,39902,170913,105229,2026-01-15,10,7,2026-01-22,2026-01-19,RESOLVED_IN_GRACE
FDX20256450844,CUST915573,Davis-Adams,Large,2025-12-12,39340,190106,40255,2026-01-06,25,20,2026-01-26,,ELIGIBLE
FDX20258676330,CUST959099,"Anthony, Torres and Gibson",Mid,2025-12-24,57802,155084,83207,2026-01-08,15,12,2026-01-20,,ELIGIBLE
FDX20255140345,CUST271720,Keith PLC,Mid,2025-12-28,21641,97859,38991,2026-01-12,15,12,2026-01-24,2026-01-15,RESOLVED_IN_GRACE
FDX20258173194,CUST426147,Doyle-Caldwell,Mid,2025-12-30,5498,19836,12665,2026-01-14,15,12,2026-01-26,,IN_GRACE
FDX20257792537,CUST213349,Mason-Waller,Mid,2025-12-17,13267,59198,53339,2026-01-01,15,12,2026-01-13,,ELIGIBLE
FDX20251701728,CUST706794,Mcintyre-Serrano,Small,2026-01-11,16295,44560,23396,2026-01-21,10,7,2026-01-28,,ELIGIBLE
FDX20257381619,CUST126925,Perez-Harrison,Mid,2025-12-14,9692,49719,26448,2025-12-29,15,12,2026-01-10,,IN_GRACE
FDX20256249548,CUST427110,"Haynes, Rodriguez and Sanchez",Small,2026-01-07,24130,82847,48458,2026-01-17,10,7,2026-01-24,,ELIGIBLE
FDX20257612751,CUST703766,Morris-Sullivan,Small,2026-01-11,30552,105567,62208,2026-01-21,10,7,2026-01-28,2026-01-22,RESOLVED_IN_GRACE
FDX20259995261,CUST810250,Mcconnell Ltd,Small,2026-01-03,41594,112637,102076,2026-01-13,10,7,2026-01-20,2026-01-20,RESOLVED_IN_GRACE
FDX20259811906,CUST493537,Pena-Jones,Small,2025-12-30,52308,198379,62589,2026-01-09,10,7,2026-01-16,,IN_GRACE
FDX20251646123,CUST515922,Cox Inc,Small,2025-12-29,49501,223654,109033,2026-01-08,10,7,2026-01-15,2026-01-11,RESOLVED_IN_GRACE
FDX20259735042,CUST849747,Long-Berger,Mid,2025-12-21,7171,32105,24044,2026-01-05,15,12,2026-01-17,2026-01-11,RESOLVED_IN_GRACE
FDX20252834023,CUST307963,Everett-Collins,Small,2025-12-31,11110,37506,20015,2026-01-10,10,7,2026-01-17,,ELIGIBLE
FDX20258576751,CUST179688,Harris-Lewis,Mid,2025-12-12,31973,132323,129573,2025-12-27,15,12,2026-01-08,,ELIGIBLE
FDX20258665517,CUST720859,Everett-Pearson,Mid,2025-12-26,32867,130414,48880,2026-01-10,15,12,2026-01-22,,ELIGIBLE
FDX20251711620,CUST824161,Gross PLC,Mid,2025-12-30,9701,46704,46268,2026-01-14,15,12,2026-01-26,,ELIGIBLE
FDX20255122525,CUST970917,Owens-Robbins,Small,2025-12-29,14614,68135,64425,2026-01-08,10,7,2026-01-15,2026-01-14,RESOLVED_IN_GRACE
FDX20259702386,CUST757711,Anthony and Sons,Mid,2025-12-20,39167,104398,43220,2026-01-04,15,12,2026-01-16,,ELIGIBLE
FDX20257637254,CUST354646,Roberson-Allen,Small,2026-01-10,48693,215621,103727,2026-01-20,10,7,2026-01-27,,ELIGIBLE
FDX20251658532,CUST206851,Hoffman-Baker,Small,2025-12-22,27677,164000,134682,2026-01-01,10,7,2026-01-08,,ELIGIBLE
FDX20257499457,CUST831059,Patterson-Benson,Small,2025-12-26,40853,156884,66297,2026-01-05,10,7,2026-01-12,,ELIGIBLE
FDX20259659168,CUST910004,Murphy-Williams,Small,2026-01-09,10413,58312,38886,2026-01-19,10,7,2026-01-26,,IN_GRACE
FDX20251827040,CUST416232,Chapman-Gonzalez,Small,2026-01-10,16609,55749,33508,2026-01-20,10,7,2026-01-27,,IN_GRACE
FDX20254185160,CUST991597,Oconnell-Schroeder,Small,2025-12-29,9988,34764,27446,2026-01-08,10,7,2026-01-15,,IN_GRACE
FDX20255885179,CUST817497,Gordon Group,Mid,2025-12-12,24762,114366,45647,2025-12-27,15,12,2026-01-08,2026-01-05,RESOLVED_IN_GRACE
FDX20258374490,CUST729577,Wilson-Gonzales,Small,2025-12-26,16630,72072,25792,2026-01-05,10,7,2026-01-12,2026-01-12,RESOLVED_IN_GRACE
FDX20257678001,CUST944657,Estrada-Brock,Large,2025-12-01,56084,197649,186446,2025-12-26,25,20,2026-01-15,,IN_GRACE
FDX20256109570,CUST226935,Mcconnell-King,Mid,2025-12-30,45682,160529,70092,2026-01-14,15,12,2026-01-26,,ELIGIBLE
FDX20255796850,CUST934904,Perez-Jones,Mid,2026-01-01,23586,134951,50835,2026-01-16,15,12,2026-01-28,2026-01-18,RESOLVED_IN_GRACE
FDX20258740121,CUST693423,Bridges LLC,Small,2025-12-30,3816,13358,7574,2026-01-09,10,7,2026-01-16,,ELIGIBLE
FDX20253793181,CUST920652,Eaton-Allen,Mid,2025-12-14,48519,244907,240762,2025-12-29,15,12,2026-01-10,2026-01-10,RESOLVED_IN_GRACE
FDX20258087739,CUST143064,Lopez-Baker,Mid,2025-12-24,48317,134739,49222,2026-01-08,15,12,2026-01-20,,ELIGIBLE
FDX20255939543,CUST464069,Braun-Wilson,Small,2026-01-04,37100,183573,118939,2026-01-14,10,7,2026-01-21,,ELIGIBLE
FDX20251915141,CUST658623,Rasmussen-Johnson,Mid,2025-12-22,10843,40713,19067,2026-01-06,15,12,2026-01-18,,ELIGIBLE
FDX20259673311,CUST549186,Ayers-Olson,Mid,2025-12-26,3730,12674,11033,2026-01-10,15,12,2026-01-22,,IN_GRACE
FDX20253386384,CUST793655,Rojas and Sons,Small,2025-12-22,2230,7763,3848,2026-01-01,10,7,2026-01-08,,ELIGIBLE
FDX20258777564,CUST488571,"Wallace, Tucker and Mitchell",Large,2025-12-16,14023,50341,26910,2026-01-10,25,20,2026-01-30,,ELIGIBLE
FDX20258578236,CUST172306,Johnson-Glass,Small,2025-12-27,46247,148067,129118,2026-01-06,10,7,2026-01-13,,IN_GRACE
FDX20252517344,CUST630538,Rush-Gutierrez,Mid,2025-12-24,42574,247312,177483,2026-01-08,15,12,2026-01-20,2026-01-12,RESOLVED_IN_GRACE
FDX20259399643,CUST778998,Howard-Obrien,Large,2025-12-01,36455,127959,84576,2025-12-26,25,20,2026-01-15,,ELIGIBLE
FDX20252898704,CUST457806,Berg-Jones,Small,2026-01-03,27624,152240,128030,2026-01-13,10,7,2026-01-20,,ELIGIBLE
FDX20254016063,CUST113266,Kaiser LLC,Small,2025-12-30,6906,21455,12805,2026-01-09,10,7,2026-01-16,,ELIGIBLE
FDX20253270069,CUST990844,Taylor-Jones,Large,2025-12-10,43814,237163,187318,2026-01-04,25,20,2026-01-24,,IN_GRACE
FDX20257594565,CUST540463,Bailey-Obrien,Mid,2025-12-14,42521,109615,77829,2025-12-29,15,12,2026-01-10,,ELIGIBLE
FDX20257938373,CUST962276,Barnes-Montgomery,Small,2025-12-31,31957,108612,89614,2026-01-10,10,7,2026-01-17,2026-01-11,RESOLVED_IN_GRACE
FDX20256426773,CUST614013,"Duffy, Russell and Walker",Small,2025-12-29,40326,238116,226674,2026-01-08,10,7,2026-01-15,,IN_GRACE
FDX20258564609,CUST210665,Franklin-Woods,Small,2025-12-31,43555,206321,73353,2026-01-10,10,7,2026-01-17,2026-01-14,RESOLVED_IN_GRACE
FDX20251417955,CUST554582,Williams-Mullen,Mid,2025-12-28,29088,147610,115428,2026-01-12,15,12,2026-01-24,,ELIGIBLE
FDX20254001084,CUST479781,Johnson-Steele,Large,2025-12-13,26773,137757,28943,2026-01-07,25,20,2026-01-27,,ELIGIBLE
FDX20258611499,CUST766459,Hughes-Robinson,Mid,2025-12-21,44265,211892,121805,2026-01-05,15,12,2026-01-17,2026-01-11,RESOLVED_IN_GRACE
FDX20254387856,CUST968962,Knight-Ellis,Small,2026-01-05,56822,327134,243752,2026-01-15,10,7,2026-01-22,,IN_GRACE
FDX20258628318,CUST582071,Carter-Robinson,Large,2025-12-08,21630,93717,40514,2026-01-02,25,20,2026-01-22,,ELIGIBLE
FDX20252512963,CUST841666,Garcia-Medina,Mega,2025-12-01,7782,31502,23820,2026-01-05,35,30,2026-02-04,2026-01-27,RESOLVED_IN_GRACE
FDX20255195684,CUST260422,Banks and Sons,Mid,2025-12-12,47160,259295,254660,2025-12-27,15,12,2026-01-08,2025-12-31,RESOLVED_IN_GRACE
FDX20256437072,CUST556641,Perez-Velazquez,Mid,2025-12-24,31880,161059,119530,2026-01-08,15,12,2026-01-20,2026-01-11,RESOLVED_IN_GRACE
FDX20253751363,CUST284692,"Fowler, Perez and Medina",Mid,2025-12-16,30013,112959,33960,2025-12-31,15,12,2026-01-12,,ELIGIBLE
FDX20253072728,CUST869440,Blackburn-Martinez,Mid,2025-12-26,22681,83736,69427,2026-01-10,15,12,2026-01-22,,ELIGIBLE
FDX20252529935,CUST647091,Singleton Inc,Small,2025-12-31,11033,57093,24023,2026-01-10,10,7,2026-01-17,2026-01-16,RESOLVED_IN_GRACE
FDX20252915369,CUST782054,Price-Rivas,Large,2025-12-01,40987,214841,177929,2025-12-26,25,20,2026-01-15,,IN_GRACE
FDX20258539654,CUST383201,Williams-Richardson,Mid,2025-12-21,36189,138006,117026,2026-01-05,15,12,2026-01-17,,ELIGIBLE
FDX20257089179,CUST745830,Thornton-Owen,Large,2025-12-01,14881,54442,23583,2025-12-26,25,20,2026-01-15,,ELIGIBLE
FDX20252431206,CUST947458,Chan-Stewart,Small,2026-01-11,35983,162845,63951,2026-01-21,10,7,2026-01-28,,IN_GRACE
FDX20259788196,CUST664315,Cross-Berger,Small,2026-01-05,43158,257884,53123,2026-01-15,10,7,2026-01-22,,ELIGIBLE
FDX20257443916,CUST912270,Martin-Lynn,Small,2025-12-22,15980,79483,45917,2026-01-01,10,7,2026-01-08,2026-01-06,RESOLVED_IN_GRACE
FDX20259584338,CUST606983,Brown-Davis,Mid,2025-12-14,41292,226109,218747,2025-12-29,15,12,2026-01-10,,ELIGIBLE
FDX20253682671,CUST587455,"Suarez, Powell and Martinez",Small,2025-12-29,45548,249629,102614,2026-01-08,10,7,2026-01-15,,ELIGIBLE
FDX20257353173,CUST556732,"Jefferson, Hunt and Valencia",Small,2026-01-10,45915,170158,56440,2026-01-20,10,7,2026-01-27,2026-01-26,RESOLVED_IN_GRACE
FDX20257385526,CUST965845,Parker-Daniel,Small,2025-12-22,25898,67740,41497,2026-01-01,10,7,2026-01-08,,ELIGIBLE
FDX20251736621,CUST866536,Robles-Park,Small,2025-12-30,12312,36979,31771,2026-01-09,10,7,2026-01-16,,IN_GRACE
FDX20253866974,CUST721254,Crosby Group,Mid,2025-12-19,34910,136313,134205,2026-01-03,15,12,2026-01-15,2026-01-13,RESOLVED_IN_GRACE
FDX20256623607,CUST381433,Morgan-Cruz,Mid,2025-12-28,55519,315532,165778,2026-01-12,15,12,2026-01-24,2026-01-18,RESOLVED_IN_GRACE
FDX20253518087,CUST437960,Cherry-Parrish,Small,2026-01-13,53789,229579,74943,2026-01-23,10,7,2026-01-30,,IN_GRACE
FDX20253719990,CUST993085,"Ibarra, Lewis and Weaver",Small,2026-01-13,46125,123137,62871,2026-01-23,10,7,2026-01-30,,IN_GRACE
FDX20253426109,CUST357420,Giles-Rhodes,Small,2026-01-07,23233,59613,49193,2026-01-17,10,7,2026-01-24,,ELIGIBLE
FDX20254000886,CUST971084,Burns-Gutierrez,Mid,2025-12-21,30067,132104,126593,2026-01-05,15,12,2026-01-17,,ELIGIBLE
FDX20251860847,CUST190872,Russell-Rogers,Mid,2025-12-12,44055,247502,150167,2025-12-27,15,12,2026-01-08,,ELIGIBLE
FDX20258039412,CUST392477,Chavez-Porter,Small,2026-01-04,43305,117915,96162,2026-01-14,10,7,2026-01-21,,ELIGIBLE
FDX20256168426,CUST572700,Braun-Morrison,Mid,2025-12-26,43851,229621,102349,2026-01-10,15,12,2026-01-22,2026-01-15,RESOLVED_IN_GRACE
FDX20256192855,CUST355709,Ortiz Group,Large,2025-12-10,33888,139449,95627,2026-01-04,25,20,2026-01-24,2026-01-07,RESOLVED_IN_GRACE
FDX20258486970,CUST886931,Williams-Hawkins,Mid,2025-12-26,58570,224502,207531,2026-01-10,15,12,2026-01-22,,IN_GRACE
FDX20255844933,CUST587282,"Sparks, Herrera and Jones",Large,2025-12-13,39314,210629,103962,2026-01-07,25,20,2026-01-27,2026-01-12,RESOLVED_IN_GRACE
FDX20254031576,CUST697530,Lewis-Petersen,Mid,2026-01-01,38168,189365,61505,2026-01-16,15,12,2026-01-28,2026-01-28,RESOLVED_IN_GRACE
FDX20252972228,CUST739979,Dawson PLC,Small,2026-01-04,1563,5800,4306,2026-01-14,10,7,2026-01-21,2026-01-16,RESOLVED_IN_GRACE
FDX20253207395,CUST800646,Higgins-Ryan,Small,2026-01-07,21843,73826,52625,2026-01-17,10,7,2026-01-24,,ELIGIBLE
FDX20254403286,CUST497399,Allison-Turner,Mid,2026-01-03,26477,88329,36484,2026-01-18,15,12,2026-01-30,,ELIGIBLE
FDX20251059272,CUST452737,Higgins and Sons,Mega,2025-12-01,8260,31307,19809,2026-01-05,35,30,2026-02-04,2026-01-24,RESOLVED_IN_GRACE
FDX20255246497,CUST130094,Smith-Castaneda,Mid,2025-12-31,51266,233138,114708,2026-01-15,15,12,2026-01-27,,IN_GRACE
FDX20251204812,CUST618317,Lee-Scott,Small,2025-12-26,45868,230476,123189,2026-01-05,10,7,2026-01-12,,ELIGIBLE
FDX20258694746,CUST992288,Roberts-Shannon,Mega,2025-12-01,14993,75018,59338,2026-01-05,35,30,2026-02-04,,ELIGIBLE
FDX20259348805,CUST440802,Newman-Shaw,Large,2025-12-10,28673,101547,62380,2026-01-04,25,20,2026-01-24,2026-01-24,RESOLVED_IN_GRACE
FDX20259365828,CUST290672,"Boyer, Johnson and Watts",Mid,2025-12-19,23573,137113,61456,2026-01-03,15,12,2026-01-15,,IN_GRACE
FDX20251096478,CUST611233,Craig-Taylor,Small,2026-01-05,1973,6579,6530,2026-01-15,10,7,2026-01-22,2026-01-20,RESOLVED_IN_GRACE
FDX20259278999,CUST322423,Oneill LLC,Mid,2025-12-19,24297,102735,61783,2026-01-03,15,12,2026-01-15,,ELIGIBLE
FDX20254990936,CUST472060,Miranda LLC,Small,2026-01-05,28681,119188,85760,2026-01-15,10,7,2026-01-22,,ELIGIBLE
FDX20254638539,CUST936587,Smith-Krueger,Mid,2025-12-21,52532,305006,223690,2026-01-05,15,12,2026-01-17,2026-01-11,RESOLVED_IN_GRACE
FDX20258981122,CUST370902,Ballard-Carr,Small,2025-12-30,14501,41133,29899,2026-01-09,10,7,2026-01-16,,IN_GRACE
FDX20258612468,CUST456871,Banks-Knight,Mid,2026-01-03,5314,30112,21389,2026-01-18,15,12,2026-01-30,2026-01-22,RESOLVED_IN_GRACE
FDX20257881198,CUST393243,Hall-Rice,Small,2026-01-13,3552,9757,4777,2026-01-23,10,7,2026-01-30,,ELIGIBLE
FDX20258413438,CUST725113,Rivers and Sons,Large,2025-12-12,49887,148582,51944,2026-01-06,25,20,2026-01-26,2026-01-11,RESOLVED_IN_GRACE
FDX20252332193,CUST835244,Leonard Group,Large,2025-12-14,49754,247000,103237,2026-01-08,25,20,2026-01-28,2026-01-21,RESOLVED_IN_GRACE
FDX20251110277,CUST389688,Watkins-Harmon,Small,2025-12-26,45506,212342,103557,2026-01-05,10,7,2026-01-12,2026-01-11,RESOLVED_IN_GRACE
FDX20255105605,CUST682789,Curtis-Smith,Mid,2025-12-12,50187,169440,96183,2025-12-27,15,12,2026-01-08,2026-01-08,RESOLVED_IN_GRACE
FDX20255665960,CUST110644,"Butler, Ellis and Beck",Small,2026-01-10,27093,153821,131259,2026-01-20,10,7,2026-01-27,2026-01-24,RESOLVED_IN_GRACE
FDX20254483580,CUST641722,Welch-Hale,Mega,2025-12-01,14927,84490,39291,2026-01-05,35,30,2026-02-04,2026-01-11,RESOLVED_IN_GRACE
FDX20251820721,CUST300337,Valentine-Church,Small,2026-01-03,49322,176914,86688,2026-01-13,10,7,2026-01-20,,IN_GRACE
FDX20254101100,CUST189771,Bell-Simmons,Small,2025-12-29,34595,145733,69709,2026-01-08,10,7,2026-01-15,,ELIGIBLE
FDX20253487325,CUST353080,Brown-Ramirez,Mid,2025-12-12,38480,152253,116912,2025-12-27,15,12,2026-01-08,,IN_GRACE
FDX20251923819,CUST855053,Watkins-Garner,Mid,2025-12-21,5780,28411,27653,2026-01-05,15,12,2026-01-17,2026-01-12,RESOLVED_IN_GRACE
FDX20256855581,CUST526170,"Watts, Davis and Torres",Large,2025-12-14,1833,5368,4209,2026-01-08,25,20,2026-01-28,,ELIGIBLE
FDX20251616077,CUST612311,Boyer-Chavez,Large,2025-12-08,9616,26227,9956,2026-01-02,25,20,2026-01-22,2026-01-12,RESOLVED_IN_GRACE
FDX20253438977,CUST682144,Nelson-Watson,Small,2025-12-30,37460,206579,141355,2026-01-09,10,7,2026-01-16,2026-01-15,RESOLVED_IN_GRACE
FDX20251544120,CUST894993,Stevenson-Murphy,Small,2026-01-09,49161,128906,107142,2026-01-19,10,7,2026-01-26,2026-01-21,RESOLVED_IN_GRACE
FDX20256007018,CUST351997,"Moss, Gomez and Smith",Small,2026-01-11,57786,339994,138658,2026-01-21,10,7,2026-01-28,2026-01-25,RESOLVED_IN_GRACE
FDX20256555122,CUST824156,Marsh PLC,Small,2026-01-03,21786,94337,80411,2026-01-13,10,7,2026-01-20,2026-01-20,RESOLVED_IN_GRACE
FDX20252471406,CUST599219,Murphy-Hunt,Mid,2025-12-16,51883,275883,201572,2025-12-31,15,12,2026-01-12,,ELIGIBLE
FDX20251822609,CUST777278,Gray-Rich,Small,2025-12-27,42653,158458,129746,2026-01-06,10,7,2026-01-13,2026-01-10,RESOLVED_IN_GRACE
FDX20252826831,CUST846420,Beasley-Rivas,Small,2026-01-11,35191,134822,115674,2026-01-21,10,7,2026-01-28,,ELIGIBLE
FDX20257995376,CUST614663,Yates-Perez,Large,2025-12-08,25293,145820,61913,2026-01-02,25,20,2026-01-22,,ELIGIBLE
FDX20253990511,CUST569945,Gibson-Mitchell,Small,2026-01-07,7487,34587,21601,2026-01-17,10,7,2026-01-24,,ELIGIBLE
FDX20253706755,CUST931450,"Cochran, Mckinney and Montgomery",Mid,2025-12-14,53598,149272,134385,2025-12-29,15,12,2026-01-10,,ELIGIBLE
FDX20255771113,CUST118080,Mckenzie LLC,Small,2026-01-05,45467,119751,71396,2026-01-15,10,7,2026-01-22,,ELIGIBLE
FDX20253976601,CUST197573,Lewis-Wang,Small,2026-01-09,33982,97633,94174,2026-01-19,10,7,2026-01-26,,ELIGIBLE
FDX20258639301,CUST408528,Velez-Garcia,Small,2025-12-24,28686,110071,76625,2026-01-03,10,7,2026-01-10,2026-01-09,RESOLVED_IN_GRACE
FDX20257042962,CUST332360,Duncan-Conley,Small,2026-01-04,38149,123537,40046,2026-01-14,10,7,2026-01-21,2026-01-17,RESOLVED_IN_GRACE
FDX20251601296,CUST524045,Snow Ltd,Small,2025-12-24,24442,125440,56806,2026-01-03,10,7,2026-01-10,,ELIGIBLE
FDX20252562399,CUST825391,Rose-Mendoza,Mid,2025-12-17,48408,192296,158106,2026-01-01,15,12,2026-01-13,,IN_GRACE
FDX20256021328,CUST355123,Sherman-Holloway,Mid,2025-12-28,30029,150392,139525,2026-01-12,15,12,2026-01-24,2026-01-17,RESOLVED_IN_GRACE
FDX20256416051,CUST421080,Allen-Austin,Small,2025-12-31,18207,105427,82924,2026-01-10,10,7,2026-01-17,2026-01-17,RESOLVED_IN_GRACE
FDX20257183568,CUST796212,Hernandez-Warren,Small,2026-01-10,15485,83844,46130,2026-01-20,10,7,2026-01-27,2026-01-25,RESOLVED_IN_GRACE
FDX20257357547,CUST709805,Evans-Grant,Small,2025-12-31,30367,176595,174310,2026-01-10,10,7,2026-01-17,,ELIGIBLE
FDX20252135258,CUST486945,Smith-Ibarra,Large,2025-12-01,59314,163216,156857,2025-12-26,25,20,2026-01-15,2026-01-06,RESOLVED_IN_GRACE
FDX20258169304,CUST596249,"Sherman, Johnson and Chapman",Mid,2026-01-03,10070,58019,47595,2026-01-18,15,12,2026-01-30,2026-01-19,RESOLVED_IN_GRACE
FDX20252089275,CUST680358,Moses-Mcdowell,Small,2026-01-13,44700,198717,146671,2026-01-23,10,7,2026-01-30,,IN_GRACE
FDX20255912917,CUST656711,Hernandez-Harris,Mid,2025-12-12,30122,120494,41640,2025-12-27,15,12,2026-01-08,,IN_GRACE
FDX20258898995,CUST460455,Wright-Cordova,Mid,2025-12-19,37749,144541,95748,2026-01-03,15,12,2026-01-15,,ELIGIBLE
FDX20253257303,CUST546173,Kent-Vazquez,Mid,2026-01-01,37041,197308,116455,2026-01-16,15,12,2026-01-28,,ELIGIBLE
FDX20253047210,CUST882169,Simpson-Shaw,Mid,2025-12-20,50006,242812,166015,2026-01-04,15,12,2026-01-16,,ELIGIBLE
FDX20255603979,CUST677124,Krueger-Murphy,Mega,2025-12-01,7435,38032,24758,2026-01-05,35,30,2026-02-04,,ELIGIBLE
FDX20256523202,CUST446859,Robertson-Jackson,Small,2026-01-05,50891,268718,182607,2026-01-15,10,7,2026-01-22,,ELIGIBLE
FDX20259842477,CUST468900,Lopez Ltd,Small,2026-01-10,16992,71647,34912,2026-01-20,10,7,2026-01-27,2026-01-22,RESOLVED_IN_GRACE
FDX20257941705,CUST836996,Bryan-Johnson,Small,2025-12-24,54930,206537,147928,2026-01-03,10,7,2026-01-10,,IN_GRACE
FDX20259802102,CUST575786,Jones-Hebert,Mid,2025-12-20,4344,20792,17558,2026-01-04,15,12,2026-01-16,,ELIGIBLE
FDX20254520621,CUST384076,"Dickerson, Shields and Adams",Small,2026-01-04,34799,128797,115928,2026-01-14,10,7,2026-01-21,2026-01-16,RESOLVED_IN_GRACE
FDX20254507293,CUST421517,Mitchell-Williams,Small,2025-12-31,34488,91538,60379,2026-01-10,10,7,2026-01-17,,ELIGIBLE
FDX20251976175,CUST363615,"Horn, Mills and Wood",Small,2026-01-10,11837,50784,15622,2026-01-20,10,7,2026-01-27,,ELIGIBLE
FDX20252833787,CUST341736,Collins-Wood,Mid,2026-01-01,11317,44003,12794,2026-01-16,15,12,2026-01-28,2026-01-25,RESOLVED_IN_GRACE
FDX20259874251,CUST226516,Mayer-Miller,Small,2026-01-01,57898,294337,226961,2026-01-11,10,7,2026-01-18,,ELIGIBLE
FDX20252470854,CUST856321,Gill-Long,Mid,2025-12-28,40277,202910,113787,2026-01-12,15,12,2026-01-24,,ELIGIBLE
FDX20259114518,CUST301939,Mcpherson Group,Small,2026-01-09,27274,147910,111131,2026-01-19,10,7,2026-01-26,2026-01-21,RESOLVED_IN_GRACE
FDX20255818203,CUST430876,Brown-Sandoval,Mid,2025-12-16,18881,76338,38421,2025-12-31,15,12,2026-01-12,2026-01-04,RESOLVED_IN_GRACE
FDX20258164770,CUST225362,Thomas-Stone,Mid,2025-12-22,24983,95373,94240,2026-01-06,15,12,2026-01-18,,ELIGIBLE
FDX20256309796,CUST878967,Gaines-Graham,Mid,2025-12-21,28087,148187,71337,2026-01-05,15,12,2026-01-17,,IN_GRACE
FDX20255356372,CUST661894,Anderson-Mack,Small,2026-01-05,13087,40063,19203,2026-01-15,10,7,2026-01-22,2026-01-22,RESOLVED_IN_GRACE
FDX20259814602,CUST899213,Flores-Glover,Mid,2025-12-19,8192,42959,31501,2026-01-03,15,12,2026-01-15,2026-01-10,RESOLVED_IN_GRACE
FDX20256936673,CUST823688,Henderson-Vasquez,Small,2026-01-10,3609,12874,11873,2026-01-20,10,7,2026-01-27,2026-01-24,RESOLVED_IN_GRACE
FDX20253176225,CUST294143,Davis-Hunt,Small,2026-01-01,5661,14319,14198,2026-01-11,10,7,2026-01-18,,ELIGIBLE
FDX20259328158,CUST300845,"Parker, Richardson and Phillips",Large,2025-12-01,37276,99089,51010,2025-12-26,25,20,2026-01-15,,ELIGIBLE
FDX20259719216,CUST326895,Torres-Tucker,Mid,2026-01-03,23134,98512,78132,2026-01-18,15,12,2026-01-30,,ELIGIBLE
FDX20259350710,CUST874483,Phillips-Arias,Small,2026-01-09,42256,181855,142332,2026-01-19,10,7,2026-01-26,2026-01-23,RESOLVED_IN_GRACE
FDX20259262853,CUST607719,Brooks-Ellis,Small,2026-01-01,1545,6316,2025,2026-01-11,10,7,2026-01-18,,ELIGIBLE
FDX20254018342,CUST389930,Chang-Obrien,Mid,2025-12-24,15389,69728,41758,2026-01-08,15,12,2026-01-20,,ELIGIBLE
FDX20254904421,CUST859782,Salas-Beck,Mid,2025-12-17,18510,75195,36611,2026-01-01,15,12,2026-01-13,,IN_GRACE
FDX20255873580,CUST718226,"Lin, Collins and Lyons",Small,2025-12-27,31617,135443,127909,2026-01-06,10,7,2026-01-13,2026-01-11,RESOLVED_IN_GRACE
FDX20254247321,CUST897135,Sanders-Rodriguez,Large,2025-12-01,9529,29190,23489,2025-12-26,25,20,2026-01-15,,ELIGIBLE
FDX20251026523,CUST650121,Sheppard-Williams,Small,2025-12-26,6812,23133,9718,2026-01-05,10,7,2026-01-12,,ELIGIBLE
FDX20252983186,CUST725780,Winters-Buchanan,Mid,2025-12-21,9088,49343,31241,2026-01-05,15,12,2026-01-17,,ELIGIBLE
FDX20251402431,CUST396745,Stein Ltd,Large,2025-12-08,4401,23364,12191,2026-01-02,25,20,2026-01-22,,IN_GRACE
FDX20258799486,CUST205409,Lyons-Chandler,Small,2025-12-29,49146,273480,263094,2026-01-08,10,7,2026-01-15,,IN_GRACE
FDX20252978465,CUST973074,Rivera-Clark,Small,2025-12-29,46102,221439,128155,2026-01-08,10,7,2026-01-15,,IN_GRACE
FDX20254478434,CUST303547,Hudson-Farmer,Small,2026-01-10,24512,133533,127882,2026-01-20,10,7,2026-01-27,,ELIGIBLE
FDX20257956372,CUST410636,Mcfarland Inc,Small,2025-12-31,28289,163804,160071,2026-01-10,10,7,2026-01-17,,IN_GRACE
FDX20257946457,CUST338533,Knight-Smith,Small,2025-12-29,48093,138616,131779,2026-01-08,10,7,2026-01-15,,IN_GRACE
FDX20251763232,CUST478411,"Villegas, Campbell and Reeves",Mid,2025-12-17,38398,107637,43956,2026-01-01,15,12,2026-01-13,,IN_GRACE
FDX20256600104,CUST288158,Kidd-Arias,Small,2026-01-09,53131,212177,85275,2026-01-19,10,7,2026-01-26,2026-01-22,RESOLVED_IN_GRACE
FDX20256866154,CUST416950,Flores-Freeman,Mid,2025-12-16,35653,168060,93746,2025-12-31,15,12,2026-01-12,,IN_GRACE
FDX20254562439,CUST114835,"Mullins, Moore and Young",Large,2025-12-01,15580,53150,40012,2025-12-26,25,20,2026-01-15,,ELIGIBLE
FDX20251189536,CUST842411,Lin-Estes,Small,2025-12-27,10086,52476,36372,2026-01-06,10,7,2026-01-13,,ELIGIBLE
FDX20254375360,CUST660081,Dean Inc,Mid,2025-12-12,1583,4779,2498,2025-12-27,15,12,2026-01-08,2026-01-05,RESOLVED_IN_GRACE
FDX20255724912,CUST232731,"Yu, Taylor and Scott",Small,2026-01-11,22064,96533,22106,2026-01-21,10,7,2026-01-28,2026-01-28,RESOLVED_IN_GRACE
FDX20255268417,CUST387636,"Fritz, Garcia and Stephens",Small,2026-01-13,58031,151869,79965,2026-01-23,10,7,2026-01-30,,ELIGIBLE
FDX20252138100,CUST147726,Morgan-Randall,Small,2026-01-01,39912,188577,166244,2026-01-11,10,7,2026-01-18,2026-01-13,RESOLVED_IN_GRACE
FDX20256163566,CUST157174,Mills Inc,Small,2026-01-03,53261,269115,56291,2026-01-13,10,7,2026-01-20,,IN_GRACE
FDX20256037929,CUST680238,Crawford-Porter,Small,2026-01-03,8442,49808,10484,2026-01-13,10,7,2026-01-20,2026-01-14,RESOLVED_IN_GRACE
FDX20259500841,CUST406327,"Marks, Dunn and Patel",Mid,2025-12-26,13582,53242,36769,2026-01-10,15,12,2026-01-22,,ELIGIBLE
FDX20256434540,CUST831295,Waters Group,Small,2026-01-11,57608,266099,82426,2026-01-21,10,7,2026-01-28,2026-01-26,RESOLVED_IN_GRACE
FDX20251102865,CUST232413,Rivera LLC,Mid,2026-01-03,7571,31207,25886,2026-01-18,15,12,2026-01-30,2026-01-19,RESOLVED_IN_GRACE
FDX20252909863,CUST768854,Hendricks-Martin,Small,2025-12-30,26716,152520,132677,2026-01-09,10,7,2026-01-16,,ELIGIBLE
FDX20256591559,CUST889359,Schwartz-Bailey,Mid,2025-12-14,7438,38181,17111,2025-12-29,15,12,2026-01-10,2026-01-08,RESOLVED_IN_GRACE
FDX20256727097,CUST614723,Alexander-Harper,Small,2026-01-10,38737,127233,63600,2026-01-20,10,7,2026-01-27,,ELIGIBLE
FDX20257644605,CUST207570,"Fernandez, Dixon and Jordan",Mid,2025-12-17,27791,151458,130605,2026-01-01,15,12,2026-01-13,2026-01-13,RESOLVED_IN_GRACE
FDX20251488508,CUST112861,Humphrey Ltd,Small,2026-01-07,25989,69714,49335,2026-01-17,10,7,2026-01-24,,ELIGIBLE
FDX20253946567,CUST701949,"Kane, Hopkins and Mack",Small,2026-01-10,23522,74640,61243,2026-01-20,10,7,2026-01-27,,IN_GRACE
FDX20254255041,CUST398151,Bird-Griffith,Large,2025-12-14,7718,41309,22307,2026-01-08,25,20,2026-01-28,,ELIGIBLE
FDX20256545118,CUST592198,Simpson-Patterson,Large,2025-12-01,56112,291376,164058,2025-12-26,25,20,2026-01-15,,ELIGIBLE
FDX20256669639,CUST601968,Young-Montes,Small,2026-01-01,36381,148364,47061,2026-01-11,10,7,2026-01-18,2026-01-16,RESOLVED_IN_GRACE
FDX20259038102,CUST561865,Pratt-Bailey,Small,2026-01-10,29883,178903,158977,2026-01-20,10,7,2026-01-27,,ELIGIBLE
FDX20258960796,CUST457256,Hernandez-Daugherty,Mid,2025-12-19,6533,32159,6788,2026-01-03,15,12,2026-01-15,,ELIGIBLE
FDX20251596568,CUST293319,Sims-Bond,Large,2025-12-04,36644,93113,78718,2025-12-29,25,20,2026-01-18,,ELIGIBLE
FDX20253277572,CUST153872,Moore-Herrera,Small,2026-01-01,21894,74081,61048,2026-01-11,10,7,2026-01-18,,ELIGIBLE
FDX20259078154,CUST364742,Olson-Thomas,Small,2025-12-24,57250,196604,99962,2026-01-03,10,7,2026-01-10,,ELIGIBLE
FDX20253606949,CUST600935,Shelton-Flynn,Mid,2025-12-22,50731,273234,238265,2026-01-06,15,12,2026-01-18,2026-01-12,RESOLVED_IN_GRACE
FDX20258727886,CUST219629,Mitchell-Flowers,Mid,2025-12-22,2631,14611,14132,2026-01-06,15,12,2026-01-18,2026-01-08,RESOLVED_IN_GRACE
FDX20256622207,CUST962050,Barber-Alvarado,Small,2026-01-03,40832,212852,62781,2026-01-13,10,7,2026-01-20,,ELIGIBLE
FDX20258758960,CUST168517,Tyler-Kennedy,Large,2025-12-01,11572,67661,25990,2025-12-26,25,20,2026-01-15,2026-01-02,RESOLVED_IN_GRACE
FDX20257944979,CUST520172,Mccarthy-Scott,Small,2025-12-24,54766,173745,64494,2026-01-03,10,7,2026-01-10,,IN_GRACE
FDX20251939897,CUST615633,"Schroeder, Yoder and Stevens",Small,2025-12-26,51465,179704,88092,2026-01-05,10,7,2026-01-12,,IN_GRACE
FDX20259742158,CUST177680,Yang Inc,Mid,2025-12-16,39280,190740,82060,2025-12-31,15,12,2026-01-12,2026-01-03,RESOLVED_IN_GRACE
FDX20256022154,CUST705050,Fernandez PLC,Small,2026-01-10,4258,19861,18537,2026-01-20,10,7,2026-01-27,,ELIGIBLE
FDX20256293259,CUST760021,Aguilar-Ramirez,Small,2025-12-26,57835,346875,196869,2026-01-05,10,7,2026-01-12,,ELIGIBLE
FDX20259990666,CUST819796,Ward-Dean,Small,2025-12-22,4209,21429,5918,2026-01-01,10,7,2026-01-08,2026-01-08,RESOLVED_IN_GRACE
FDX20251314043,CUST156213,Vega PLC,Large,2025-12-16,15472,70006,59788,2026-01-10,25,20,2026-01-30,2026-01-13,RESOLVED_IN_GRACE
FDX20254494064,CUST259097,Navarro PLC,Small,2026-01-05,32379,145962,79986,2026-01-15,10,7,2026-01-22,,IN_GRACE
FDX20256565326,CUST256445,Bates-Williams,Mid,2025-12-30,35719,162129,81431,2026-01-14,15,12,2026-01-26,2026-01-21,RESOLVED_IN_GRACE
FDX20256932348,CUST950544,"Solomon, Rodriguez and Jordan",Small,2026-01-11,11625,58485,28329,2026-01-21,10,7,2026-01-28,2026-01-26,RESOLVED_IN_GRACE
FDX20252110870,CUST690180,"Malone, Perkins and Mcconnell",Large,2025-12-03,1952,8063,5224,2025-12-28,25,20,2026-01-17,,IN_GRACE
FDX20253504920,CUST418594,Barton-Ramirez,Small,2025-12-22,8461,23389,19774,2026-01-01,10,7,2026-01-08,,ELIGIBLE
FDX20255705338,CUST189318,Baker-Jones,Small,2026-01-09,13382,60620,21987,2026-01-19,10,7,2026-01-26,,IN_GRACE
FDX20251522998,CUST360247,Griffin-Sullivan,Small,2026-01-11,48739,130451,78826,2026-01-21,10,7,2026-01-28,,ELIGIBLE
FDX20256690033,CUST224205,Moody-Murphy,Mid,2025-12-21,5402,26229,24797,2026-01-05,15,12,2026-01-17,2026-01-11,RESOLVED_IN_GRACE
FDX20257295495,CUST685181,Patton Group,Mid,2025-12-31,6312,29848,16732,2026-01-15,15,12,2026-01-27,2026-01-23,RESOLVED_IN_GRACE
FDX20259963616,CUST901577,"Dudley, Warner and Gomez",Mid,2026-01-03,45656,138598,67678,2026-01-18,15,12,2026-01-30,,ELIGIBLE
FDX20253784505,CUST536390,Lynch-Clark,Mid,2025-12-14,8719,25659,22862,2025-12-29,15,12,2026-01-10,,IN_GRACE
FDX20257535837,CUST735770,"Pham, Weaver and Hopkins",Small,2026-01-11,4650,25247,6729,2026-01-21,10,7,2026-01-28,2026-01-26,RESOLVED_IN_GRACE
FDX20254143696,CUST725084,Alvarez-Johnson,Small,2025-12-26,6865,21141,17796,2026-01-05,10,7,2026-01-12,,ELIGIBLE
FDX20252960327,CUST929151,Garza-Wong,Small,2026-01-04,49332,157870,136910,2026-01-14,10,7,2026-01-21,,ELIGIBLE
FDX20256172103,CUST748458,Collier-Jones,Small,2026-01-09,48060,180448,106164,2026-01-19,10,7,2026-01-26,2026-01-21,RESOLVED_IN_GRACE
FDX20256276424,CUST336650,Cain PLC,Mid,2025-12-19,5385,19429,10702,2026-01-03,15,12,2026-01-15,,IN_GRACE
FDX20251530633,CUST913373,Chapman-Rodriguez,Large,2025-12-02,24907,138775,122626,2025-12-27,25,20,2026-01-16,2026-01-13,RESOLVED_IN_GRACE
FDX20255554970,CUST647957,Richards-Adkins,Mid,2025-12-17,51896,259585,204151,2026-01-01,15,12,2026-01-13,2026-01-13,RESOLVED_IN_GRACE
FDX20257943579,CUST498855,Robinson-Walters,Mega,2025-12-01,10390,29878,24453,2026-01-05,35,30,2026-02-04,,ELIGIBLE
FDX20252456225,CUST572398,Daniels-Marshall,Large,2025-12-06,53144,172350,82132,2025-12-31,25,20,2026-01-20,2026-01-04,RESOLVED_IN_GRACE
FDX20259339189,CUST564226,Reed-Ruiz,Mid,2025-12-22,53320,207877,142670,2026-01-06,15,12,2026-01-18,,IN_GRACE
FDX20254986975,CUST411797,Sutton LLC,Small,2026-01-09,40823,214903,186305,2026-01-19,10,7,2026-01-26,,IN_GRACE
FDX20257234137,CUST717113,Barnett-Anderson,Mega,2025-12-01,44629,243927,228421,2026-01-05,35,30,2026-02-04,,ELIGIBLE
FDX20258581730,CUST549660,Bauer-Montes,Mid,2025-12-28,41169,130566,43811,2026-01-12,15,12,2026-01-24,,ELIGIBLE
FDX20256077267,CUST420214,Owens-Evans,Small,2026-01-09,59268,300915,243789,2026-01-19,10,7,2026-01-26,,IN_GRACE
FDX20254626225,CUST696251,Jennings PLC,Mega,2025-12-01,26856,150143,40977,2026-01-05,35,30,2026-02-04,,ELIGIBLE
FDX20259809723,CUST751194,Glass-Daugherty,Mid,2025-12-31,38902,203308,182444,2026-01-15,15,12,2026-01-27,,ELIGIBLE
FDX20256072059,CUST163156,Cabrera Ltd,Small,2025-12-22,4672,27521,14115,2026-01-01,10,7,2026-01-08,,ELIGIBLE
FDX20253936226,CUST739244,Barker-Henderson,Small,2025-12-24,25047,66659,47576,2026-01-03,10,7,2026-01-10,,ELIGIBLE
FDX20252882928,CUST876039,Stewart-Yates,Small,2025-12-29,12200,36336,14333,2026-01-08,10,7,2026-01-15,,IN_GRACE
FDX20257278297,CUST204053,Martin-Hayes,Mid,2025-12-24,10739,30055,17854,2026-01-08,15,12,2026-01-20,2026-01-15,RESOLVED_IN_GRACE
FDX20251627384,CUST899787,Huerta-Becker,Small,2025-12-27,1885,8962,2888,2026-01-06,10,7,2026-01-13,2026-01-10,RESOLVED_IN_GRACE
FDX20254390648,CUST317881,Vaughn-Swanson,Small,2025-12-31,53012,204379,80070,2026-01-10,10,7,2026-01-17,,IN_GRACE
FDX20252553639,CUST755900,Guerrero-Merritt,Small,2026-01-01,46656,262601,248160,2026-01-11,10,7,2026-01-18,,IN_GRACE
FDX20258445293,CUST321275,"Rosario, Boyer and Velasquez",Large,2025-12-01,2373,10079,4462,2025-12-26,25,20,2026-01-15,,ELIGIBLE
FDX20259489182,CUST377501,Sims-Gonzales,Small,2026-01-04,50465,232872,61606,2026-01-14,10,7,2026-01-21,2026-01-19,RESOLVED_IN_GRACE
FDX20251418336,CUST792509,"Holland, Simmons and Beard",Mega,2025-12-01,47471,138436,138145,2026-01-05,35,30,2026-02-04,,IN_GRACE
FDX20259097744,CUST185131,Sanders-Martinez,Mid,2025-12-21,41554,234842,68346,2026-01-05,15,12,2026-01-17,,ELIGIBLE
FDX20259389519,CUST264686,Silva-Perez,Large,2025-12-01,18320,48299,44679,2025-12-26,25,20,2026-01-15,,ELIGIBLE
FDX20253584996,CUST351516,"Gardner, Cooper and Berg",Large,2025-12-01,52252,275283,272657,2025-12-26,25,20,2026-01-15,,ELIGIBLE
FDX20254191222,CUST282256,Cole-Bryan,Mid,2026-01-01,16972,60332,44815,2026-01-16,15,12,2026-01-28,2026-01-26,RESOLVED_IN_GRACE
FDX20256706197,CUST678805,Brown-Brown,Mid,2026-01-03,22843,91659,59607,2026-01-18,15,12,2026-01-30,2026-01-28,RESOLVED_IN_GRACE
FDX20259111313,CUST178711,Lambert-Johnson,Mid,2025-12-14,58862,239533,66683,2025-12-29,15,12,2026-01-10,,IN_GRACE
FDX20259785019,CUST264136,Bender LLC,Small,2026-01-11,55254,244025,58283,2026-01-21,10,7,2026-01-28,,ELIGIBLE
FDX20256206955,CUST102805,Wang-Reid,Small,2025-12-31,40207,187658,171672,2026-01-10,10,7,2026-01-17,2026-01-11,RESOLVED_IN_GRACE
FDX20256491819,CUST528361,Stokes-Smith,Mid,2025-12-14,28629,88834,74000,2025-12-29,15,12,2026-01-10,,IN_GRACE
FDX20253404091,CUST572387,Lamb-Moore,Mid,2025-12-21,31432,112957,76059,2026-01-05,15,12,2026-01-17,,ELIGIBLE
FDX20252648387,CUST822858,Lee-Cox,Mid,2025-12-17,27607,125666,105479,2026-01-01,15,12,2026-01-13,,ELIGIBLE
FDX20259659503,CUST722656,Graves-Howe,Large,2025-12-07,38036,152876,127722,2026-01-01,25,20,2026-01-21,2026-01-21,RESOLVED_IN_GRACE
FDX20253226624,CUST592738,"Banks, Bailey and Smith",Mid,2025-12-26,43290,251455,134617,2026-01-10,15,12,2026-01-22,2026-01-20,RESOLVED_IN_GRACE
FDX20254442468,CUST405407,Donovan-Wyatt,Small,2025-12-29,44351,121525,108197,2026-01-08,10,7,2026-01-15,,IN_GRACE
FDX20251613249,CUST134225,Cardenas-Freeman,Mid,2026-01-01,18401,55285,36369,2026-01-16,15,12,2026-01-28,2026-01-18,RESOLVED_IN_GRACE
FDX20258706923,CUST342720,Joseph Group,Large,2025-12-02,21491,72480,65082,2025-12-27,25,20,2026-01-16,,ELIGIBLE
FDX20257502651,CUST402099,Reilly-Graham,Mid,2025-12-31,42044,109324,80101,2026-01-15,15,12,2026-01-27,,ELIGIBLE
FDX20259763492,CUST841296,"Quinn, Parsons and Flores",Mid,2026-01-01,42151,199509,161243,2026-01-16,15,12,2026-01-28,2026-01-27,RESOLVED_IN_GRACE
FDX20252943405,CUST396451,Holmes-Barrera,Mega,2025-12-01,30536,132842,54016,2026-01-05,35,30,2026-02-04,2026-01-16,RESOLVED_IN_GRACE
FDX20251068952,CUST837135,Adams-Williamson,Small,2025-12-22,57072,192627,132478,2026-01-01,10,7,2026-01-08,,ELIGIBLE
FDX20256217400,CUST576086,Gutierrez-Campbell,Mid,2025-12-26,31262,131401,129926,2026-01-10,15,12,2026-01-22,,ELIGIBLE
FDX20251738700,CUST174637,Taylor-Jacobson,Mid,2025-12-22,27094,147009,38310,2026-01-06,15,12,2026-01-18,,ELIGIBLE
FDX20252460891,CUST820775,Morrison-Sanders,Small,2025-12-24,59049,305057,270447,2026-01-03,10,7,2026-01-10,2026-01-06,RESOLVED_IN_GRACE
FDX20256591674,CUST344762,Walters-Miller,Small,2026-01-03,14295,38679,17431,2026-01-13,10,7,2026-01-20,,IN_GRACE
FDX20258832877,CUST377405,Webster-Lewis,Small,2026-01-07,27107,105213,92036,2026-01-17,10,7,2026-01-24,,ELIGIBLE
FDX20251774096,CUST926097,Garrison-Jackson,Small,2025-12-27,10608,60889,51896,2026-01-06,10,7,2026-01-13,2026-01-10,RESOLVED_IN_GRACE
FDX20252729778,CUST929683,Knight-Griffin,Small,2025-12-29,9591,54740,28825,2026-01-08,10,7,2026-01-15,,IN_GRACE
FDX20259733844,CUST755420,Barnes-Woods,Mega,2025-12-01,45559,212286,181546,2026-01-05,35,30,2026-02-04,2026-01-16,RESOLVED_IN_GRACE
FDX20256242557,CUST718439,Dickerson-Barker,Small,2026-01-09,39671,102931,48502,2026-01-19,10,7,2026-01-26,,ELIGIBLE
FDX20251377156,CUST793300,Henderson-Brown,Mid,2025-12-12,52769,311852,154328,2025-12-27,15,12,2026-01-08,,ELIGIBLE
FDX20256236888,CUST942956,Ramirez-Robinson,Large,2025-12-10,9985,54190,35418,2026-01-04,25,20,2026-01-24,,ELIGIBLE
FDX20254520626,CUST307428,Herrera-Johnson,Small,2026-01-04,7057,21605,19485,2026-01-14,10,7,2026-01-21,,ELIGIBLE
FDX20256383479,CUST545790,"Hart, Briggs and Terrell",Mid,2025-12-21,27074,118402,45044,2026-01-05,15,12,2026-01-17,,ELIGIBLE
FDX20254364763,CUST220351,Smith-Contreras,Small,2025-12-29,51879,271292,156479,2026-01-08,10,7,2026-01-15,2026-01-12,RESOLVED_IN_GRACE
FDX20254230379,CUST671015,Kim-Brown,Large,2025-12-02,2016,11331,5123,2025-12-27,25,20,2026-01-16,,ELIGIBLE
FDX20255807802,CUST335729,Lopez-Briggs,Mid,2025-12-30,21714,122716,38422,2026-01-14,15,12,2026-01-26,2026-01-19,RESOLVED_IN_GRACE
FDX20255641409,CUST779094,Moses-Erickson,Large,2025-12-01,54447,240980,198204,2025-12-26,25,20,2026-01-15,,IN_GRACE
FDX20259930106,CUST256226,Clark-Davis,Small,2025-12-26,40460,209432,167106,2026-01-05,10,7,2026-01-12,,ELIGIBLE
FDX20256354444,CUST378535,Lopez-Potter,Mega,2025-12-01,44128,122371,60503,2026-01-05,35,30,2026-02-04,,ELIGIBLE
FDX20258400692,CUST966785,Grant-Ryan,Small,2026-01-13,27441,117043,77048,2026-01-23,10,7,2026-01-30,,IN_GRACE
FDX20252973853,CUST249145,Clarke and Sons,Mid,2025-12-16,11815,62150,60705,2025-12-31,15,12,2026-01-12,2026-01-08,RESOLVED_IN_GRACE
FDX20255574378,CUST174878,Peck and Sons,Mega,2025-12-01,55339,317605,210188,2026-01-05,35,30,2026-02-04,,ELIGIBLE
FDX20253505186,CUST162535,Aguirre PLC,Mega,2025-12-01,4436,13680,5466,2026-01-05,35,30,2026-02-04,2026-02-03,RESOLVED_IN_GRACE
FDX20253642344,CUST273982,Brennan and Sons,Large,2025-12-01,25350,128549,42669,2025-12-26,25,20,2026-01-15,,ELIGIBLE
FDX20255590865,CUST931131,Francis-Greene,Small,2025-12-27,15018,43229,38506,2026-01-06,10,7,2026-01-13,,ELIGIBLE
FDX20252920326,CUST422554,Moon-Garcia,Mid,2025-12-21,11167,49038,20863,2026-01-05,15,12,2026-01-17,2026-01-10,RESOLVED_IN_GRACE
FDX20251255965,CUST723948,Roy Ltd,Small,2025-12-31,13251,46435,35546,2026-01-10,10,7,2026-01-17,2026-01-12,RESOLVED_IN_GRACE
FDX20259624506,CUST885339,Watts-Potter,Small,2026-01-13,23885,110866,28321,2026-01-23,10,7,2026-01-30,2026-01-24,RESOLVED_IN_GRACE
FDX20252717572,CUST964278,Welch-Bates,Small,2025-12-24,35644,131187,104126,2026-01-03,10,7,2026-01-10,,ELIGIBLE
FDX20254465793,CUST696856,Chavez-Mckinney,Small,2026-01-10,56398,303341,137374,2026-01-20,10,7,2026-01-27,2026-01-25,RESOLVED_IN_GRACE
FDX20256877363,CUST402630,"Patel, Lewis and Robinson",Small,2025-12-29,27090,75919,56752,2026-01-08,10,7,2026-01-15,2026-01-10,RESOLVED_IN_GRACE
FDX20256343290,CUST560485,Martin-Robinson,Mid,2026-01-01,8577,33302,10430,2026-01-16,15,12,2026-01-28,2026-01-22,RESOLVED_IN_GRACE
FDX20255547499,CUST230394,"Carter, Pugh and Hebert",Small,2026-01-10,52140,169723,53221,2026-01-20,10,7,2026-01-27,,ELIGIBLE
FDX20253374929,CUST591465,"Mcclain, Jones and Gonzalez",Small,2026-01-01,42521,200668,102201,2026-01-11,10,7,2026-01-18,2026-01-14,RESOLVED_IN_GRACE
FDX20255752443,CUST822131,Lopez-Mitchell,Mid,2025-12-14,14555,86688,26044,2025-12-29,15,12,2026-01-10,2026-01-02,RESOLVED_IN_GRACE
FDX20255107483,CUST418862,Snow-Perez,Large,2025-12-14,48619,152749,116125,2026-01-08,25,20,2026-01-28,,ELIGIBLE
FDX20253873517,CUST833723,Flowers Group,Mid,2026-01-01,19338,97033,73563,2026-01-16,15,12,2026-01-28,2026-01-17,RESOLVED_IN_GRACE
FDX20252195257,CUST522060,Ewing Group,Small,2026-01-07,23086,138012,131786,2026-01-17,10,7,2026-01-24,2026-01-22,RESOLVED_IN_GRACE
FDX20256224048,CUST385470,Martin-Jones,Mid,2025-12-20,16569,60306,60077,2026-01-04,15,12,2026-01-16,,ELIGIBLE
FDX20256683095,CUST624783,"Gibbs, Lindsey and Herrera",Small,2025-12-30,11291,44099,21083,2026-01-09,10,7,2026-01-16,,ELIGIBLE
FDX20258443172,CUST666211,Gibbs-Stone,Small,2025-12-27,9814,32633,10031,2026-01-06,10,7,2026-01-13,2026-01-11,RESOLVED_IN_GRACE
FDX20251851044,CUST617781,Carlson-Martinez,Mid,2026-01-01,7083,22520,22178,2026-01-16,15,12,2026-01-28,,ELIGIBLE
FDX20253182279,CUST559023,"Rowland, Lawson and Carter",Large,2025-12-03,59052,299320,130058,2025-12-28,25,20,2026-01-17,2026-01-06,RESOLVED_IN_GRACE
FDX20251486416,CUST184349,Cooper-Gonzalez,Small,2026-01-09,59768,344499,178372,2026-01-19,10,7,2026-01-26,,IN_GRACE
FDX20258897632,CUST727086,Villarreal-Smith,Large,2025-12-01,49048,151194,85376,2025-12-26,25,20,2026-01-15,2025-12-29,RESOLVED_IN_GRACE
FDX20251846511,CUST141797,Wagner-Johns,Mega,2025-12-01,19918,53854,51734,2026-01-05,35,30,2026-02-04,,ELIGIBLE
FDX20252777158,CUST553014,Burnett-Duran,Small,2026-01-04,35054,116791,69819,2026-01-14,10,7,2026-01-21,,ELIGIBLE
FDX20257435734,CUST870214,Acosta-Norman,Small,2026-01-09,47025,169160,136273,2026-01-19,10,7,2026-01-26,2026-01-26,RESOLVED_IN_GRACE
FDX20251902612,CUST437978,Miller-Mitchell,Small,2026-01-03,43126,229863,169404,2026-01-13,10,7,2026-01-20,2026-01-18,RESOLVED_IN_GRACE
FDX20252444846,CUST733039,Larsen-Davis,Mid,2025-12-25,51442,271209,91059,2026-01-09,15,12,2026-01-21,,IN_GRACE
FDX20258154907,CUST362529,"Medina, Smith and Peck",Small,2025-12-24,46665,196284,58496,2026-01-03,10,7,2026-01-10,,IN_GRACE
FDX20257575272,CUST127121,Mcdowell-Rivas,Mid,2025-12-31,51066,166616,63736,2026-01-15,15,12,2026-01-27,2026-01-17,RESOLVED_IN_GRACE
FDX20254002836,CUST195763,King-Rodriguez,Mid,2025-12-19,29489,143308,48792,2026-01-03,15,12,2026-01-15,,ELIGIBLE
FDX20258479891,CUST340044,Smith-Maynard,Large,2025-12-04,16447,47194,23558,2025-12-29,25,20,2026-01-18,,ELIGIBLE
FDX20256966385,CUST807053,Owen and Sons,Large,2025-12-02,33749,165991,54932,2025-12-27,25,20,2026-01-16,,ELIGIBLE
FDX20256241884,CUST976566,Bird-Byrd,Small,2025-12-27,34415,100330,36445,2026-01-06,10,7,2026-01-13,,IN_GRACE
FDX20256575607,CUST703139,Jones-Moore,Small,2026-01-13,4294,23908,22868,2026-01-23,10,7,2026-01-30,,IN_GRACE
FDX20254324357,CUST715643,Mendoza-Jones,Mid,2026-01-03,26591,86216,83051,2026-01-18,15,12,2026-01-30,2026-01-23,RESOLVED_IN_GRACE
FDX20259950391,CUST121753,Newton-Johnson,Small,2026-01-03,12157,57156,34688,2026-01-13,10,7,2026-01-20,,ELIGIBLE
FDX20252317776,CUST901909,Schwartz Ltd,Small,2026-01-13,31853,147700,133087,2026-01-23,10,7,2026-01-30,,ELIGIBLE
FDX20258813071,CUST804938,Richardson LLC,Small,2026-01-05,41906,218855,98802,2026-01-15,10,7,2026-01-22,,ELIGIBLE
FDX20253211157,CUST961322,Castro Ltd,Small,2025-12-26,46017,202203,140814,2026-01-05,10,7,2026-01-12,,ELIGIBLE
FDX20252558874,CUST382602,Meyer-Chan,Large,2025-12-12,34525,148370,93724,2026-01-06,25,20,2026-01-26,,ELIGIBLE
FDX20258856366,CUST704238,Haley-Adams,Mid,2025-12-26,19996,95449,36707,2026-01-10,15,12,2026-01-22,,ELIGIBLE
FDX20252631802,CUST142185,Duncan-Nash,Mid,2025-12-17,28829,100017,68217,2026-01-01,15,12,2026-01-13,2026-01-10,RESOLVED_IN_GRACE
FDX20258643434,CUST900177,Joyce-Gardner,Mid,2025-12-14,35754,213949,175525,2025-12-29,15,12,2026-01-10,,ELIGIBLE
FDX20256207508,CUST893005,Diaz-Chen,Mid,2025-12-19,10917,40099,35459,2026-01-03,15,12,2026-01-15,2026-01-11,RESOLVED_IN_GRACE
FDX20258808058,CUST283700,Barnes-Carpenter,Small,2026-01-09,55499,302971,94583,2026-01-19,10,7,2026-01-26,,ELIGIBLE
FDX20258894449,CUST593355,Simpson-Solis,Large,2025-12-10,22115,96026,60837,2026-01-04,25,20,2026-01-24,,ELIGIBLE
FDX20254887183,CUST644173,Horn Ltd,Large,2025-12-01,50511,174951,67322,2025-12-26,25,20,2026-01-15,2026-01-06,RESOLVED_IN_GRACE
FDX20254754647,CUST783157,Mckinney-Morgan,Large,2025-12-06,14777,58368,22428,2025-12-31,25,20,2026-01-20,2026-01-03,RESOLVED_IN_GRACE
FDX20253411249,CUST563711,Day Inc,Mid,2025-12-17,32035,149081,121106,2026-01-01,15,12,2026-01-13,,IN_GRACE
FDX20255329406,CUST391668,Stout Inc,Mid,2025-12-14,38010,143932,110563,2025-12-29,15,12,2026-01-10,,IN_GRACE
FDX20257097668,CUST290305,Wells-Miller,Small,2026-01-05,3154,13310,3908,2026-01-15,10,7,2026-01-22,,ELIGIBLE
FDX20257577959,CUST713762,Cook-Horton,Small,2025-12-29,17853,61131,39899,2026-01-08,10,7,2026-01-15,2026-01-11,RESOLVED_IN_GRACE
FDX20254076154,CUST557058,Madden-Woodward,Small,2025-12-26,16599,77805,64847,2026-01-05,10,7,2026-01-12,2026-01-10,RESOLVED_IN_GRACE
FDX20256541983,CUST765620,Myers-Rodgers,Small,2026-01-03,13734,67809,44649,2026-01-13,10,7,2026-01-20,2026-01-15,RESOLVED_IN_GRACE
FDX20256448586,CUST953797,Valenzuela Group,Mid,2025-12-17,1966,7061,5581,2026-01-01,15,12,2026-01-13,2026-01-08,RESOLVED_IN_GRACE
FDX20258604827,CUST615611,Mccarty-Burnett,Large,2025-12-01,32486,138250,82252,2025-12-26,25,20,2026-01-15,,ELIGIBLE
FDX20259179005,CUST195674,Cooper-Smith,Small,2026-01-04,26329,71623,61212,2026-01-14,10,7,2026-01-21,,IN_GRACE
FDX20251507747,CUST592841,Nicholson and Sons,Small,2026-01-01,9921,57251,29531,2026-01-11,10,7,2026-01-18,,ELIGIBLE
FDX20252096646,CUST464863,Jones-Miller,Small,2026-01-11,22533,121940,81088,2026-01-21,10,7,2026-01-28,,ELIGIBLE
FDX20258974787,CUST528184,Barry-Dennis,Small,2025-12-31,6679,38491,10918,2026-01-10,10,7,2026-01-17,2026-01-11,RESOLVED_IN_GRACE
FDX20252893930,CUST449499,Richard Ltd,Large,2025-12-08,42510,230174,124667,2026-01-02,25,20,2026-01-22,,ELIGIBLE
FDX20256896198,CUST436653,Griffin-Shaw,Large,2025-12-01,15105,42497,37518,2025-12-26,25,20,2026-01-15,2026-01-02,RESOLVED_IN_GRACE
FDX20259030449,CUST802685,Peterson-Faulkner,Mid,2025-12-17,48475,223429,194081,2026-01-01,15,12,2026-01-13,,ELIGIBLE
FDX20258738351,CUST209680,Ward-Alvarez,Small,2026-01-04,25086,141905,49934,2026-01-14,10,7,2026-01-21,,IN_GRACE
FDX20253865574,CUST999398,"Brock, Schneider and Chaney",Small,2026-01-05,8232,32750,31475,2026-01-15,10,7,2026-01-22,2026-01-17,RESOLVED_IN_GRACE
FDX20255735492,CUST268637,Woods-Johnson,Mega,2025-12-01,27460,85478,33704,2026-01-05,35,30,2026-02-04,,ELIGIBLE
FDX20256848796,CUST445824,Ware-Villegas,Small,2026-01-03,44535,120372,107549,2026-01-13,10,7,2026-01-20,2026-01-20,RESOLVED_IN_GRACE
FDX20253137316,CUST531641,Holloway-Lewis,Large,2025-12-01,20868,62944,37705,2025-12-26,25,20,2026-01-15,2026-01-04,RESOLVED_IN_GRACE
FDX20259521981,CUST827369,"Gutierrez, Wood and Abbott",Mid,2025-12-25,15909,40020,36735,2026-01-09,15,12,2026-01-21,,IN_GRACE
FDX20252726915,CUST619536,Aguilar-Flowers,Small,2025-12-30,55176,169864,57171,2026-01-09,10,7,2026-01-16,,ELIGIBLE
FDX20257806281,CUST402218,Grant-Walter,Large,2025-12-01,54274,237315,75670,2025-12-26,25,20,2026-01-15,,ELIGIBLE
FDX20252794848,CUST794769,Waters-Miller,Large,2025-12-04,19677,86699,66269,2025-12-29,25,20,2026-01-18,2026-01-03,RESOLVED_IN_GRACE
FDX20256467186,CUST519904,Rollins-Coleman,Small,2025-12-22,40223,200683,120410,2026-01-01,10,7,2026-01-08,,ELIGIBLE
FDX20252189907,CUST953085,Hill Group,Large,2025-12-10,24603,121978,65482,2026-01-04,25,20,2026-01-24,,ELIGIBLE
FDX20256068701,CUST897441,Alvarado Group,Small,2025-12-22,19274,75020,33268,2026-01-01,10,7,2026-01-08,2026-01-02,RESOLVED_IN_GRACE
FDX20259937987,CUST676818,Kelly-Dennis,Large,2025-12-01,40504,226781,65849,2025-12-26,25,20,2026-01-15,,IN_GRACE
FDX20258733874,CUST138479,Boyd-Buchanan,Large,2025-12-06,54634,168692,144225,2025-12-31,25,20,2026-01-20,2026-01-12,RESOLVED_IN_GRACE
FDX20257724584,CUST576919,Ramirez-Clark,Small,2025-12-22,16362,55787,32289,2026-01-01,10,7,2026-01-08,,IN_GRACE
FDX20257936404,CUST192337,Mendoza-Kennedy,Small,2025-12-27,59641,221618,211849,2026-01-06,10,7,2026-01-13,2026-01-10,RESOLVED_IN_GRACE
FDX20255002629,CUST429795,Gomez-Harris,Small,2025-12-30,12289,71499,40609,2026-01-09,10,7,2026-01-16,,IN_GRACE
FDX20255088457,CUST364659,Walker-Henderson,Small,2026-01-13,56681,302989,179207,2026-01-23,10,7,2026-01-30,2026-01-24,RESOLVED_IN_GRACE
FDX20253667917,CUST438977,Moore-Lewis,Mid,2025-12-28,7544,19684,8292,2026-01-12,15,12,2026-01-24,,IN_GRACE
FDX20259092903,CUST221552,Luna-Mathews,Mid,2025-12-19,50410,180032,154195,2026-01-03,15,12,2026-01-15,,ELIGIBLE
FDX20257439371,CUST910075,Santiago-Hernandez,Small,2025-12-26,42996,186800,102315,2026-01-05,10,7,2026-01-12,2026-01-08,RESOLVED_IN_GRACE
FDX20252108301,CUST523808,Booth-Arnold,Mega,2025-12-01,21260,118205,69009,2026-01-05,35,30,2026-02-04,2026-01-29,RESOLVED_IN_GRACE
FDX20256716235,CUST639593,Buck-Martinez,Mid,2025-12-19,48124,262585,231891,2026-01-03,15,12,2026-01-15,2026-01-09,RESOLVED_IN_GRACE
FDX20254493656,CUST964998,"Mckee, Rivera and Brown",Mid,2025-12-26,54828,281655,242769,2026-01-10,15,12,2026-01-22,2026-01-17,RESOLVED_IN_GRACE
FDX20258233471,CUST101206,Burnett-Clark,Mid,2025-12-22,42584,124500,112141,2026-01-06,15,12,2026-01-18,2026-01-15,RESOLVED_IN_GRACE
FDX20258304023,CUST789606,Chambers-Kim,Small,2026-01-07,34699,98847,89609,2026-01-17,10,7,2026-01-24,2026-01-21,RESOLVED_IN_GRACE
FDX20256741177,CUST668950,Barker PLC,Small,2025-12-22,35037,140475,42073,2026-01-01,10,7,2026-01-08,,IN_GRACE
FDX20254962012,CUST584417,Clements-Cole,Large,2025-12-01,48066,154462,63218,2025-12-26,25,20,2026-01-15,2026-01-07,RESOLVED_IN_GRACE
FDX20253903892,CUST533321,Rowe-Mitchell,Mid,2025-12-28,39031,137802,104454,2026-01-12,15,12,2026-01-24,,ELIGIBLE
FDX20252306851,CUST156837,Shaw-Acevedo,Small,2025-12-22,41280,170080,69768,2026-01-01,10,7,2026-01-08,,ELIGIBLE
FDX20259164301,CUST296694,Scott-Howard,Mega,2025-12-01,31406,135807,60188,2026-01-05,35,30,2026-02-04,,ELIGIBLE
FDX20252918019,CUST643623,Irwin Group,Small,2025-12-30,35249,104842,99611,2026-01-09,10,7,2026-01-16,2026-01-12,RESOLVED_IN_GRACE
FDX20258766314,CUST479353,Sandoval-Sutton,Small,2025-12-26,39731,111132,67342,2026-01-05,10,7,2026-01-12,,IN_GRACE
FDX20256458938,CUST752878,Martin-Hardy,Small,2026-01-01,15550,46577,20798,2026-01-11,10,7,2026-01-18,,ELIGIBLE
FDX20252638360,CUST893188,Smith-Bailey,Mid,2025-12-30,12469,43375,19976,2026-01-14,15,12,2026-01-26,2026-01-24,RESOLVED_IN_GRACE
FDX20258469488,CUST622707,Murray-Carson,Small,2026-01-03,22569,91030,27937,2026-01-13,10,7,2026-01-20,,ELIGIBLE
FDX20253955709,CUST755788,Gill-Chan,Mid,2025-12-19,59160,262973,62772,2026-01-03,15,12,2026-01-15,,ELIGIBLE
FDX20256167981,CUST563513,Hamilton-Jones,Large,2025-12-12,20494,110278,47591,2026-01-06,25,20,2026-01-26,2026-01-10,RESOLVED_IN_GRACE
FDX20257808088,CUST896907,Taylor-Ward,Small,2025-12-22,21960,123760,50578,2026-01-01,10,7,2026-01-08,,ELIGIBLE
FDX20252167822,CUST154118,Welch-Buck,Small,2025-12-22,53768,238318,199408,2026-01-01,10,7,2026-01-08,,IN_GRACE
FDX20252824432,CUST313446,Welch-Owen,Small,2025-12-26,31864,120246,92135,2026-01-05,10,7,2026-01-12,,ELIGIBLE
FDX20257357071,CUST380028,"Duran, Peters and Hart",Mega,2025-12-01,32406,175787,162526,2026-01-05,35,30,2026-02-04,,ELIGIBLE
FDX20256492998,CUST675898,Perez-Walls,Small,2026-01-07,18266,46082,33307,2026-01-17,10,7,2026-01-24,2026-01-18,RESOLVED_IN_GRACE
FDX20259292896,CUST237377,Davenport-Conway,Small,2025-12-27,15995,66377,41226,2026-01-06,10,7,2026-01-13,,IN_GRACE
FDX20252031500,CUST402020,Gonzales-Jones,Small,2025-12-27,28443,117408,81162,2026-01-06,10,7,2026-01-13,,ELIGIBLE
FDX20252518891,CUST559398,"Valenzuela, Watson and Long",Small,2026-01-01,2320,5830,5073,2026-01-11,10,7,2026-01-18,2026-01-15,RESOLVED_IN_GRACE
FDX20254650919,CUST832168,Singh-Freeman,Large,2025-12-04,26248,83871,36868,2025-12-29,25,20,2026-01-18,2026-01-16,RESOLVED_IN_GRACE
FDX20253330636,CUST608257,Christensen LLC,Mid,2025-12-17,57369,183963,73116,2026-01-01,15,12,2026-01-13,,ELIGIBLE
FDX20251003092,CUST227324,Brown-Glenn,Small,2025-12-27,58218,192989,91525,2026-01-06,10,7,2026-01-13,2026-01-07,RESOLVED_IN_GRACE
FDX20253461642,CUST130271,Elliott-Powell,Mid,2025-12-26,39578,154657,152131,2026-01-10,15,12,2026-01-22,,ELIGIBLE
FDX20253503436,CUST760626,Johnson-Fisher,Mid,2025-12-16,57624,276035,166502,2025-12-31,15,12,2026-01-12,,IN_GRACE
FDX20258599649,CUST738448,Williams-Horn,Large,2025-12-01,58202,286324,101464,2025-12-26,25,20,2026-01-15,,ELIGIBLE
FDX20259912993,CUST938141,Ashley and Sons,Large,2025-12-01,33007,155340,136571,2025-12-26,25,20,2026-01-15,,ELIGIBLE
FDX20255890613,CUST350921,"Franklin, Whitehead and Moreno",Small,2026-01-07,18643,96581,76362,2026-01-17,10,7,2026-01-24,,ELIGIBLE
FDX20257542823,CUST844261,Baker-Martinez,Mega,2025-12-01,10259,53608,27391,2026-01-05,35,30,2026-02-04,,IN_GRACE
FDX20258502096,CUST266071,"Torres, Kim and Walker",Mid,2025-12-12,47920,176290,126392,2025-12-27,15,12,2026-01-08,,ELIGIBLE
FDX20254282741,CUST425845,"Fox, Potts and Wilson",Large,2025-12-13,14999,50444,15726,2026-01-07,25,20,2026-01-27,2026-01-17,RESOLVED_IN_GRACE
FDX20254450430,CUST677596,Scott-Coleman,Small,2026-01-01,48811,216438,202487,2026-01-11,10,7,2026-01-18,2026-01-18,RESOLVED_IN_GRACE
FDX20256311628,CUST114338,Rivas Group,Large,2025-12-07,29738,149045,51509,2026-01-01,25,20,2026-01-21,2026-01-03,RESOLVED_IN_GRACE
FDX20256028724,CUST679077,Hunt and Sons,Small,2025-12-22,27864,122205,114388,2026-01-01,10,7,2026-01-08,,IN_GRACE
FDX20256109503,CUST527809,"Glover, Frederick and Smith",Small,2026-01-01,27523,73061,45425,2026-01-11,10,7,2026-01-18,,ELIGIBLE
FDX20258293509,CUST197736,Hall and Sons,Mid,2025-12-17,37091,138905,67448,2026-01-01,15,12,2026-01-13,,IN_GRACE
FDX20256775801,CUST335615,Burton-Smith,Small,2026-01-13,7693,25186,14324,2026-01-23,10,7,2026-01-30,2026-01-26,RESOLVED_IN_GRACE
FDX20252497994,CUST982277,Davis-Franklin,Small,2026-01-11,44323,180176,98215,2026-01-21,10,7,2026-01-28,,ELIGIBLE
FDX20251136218,CUST218972,Myers-Jackson,Small,2025-12-22,23785,127757,119074,2026-01-01,10,7,2026-01-08,,ELIGIBLE
FDX20259563491,CUST583863,Avery and Sons,Mid,2025-12-21,19661,61154,27031,2026-01-05,15,12,2026-01-17,,ELIGIBLE
FDX20257781307,CUST223172,Adams-Gallagher,Small,2026-01-05,35634,175307,116711,2026-01-15,10,7,2026-01-22,2026-01-22,RESOLVED_IN_GRACE
FDX20253140029,CUST779172,Gonzalez-Gonzalez,Mid,2025-12-17,53819,248054,145958,2026-01-01,15,12,2026-01-13,2026-01-03,RESOLVED_IN_GRACE
FDX20255935599,CUST972565,Wright-Vazquez,Small,2026-01-05,11593,46112,23475,2026-01-15,10,7,2026-01-22,2026-01-16,RESOLVED_IN_GRACE
FDX20252047075,CUST261450,Burnett-Thompson,Mid,2026-01-01,3406,14885,7256,2026-01-16,15,12,2026-01-28,,IN_GRACE
FDX20257194532,CUST622584,"Burgess, Wilson and Cook",Large,2025-12-01,32150,153425,121568,2025-12-26,25,20,2026-01-15,,ELIGIBLE
FDX20251891328,CUST851413,Roberson-Richards,Small,2026-01-13,7289,33748,32099,2026-01-23,10,7,2026-01-30,,ELIGIBLE
FDX20251014148,CUST406039,Clark-Sanchez,Small,2026-01-10,47868,124644,88097,2026-01-20,10,7,2026-01-27,2026-01-25,RESOLVED_IN_GRACE
FDX20257027124,CUST633590,Hernandez-Walsh,Mid,2025-12-30,48051,179246,146686,2026-01-14,15,12,2026-01-26,2026-01-19,RESOLVED_IN_GRACE
FDX20252840432,CUST839677,"Montgomery, Gonzalez and Walls",Small,2026-01-03,42520,244981,67383,2026-01-13,10,7,2026-01-20,,IN_GRACE
FDX20255734685,CUST386706,Brown-Mitchell,Large,2025-12-04,6950,39961,33870,2025-12-29,25,20,2026-01-18,2026-01-09,RESOLVED_IN_GRACE
FDX20251523193,CUST535673,Yang-Jones,Mid,2025-12-24,39470,190323,134216,2026-01-08,15,12,2026-01-20,,ELIGIBLE
FDX20254946691,CUST975271,Pierce-Sullivan,Small,2026-01-03,49872,269510,261288,2026-01-13,10,7,2026-01-20,,ELIGIBLE
FDX20258242984,CUST605937,Rodriguez-Aguirre,Large,2025-12-14,42487,203805,192621,2026-01-08,25,20,2026-01-28,,ELIGIBLE
FDX20257614724,CUST595158,Thornton-Taylor,Mid,2025-12-25,18408,56959,23208,2026-01-09,15,12,2026-01-21,2026-01-19,RESOLVED_IN_GRACE
FDX20256337290,CUST355570,Sullivan-Thomas,Small,2026-01-03,17670,76919,55275,2026-01-13,10,7,2026-01-20,,IN_GRACE
FDX20257422144,CUST578975,Johnson-Wolf,Small,2026-01-04,50960,179129,171729,2026-01-14,10,7,2026-01-21,,IN_GRACE
FDX20257812097,CUST678043,Wilson-Jackson,Small,2026-01-13,8342,27689,21780,2026-01-23,10,7,2026-01-30,2026-01-25,RESOLVED_IN_GRACE
FDX20257401599,CUST251668,"Berger, Cantrell and Wilson",Small,2025-12-30,46677,219944,134876,2026-01-09,10,7,2026-01-16,,ELIGIBLE
FDX20258301277,CUST502219,Hart Inc,Large,2025-12-01,39261,228318,85730,2025-12-26,25,20,2026-01-15,,ELIGIBLE
FDX20254543617,CUST299869,Hampton LLC,Mid,2026-01-01,33538,136240,93990,2026-01-16,15,12,2026-01-28,2026-01-23,RESOLVED_IN_GRACE
FDX20253909338,CUST728492,Rogers-Padilla,Small,2025-12-27,35556,153426,97977,2026-01-06,10,7,2026-01-13,2026-01-10,RESOLVED_IN_GRACE
FDX20258967020,CUST632929,Patrick Inc,Small,2025-12-24,25493,138175,52965,2026-01-03,10,7,2026-01-10,2026-01-06,RESOLVED_IN_GRACE
FDX20253333188,CUST882544,Randolph-Price,Small,2026-01-03,53162,279443,164611,2026-01-13,10,7,2026-01-20,,ELIGIBLE
FDX20254157922,CUST243139,Logan Inc,Small,2026-01-03,6212,22366,19867,2026-01-13,10,7,2026-01-20,,ELIGIBLE
FDX20257452434,CUST173201,Rich-Richardson,Mid,2025-12-25,52326,211712,75735,2026-01-09,15,12,2026-01-21,,ELIGIBLE
FDX20257044627,CUST389666,Richmond-Rice,Small,2025-12-27,33319,116961,111387,2026-01-06,10,7,2026-01-13,,IN_GRACE
FDX20258000050,CUST910208,Wilson-Butler,Small,2025-12-22,6282,34868,17621,2026-01-01,10,7,2026-01-08,,ELIGIBLE
FDX20253588175,CUST928381,Ortiz-Morris,Mid,2025-12-22,15921,90555,88718,2026-01-06,15,12,2026-01-18,,ELIGIBLE
FDX20255839738,CUST995916,Freeman-Stevens,Mid,2025-12-31,3039,16570,13727,2026-01-15,15,12,2026-01-27,,ELIGIBLE
FDX20253106365,CUST535098,Yang-Tucker,Mid,2025-12-25,37179,197732,115240,2026-01-09,15,12,2026-01-21,,ELIGIBLE
FDX20253252801,CUST456385,Anderson-Conway,Small,2026-01-04,13241,61436,45444,2026-01-14,10,7,2026-01-21,,ELIGIBLE
FDX20251194661,CUST925981,Trujillo-Davila,Small,2026-01-01,57531,177978,82695,2026-01-11,10,7,2026-01-18,,IN_GRACE
FDX20252203698,CUST632401,Potts LLC,Small,2026-01-10,14638,76428,54413,2026-01-20,10,7,2026-01-27,,ELIGIBLE
FDX20251263533,CUST380150,"Roth, Pope and Smith",Small,2025-12-26,2351,13905,9003,2026-01-05,10,7,2026-01-12,,ELIGIBLE
FDX20253415850,CUST960408,Stephenson PLC,Small,2025-12-26,9035,34492,9938,2026-01-05,10,7,2026-01-12,,IN_GRACE
FDX20259165493,CUST102689,Vaughan-Powell,Small,2026-01-03,3673,10721,4287,2026-01-13,10,7,2026-01-20,2026-01-14,RESOLVED_IN_GRACE
FDX20258327199,CUST396578,"Buchanan, Cox and Webb",Mega,2025-12-01,16176,80403,23140,2026-01-05,35,30,2026-02-04,,ELIGIBLE
FDX20253277939,CUST861319,Richard-Smith,Small,2025-12-22,23409,98885,92312,2026-01-01,10,7,2026-01-08,,ELIGIBLE
FDX20252420416,CUST413058,"Woods, Neal and Parker",Small,2026-01-10,1514,6306,3832,2026-01-20,10,7,2026-01-27,2026-01-22,RESOLVED_IN_GRACE
FDX20253302174,CUST978157,Evans-Carter,Large,2025-12-07,50611,178643,104704,2026-01-01,25,20,2026-01-21,2026-01-10,RESOLVED_IN_GRACE
FDX20257976896,CUST715448,White-Flores,Small,2025-12-24,34228,166634,75196,2026-01-03,10,7,2026-01-10,,ELIGIBLE
FDX20258650891,CUST708093,Fischer-White,Large,2025-12-08,51185,147514,85466,2026-01-02,25,20,2026-01-22,,IN_GRACE
FDX20258142130,CUST791998,Franco-Lara,Large,2025-12-02,39840,102946,45543,2025-12-27,25,20,2026-01-16,,ELIGIBLE
FDX20254016499,CUST613425,Roberts-White,Small,2025-12-30,1666,8462,4891,2026-01-09,10,7,2026-01-16,,ELIGIBLE
FDX20258623472,CUST255813,Pierce-Duncan,Small,2026-01-05,7873,45903,33069,2026-01-15,10,7,2026-01-22,,IN_GRACE
FDX20259546564,CUST568238,Short-Miller,Large,2025-12-12,52443,196666,173099,2026-01-06,25,20,2026-01-26,,ELIGIBLE
FDX20258115631,CUST664742,Charles-Palmer,Small,2025-12-30,47639,277851,52501,2026-01-09,10,7,2026-01-16,,IN_GRACE
FDX20258550515,CUST607868,Evans Inc,Small,2025-12-22,21938,129646,33677,2026-01-01,10,7,2026-01-08,,ELIGIBLE
FDX20257454441,CUST461888,Alvarez-Miller,Mid,2025-12-31,23954,122957,53336,2026-01-15,15,12,2026-01-27,,ELIGIBLE
FDX20256961066,CUST448588,Cunningham Group,Mega,2025-12-01,36254,177336,43269,2026-01-05,35,30,2026-02-04,2026-01-18,RESOLVED_IN_GRACE
FDX20254787304,CUST678727,Reilly-Thompson,Mid,2025-12-30,31265,158521,154289,2026-01-14,15,12,2026-01-26,2026-01-24,RESOLVED_IN_GRACE
FDX20254117056,CUST899929,Patterson-Russo,Small,2025-12-27,26462,126682,113796,2026-01-06,10,7,2026-01-13,,IN_GRACE
FDX20258126489,CUST669827,"Christensen, Ferguson and Pittman",Small,2025-12-24,16649,66991,46277,2026-01-03,10,7,2026-01-10,,ELIGIBLE
FDX20251124654,CUST495533,"Livingston, Townsend and Lee",Large,2025-12-06,13395,35883,32532,2025-12-31,25,20,2026-01-20,2026-01-13,RESOLVED_IN_GRACE
FDX20259357686,CUST577463,Peterson-Rangel,Mid,2025-12-30,9244,24586,22366,2026-01-14,15,12,2026-01-26,2026-01-17,RESOLVED_IN_GRACE
FDX20254972005,CUST437408,Morales-Harrison,Small,2026-01-11,51417,179311,111457,2026-01-21,10,7,2026-01-28,,ELIGIBLE
FDX20259417612,CUST297816,Williams-Lawson,Mid,2025-12-30,13375,61771,33399,2026-01-14,15,12,2026-01-26,,ELIGIBLE
FDX20255517272,CUST831380,"Mooney, Davis and Mckinney",Large,2025-12-13,16161,84614,38895,2026-01-07,25,20,2026-01-27,2026-01-09,RESOLVED_IN_GRACE
FDX20257892714,CUST350405,Green-Fox,Small,2026-01-11,25344,130064,129996,2026-01-21,10,7,2026-01-28,,IN_GRACE
FDX20257156735,CUST699573,"Williamson, Kelley and Andrews",Mid,2025-12-25,26859,141545,101033,2026-01-09,15,12,2026-01-21,2026-01-17,RESOLVED_IN_GRACE
FDX20251561397,CUST501574,Espinoza-Townsend,Mid,2025-12-24,11869,47167,35663,2026-01-08,15,12,2026-01-20,2026-01-18,RESOLVED_IN_GRACE
FDX20251635269,CUST344907,Padilla LLC,Mid,2025-12-12,32234,94158,75787,2025-12-27,15,12,2026-01-08,,ELIGIBLE
FDX20259107893,CUST997594,Christensen-Watson,Small,2025-12-30,56828,339443,247687,2026-01-09,10,7,2026-01-16,,ELIGIBLE
FDX20257183722,CUST913217,Collins-Sweeney,Mid,2025-12-24,25218,121231,106228,2026-01-08,15,12,2026-01-20,,ELIGIBLE
FDX20252898583,CUST530728,Jones-Hall,Small,2025-12-24,14310,46061,39483,2026-01-03,10,7,2026-01-10,,ELIGIBLE
FDX20259078781,CUST145767,"Nolan, Mckenzie and Hicks",Small,2025-12-27,58938,275505,181334,2026-01-06,10,7,2026-01-13,,ELIGIBLE
FDX20252343236,CUST433632,Hurst Ltd,Mid,2025-12-14,1966,5886,2439,2025-12-29,15,12,2026-01-10,2026-01-09,RESOLVED_IN_GRACE
FDX20253383832,CUST880879,Espinoza-Novak,Small,2026-01-09,23496,99143,36062,2026-01-19,10,7,2026-01-26,2026-01-26,RESOLVED_IN_GRACE
FDX20259831661,CUST595951,Moreno-Terry,Mid,2025-12-22,32075,168782,162920,2026-01-06,15,12,2026-01-18,,ELIGIBLE
FDX20255687895,CUST839485,Cowan-Day,Small,2025-12-27,14974,78417,67951,2026-01-06,10,7,2026-01-13,,ELIGIBLE
FDX20258800337,CUST950823,"Aguilar, Yang and Sanchez",Mid,2025-12-12,13485,60824,13786,2025-12-27,15,12,2026-01-08,,IN_GRACE
FDX20259672974,CUST499749,Salazar-Roach,Mid,2025-12-20,55053,291310,166204,2026-01-04,15,12,2026-01-16,,ELIGIBLE
FDX20252312558,CUST504832,Bishop-Humphrey,Mega,2025-12-01,34790,131582,88044,2026-01-05,35,30,2026-02-04,,ELIGIBLE
FDX20259780469,CUST795928,Jackson-Anderson,Small,2025-12-22,34817,159370,124976,2026-01-01,10,7,2026-01-08,,ELIGIBLE
FDX20252483883,CUST930884,Crawford-Turner,Large,2025-12-01,36629,205274,204624,2025-12-26,25,20,2026-01-15,,ELIGIBLE
FDX20255114298,CUST960616,Webb-Smith,Small,2025-12-27,46501,260509,156627,2026-01-06,10,7,2026-01-13,,ELIGIBLE
FDX20258926422,CUST783691,"Cline, Banks and Guerrero",Small,2026-01-04,50935,143809,55513,2026-01-14,10,7,2026-01-21,2026-01-21,RESOLVED_IN_GRACE
FDX20252309997,CUST259493,Mcneil-Brennan,Small,2026-01-13,35824,134520,124107,2026-01-23,10,7,2026-01-30,,ELIGIBLE
FDX20256242875,CUST619389,Patterson-Holt,Mid,2025-12-22,41146,227195,93697,2026-01-06,15,12,2026-01-18,,IN_GRACE
FDX20251885405,CUST138817,"Cannon, Miller and Horton",Large,2025-12-01,24225,126223,73836,2025-12-26,25,20,2026-01-15,,ELIGIBLE
FDX20256763748,CUST232378,Thompson-Lewis,Mid,2025-12-28,32881,195185,187850,2026-01-12,15,12,2026-01-24,,ELIGIBLE
FDX20259976368,CUST626690,Rodgers-Hicks,Mid,2026-01-03,20724,79667,66393,2026-01-18,15,12,2026-01-30,,ELIGIBLE
FDX20251180915,CUST718849,Ross-Warren,Mid,2025-12-20,14249,62539,32193,2026-01-04,15,12,2026-01-16,2026-01-09,RESOLVED_IN_GRACE
FDX20258866313,CUST448121,Vang-Rodriguez,Mid,2025-12-22,59414,278606,72799,2026-01-06,15,12,2026-01-18,,ELIGIBLE
FDX20258617439,CUST205239,Garcia-Mitchell,Mega,2025-12-01,12524,56389,25681,2026-01-05,35,30,2026-02-04,,ELIGIBLE
FDX20259601059,CUST986088,Flores Group,Small,2025-12-22,11355,60499,37281,2026-01-01,10,7,2026-01-08,2026-01-08,RESOLVED_IN_GRACE
FDX20258872413,CUST561694,"Hogan, Guerrero and Jackson",Mid,2025-12-12,33795,170713,145021,2025-12-27,15,12,2026-01-08,2026-01-02,RESOLVED_IN_GRACE
FDX20256561881,CUST204555,Sanchez-Nguyen,Large,2025-12-01,40462,204363,109625,2025-12-26,25,20,2026-01-15,2026-01-06,RESOLVED_IN_GRACE
FDX20258063478,CUST651499,Miranda-Carpenter,Small,2025-12-26,35463,146911,121422,2026-01-05,10,7,2026-01-12,,IN_GRACE
FDX20256920923,CUST579123,"Snow, Roberts and Hunt",Small,2025-12-27,50089,226736,151017,2026-01-06,10,7,2026-01-13,2026-01-11,RESOLVED_IN_GRACE
FDX20255942868,CUST116093,Johnson-Hill,Small,2026-01-09,18492,99921,94955,2026-01-19,10,7,2026-01-26,,ELIGIBLE
FDX20255852112,CUST857537,Russo Inc,Small,2026-01-11,42985,176950,159014,2026-01-21,10,7,2026-01-28,,ELIGIBLE
FDX20253810320,CUST251157,Gordon-Frazier,Large,2025-12-01,50296,146267,96023,2025-12-26,25,20,2026-01-15,2026-01-07,RESOLVED_IN_GRACE
FDX20251592675,CUST529893,Patterson-Ramos,Small,2026-01-11,56678,306415,268791,2026-01-21,10,7,2026-01-28,,IN_GRACE
FDX20256101462,CUST786587,Chase-Ward,Large,2025-12-12,49883,187258,121992,2026-01-06,25,20,2026-01-26,2026-01-21,RESOLVED_IN_GRACE
FDX20255369510,CUST261859,Drake-Alexander,Mega,2025-12-01,18063,101749,59968,2026-01-05,35,30,2026-02-04,,ELIGIBLE
FDX20252030419,CUST178463,Garcia-Greene,Small,2026-01-10,43952,119337,60953,2026-01-20,10,7,2026-01-27,2026-01-23,RESOLVED_IN_GRACE
FDX20258938316,CUST592296,"Fry, Colon and Hancock",Mega,2025-12-01,3041,13574,6995,2026-01-05,35,30,2026-02-04,2026-01-20,RESOLVED_IN_GRACE
FDX20253836678,CUST919488,Evans-Hudson,Small,2026-01-05,33950,107111,34678,2026-01-15,10,7,2026-01-22,,ELIGIBLE
FDX20251866037,CUST377896,"Farrell, Pierce and Frazier",Small,2026-01-07,38144,166897,127171,2026-01-17,10,7,2026-01-24,,ELIGIBLE
FDX20255894806,CUST455007,Beck-Munoz,Small,2026-01-05,56009,277442,216216,2026-01-15,10,7,2026-01-22,2026-01-19,RESOLVED_IN_GRACE
FDX20251457985,CUST753534,"Walton, Garza and Robinson",Mid,2025-12-26,22132,85082,64185,2026-01-10,15,12,2026-01-22,2026-01-20,RESOLVED_IN_GRACE
FDX20255811968,CUST826353,Williams-Price,Mid,2025-12-12,18454,67943,20222,2025-12-27,15,12,2026-01-08,,ELIGIBLE
FDX20259132926,CUST516791,Brown-Singleton,Mid,2025-12-19,17033,71478,69771,2026-01-03,15,12,2026-01-15,,ELIGIBLE
FDX20252384290,CUST781403,Taylor-Walker,Small,2025-12-22,54894,228827,128204,2026-01-01,10,7,2026-01-08,,IN_GRACE
FDX20253127708,CUST184216,Strickland-Barnes,Mega,2025-12-01,37804,103039,88453,2026-01-05,35,30,2026-02-04,,ELIGIBLE
FDX20259482495,CUST993140,Odom and Sons,Small,2026-01-04,33090,151534,34045,2026-01-14,10,7,2026-01-21,2026-01-17,RESOLVED_IN_GRACE
FDX20252289534,CUST444525,Perkins-Woodward,Small,2025-12-31,16545,76233,30695,2026-01-10,10,7,2026-01-17,,ELIGIBLE
FDX20255661529,CUST993744,Carter-Garcia,Large,2025-12-01,14523,84108,63265,2025-12-26,25,20,2026-01-15,,ELIGIBLE
FDX20255228713,CUST807115,Day-Norris,Mid,2026-01-03,27905,145829,52610,2026-01-18,15,12,2026-01-30,2026-01-21,RESOLVED_IN_GRACE
FDX20253223631,CUST659543,Peterson-Wall,Small,2026-01-04,48791,281141,80475,2026-01-14,10,7,2026-01-21,2026-01-16,RESOLVED_IN_GRACE
FDX20255713926,CUST498468,Spears-Simmons,Small,2026-01-05,28178,149197,77955,2026-01-15,10,7,2026-01-22,,IN_GRACE
FDX20255617376,CUST432043,Payne-Whitney,Large,2025-12-13,21353,122176,26975,2026-01-07,25,20,2026-01-27,,ELIGIBLE
FDX20255311001,CUST757246,Silva-French,Mid,2025-12-25,47154,190419,54802,2026-01-09,15,12,2026-01-21,,ELIGIBLE
FDX20251238286,CUST853629,Turner-Andrews,Small,2025-12-24,32611,110547,92720,2026-01-03,10,7,2026-01-10,,IN_GRACE
FDX20252871488,CUST896290,Knight-Williams,Mid,2025-12-12,15199,41625,41509,2025-12-27,15,12,2026-01-08,2026-01-01,RESOLVED_IN_GRACE
FDX20253929534,CUST611650,Maxwell and Sons,Small,2025-12-22,7225,29588,7267,2026-01-01,10,7,2026-01-08,,ELIGIBLE
FDX20253535634,CUST667296,Colon-Parker,Small,2026-01-13,48798,223267,106056,2026-01-23,10,7,2026-01-30,,ELIGIBLE
FDX20258493596,CUST137642,Ray-Hicks,Mid,2025-12-16,13078,49574,14999,2025-12-31,15,12,2026-01-12,2026-01-06,RESOLVED_IN_GRACE
FDX20257203657,CUST747453,Smith-Watson,Small,2026-01-07,8273,22185,21415,2026-01-17,10,7,2026-01-24,2026-01-23,RESOLVED_IN_GRACE
FDX20253942713,CUST171744,"Huffman, Harris and Davis",Mega,2025-12-01,59138,184847,112564,2026-01-05,35,30,2026-02-04,,ELIGIBLE
FDX20255383091,CUST346174,Phelps-Johnson,Large,2025-12-14,25156,130592,55362,2026-01-08,25,20,2026-01-28,2026-01-26,RESOLVED_IN_GRACE
FDX20254962709,CUST761820,"Scott, Baker and Zhang",Small,2026-01-09,31119,160587,107327,2026-01-19,10,7,2026-01-26,2026-01-23,RESOLVED_IN_GRACE
FDX20259135582,CUST817644,Harrison-Gallegos,Mid,2025-12-24,14998,50739,34092,2026-01-08,15,12,2026-01-20,2026-01-15,RESOLVED_IN_GRACE
FDX20254033474,CUST401338,Jones-Lewis,Small,2026-01-10,32123,117155,117020,2026-01-20,10,7,2026-01-27,,ELIGIBLE
FDX20259848116,CUST338536,Allen-Cherry,Small,2025-12-26,29486,108642,81140,2026-01-05,10,7,2026-01-12,,ELIGIBLE
FDX20251555166,CUST883041,Wyatt-Reed,Small,2025-12-22,58107,258482,253552,2026-01-01,10,7,2026-01-08,,IN_GRACE
FDX20256752034,CUST194769,Lynch-Cohen,Mid,2025-12-30,3947,13924,7525,2026-01-14,15,12,2026-01-26,2026-01-17,RESOLVED_IN_GRACE
FDX20252416021,CUST555052,Morrow-Mendoza,Large,2025-12-04,33330,109089,108090,2025-12-29,25,20,2026-01-18,,ELIGIBLE
FDX20253433874,CUST203225,Wright-Barker,Mega,2025-12-01,42088,229617,111413,2026-01-05,35,30,2026-02-04,,IN_GRACE
FDX20253586212,CUST897305,Bennett-Wheeler,Mega,2025-12-01,8804,33009,28289,2026-01-05,35,30,2026-02-04,,ELIGIBLE
FDX20259320631,CUST764532,Hernandez-Gallagher,Small,2026-01-01,11109,31290,29969,2026-01-11,10,7,2026-01-18,,ELIGIBLE
FDX20257928115,CUST838083,"Mays, George and Vega",Large,2025-12-10,20091,59377,23588,2026-01-04,25,20,2026-01-24,,IN_GRACE
FDX20257428475,CUST205389,Tucker-Torres,Large,2025-12-06,58983,170732,61754,2025-12-31,25,20,2026-01-20,,ELIGIBLE
FDX20254992095,CUST565230,Brooks-Williams,Mid,2025-12-26,13233,74257,45295,2026-01-10,15,12,2026-01-22,,ELIGIBLE
FDX20258385078,CUST274446,"Diaz, Dougherty and Silva",Small,2026-01-01,30087,81104,61736,2026-01-11,10,7,2026-01-18,2026-01-18,RESOLVED_IN_GRACE
FDX20253806547,CUST827712,Schneider LLC,Mid,2025-12-24,36451,105567,79429,2026-01-08,15,12,2026-01-20,2026-01-10,RESOLVED_IN_GRACE
FDX20254537589,CUST414012,Rodriguez-Mclaughlin,Mid,2025-12-26,27173,107126,95035,2026-01-10,15,12,2026-01-22,,ELIGIBLE
FDX20256789409,CUST130353,Flores-Wright,Small,2025-12-29,18694,85525,79181,2026-01-08,10,7,2026-01-15,,ELIGIBLE
FDX20251911435,CUST148225,Pacheco-Russell,Mid,2025-12-22,32680,155858,115759,2026-01-06,15,12,2026-01-18,,ELIGIBLE
FDX20255435820,CUST440131,Wheeler-Kirk,Mid,2026-01-01,32258,107145,100201,2026-01-16,15,12,2026-01-28,,IN_GRACE
FDX20252946062,CUST934816,Mendoza-Sanchez,Mid,2025-12-17,14365,51382,15788,2026-01-01,15,12,2026-01-13,2026-01-08,RESOLVED_IN_GRACE
FDX20251881193,CUST158845,Anderson-Stark,Mid,2025-12-31,7214,26672,15458,2026-01-15,15,12,2026-01-27,,ELIGIBLE
FDX20253811868,CUST407618,Brown-Keith,Mid,2026-01-01,15587,60032,44893,2026-01-16,15,12,2026-01-28,,IN_GRACE
FDX20258784878,CUST475876,Simmons-Peterson,Small,2026-01-13,58005,316795,155314,2026-01-23,10,7,2026-01-30,,ELIGIBLE
FDX20257689827,CUST493049,Norris Inc,Mid,2025-12-24,19167,109921,88386,2026-01-08,15,12,2026-01-20,2026-01-18,RESOLVED_IN_GRACE
FDX20258989846,CUST551607,Vang-Baker,Mid,2025-12-25,15287,60590,16789,2026-01-09,15,12,2026-01-21,,ELIGIBLE
FDX20256056101,CUST252640,Ho-Torres,Mid,2025-12-31,54489,226383,222609,2026-01-15,15,12,2026-01-27,,ELIGIBLE
FDX20258990421,CUST356059,Hopkins-Keller,Mega,2025-12-01,46474,164268,100199,2026-01-05,35,30,2026-02-04,,ELIGIBLE
FDX20259934217,CUST656968,Ibarra-King,Small,2026-01-03,3577,11984,11233,2026-01-13,10,7,2026-01-20,,ELIGIBLE
FDX20254920186,CUST532067,Howard-Murray,Small,2025-12-27,3400,20398,16621,2026-01-06,10,7,2026-01-13,,ELIGIBLE
FDX20257371999,CUST693418,Allen-Arnold,Mid,2025-12-20,57907,283141,181211,2026-01-04,15,12,2026-01-16,,ELIGIBLE
FDX20257544296,CUST814919,Weaver-Carr,Mid,2025-12-16,23396,115206,85058,2025-12-31,15,12,2026-01-12,2026-01-01,RESOLVED_IN_GRACE
FDX20258962291,CUST931016,"Porter, Medina and Lucas",Large,2025-12-12,33015,93703,74729,2026-01-06,25,20,2026-01-26,2026-01-24,RESOLVED_IN_GRACE
FDX20255406118,CUST288803,Hobbs LLC,Small,2026-01-01,46077,146583,67038,2026-01-11,10,7,2026-01-18,2026-01-16,RESOLVED_IN_GRACE
FDX20253435210,CUST278240,Garcia-Ruiz,Large,2025-12-06,13449,49295,39606,2025-12-31,25,20,2026-01-20,,ELIGIBLE
FDX20259899342,CUST283573,Church and Sons,Mid,2025-12-30,7716,26447,26393,2026-01-14,15,12,2026-01-26,2026-01-16,RESOLVED_IN_GRACE
FDX20258293631,CUST182804,Donovan-Stewart,Mid,2025-12-20,9847,36911,25968,2026-01-04,15,12,2026-01-16,2026-01-12,RESOLVED_IN_GRACE
FDX20251199028,CUST739098,Mclaughlin-Smith,Mega,2025-12-01,18116,69139,57321,2026-01-05,35,30,2026-02-04,2026-01-26,RESOLVED_IN_GRACE
FDX20255845129,CUST501126,Thompson-Bryan,Small,2026-01-10,40051,236682,118063,2026-01-20,10,7,2026-01-27,,ELIGIBLE
FDX20258529960,CUST749813,"Lane, Herrera and Smith",Small,2026-01-05,45551,140734,137286,2026-01-15,10,7,2026-01-22,,IN_GRACE
FDX20257408965,CUST816318,Villa-Edwards,Small,2026-01-13,49761,178692,168935,2026-01-23,10,7,2026-01-30,,ELIGIBLE
FDX20256296376,CUST352528,"Cox, Henry and Stewart",Mega,2025-12-01,17783,77108,44733,2026-01-05,35,30,2026-02-04,2026-02-04,RESOLVED_IN_GRACE
FDX20259896176,CUST621841,Campbell-Ford,Small,2025-12-31,34303,144201,35480,2026-01-10,10,7,2026-01-17,,ELIGIBLE
FDX20251688161,CUST711484,Jones-Lang,Small,2025-12-30,23419,124741,24953,2026-01-09,10,7,2026-01-16,,ELIGIBLE
FDX20252633502,CUST250069,Walters-Valencia,Mid,2025-12-25,33565,159773,42233,2026-01-09,15,12,2026-01-21,,ELIGIBLE
FDX20259913623,CUST343467,Smith-Boone,Small,2025-12-24,51208,139782,133517,2026-01-03,10,7,2026-01-10,,ELIGIBLE
FDX20256936250,CUST583550,Crane-Williams,Small,2025-12-31,54102,241282,222183,2026-01-10,10,7,2026-01-17,,ELIGIBLE
FDX20258244164,CUST768891,Weiss-Reyes,Small,2025-12-22,25313,78893,27276,2026-01-01,10,7,2026-01-08,,ELIGIBLE
FDX20255573311,CUST366314,"Austin, Carter and Suarez",Mid,2025-12-21,55152,249898,125230,2026-01-05,15,12,2026-01-17,,IN_GRACE
FDX20256619820,CUST581894,Estrada-Ali,Small,2026-01-11,4175,18562,4761,2026-01-21,10,7,2026-01-28,2026-01-25,RESOLVED_IN_GRACE
FDX20255535319,CUST367729,Hooper-Scott,Small,2025-12-31,36084,117077,106580,2026-01-10,10,7,2026-01-17,2026-01-16,RESOLVED_IN_GRACE
FDX20255480989,CUST799233,"Calhoun, Delacruz and James",Mid,2025-12-25,43802,188512,159503,2026-01-09,15,12,2026-01-21,,IN_GRACE
FDX20252648810,CUST109853,Long-Reilly,Mid,2025-12-22,36293,186513,106784,2026-01-06,15,12,2026-01-18,2026-01-15,RESOLVED_IN_GRACE
FDX20255283960,CUST943718,Park Group,Small,2026-01-04,14363,36603,21834,2026-01-14,10,7,2026-01-21,,IN_GRACE
FDX20257562471,CUST587853,Perez-Browning,Mid,2025-12-22,18166,79332,73309,2026-01-06,15,12,2026-01-18,,ELIGIBLE
FDX20258736118,CUST401603,Hanson and Sons,Mid,2025-12-24,51882,221788,173107,2026-01-08,15,12,2026-01-20,,ELIGIBLE
FDX20255056679,CUST810526,Romero-Walker,Small,2025-12-31,15463,67024,36995,2026-01-10,10,7,2026-01-17,2026-01-16,RESOLVED_IN_GRACE
FDX20254270310,CUST673149,Morgan PLC,Mid,2025-12-12,20161,51350,48602,2025-12-27,15,12,2026-01-08,,ELIGIBLE
FDX20259723352,CUST265649,"Fields, Stevens and Smith",Small,2025-12-30,20574,85817,61218,2026-01-09,10,7,2026-01-16,,ELIGIBLE
FDX20256660743,CUST177449,Rivera-Cox,Small,2025-12-27,9973,56337,22077,2026-01-06,10,7,2026-01-13,2026-01-11,RESOLVED_IN_GRACE
FDX20254018500,CUST563187,"Estes, Brown and Nielsen",Small,2026-01-03,5285,13536,8383,2026-01-13,10,7,2026-01-20,,ELIGIBLE
FDX20256255795,CUST462351,West-Jackson,Mega,2025-12-01,9212,51435,38813,2026-01-05,35,30,2026-02-04,2026-01-23,RESOLVED_IN_GRACE
FDX20251177469,CUST716113,"Dixon, Reid and Collins",Mega,2025-12-01,58459,278804,122647,2026-01-05,35,30,2026-02-04,,ELIGIBLE
FDX20251142206,CUST413685,Humphrey-Crawford,Mega,2025-12-01,53395,307346,259407,2026-01-05,35,30,2026-02-04,,IN_GRACE
FDX20252140044,CUST769975,Logan-Knox,Small,2026-01-05,27056,101237,59260,2026-01-15,10,7,2026-01-22,,ELIGIBLE
FDX20251200679,CUST544920,Cole-Simmons,Small,2026-01-05,49954,146566,106055,2026-01-15,10,7,2026-01-22,,ELIGIBLE
FDX20257899609,CUST823846,West-Dennis,Small,2026-01-03,33773,181976,169893,2026-01-13,10,7,2026-01-20,,ELIGIBLE
FDX20252639113,CUST362246,"Daniels, Campos and Reilly",Mid,2026-01-03,22839,122970,57832,2026-01-18,15,12,2026-01-30,2026-01-23,RESOLVED_IN_GRACE
FDX20259812472,CUST579027,"Brady, Moran and Dixon",Small,2026-01-03,19008,52978,39681,2026-01-13,10,7,2026-01-20,,ELIGIBLE
FDX20252743274,CUST986365,Nielsen-Jones,Small,2026-01-11,50156,279432,106677,2026-01-21,10,7,2026-01-28,2026-01-22,RESOLVED_IN_GRACE
FDX20258481668,CUST416797,Mills-Coleman,Small,2026-01-05,14600,48702,16806,2026-01-15,10,7,2026-01-22,2026-01-19,RESOLVED_IN_GRACE
FDX20256897466,CUST308894,Mullins-Bailey,Large,2025-12-01,42547,203817,156766,2025-12-26,25,20,2026-01-15,,ELIGIBLE
FDX20254681195,CUST503380,Brown-Dixon,Small,2025-12-27,1832,10422,7439,2026-01-06,10,7,2026-01-13,,ELIGIBLE
FDX20255752935,CUST994787,Gardner-Keith,Small,2026-01-11,11626,56808,52213,2026-01-21,10,7,2026-01-28,,IN_GRACE
FDX20255226115,CUST606680,Callahan-Allison,Mid,2026-01-03,42459,120325,58737,2026-01-18,15,12,2026-01-30,,IN_GRACE
FDX20254239337,CUST211834,"Atkins, Nelson and Cobb",Mid,2025-12-16,50207,220309,91875,2025-12-31,15,12,2026-01-12,,IN_GRACE
FDX20251571126,CUST348728,Floyd-Newman,Mid,2025-12-19,15047,80148,17521,2026-01-03,15,12,2026-01-15,,ELIGIBLE
FDX20251397627,CUST499889,"Simon, Stevens and Rasmussen",Small,2026-01-13,10041,51460,35016,2026-01-23,10,7,2026-01-30,2026-01-25,RESOLVED_IN_GRACE
FDX20252542518,CUST699704,Brewer-Smith,Small,2026-01-04,15848,41017,35521,2026-01-14,10,7,2026-01-21,,IN_GRACE
FDX20251954320,CUST476395,Lewis-Harris,Small,2026-01-09,55404,181798,174712,2026-01-19,10,7,2026-01-26,,ELIGIBLE
FDX20254637715,CUST702733,Martin-Clark,Small,2026-01-05,17614,67511,43798,2026-01-15,10,7,2026-01-22,,ELIGIBLE
FDX20253043299,CUST410244,Hester-Garcia,Mid,2025-12-24,24609,96221,25030,2026-01-08,15,12,2026-01-20,,ELIGIBLE
FDX20253012881,CUST833247,Parsons Inc,Mid,2025-12-16,17544,45783,31967,2025-12-31,15,12,2026-01-12,,ELIGIBLE
FDX20252449322,CUST409571,"Oneill, Olson and Burton",Mid,2025-12-26,40640,132359,86937,2026-01-10,15,12,2026-01-22,2026-01-15,RESOLVED_IN_GRACE
FDX20253179482,CUST123005,Nguyen-Price,Mid,2025-12-30,54262,151415,77855,2026-01-14,15,12,2026-01-26,2026-01-25,RESOLVED_IN_GRACE
FDX20257307535,CUST970357,Moore-Greene,Mid,2025-12-14,31837,106917,53247,2025-12-29,15,12,2026-01-10,,ELIGIBLE
FDX20254099902,CUST790203,Lindsey-Meyers,Small,2026-01-01,3187,9891,4382,2026-01-11,10,7,2026-01-18,2026-01-18,RESOLVED_IN_GRACE
FDX20252859671,CUST515032,Freeman-Dickson,Small,2026-01-05,42653,200291,99014,2026-01-15,10,7,2026-01-22,,ELIGIBLE
FDX20254091420,CUST387813,"Anderson, James and Nichols",Large,2025-12-13,7622,37353,18316,2026-01-07,25,20,2026-01-27,,ELIGIBLE
FDX20255250268,CUST108491,Allen-Jones,Mid,2025-12-12,1786,4645,2982,2025-12-27,15,12,2026-01-08,,IN_GRACE
FDX20255942041,CUST693419,Charles Inc,Mid,2025-12-28,9890,37863,12458,2026-01-12,15,12,2026-01-24,,ELIGIBLE
FDX20258834214,CUST819112,Hernandez-Gonzales,Small,2026-01-03,45035,251968,81743,2026-01-13,10,7,2026-01-20,,ELIGIBLE
FDX20252270273,CUST916118,"Glass, Nguyen and Mcguire",Large,2025-12-01,47360,128618,97758,2025-12-26,25,20,2026-01-15,,IN_GRACE
FDX20258607523,CUST880841,Atkinson Group,Mid,2025-12-14,35393,105038,42663,2025-12-29,15,12,2026-01-10,,ELIGIBLE
FDX20255636946,CUST151426,Chang-Kelley,Mid,2026-01-03,21223,122308,37534,2026-01-18,15,12,2026-01-30,,ELIGIBLE
FDX20258163592,CUST735863,Finley-Thompson,Large,2025-12-03,52733,313528,61261,2025-12-28,25,20,2026-01-17,,ELIGIBLE
FDX20256425820,CUST881369,Lopez-Collins,Large,2025-12-03,38633,158844,157914,2025-12-28,25,20,2026-01-17,,ELIGIBLE
FDX20255317391,CUST620856,"Escobar, Smith and Jones",Small,2025-12-22,5164,24267,14906,2026-01-01,10,7,2026-01-08,,ELIGIBLE
FDX20253717339,CUST973294,Phillips-Martinez,Large,2025-12-06,36279,128430,95036,2025-12-31,25,20,2026-01-20,,IN_GRACE
FDX20252241464,CUST400096,"Fuller, Dickerson and Mcguire",Small,2025-12-30,15755,73217,39276,2026-01-09,10,7,2026-01-16,,IN_GRACE
FDX20255652111,CUST913423,Orozco-Collins,Mid,2025-12-28,30562,175559,157810,2026-01-12,15,12,2026-01-24,2026-01-22,RESOLVED_IN_GRACE
FDX20252046686,CUST937665,Baker-Choi,Small,2025-12-22,30799,103810,99668,2026-01-01,10,7,2026-01-08,2026-01-07,RESOLVED_IN_GRACE
FDX20257422301,CUST341296,Taylor-Hernandez,Small,2026-01-13,11354,46138,32948,2026-01-23,10,7,2026-01-30,,ELIGIBLE
FDX20257519465,CUST736553,Gray Ltd,Mid,2025-12-14,43317,194122,105367,2025-12-29,15,12,2026-01-10,2026-01-07,RESOLVED_IN_GRACE
FDX20256581020,CUST940886,Smith-Lee,Large,2025-12-01,55886,167234,105004,2025-12-26,25,20,2026-01-15,,ELIGIBLE
FDX20252007616,CUST469435,Perry-Williams,Small,2026-01-11,57731,166516,127957,2026-01-21,10,7,2026-01-28,,ELIGIBLE
FDX20255332524,CUST329642,Marshall-Brown,Small,2026-01-10,11776,61291,21300,2026-01-20,10,7,2026-01-27,,IN_GRACE
FDX20255440339,CUST767542,Schneider-Mcmillan,Mid,2025-12-12,57832,322442,156290,2025-12-27,15,12,2026-01-08,,ELIGIBLE
FDX20253985161,CUST299367,"Bush, Johnson and Tran",Small,2025-12-26,51614,264096,87811,2026-01-05,10,7,2026-01-12,2026-01-09,RESOLVED_IN_GRACE
FDX20258391619,CUST751051,Pearson-Montgomery,Mid,2025-12-16,19488,65956,57949,2025-12-31,15,12,2026-01-12,2026-01-06,RESOLVED_IN_GRACE
FDX20252164313,CUST362801,House-Miller,Mega,2025-12-01,58390,171787,124508,2026-01-05,35,30,2026-02-04,,ELIGIBLE
FDX20259249722,CUST810687,Manning-Lin,Large,2025-12-01,23998,84199,81068,2025-12-26,25,20,2026-01-15,2026-01-07,RESOLVED_IN_GRACE
FDX20254366669,CUST892280,Hull-King,Small,2026-01-09,25429,148312,86644,2026-01-19,10,7,2026-01-26,,ELIGIBLE
FDX20257587312,CUST855948,Cruz-Harmon,Large,2025-12-06,46428,225856,184805,2025-12-31,25,20,2026-01-20,2026-01-17,RESOLVED_IN_GRACE
FDX20253993762,CUST904751,Stafford-Gillespie,Small,2025-12-22,44844,132889,88955,2026-01-01,10,7,2026-01-08,,ELIGIBLE
FDX20259255351,CUST791201,Matthews-Baker,Mid,2025-12-28,23680,136761,29056,2026-01-12,15,12,2026-01-24,,ELIGIBLE
FDX20252819161,CUST813928,Ford-Wright,Small,2025-12-22,17469,47187,34288,2026-01-01,10,7,2026-01-08,,ELIGIBLE
FDX20253413781,CUST979060,Hayes-Sullivan,Small,2026-01-07,9622,51791,50292,2026-01-17,10,7,2026-01-24,,IN_GRACE
FDX20258235234,CUST243423,Powell-Parker,Small,2025-12-30,23018,97303,57332,2026-01-09,10,7,2026-01-16,,ELIGIBLE
FDX20254663917,CUST758765,Chavez-Brown,Mid,2025-12-22,50110,256820,168987,2026-01-06,15,12,2026-01-18,,IN_GRACE
FDX20252782574,CUST201883,Roach-Spencer,Large,2025-12-01,26907,80808,71157,2025-12-26,25,20,2026-01-15,,ELIGIBLE
FDX20258408511,CUST757937,Smith-Price,Mid,2025-12-30,53876,223447,57780,2026-01-14,15,12,2026-01-26,,ELIGIBLE
FDX20255345236,CUST777737,Brown-Gordon,Large,2025-12-12,55538,324602,209768,2026-01-06,25,20,2026-01-26,2026-01-23,RESOLVED_IN_GRACE
FDX20252732870,CUST141337,Mccoy-Diaz,Mid,2025-12-22,37833,168434,114536,2026-01-06,15,12,2026-01-18,,IN_GRACE
FDX20251584868,CUST423939,Brown-Diaz,Small,2026-01-11,49960,155080,143413,2026-01-21,10,7,2026-01-28,,ELIGIBLE
FDX20252223386,CUST926918,"Hurst, Lawrence and Walters",Mid,2025-12-26,56898,227530,64880,2026-01-10,15,12,2026-01-22,,ELIGIBLE
FDX20252181322,CUST562236,"Tyler, Collins and Walker",Small,2026-01-03,34950,162362,52805,2026-01-13,10,7,2026-01-20,2026-01-19,RESOLVED_IN_GRACE
FDX20255204309,CUST134985,Ruiz-Stephenson,Small,2026-01-10,18231,64458,44918,2026-01-20,10,7,2026-01-27,2026-01-26,RESOLVED_IN_GRACE
FDX20258480659,CUST707727,"Cole, Brown and Pham",Small,2025-12-29,20536,56723,36089,2026-01-08,10,7,2026-01-15,2026-01-11,RESOLVED_IN_GRACE
FDX20251314820,CUST482584,"Grant, Boyd and Garcia",Mid,2026-01-03,3253,15400,10019,2026-01-18,15,12,2026-01-30,,ELIGIBLE
FDX20259350043,CUST867934,Dominguez PLC,Small,2025-12-26,40537,196005,131414,2026-01-05,10,7,2026-01-12,2026-01-12,RESOLVED_IN_GRACE
FDX20253497360,CUST237795,Fisher-Smith,Mid,2025-12-17,24588,140288,116045,2026-01-01,15,12,2026-01-13,,ELIGIBLE
FDX20251014556,CUST194511,Boyd-Cuevas,Small,2025-12-27,53923,189943,150462,2026-01-06,10,7,2026-01-13,2026-01-13,RESOLVED_IN_GRACE
FDX20251634776,CUST409445,"Nguyen, Moss and Snyder",Small,2025-12-30,23299,124871,90247,2026-01-09,10,7,2026-01-16,,ELIGIBLE
FDX20257551231,CUST442589,Serrano-Terry,Small,2026-01-11,6598,18526,14917,2026-01-21,10,7,2026-01-28,,ELIGIBLE
FDX20255470062,CUST883790,Rush-Brown,Mega,2025-12-01,51086,162869,138123,2026-01-05,35,30,2026-02-04,,ELIGIBLE
FDX20253543551,CUST535686,Andrade-Jordan,Large,2025-12-10,11497,58012,40243,2026-01-04,25,20,2026-01-24,2026-01-15,RESOLVED_IN_GRACE
FDX20256533643,CUST284171,"Dawson, Mason and Harding",Small,2026-01-07,21162,111497,80409,2026-01-17,10,7,2026-01-24,2026-01-23,RESOLVED_IN_GRACE
FDX20257565434,CUST310548,Nguyen-Simon,Mid,2025-12-26,34048,149759,69635,2026-01-10,15,12,2026-01-22,,ELIGIBLE
FDX20251062138,CUST238579,Soto-Allen,Mid,2026-01-01,25886,140005,49468,2026-01-16,15,12,2026-01-28,,IN_GRACE
FDX20259646691,CUST924718,Martin-Small,Mid,2025-12-25,25744,101567,41141,2026-01-09,15,12,2026-01-21,,ELIGIBLE
FDX20259232235,CUST665610,Pace Inc,Large,2025-12-10,9770,38634,26623,2026-01-04,25,20,2026-01-24,2026-01-19,RESOLVED_IN_GRACE
FDX20259021848,CUST483629,Moore and Sons,Mid,2025-12-22,11224,46964,27497,2026-01-06,15,12,2026-01-18,,ELIGIBLE
FDX20258315833,CUST656639,Sullivan-Stone,Small,2025-12-24,33122,160941,94717,2026-01-03,10,7,2026-01-10,,ELIGIBLE
FDX20257776531,CUST626169,Martinez-Mason,Small,2026-01-03,41850,114727,44081,2026-01-13,10,7,2026-01-20,,IN_GRACE
FDX20252176077,CUST385765,Fields-Webb,Large,2025-12-12,33839,92739,80415,2026-01-06,25,20,2026-01-26,,ELIGIBLE
FDX20254789081,CUST970813,Morgan-Lopez,Mid,2025-12-21,20179,93823,67913,2026-01-05,15,12,2026-01-17,,ELIGIBLE
FDX20251055488,CUST272537,Rodriguez-Stanley,Small,2026-01-07,40811,176530,122217,2026-01-17,10,7,2026-01-24,2026-01-22,RESOLVED_IN_GRACE
FDX20257449562,CUST369452,Pruitt and Sons,Small,2025-12-22,46588,225536,167657,2026-01-01,10,7,2026-01-08,2026-01-04,RESOLVED_IN_GRACE
FDX20259087731,CUST964749,Larson-White,Mega,2025-12-01,48661,149314,105857,2026-01-05,35,30,2026-02-04,,ELIGIBLE
FDX20253033459,CUST605254,Bruce-Fischer,Small,2026-01-10,29442,90981,42383,2026-01-20,10,7,2026-01-27,,IN_GRACE
FDX20259980912,CUST945664,"Lowery, Carr and Johnson",Mid,2025-12-25,45916,262544,135285,2026-01-09,15,12,2026-01-21,,ELIGIBLE
FDX20257021650,CUST409478,"Wagner, James and Robertson",Mid,2025-12-28,53148,243435,225898,2026-01-12,15,12,2026-01-24,,ELIGIBLE
FDX20256594190,CUST882824,Schroeder-West,Mid,2025-12-25,56907,270345,87686,2026-01-09,15,12,2026-01-21,,IN_GRACE
FDX20256080612,CUST455168,Lloyd-Holland,Large,2025-12-06,11595,50606,35451,2025-12-31,25,20,2026-01-20,,ELIGIBLE
FDX20257721201,CUST943298,Ryan-Owen,Mid,2026-01-03,39912,157713,84936,2026-01-18,15,12,2026-01-30,,ELIGIBLE
FDX20251926012,CUST220764,Yates-Sanchez,Small,2026-01-03,3457,11406,9818,2026-01-13,10,7,2026-01-20,,ELIGIBLE
FDX20252521139,CUST591081,"Miller, Romero and Lee",Mid,2025-12-14,31017,134024,89573,2025-12-29,15,12,2026-01-10,,ELIGIBLE
FDX20257129645,CUST178957,Smith-Carrillo,Small,2026-01-03,18769,49651,31076,2026-01-13,10,7,2026-01-20,2026-01-16,RESOLVED_IN_GRACE
FDX20259969540,CUST247594,Lowe-Jones,Small,2026-01-04,9621,34201,14635,2026-01-14,10,7,2026-01-21,,ELIGIBLE
FDX20256705306,CUST890785,Reynolds-Barry,Large,2025-12-04,33666,103501,96931,2025-12-29,25,20,2026-01-18,,IN_GRACE
FDX20252349840,CUST336574,Pace-Olson,Small,2025-12-30,27537,116086,53403,2026-01-09,10,7,2026-01-16,,ELIGIBLE
FDX20258711468,CUST809176,Campbell-Myers,Small,2026-01-05,54274,152135,91370,2026-01-15,10,7,2026-01-22,,ELIGIBLE
FDX20255864699,CUST859396,Garner Inc,Large,2025-12-13,55045,234033,84713,2026-01-07,25,20,2026-01-27,,IN_GRACE
FDX20254407796,CUST807166,Wright-Davis,Mid,2025-12-26,46944,170302,83159,2026-01-10,15,12,2026-01-22,,ELIGIBLE
FDX20253963163,CUST516716,Gray-Carson,Small,2025-12-22,8264,36927,29136,2026-01-01,10,7,2026-01-08,,ELIGIBLE
FDX20251659867,CUST986827,"Bray, Smith and Howell",Large,2025-12-01,55182,150911,62506,2025-12-26,25,20,2026-01-15,,ELIGIBLE
FDX20257445196,CUST943671,Parker-Hicks,Small,2026-01-04,23715,96369,71495,2026-01-14,10,7,2026-01-21,2026-01-17,RESOLVED_IN_GRACE
FDX20254204501,CUST684384,Hebert and Sons,Small,2025-12-30,37917,157879,141503,2026-01-09,10,7,2026-01-16,,ELIGIBLE
FDX20256014212,CUST483542,Davis-Sawyer,Mid,2025-12-25,20491,97520,67106,2026-01-09,15,12,2026-01-21,,ELIGIBLE
FDX20257544871,CUST194689,West Ltd,Small,2026-01-13,42295,193872,137592,2026-01-23,10,7,2026-01-30,,ELIGIBLE
FDX20252791270,CUST929090,Wu-Johnston,Small,2025-12-27,30017,180085,79126,2026-01-06,10,7,2026-01-13,,ELIGIBLE
FDX20257027401,CUST513741,Cox-Buckley,Small,2026-01-03,9562,51689,46147,2026-01-13,10,7,2026-01-20,2026-01-19,RESOLVED_IN_GRACE
FDX20259162175,CUST114594,"Stanton, Smith and Joseph",Small,2025-12-26,15569,52261,40014,2026-01-05,10,7,2026-01-12,2026-01-12,RESOLVED_IN_GRACE
FDX20252423756,CUST377304,Aguilar-Mitchell,Small,2025-12-27,44624,238347,227955,2026-01-06,10,7,2026-01-13,,ELIGIBLE
FDX20258348147,CUST662636,Fitzpatrick-Brown,Large,2025-12-07,57903,345110,275279,2026-01-01,25,20,2026-01-21,2026-01-15,RESOLVED_IN_GRACE
FDX20254178686,CUST229592,"Spencer, Neal and Burnett",Small,2026-01-07,34856,94213,71588,2026-01-17,10,7,2026-01-24,2026-01-24,RESOLVED_IN_GRACE
FDX20253347853,CUST576877,Clements-Diaz,Mid,2025-12-20,52770,292556,146125,2026-01-04,15,12,2026-01-16,2026-01-05,RESOLVED_IN_GRACE
FDX20251598917,CUST486490,Taylor-Ross,Small,2026-01-07,21260,65163,23224,2026-01-17,10,7,2026-01-24,,IN_GRACE
FDX20254239558,CUST805511,Jones-Snyder,Mega,2025-12-01,34447,140823,133947,2026-01-05,35,30,2026-02-04,2026-01-28,RESOLVED_IN_GRACE
FDX20251425547,CUST885395,Mora-Lee,Small,2026-01-11,4830,21699,11413,2026-01-21,10,7,2026-01-28,,ELIGIBLE
FDX20255001116,CUST805000,White-Houston,Mid,2026-01-03,6707,32287,9616,2026-01-18,15,12,2026-01-30,2026-01-24,RESOLVED_IN_GRACE
FDX20259207960,CUST374896,Ingram-Duncan,Small,2026-01-03,23102,119561,96391,2026-01-13,10,7,2026-01-20,,ELIGIBLE
FDX20257522436,CUST712955,Sullivan-Collier,Mid,2025-12-17,22540,77147,28666,2026-01-01,15,12,2026-01-13,,ELIGIBLE
FDX20252056840,CUST499534,"Donaldson, Gomez and Moran",Mid,2025-12-26,42508,226015,195356,2026-01-10,15,12,2026-01-22,2026-01-14,RESOLVED_IN_GRACE
FDX20256162867,CUST962367,Odom-Smith,Mid,2025-12-31,16118,65917,52555,2026-01-15,15,12,2026-01-27,2026-01-22,RESOLVED_IN_GRACE
FDX20259383308,CUST769567,Cole-Serrano,Small,2025-12-24,59641,161219,140389,2026-01-03,10,7,2026-01-10,2026-01-09,RESOLVED_IN_GRACE
FDX20259958027,CUST489518,Mcguire-Russell,Mid,2025-12-12,17397,100530,26384,2025-12-27,15,12,2026-01-08,2026-01-07,RESOLVED_IN_GRACE
FDX20258538125,CUST213609,Buckley-Park,Large,2025-12-06,46062,225316,55511,2025-12-31,25,20,2026-01-20,,ELIGIBLE
FDX20251275453,CUST807617,Riley-Medina,Mid,2025-12-14,35808,164985,161068,2025-12-29,15,12,2026-01-10,,ELIGIBLE
FDX20251621473,CUST345180,Keller-Jones,Mid,2025-12-12,59391,284176,192083,2025-12-27,15,12,2026-01-08,,ELIGIBLE
FDX20256692259,CUST594379,Hensley PLC,Mid,2025-12-20,37303,139166,122005,2026-01-04,15,12,2026-01-16,,ELIGIBLE
FDX20251940437,CUST126240,Dixon-Huff,Mid,2026-01-03,46013,121439,57546,2026-01-18,15,12,2026-01-30,,ELIGIBLE
FDX20256665977,CUST749641,Peterson-Winters,Small,2025-12-22,3689,15260,9780,2026-01-01,10,7,2026-01-08,,IN_GRACE
FDX20251718308,CUST688678,Nash-Richards,Small,2026-01-05,53277,277860,104894,2026-01-15,10,7,2026-01-22,,ELIGIBLE
FDX20257803292,CUST443939,Guzman-Mathews,Small,2026-01-04,40639,122117,52807,2026-01-14,10,7,2026-01-21,2026-01-15,RESOLVED_IN_GRACE
FDX20252982850,CUST739717,Sanders-King,Small,2025-12-22,25710,91093,37061,2026-01-01,10,7,2026-01-08,2026-01-02,RESOLVED_IN_GRACE
FDX20254551370,CUST332120,Charles-Turner,Mid,2025-12-31,12101,56852,30781,2026-01-15,15,12,2026-01-27,2026-01-16,RESOLVED_IN_GRACE
FDX20259776491,CUST779112,Lyons-Anderson,Large,2025-12-06,3661,19164,15263,2025-12-31,25,20,2026-01-20,,ELIGIBLE
FDX20258690178,CUST166287,Hawkins-Williams,Mega,2025-12-01,13942,79810,45053,2026-01-05,35,30,2026-02-04,2026-01-28,RESOLVED_IN_GRACE
FDX20253499027,CUST766269,Contreras-Clark,Small,2026-01-09,15730,76724,44135,2026-01-19,10,7,2026-01-26,,ELIGIBLE
FDX20254908850,CUST963874,Olson-Nichols,Small,2026-01-05,17424,76313,55922,2026-01-15,10,7,2026-01-22,,ELIGIBLE
FDX20252208521,CUST586819,Adams-Hunter,Large,2025-12-03,4289,13752,4328,2025-12-28,25,20,2026-01-17,,ELIGIBLE
FDX20251618704,CUST835132,Mora-Fleming,Small,2025-12-31,45126,174734,116343,2026-01-10,10,7,2026-01-17,2026-01-15,RESOLVED_IN_GRACE
FDX20253375493,CUST416869,"Nelson, Flores and Hamilton",Small,2025-12-27,43199,225318,179188,2026-01-06,10,7,2026-01-13,2026-01-08,RESOLVED_IN_GRACE
FDX20259202292,CUST780776,Murphy-Rocha,Mid,2025-12-22,44418,127503,117765,2026-01-06,15,12,2026-01-18,2026-01-15,RESOLVED_IN_GRACE
FDX20251319824,CUST528129,Parker-Graham,Mid,2025-12-25,41800,159879,111033,2026-01-09,15,12,2026-01-21,2026-01-14,RESOLVED_IN_GRACE
FDX20258905753,CUST222343,Stevens-Taylor,Mid,2025-12-28,20068,109125,88190,2026-01-12,15,12,2026-01-24,,ELIGIBLE
FDX20251768424,CUST246566,Floyd-Hancock,Small,2026-01-09,8010,44689,35024,2026-01-19,10,7,2026-01-26,,ELIGIBLE
FDX20255071537,CUST147549,"Wise, Garrison and Frederick",Large,2025-12-10,52154,249085,165472,2026-01-04,25,20,2026-01-24,,ELIGIBLE
FDX20253190059,CUST139019,Khan-Swanson,Small,2026-01-13,27988,102536,63766,2026-01-23,10,7,2026-01-30,2026-01-30,RESOLVED_IN_GRACE
FDX20251241008,CUST419149,Obrien-Collins,Small,2026-01-05,54216,170959,151097,2026-01-15,10,7,2026-01-22,,ELIGIBLE
FDX20253889858,CUST616554,Stout-Roy,Small,2026-01-04,2017,9495,3922,2026-01-14,10,7,2026-01-21,,ELIGIBLE
FDX20251838156,CUST221761,Scott-Joyce,Small,2026-01-05,21093,119906,112759,2026-01-15,10,7,2026-01-22,,IN_GRACE
FDX20256156264,CUST201913,Ho-Moyer,Small,2026-01-03,7575,25018,17207,2026-01-13,10,7,2026-01-20,,ELIGIBLE
FDX20252632292,CUST346205,"Rodriguez, Warner and Shields",Small,2025-12-24,13712,60806,42217,2026-01-03,10,7,2026-01-10,,ELIGIBLE
FDX20258653507,CUST663658,Thompson and Sons,Small,2026-01-09,20643,114617,57093,2026-01-19,10,7,2026-01-26,,ELIGIBLE
FDX20253863692,CUST242254,Williams-Boyle,Small,2026-01-04,11258,55213,31374,2026-01-14,10,7,2026-01-21,,IN_GRACE
FDX20252073030,CUST507524,Villegas-Lynn,Small,2026-01-04,19510,52705,36395,2026-01-14,10,7,2026-01-21,,IN_GRACE
FDX20252783941,CUST575679,Smith-Whitaker,Mid,2025-12-26,31849,164588,82737,2026-01-10,15,12,2026-01-22,,ELIGIBLE
FDX20252915617,CUST489033,Edwards-Johnson,Mid,2025-12-26,51733,308697,252268,2026-01-10,15,12,2026-01-22,2026-01-13,RESOLVED_IN_GRACE
FDX20259340683,CUST803055,"Compton, Robertson and Harper",Small,2026-01-03,51413,258268,208508,2026-01-13,10,7,2026-01-20,,ELIGIBLE
FDX20254700592,CUST879238,Welch-Clark,Mid,2025-12-30,55267,251962,161819,2026-01-14,15,12,2026-01-26,,ELIGIBLE
FDX20252058811,CUST830316,Dunlap-Knight,Small,2026-01-09,17203,71996,56123,2026-01-19,10,7,2026-01-26,2026-01-26,RESOLVED_IN_GRACE
FDX20254399754,CUST666432,"Sawyer, Harrison and Cortez",Mid,2026-01-03,44177,196231,180041,2026-01-18,15,12,2026-01-30,,IN_GRACE
FDX20258150641,CUST539486,Church-Stokes,Small,2025-12-30,7589,41355,38677,2026-01-09,10,7,2026-01-16,2026-01-13,RESOLVED_IN_GRACE
FDX20256659678,CUST715870,Freeman LLC,Small,2026-01-01,55553,218141,127020,2026-01-11,10,7,2026-01-18,,ELIGIBLE
FDX20257744585,CUST878325,Carlson-Griffith,Mid,2025-12-25,41436,147830,82212,2026-01-09,15,12,2026-01-21,2026-01-16,RESOLVED_IN_GRACE
FDX20256439759,CUST861894,Johnson-Banks,Large,2025-12-01,36003,148447,123002,2025-12-26,25,20,2026-01-15,2025-12-29,RESOLVED_IN_GRACE
FDX20253026728,CUST262029,Hayes-Henry,Mid,2025-12-16,21551,87594,71885,2025-12-31,15,12,2026-01-12,,ELIGIBLE
FDX20253304005,CUST535037,Dodson-Phillips,Large,2025-12-10,54941,297223,111885,2026-01-04,25,20,2026-01-24,,ELIGIBLE
FDX20256395382,CUST786735,Mcdonald-Carlson,Small,2026-01-01,53481,282871,215120,2026-01-11,10,7,2026-01-18,,ELIGIBLE
FDX20254577436,CUST203831,Allison-Webb,Small,2026-01-09,47580,206757,112938,2026-01-19,10,7,2026-01-26,,IN_GRACE
FDX20251764815,CUST974190,Callahan-Ramirez,Small,2025-12-29,7519,29513,18341,2026-01-08,10,7,2026-01-15,,ELIGIBLE
FDX20253909968,CUST613117,Frost-Brock,Small,2026-01-04,54458,250744,160200,2026-01-14,10,7,2026-01-21,,ELIGIBLE
FDX20256628818,CUST745558,Fox-Gardner,Small,2026-01-04,21878,73592,34722,2026-01-14,10,7,2026-01-21,,ELIGIBLE
FDX20252060687,CUST527940,"Mccarty, Lopez and Monroe",Large,2025-12-01,41807,177694,44490,2025-12-26,25,20,2026-01-15,,ELIGIBLE
FDX20253025773,CUST393328,Bauer-Lucero,Mid,2025-12-20,11500,53578,49729,2026-01-04,15,12,2026-01-16,,ELIGIBLE
FDX20255595168,CUST134305,"Bailey, Turner and Bullock",Large,2025-12-03,51242,131017,124055,2025-12-28,25,20,2026-01-17,,ELIGIBLE
FDX20253369560,CUST823811,Chase-Kelly,Mid,2025-12-19,38550,194687,108875,2026-01-03,15,12,2026-01-15,,ELIGIBLE
FDX20257965133,CUST488528,Lopez-Rosales,Mid,2025-12-22,51679,283639,153548,2026-01-06,15,12,2026-01-18,2026-01-13,RESOLVED_IN_GRACE
FDX20253819425,CUST327823,Howard-Phillips,Mega,2025-12-01,28913,159795,159460,2026-01-05,35,30,2026-02-04,,ELIGIBLE
FDX20257206350,CUST564920,Maldonado-Dunn,Small,2026-01-03,54441,272249,71185,2026-01-13,10,7,2026-01-20,,ELIGIBLE
FDX20253768343,CUST566297,Davis-Hale,Small,2025-12-26,9478,35626,14036,2026-01-05,10,7,2026-01-12,,ELIGIBLE
FDX20258359513,CUST347582,Franklin-Sanders,Large,2025-12-16,39284,136455,71133,2026-01-10,25,20,2026-01-30,,ELIGIBLE
FDX20255087678,CUST997004,Williams-Wood,Small,2026-01-01,45080,148457,79983,2026-01-11,10,7,2026-01-18,,ELIGIBLE
FDX20251682814,CUST480303,Pineda Group,Small,2025-12-26,26646,140039,90955,2026-01-05,10,7,2026-01-12,,ELIGIBLE
FDX20253237592,CUST204180,Jones-Reese,Mega,2025-12-01,10502,38427,12220,2026-01-05,35,30,2026-02-04,2026-01-13,RESOLVED_IN_GRACE
FDX20252677182,CUST818987,Sandoval-Alexander,Small,2025-12-24,32151,107612,62350,2026-01-03,10,7,2026-01-10,,ELIGIBLE
FDX20257310431,CUST485178,Smith-Jarvis,Small,2025-12-29,33348,176038,104085,2026-01-08,10,7,2026-01-15,2026-01-09,RESOLVED_IN_GRACE
FDX20253646667,CUST670913,Cardenas-Robinson,Mid,2025-12-22,26849,155659,120211,2026-01-06,15,12,2026-01-18,2026-01-08,RESOLVED_IN_GRACE
FDX20251262233,CUST776149,Jones-Mccoy,Small,2026-01-01,14853,70862,41963,2026-01-11,10,7,2026-01-18,2026-01-15,RESOLVED_IN_GRACE
FDX20259169958,CUST476096,Mcfarland-Quinn,Large,2025-12-03,21213,121297,64044,2025-12-28,25,20,2026-01-17,2026-01-13,RESOLVED_IN_GRACE
FDX20252354300,CUST163491,Henry-Thompson,Small,2026-01-10,34362,117966,41106,2026-01-20,10,7,2026-01-27,2026-01-23,RESOLVED_IN_GRACE
FDX20251106528,CUST517479,Turner-Rodriguez,Large,2025-12-14,53091,219156,139037,2026-01-08,25,20,2026-01-28,,ELIGIBLE
FDX20251121198,CUST389282,Hahn-Waters,Small,2026-01-05,39780,200386,125121,2026-01-15,10,7,2026-01-22,,ELIGIBLE
FDX20254010048,CUST299028,Davidson-Rocha,Small,2025-12-30,45787,232262,219481,2026-01-09,10,7,2026-01-16,2026-01-13,RESOLVED_IN_GRACE
FDX20252495541,CUST228093,White-Brown,Mega,2025-12-01,44211,208002,164895,2026-01-05,35,30,2026-02-04,2026-01-22,RESOLVED_IN_GRACE
FDX20255760225,CUST989227,Thompson-Hoover,Large,2025-12-01,26755,140499,115490,2025-12-26,25,20,2026-01-15,2025-12-27,RESOLVED_IN_GRACE
FDX20257983050,CUST964226,Berry-Smith,Small,2025-12-29,5046,24167,16099,2026-01-08,10,7,2026-01-15,,IN_GRACE
FDX20258986164,CUST576805,Lopez-Williams,Small,2026-01-13,5897,19059,12378,2026-01-23,10,7,2026-01-30,,ELIGIBLE
FDX20253128901,CUST196126,James-Hayes,Mid,2025-12-20,43259,233708,214087,2026-01-04,15,12,2026-01-16,2026-01-11,RESOLVED_IN_GRACE
FDX20254458794,CUST794963,Wallace-Young,Mega,2025-12-01,18613,88419,52095,2026-01-05,35,30,2026-02-04,,IN_GRACE
FDX20253400615,CUST322409,Walsh-Price,Small,2025-12-31,40930,171522,69088,2026-01-10,10,7,2026-01-17,,ELIGIBLE
FDX20255545782,CUST772875,Roth-Moss,Small,2025-12-27,28647,101002,50353,2026-01-06,10,7,2026-01-13,,ELIGIBLE
FDX20259775941,CUST770556,Roberts LLC,Mid,2025-12-30,32098,85018,56191,2026-01-14,15,12,2026-01-26,,ELIGIBLE
FDX20258556779,CUST726152,Gomez Ltd,Small,2026-01-13,28440,85173,45175,2026-01-23,10,7,2026-01-30,,IN_GRACE
FDX20257912738,CUST122394,Weaver-Miller,Mid,2025-12-24,29968,121467,55249,2026-01-08,15,12,2026-01-20,,ELIGIBLE
FDX20255014011,CUST153035,Lamb-Farmer,Large,2025-12-13,59355,214266,125728,2026-01-07,25,20,2026-01-27,2026-01-13,RESOLVED_IN_GRACE
FDX20253928445,CUST925013,Baxter-Dixon,Small,2026-01-13,4272,11686,6662,2026-01-23,10,7,2026-01-30,,ELIGIBLE
FDX20251631179,CUST449709,Hughes LLC,Small,2025-12-27,11391,34229,33837,2026-01-06,10,7,2026-01-13,,ELIGIBLE
FDX20254019906,CUST355400,Taylor-Wilson,Mid,2025-12-12,34930,143855,93004,2025-12-27,15,12,2026-01-08,2026-01-01,RESOLVED_IN_GRACE
FDX20259386722,CUST232040,"Moyer, Andrade and Morris",Small,2026-01-01,31378,172208,57527,2026-01-11,10,7,2026-01-18,,ELIGIBLE
FDX20252476750,CUST925206,Anderson-Nguyen,Large,2025-12-01,58218,242186,94207,2025-12-26,25,20,2026-01-15,,ELIGIBLE
FDX20256053293,CUST692002,Martin-Arnold,Small,2026-01-11,4823,20234,10160,2026-01-21,10,7,2026-01-28,,ELIGIBLE
FDX20256836014,CUST315173,Fuller-Warner,Small,2025-12-24,6927,38012,25750,2026-01-03,10,7,2026-01-10,,ELIGIBLE
FDX20258026061,CUST171942,Underwood Ltd,Large,2025-12-08,7574,37666,24865,2026-01-02,25,20,2026-01-22,2026-01-14,RESOLVED_IN_GRACE
FDX20251076672,CUST970127,Hall-Dyer,Small,2026-01-01,45453,119321,90060,2026-01-11,10,7,2026-01-18,2026-01-15,RESOLVED_IN_GRACE
FDX20254953366,CUST902325,Lowe-Davidson,Mid,2025-12-28,26014,147262,39289,2026-01-12,15,12,2026-01-24,2026-01-16,RESOLVED_IN_GRACE
FDX20254219595,CUST681128,"Mccann, Gomez and Morgan",Small,2026-01-03,16166,61163,52035,2026-01-13,10,7,2026-01-20,,ELIGIBLE
FDX20252971454,CUST317220,Fowler-Hicks,Mid,2025-12-26,22439,62606,58052,2026-01-10,15,12,2026-01-22,2026-01-12,RESOLVED_IN_GRACE
FDX20259895263,CUST714867,Haney-Gordon,Small,2026-01-09,42519,175270,91680,2026-01-19,10,7,2026-01-26,,ELIGIBLE
FDX20252605308,CUST326441,Frey and Sons,Large,2025-12-08,13665,46338,36916,2026-01-02,25,20,2026-01-22,2026-01-21,RESOLVED_IN_GRACE
FDX20257071696,CUST952547,"Castaneda, Carson and Beck",Mid,2025-12-22,34314,199559,159040,2026-01-06,15,12,2026-01-18,,IN_GRACE
FDX20259515120,CUST344316,Reeves-Walters,Mid,2025-12-28,29242,126943,122331,2026-01-12,15,12,2026-01-24,2026-01-16,RESOLVED_IN_GRACE
FDX20254678843,CUST444519,Green-Powell,Mid,2025-12-20,13700,66360,57715,2026-01-04,15,12,2026-01-16,,ELIGIBLE
FDX20258788252,CUST911984,Carlson-Meyers,Small,2025-12-27,40234,113068,76822,2026-01-06,10,7,2026-01-13,,IN_GRACE
FDX20254491484,CUST254721,Adams-Burke,Large,2025-12-04,9944,38439,16643,2025-12-29,25,20,2026-01-18,,ELIGIBLE
FDX20255637668,CUST926952,Moss-Harding,Mega,2025-12-01,37411,106082,37615,2026-01-05,35,30,2026-02-04,,ELIGIBLE
FDX20251890350,CUST724932,"Brandt, Fernandez and Hernandez",Mid,2025-12-12,27859,74962,60981,2025-12-27,15,12,2026-01-08,,ELIGIBLE
FDX20254250065,CUST102973,Cowan-Garcia,Mid,2025-12-16,41844,124905,106208,2025-12-31,15,12,2026-01-12,,ELIGIBLE
FDX20252890441,CUST390743,"Hutchinson, Peterson and Wood",Small,2026-01-11,4332,11455,7310,2026-01-21,10,7,2026-01-28,,IN_GRACE
FDX20253503452,CUST251716,Johnson-Reynolds,Large,2025-12-01,11402,36822,31165,2025-12-26,25,20,2026-01-15,2025-12-29,RESOLVED_IN_GRACE
FDX20258959326,CUST236306,Castillo LLC,Small,2025-12-29,36151,125408,81970,2026-01-08,10,7,2026-01-15,,ELIGIBLE
FDX20259346913,CUST666456,Mcdowell Inc,Small,2025-12-27,31589,188888,109045,2026-01-06,10,7,2026-01-13,2026-01-11,RESOLVED_IN_GRACE
FDX20253958222,CUST362829,Donovan Inc,Mid,2025-12-28,56018,246587,150874,2026-01-12,15,12,2026-01-24,2026-01-22,RESOLVED_IN_GRACE
FDX20253680321,CUST937302,Anderson-Summers,Mega,2025-12-01,40729,107308,84474,2026-01-05,35,30,2026-02-04,,ELIGIBLE
FDX20251723359,CUST282973,Washington and Sons,Large,2025-12-12,57025,177349,119032,2026-01-06,25,20,2026-01-26,,ELIGIBLE
FDX20251906432,CUST215266,Lowery PLC,Small,2026-01-07,2741,9804,5619,2026-01-17,10,7,2026-01-24,2026-01-22,RESOLVED_IN_GRACE
FDX20257110145,CUST793169,Taylor-Johnson,Small,2026-01-11,42160,217916,67242,2026-01-21,10,7,2026-01-28,2026-01-22,RESOLVED_IN_GRACE
FDX20255782589,CUST127032,Carter-Lee,Large,2025-12-12,54045,211115,110555,2026-01-06,25,20,2026-01-26,2026-01-17,RESOLVED_IN_GRACE
FDX20254516332,CUST238205,Ward-Ross,Small,2026-01-07,34517,193984,85304,2026-01-17,10,7,2026-01-24,2026-01-18,RESOLVED_IN_GRACE
FDX20258292580,CUST115582,Briggs-Edwards,Small,2025-12-29,21954,55702,53672,2026-01-08,10,7,2026-01-15,,ELIGIBLE
FDX20255217486,CUST475644,"Little, Harris and Mercado",Mid,2026-01-03,32900,178138,128918,2026-01-18,15,12,2026-01-30,2026-01-20,RESOLVED_IN_GRACE
FDX20256608533,CUST928358,Gardner and Sons,Small,2025-12-29,15972,42561,30000,2026-01-08,10,7,2026-01-15,,ELIGIBLE
FDX20258602555,CUST926730,Vang-Robinson,Mega,2025-12-01,6533,16687,16287,2026-01-05,35,30,2026-02-04,2026-01-30,RESOLVED_IN_GRACE
FDX20251726746,CUST349489,Cannon Group,Small,2026-01-13,11536,38010,15099,2026-01-23,10,7,2026-01-30,,IN_GRACE
FDX20252751895,CUST717457,Castro-Smith,Small,2026-01-09,27809,141580,104836,2026-01-19,10,7,2026-01-26,,ELIGIBLE
FDX20251880075,CUST439498,Randall-Soto,Mid,2026-01-01,31369,116105,75822,2026-01-16,15,12,2026-01-28,,ELIGIBLE
FDX20253950904,CUST116547,Henson-Houston,Large,2025-12-07,54163,188141,174723,2026-01-01,25,20,2026-01-21,,ELIGIBLE
FDX20253651565,CUST282710,Scott-Simpson,Small,2026-01-03,8724,31067,23371,2026-01-13,10,7,2026-01-20,2026-01-15,RESOLVED_IN_GRACE
FDX20251487633,CUST378258,"Howell, Wood and Carter",Mid,2026-01-01,56181,181083,61912,2026-01-16,15,12,2026-01-28,2026-01-21,RESOLVED_IN_GRACE
FDX20259137979,CUST154944,Pena and Sons,Small,2026-01-10,17610,49443,37585,2026-01-20,10,7,2026-01-27,,ELIGIBLE
FDX20259638650,CUST232915,Williams-Marshall,Small,2025-12-26,9774,53498,28255,2026-01-05,10,7,2026-01-12,2026-01-07,RESOLVED_IN_GRACE
FDX20252947249,CUST877747,Rangel-Lawrence,Mega,2025-12-01,53918,157598,77460,2026-01-05,35,30,2026-02-04,,IN_GRACE
FDX20252188825,CUST541409,Conner Group,Small,2026-01-05,28616,127243,82517,2026-01-15,10,7,2026-01-22,,IN_GRACE
FDX20254947676,CUST651640,Thomas-Stewart,Small,2025-12-29,24528,113505,30194,2026-01-08,10,7,2026-01-15,,ELIGIBLE
FDX20258462856,CUST219169,"Powell, Schaefer and Roach",Large,2025-12-14,13003,47033,26191,2026-01-08,25,20,2026-01-28,,ELIGIBLE
FDX20256468907,CUST881886,Miller-Rivera,Small,2025-12-26,27826,80895,54946,2026-01-05,10,7,2026-01-12,,IN_GRACE
FDX20258030765,CUST166645,Howe-Sawyer,Mid,2025-12-20,24817,106574,91688,2026-01-04,15,12,2026-01-16,,ELIGIBLE
FDX20254334495,CUST599380,Black-Schaefer,Small,2026-01-10,2952,14237,5336,2026-01-20,10,7,2026-01-27,2026-01-23,RESOLVED_IN_GRACE
FDX20256464086,CUST570050,Houston-Rojas,Mid,2025-12-21,31232,120791,74716,2026-01-05,15,12,2026-01-17,,IN_GRACE
FDX20254859820,CUST915809,Wilson-Gregory,Small,2026-01-11,23675,78820,51264,2026-01-21,10,7,2026-01-28,,ELIGIBLE
FDX20252847722,CUST479625,Wilson-Stanley,Small,2026-01-13,31443,96805,90048,2026-01-23,10,7,2026-01-30,,IN_GRACE
FDX20256471590,CUST638169,Woods-Green,Mid,2025-12-26,5048,20548,11686,2026-01-10,15,12,2026-01-22,,ELIGIBLE
FDX20254821548,CUST722503,Oneill-Garcia,Small,2026-01-09,42725,230824,57783,2026-01-19,10,7,2026-01-26,,ELIGIBLE
FDX20252645243,CUST214351,"Lambert, Tucker and Griffin",Mid,2025-12-14,10935,57135,31518,2025-12-29,15,12,2026-01-10,,ELIGIBLE
FDX20254978185,CUST573962,Gonzalez and Sons,Small,2025-12-30,8888,22472,9014,2026-01-09,10,7,2026-01-16,,ELIGIBLE
FDX20257922203,CUST628313,Charles-Martinez,Small,2025-12-24,59778,242832,239395,2026-01-03,10,7,2026-01-10,2026-01-07,RESOLVED_IN_GRACE
FDX20254354702,CUST332311,Sherman-Fitzgerald,Mid,2025-12-17,37535,221613,48458,2026-01-01,15,12,2026-01-13,,ELIGIBLE
FDX20257300387,CUST744986,Coleman-Moran,Mid,2025-12-25,29435,149483,29794,2026-01-09,15,12,2026-01-21,,ELIGIBLE
FDX20254702106,CUST145471,"Smith, Bird and Johnson",Small,2026-01-07,22419,116649,32382,2026-01-17,10,7,2026-01-24,,IN_GRACE
FDX20252233623,CUST862569,Robbins-Roy,Mid,2025-12-16,52133,148943,75441,2025-12-31,15,12,2026-01-12,,ELIGIBLE
FDX20258901905,CUST921273,Harris-Weber,Mega,2025-12-01,6954,40251,12938,2026-01-05,35,30,2026-02-04,,IN_GRACE
FDX20259127012,CUST790909,Ferrell LLC,Mid,2025-12-22,57165,243331,176084,2026-01-06,15,12,2026-01-18,2026-01-18,RESOLVED_IN_GRACE
FDX20251911663,CUST646781,Hayes-Robbins,Large,2025-12-01,40744,154972,146937,2025-12-26,25,20,2026-01-15,2026-01-01,RESOLVED_IN_GRACE
FDX20258312602,CUST416282,"Morse, Salazar and Schmidt",Mega,2025-12-01,17289,67141,29585,2026-01-05,35,30,2026-02-04,2026-01-24,RESOLVED_IN_GRACE
FDX20253431711,CUST580292,Werner and Sons,Small,2026-01-13,54155,195584,114801,2026-01-23,10,7,2026-01-30,,ELIGIBLE
FDX20254626649,CUST774591,Williams-Cole,Mid,2025-12-12,2594,12556,7060,2025-12-27,15,12,2026-01-08,2026-01-05,RESOLVED_IN_GRACE
FDX20258633480,CUST132663,Cochran-Smith,Mid,2025-12-26,19973,91832,30707,2026-01-10,15,12,2026-01-22,,ELIGIBLE
FDX20253987363,CUST163780,Cohen Inc,Mid,2025-12-30,58573,256166,145302,2026-01-14,15,12,2026-01-26,2026-01-22,RESOLVED_IN_GRACE
FDX20257498324,CUST602248,"Grimes, Richardson and Shea",Small,2026-01-13,55088,152417,113069,2026-01-23,10,7,2026-01-30,2026-01-28,RESOLVED_IN_GRACE
FDX20257266039,CUST988456,Wells-Dixon,Small,2025-12-22,20951,77063,30472,2026-01-01,10,7,2026-01-08,2026-01-08,RESOLVED_IN_GRACE
FDX20253288489,CUST521126,"Brooks, Jackson and Taylor",Small,2026-01-03,8595,44629,43198,2026-01-13,10,7,2026-01-20,,IN_GRACE
FDX20258679606,CUST546980,Kirk-Sanders,Small,2025-12-26,16389,43073,21235,2026-01-05,10,7,2026-01-12,,IN_GRACE
FDX20254257379,CUST819425,"West, Walker and King",Small,2026-01-01,19287,71369,45235,2026-01-11,10,7,2026-01-18,,ELIGIBLE
FDX20257016144,CUST213206,Wilson-Garcia,Mega,2025-12-01,46287,185202,154359,2026-01-05,35,30,2026-02-04,2026-01-29,RESOLVED_IN_GRACE
FDX20255524723,CUST614084,Rogers-Dean,Mid,2025-12-21,36124,193086,123766,2026-01-05,15,12,2026-01-17,2026-01-16,RESOLVED_IN_GRACE
FDX20254392535,CUST847006,"Spears, Clark and Ramos",Mega,2025-12-01,46333,202580,75265,2026-01-05,35,30,2026-02-04,,ELIGIBLE
FDX20256635321,CUST565108,Melendez-Velez,Large,2025-12-01,39087,104152,48437,2025-12-26,25,20,2026-01-15,,IN_GRACE
FDX20253134259,CUST177060,Vaughn-Cohen,Small,2025-12-27,48734,130884,88656,2026-01-06,10,7,2026-01-13,,ELIGIBLE
FDX20251538457,CUST184714,"Rogers, Church and Young",Large,2025-12-06,6010,17148,11301,2025-12-31,25,20,2026-01-20,2026-01-10,RESOLVED_IN_GRACE
FDX20252000789,CUST437758,Brown Inc,Mid,2025-12-22,37176,159055,41472,2026-01-06,15,12,2026-01-18,,ELIGIBLE
FDX20255707756,CUST737846,"David, Rodriguez and Whitney",Small,2025-12-30,52556,214243,78384,2026-01-09,10,7,2026-01-16,,IN_GRACE
FDX20253290115,CUST255539,Johnson-Miranda,Small,2026-01-13,4770,19178,7888,2026-01-23,10,7,2026-01-30,,ELIGIBLE
FDX20252864104,CUST168872,Smith-Holland,Small,2025-12-22,20140,101645,67984,2026-01-01,10,7,2026-01-08,2026-01-07,RESOLVED_IN_GRACE
FDX20258810369,CUST232321,Wagner-Carr,Mid,2025-12-24,17740,59047,45045,2026-01-08,15,12,2026-01-20,,IN_GRACE
FDX20258693677,CUST388375,Park-Roberts,Mid,2025-12-22,14809,87088,46019,2026-01-06,15,12,2026-01-18,,ELIGIBLE
FDX20258016631,CUST754644,Potts-King,Large,2025-12-04,1926,7401,5874,2025-12-29,25,20,2026-01-18,,IN_GRACE
FDX20253872281,CUST763829,King-Gutierrez,Small,2025-12-30,47943,216405,127282,2026-01-09,10,7,2026-01-16,,ELIGIBLE
FDX20256764248,CUST713799,Waller-Rodriguez,Small,2025-12-26,14181,65956,60092,2026-01-05,10,7,2026-01-12,2026-01-12,RESOLVED_IN_GRACE
FDX20254688530,CUST674993,Mendez-Miller,Large,2025-12-13,4969,12516,9701,2026-01-07,25,20,2026-01-27,2026-01-25,RESOLVED_IN_GRACE
FDX20255951988,CUST846746,"Chapman, Garcia and Thomas",Small,2026-01-03,19968,65585,46550,2026-01-13,10,7,2026-01-20,,ELIGIBLE
FDX20253630468,CUST440981,Jacobs-Howard,Small,2025-12-26,52032,199167,113186,2026-01-05,10,7,2026-01-12,,IN_GRACE
FDX20253851044,CUST499407,Harris-Sanchez,Small,2026-01-01,31046,136462,35372,2026-01-11,10,7,2026-01-18,,ELIGIBLE
FDX20254853765,CUST726410,"Wade, Powell and Blackwell",Small,2025-12-29,43429,147034,55997,2026-01-08,10,7,2026-01-15,,ELIGIBLE
FDX20252450798,CUST656329,Newton-Powell,Small,2025-12-29,53030,253796,55841,2026-01-08,10,7,2026-01-15,,ELIGIBLE
FDX20257907115,CUST409222,Wolf-Keller,Small,2026-01-09,55793,210144,171355,2026-01-19,10,7,2026-01-26,,IN_GRACE
FDX20259753827,CUST575755,Blevins Group,Small,2025-12-26,5529,17469,8542,2026-01-05,10,7,2026-01-12,,IN_GRACE
FDX20259207638,CUST630108,Johnson-Miller,Small,2025-12-26,23848,141199,46080,2026-01-05,10,7,2026-01-12,,ELIGIBLE
FDX20254631304,CUST734836,Ryan-Soto,Small,2026-01-10,37662,152868,150725,2026-01-20,10,7,2026-01-27,,ELIGIBLE
FDX20258943827,CUST551096,Mcintyre-Day,Mid,2025-12-30,15404,79639,69127,2026-01-14,15,12,2026-01-26,2026-01-24,RESOLVED_IN_GRACE
FDX20258763873,CUST203996,Ford-Wilkins,Small,2026-01-01,50314,249176,74571,2026-01-11,10,7,2026-01-18,2026-01-15,RESOLVED_IN_GRACE
FDX20255683710,CUST931621,Wiley Group,Small,2025-12-27,43570,250240,141641,2026-01-06,10,7,2026-01-13,2026-01-10,RESOLVED_IN_GRACE
FDX20251243334,CUST835869,Suarez-Atkinson,Small,2026-01-07,36180,104663,95688,2026-01-17,10,7,2026-01-24,,ELIGIBLE
FDX20258182500,CUST219971,Hess-Cox,Small,2026-01-04,26311,145092,84565,2026-01-14,10,7,2026-01-21,2026-01-17,RESOLVED_IN_GRACE
FDX20255138170,CUST994217,Curtis-Edwards,Large,2025-12-08,3912,15589,13812,2026-01-02,25,20,2026-01-22,,IN_GRACE
FDX20255157921,CUST786516,Schaefer Ltd,Small,2026-01-04,7686,35388,31917,2026-01-14,10,7,2026-01-21,,IN_GRACE
FDX20256491114,CUST782535,Wright-Moore,Mid,2025-12-12,17015,87718,48338,2025-12-27,15,12,2026-01-08,2025-12-28,RESOLVED_IN_GRACE
FDX20258285484,CUST906315,Thompson-Myers,Mid,2025-12-14,51535,146974,59033,2025-12-29,15,12,2026-01-10,,ELIGIBLE
FDX20254731363,CUST678116,Herrera-Jones,Small,2026-01-01,46433,207088,141613,2026-01-11,10,7,2026-01-18,2026-01-18,RESOLVED_IN_GRACE
FDX20253499296,CUST855855,Wright-Brewer,Small,2026-01-13,40144,122370,89744,2026-01-23,10,7,2026-01-30,,ELIGIBLE
FDX20251085187,CUST325468,Huffman-Cruz,Mega,2025-12-01,41252,246836,90850,2026-01-05,35,30,2026-02-04,,IN_GRACE
FDX20258009048,CUST550961,Snyder-Zhang,Small,2026-01-10,17710,91295,27361,2026-01-20,10,7,2026-01-27,,IN_GRACE
FDX20251741958,CUST573489,Anderson-Moore,Small,2026-01-01,33489,160904,61260,2026-01-11,10,7,2026-01-18,2026-01-15,RESOLVED_IN_GRACE
FDX20251672073,CUST339592,Rocha PLC,Small,2026-01-13,20343,116336,24003,2026-01-23,10,7,2026-01-30,,ELIGIBLE
FDX20258896240,CUST533914,Garcia-Madden,Large,2025-12-12,35521,167728,103075,2026-01-06,25,20,2026-01-26,2026-01-16,RESOLVED_IN_GRACE
FDX20259459346,CUST455395,Martinez-Wood,Mid,2025-12-12,4328,17139,10068,2025-12-27,15,12,2026-01-08,2026-01-08,RESOLVED_IN_GRACE
FDX20251564059,CUST967611,Cook-Sandoval,Small,2025-12-22,48513,286296,126111,2026-01-01,10,7,2026-01-08,,ELIGIBLE
FDX20258142021,CUST575528,"Santiago, Bates and Brown",Small,2026-01-04,58523,239353,97645,2026-01-14,10,7,2026-01-21,,ELIGIBLE
FDX20259910743,CUST518098,Price Group,Small,2025-12-29,49999,212565,199665,2026-01-08,10,7,2026-01-15,,ELIGIBLE
FDX20257615594,CUST536196,Jones-Lam,Mid,2025-12-26,14779,61104,45389,2026-01-10,15,12,2026-01-22,,ELIGIBLE
FDX20259040805,CUST865054,Delacruz-Beck,Small,2026-01-10,2906,15415,9167,2026-01-20,10,7,2026-01-27,,ELIGIBLE
FDX20252644153,CUST199704,Taylor-Martinez,Mid,2025-12-30,58188,242114,59946,2026-01-14,15,12,2026-01-26,,ELIGIBLE
FDX20258590706,CUST427730,"Norman, Gonzalez and Robertson",Mega,2025-12-01,39284,166619,90658,2026-01-05,35,30,2026-02-04,2026-01-11,RESOLVED_IN_GRACE
FDX20259309504,CUST547494,Arellano and Sons,Small,2025-12-27,58473,149419,119942,2026-01-06,10,7,2026-01-13,,ELIGIBLE
FDX20255035113,CUST427704,Kirby Ltd,Mid,2025-12-14,36757,207331,206634,2025-12-29,15,12,2026-01-10,2026-01-04,RESOLVED_IN_GRACE
FDX20252394044,CUST797416,Reeves Ltd,Small,2026-01-09,29377,92736,72142,2026-01-19,10,7,2026-01-26,2026-01-25,RESOLVED_IN_GRACE
FDX20251208423,CUST367271,Jimenez-Bell,Small,2026-01-10,13446,63117,20698,2026-01-20,10,7,2026-01-27,,ELIGIBLE
FDX20257821919,CUST492483,Glover-Newman,Small,2025-12-31,39574,140908,93401,2026-01-10,10,7,2026-01-17,,ELIGIBLE
FDX20254657541,CUST260053,Booth-Robinson,Small,2025-12-26,3208,10128,10008,2026-01-05,10,7,2026-01-12,,IN_GRACE
FDX20253226537,CUST820184,Vincent-Kane,Large,2025-12-02,42891,207634,59892,2025-12-27,25,20,2026-01-16,,ELIGIBLE
FDX20257013049,CUST597305,Christian Group,Mid,2025-12-20,9448,52200,43037,2026-01-04,15,12,2026-01-16,2026-01-05,RESOLVED_IN_GRACE
FDX20255962539,CUST170394,"Rubio, Boyd and Martinez",Mid,2025-12-12,49964,155722,53422,2025-12-27,15,12,2026-01-08,,IN_GRACE
FDX20255010801,CUST195656,Wilkins-Barr,Large,2025-12-03,41238,160840,98386,2025-12-28,25,20,2026-01-17,2025-12-29,RESOLVED_IN_GRACE
FDX20252522188,CUST972176,Mason-Jackson,Small,2025-12-29,40011,117853,117286,2026-01-08,10,7,2026-01-15,2026-01-11,RESOLVED_IN_GRACE
FDX20251267263,CUST189511,Craig-Lopez,Mid,2025-12-17,56833,291968,57747,2026-01-01,15,12,2026-01-13,2026-01-10,RESOLVED_IN_GRACE
FDX20259049422,CUST197758,Dunlap Group,Large,2025-12-08,5906,30079,7510,2026-01-02,25,20,2026-01-22,2026-01-04,RESOLVED_IN_GRACE
FDX20256114309,CUST552855,Riddle Group,Large,2025-12-01,58670,198135,94304,2025-12-26,25,20,2026-01-15,2026-01-11,RESOLVED_IN_GRACE
FDX20253714601,CUST201255,Landry and Sons,Mid,2025-12-31,46739,223334,221529,2026-01-15,15,12,2026-01-27,,ELIGIBLE
FDX20258705487,CUST880758,"Kirk, Kelly and Hill",Small,2026-01-07,12515,65849,14095,2026-01-17,10,7,2026-01-24,,IN_GRACE
FDX20251409590,CUST874683,"Green, Davis and Campbell",Large,2025-12-01,24091,128893,84624,2025-12-26,25,20,2026-01-15,,ELIGIBLE
FDX20258630962,CUST490748,Graham-Lee,Large,2025-12-02,31970,187834,160668,2025-12-27,25,20,2026-01-16,,ELIGIBLE
FDX20258780612,CUST951201,Marshall-Jones,Small,2026-01-03,57280,273161,263035,2026-01-13,10,7,2026-01-20,,IN_GRACE
FDX20253325723,CUST236435,"Heath, Valdez and Mclean",Mid,2025-12-26,4760,14673,9307,2026-01-10,15,12,2026-01-22,,ELIGIBLE
FDX20257800818,CUST683397,Weiss-Jimenez,Mid,2025-12-24,45476,268006,167149,2026-01-08,15,12,2026-01-20,,ELIGIBLE
FDX20254102874,CUST162894,Gibbs-Hernandez,Small,2026-01-01,10290,51002,43485,2026-01-11,10,7,2026-01-18,,IN_GRACE
FDX20257214624,CUST714953,Estrada-Gibbs,Small,2026-01-09,9983,31547,13429,2026-01-19,10,7,2026-01-26,,ELIGIBLE
FDX20258789590,CUST688866,Strong-Mayer,Small,2026-01-07,38407,184058,150290,2026-01-17,10,7,2026-01-24,,ELIGIBLE
FDX20251022878,CUST688967,Fuller and Sons,Small,2026-01-07,43933,215012,124125,2026-01-17,10,7,2026-01-24,2026-01-21,RESOLVED_IN_GRACE
FDX20252186125,CUST445658,"Goodman, Fields and Garcia",Mid,2025-12-12,3346,16407,10712,2025-12-27,15,12,2026-01-08,2025-12-31,RESOLVED_IN_GRACE
FDX20257457202,CUST802559,"Long, Brooks and Stanley",Small,2025-12-29,43163,191251,138063,2026-01-08,10,7,2026-01-15,,IN_GRACE
FDX20256585238,CUST228168,Flores-Johnson,Small,2026-01-04,27081,158844,56459,2026-01-14,10,7,2026-01-21,2026-01-19,RESOLVED_IN_GRACE
FDX20259907365,CUST530764,Blanchard-Porter,Mid,2025-12-16,55071,181517,74639,2025-12-31,15,12,2026-01-12,,IN_GRACE
FDX20251548852,CUST470774,"Pierce, Hobbs and Fisher",Large,2025-12-06,3919,15598,5887,2025-12-31,25,20,2026-01-20,,ELIGIBLE
FDX20255975954,CUST797660,Francis-Holmes,Mid,2025-12-22,14912,61423,41209,2026-01-06,15,12,2026-01-18,,ELIGIBLE
FDX20258145454,CUST886730,Downs-Turner,Large,2025-12-01,17239,99161,91810,2025-12-26,25,20,2026-01-15,,ELIGIBLE
FDX20255526314,CUST543481,Becker-Walker,Mid,2026-01-03,49900,298524,170371,2026-01-18,15,12,2026-01-30,,ELIGIBLE
FDX20254475340,CUST856086,"Schwartz, Vasquez and Graves",Small,2025-12-24,53737,208347,192842,2026-01-03,10,7,2026-01-10,,ELIGIBLE
FDX20252358267,CUST153945,Vega-May,Small,2025-12-30,52777,307635,212635,2026-01-09,10,7,2026-01-16,,ELIGIBLE
FDX20256632022,CUST401601,Roman-Simmons,Small,2026-01-09,12949,55421,15890,2026-01-19,10,7,2026-01-26,,IN_GRACE
FDX20251919587,CUST729575,Mendoza-Hinton,Mega,2025-12-01,4692,27982,16387,2026-01-05,35,30,2026-02-04,,IN_GRACE
FDX20259635845,CUST427626,Mccann-Thomas,Small,2025-12-24,8436,34997,23737,2026-01-03,10,7,2026-01-10,2026-01-09,RESOLVED_IN_GRACE
FDX20257106747,CUST468727,Wood-Bentley,Mid,2025-12-28,18911,101811,80892,2026-01-12,15,12,2026-01-24,,IN_GRACE
FDX20251865076,CUST208633,Barton-Snyder,Small,2026-01-03,13895,58533,49372,2026-01-13,10,7,2026-01-20,2026-01-14,RESOLVED_IN_GRACE
FDX20252861709,CUST705991,Terrell-Johnson,Small,2026-01-04,37610,128291,52421,2026-01-14,10,7,2026-01-21,,ELIGIBLE
FDX20257424918,CUST632060,Osborne-Hansen,Mega,2025-12-01,33616,179321,163806,2026-01-05,35,30,2026-02-04,,IN_GRACE
FDX20257133596,CUST323072,Hanson-Cole,Small,2026-01-01,18679,80093,48122,2026-01-11,10,7,2026-01-18,,ELIGIBLE
FDX20258807325,CUST262246,Garza-Watts,Large,2025-12-03,19991,115398,79121,2025-12-28,25,20,2026-01-17,2026-01-17,RESOLVED_IN_GRACE
FDX20251685757,CUST788637,Gilbert-White,Mid,2025-12-28,17147,67365,57400,2026-01-12,15,12,2026-01-24,,ELIGIBLE
FDX20257133266,CUST605612,Golden LLC,Mid,2025-12-22,42325,193130,186521,2026-01-06,15,12,2026-01-18,2026-01-11,RESOLVED_IN_GRACE
FDX20257147725,CUST335137,Gibson-Ali,Mid,2025-12-21,15666,74360,31079,2026-01-05,15,12,2026-01-17,,ELIGIBLE
FDX20253940499,CUST988432,Garcia-Thompson,Large,2025-12-06,25934,115511,105155,2025-12-31,25,20,2026-01-20,2026-01-19,RESOLVED_IN_GRACE
FDX20252124172,CUST213475,Johnson-Thomas,Small,2025-12-27,40182,223577,72739,2026-01-06,10,7,2026-01-13,2026-01-08,RESOLVED_IN_GRACE
FDX20254434507,CUST467121,Carroll-Ingram,Mid,2025-12-28,24481,80154,75141,2026-01-12,15,12,2026-01-24,,ELIGIBLE
FDX20253322064,CUST986438,Davis-Griffin,Large,2025-12-01,3865,10976,8875,2025-12-26,25,20,2026-01-15,,ELIGIBLE
FDX20256619187,CUST683286,Holder-Gibson,Mid,2025-12-14,14616,40575,37456,2025-12-29,15,12,2026-01-10,2026-01-05,RESOLVED_IN_GRACE
FDX20255003592,CUST485415,Martinez-Harrison,Mid,2025-12-16,59961,216531,171578,2025-12-31,15,12,2026-01-12,2026-01-11,RESOLVED_IN_GRACE
FDX20252905181,CUST220465,Alexander-Pope,Mid,2025-12-14,39375,130703,58865,2025-12-29,15,12,2026-01-10,2026-01-05,RESOLVED_IN_GRACE
FDX20259027788,CUST899649,"Nash, Serrano and Thompson",Mid,2025-12-16,54574,265122,83917,2025-12-31,15,12,2026-01-12,,ELIGIBLE
FDX20254519758,CUST392099,"Richardson, Thomas and Garcia",Mid,2025-12-21,39335,121680,113862,2026-01-05,15,12,2026-01-17,2026-01-12,RESOLVED_IN_GRACE
FDX20254782209,CUST701987,Johnson-Butler,Small,2026-01-05,39856,149224,67488,2026-01-15,10,7,2026-01-22,2026-01-18,RESOLVED_IN_GRACE
FDX20256376490,CUST337144,Howard-Liu,Small,2026-01-10,17161,87351,22085,2026-01-20,10,7,2026-01-27,2026-01-22,RESOLVED_IN_GRACE
FDX20256917519,CUST946432,Dickson-Haynes,Mid,2025-12-21,42598,126497,74752,2026-01-05,15,12,2026-01-17,,ELIGIBLE
FDX20255485520,CUST549956,Cisneros-Nelson,Small,2025-12-24,51612,274549,177019,2026-01-03,10,7,2026-01-10,2026-01-08,RESOLVED_IN_GRACE
FDX20259448435,CUST986209,Sanford Group,Mid,2026-01-03,15704,41855,26220,2026-01-18,15,12,2026-01-30,2026-01-29,RESOLVED_IN_GRACE
FDX20258095573,CUST688215,Scott-Dunn,Small,2025-12-26,27276,137706,44656,2026-01-05,10,7,2026-01-12,2026-01-10,RESOLVED_IN_GRACE
FDX20255649727,CUST904711,"Hardin, Miller and Hernandez",Small,2026-01-11,53787,259625,151805,2026-01-21,10,7,2026-01-28,,IN_GRACE
FDX20251913687,CUST958182,Golden-Ewing,Small,2026-01-11,16713,57210,38302,2026-01-21,10,7,2026-01-28,,ELIGIBLE
FDX20252063158,CUST751924,Miranda-Mccarthy,Small,2025-12-22,56753,228778,103397,2026-01-01,10,7,2026-01-08,,ELIGIBLE
FDX20257254777,CUST743378,Daugherty Inc,Small,2025-12-24,29256,163520,74256,2026-01-03,10,7,2026-01-10,,ELIGIBLE
FDX20256791940,CUST807764,Hill-Perez,Small,2025-12-22,4990,16923,14791,2026-01-01,10,7,2026-01-08,,ELIGIBLE
FDX20258590191,CUST773918,Robertson-Thomas,Small,2026-01-03,45771,186979,174473,2026-01-13,10,7,2026-01-20,,ELIGIBLE
FDX20259157533,CUST683783,Jenkins Group,Small,2025-12-31,18118,76755,51159,2026-01-10,10,7,2026-01-17,,ELIGIBLE
FDX20259412936,CUST127529,"Mccoy, Johnson and Carr",Mid,2026-01-03,9619,31500,15723,2026-01-18,15,12,2026-01-30,2026-01-27,RESOLVED_IN_GRACE
FDX20259836267,CUST738577,Thomas-Smith,Small,2026-01-11,11831,56003,50555,2026-01-21,10,7,2026-01-28,,ELIGIBLE
FDX20253058722,CUST789786,Wang-Richardson,Mid,2025-12-17,57500,317932,211964,2026-01-01,15,12,2026-01-13,,IN_GRACE
FDX20258888040,CUST969752,Osborn-Kaufman,Small,2026-01-09,14408,55050,38550,2026-01-19,10,7,2026-01-26,,IN_GRACE
FDX20259923876,CUST827157,Clark-Pittman,Large,2025-12-10,9509,53398,24631,2026-01-04,25,20,2026-01-24,,ELIGIBLE
FDX20259939831,CUST380439,Chang-Bailey,Small,2025-12-24,38893,140538,55609,2026-01-03,10,7,2026-01-10,,ELIGIBLE
FDX20255903382,CUST130359,Marshall-Burgess,Small,2025-12-29,10507,40752,13217,2026-01-08,10,7,2026-01-15,,ELIGIBLE
FDX20258582938,CUST289179,"Kemp, Morales and Sanchez",Large,2025-12-01,30368,160433,90672,2025-12-26,25,20,2026-01-15,2026-01-12,RESOLVED_IN_GRACE
FDX20257176462,CUST386544,"Caldwell, Fernandez and Villegas",Mid,2026-01-03,29778,118438,30836,2026-01-18,15,12,2026-01-30,,ELIGIBLE
FDX20252101048,CUST836833,Doyle and Sons,Mid,2025-12-16,53484,197750,126072,2025-12-31,15,12,2026-01-12,,ELIGIBLE
FDX20254160048,CUST899444,Freeman-Morgan,Small,2025-12-27,46435,231267,144351,2026-01-06,10,7,2026-01-13,,ELIGIBLE
FDX20258681853,CUST423993,Watkins-Webster,Small,2026-01-13,56320,309665,226286,2026-01-23,10,7,2026-01-30,,ELIGIBLE
FDX20252464797,CUST456331,Howe-Lewis,Small,2025-12-27,5135,23200,15806,2026-01-06,10,7,2026-01-13,2026-01-10,RESOLVED_IN_GRACE
FDX20252345036,CUST468074,Santana-Smith,Small,2026-01-07,46898,246992,236892,2026-01-17,10,7,2026-01-24,2026-01-21,RESOLVED_IN_GRACE
FDX20257554564,CUST106402,"Weber, Wright and Pace",Mega,2025-12-01,52681,279169,73358,2026-01-05,35,30,2026-02-04,2026-01-20,RESOLVED_IN_GRACE
FDX20253999964,CUST290217,"Holmes, Roberts and Gentry",Small,2025-12-22,21203,79724,26063,2026-01-01,10,7,2026-01-08,2026-01-03,RESOLVED_IN_GRACE
FDX20255838090,CUST250210,Molina-Mitchell,Small,2026-01-03,45364,192385,100855,2026-01-13,10,7,2026-01-20,,ELIGIBLE
FDX20252290961,CUST693830,Thomas-Dominguez,Mid,2025-12-30,21279,95043,48331,2026-01-14,15,12,2026-01-26,,ELIGIBLE
FDX20252834838,CUST789275,Hayden-Alvarez,Large,2025-12-01,24420,93508,90336,2025-12-26,25,20,2026-01-15,,ELIGIBLE
FDX20253764318,CUST520252,Palmer-Stevenson,Mid,2026-01-01,47091,137778,56096,2026-01-16,15,12,2026-01-28,,ELIGIBLE
FDX20255629550,CUST172965,Mack-Lambert,Small,2025-12-27,46715,203406,176464,2026-01-06,10,7,2026-01-13,,ELIGIBLE
FDX20252879460,CUST248766,Arias-Morris,Mid,2025-12-26,24550,65524,63059,2026-01-10,15,12,2026-01-22,,ELIGIBLE
FDX20253482256,CUST876962,Kelly-Smith,Large,2025-12-01,10722,56914,21071,2025-12-26,25,20,2026-01-15,,IN_GRACE
FDX20259327014,CUST763928,Duran-Nguyen,Mid,2025-12-26,4787,20869,13234,2026-01-10,15,12,2026-01-22,,ELIGIBLE
FDX20253524938,CUST132146,Woods Group,Mid,2026-01-03,3770,21435,9933,2026-01-18,15,12,2026-01-30,2026-01-25,RESOLVED_IN_GRACE
FDX20254426849,CUST196214,Brooks-Miller,Small,2026-01-01,40266,198486,158416,2026-01-11,10,7,2026-01-18,,IN_GRACE
FDX20259735688,CUST882354,Fowler-Johnson,Small,2026-01-07,43682,201568,153180,2026-01-17,10,7,2026-01-24,2026-01-19,RESOLVED_IN_GRACE
FDX20251380679,CUST656251,Diaz-Norman,Small,2026-01-09,59306,308647,126567,2026-01-19,10,7,2026-01-26,,IN_GRACE
FDX20255918567,CUST325583,"Abbott, Brooks and Erickson",Small,2025-12-26,14415,49109,20996,2026-01-05,10,7,2026-01-12,2026-01-09,RESOLVED_IN_GRACE
FDX20257988325,CUST494468,Foster-Matthews,Small,2025-12-31,36616,141028,140292,2026-01-10,10,7,2026-01-17,,ELIGIBLE
FDX20253215051,CUST540226,Montgomery-Johnson,Small,2026-01-04,31686,79839,65820,2026-01-14,10,7,2026-01-21,,IN_GRACE
FDX20258950805,CUST575682,Nunez Ltd,Mid,2025-12-21,36699,133090,79233,2026-01-05,15,12,2026-01-17,,ELIGIBLE
FDX20256816664,CUST457455,Bolton-Erickson,Small,2025-12-29,2586,13014,11967,2026-01-08,10,7,2026-01-15,,ELIGIBLE
FDX20258048611,CUST265055,Ramirez-Carter,Mid,2025-12-21,51242,199480,110966,2026-01-05,15,12,2026-01-17,2026-01-15,RESOLVED_IN_GRACE
FDX20258446735,CUST488028,Simmons-Yates,Mid,2025-12-31,43653,180588,113389,2026-01-15,15,12,2026-01-27,2026-01-17,RESOLVED_IN_GRACE
FDX20251360413,CUST426775,Arnold LLC,Small,2025-12-30,5461,15862,5717,2026-01-09,10,7,2026-01-16,,ELIGIBLE
FDX20255890840,CUST856648,Sampson-Brown,Small,2026-01-11,21150,71999,53051,2026-01-21,10,7,2026-01-28,2026-01-28,RESOLVED_IN_GRACE
FDX20254171911,CUST440140,Ramirez-Henson,Large,2025-12-01,50565,281864,174806,2025-12-26,25,20,2026-01-15,,ELIGIBLE
FDX20252056117,CUST914571,Harris-Shepherd,Small,2025-12-31,18568,87198,43858,2026-01-10,10,7,2026-01-17,,IN_GRACE
FDX20251369713,CUST695164,"Webb, Charles and Jennings",Small,2026-01-01,24359,97388,44053,2026-01-11,10,7,2026-01-18,,IN_GRACE
FDX20254897818,CUST725185,Martin-Mitchell,Large,2025-12-10,9019,52720,9110,2026-01-04,25,20,2026-01-24,,ELIGIBLE
FDX20259717785,CUST189083,Scott-Morris,Mid,2025-12-26,8499,49126,42877,2026-01-10,15,12,2026-01-22,,ELIGIBLE
FDX20256635087,CUST155164,Buck-Davis,Large,2025-12-01,53908,153383,120090,2025-12-26,25,20,2026-01-15,2026-01-13,RESOLVED_IN_GRACE
FDX20257907041,CUST263137,Robertson-Johnson,Small,2025-12-31,58994,315355,220200,2026-01-10,10,7,2026-01-17,,ELIGIBLE
FDX20256751103,CUST265056,Shea-Guerrero,Small,2025-12-24,28740,151973,145872,2026-01-03,10,7,2026-01-10,,ELIGIBLE
FDX20256474513,CUST891083,Vasquez LLC,Small,2026-01-04,42292,135515,70358,2026-01-14,10,7,2026-01-21,2026-01-16,RESOLVED_IN_GRACE
FDX20259156216,CUST747850,"Cooke, Valdez and Norris",Small,2025-12-22,51481,293238,205156,2026-01-01,10,7,2026-01-08,,IN_GRACE
FDX20259894713,CUST152179,Rice-Cochran,Large,2025-12-01,17583,68186,46962,2025-12-26,25,20,2026-01-15,2026-01-06,RESOLVED_IN_GRACE
FDX20258470161,CUST806707,"Bradford, Tanner and Brown",Small,2025-12-27,15271,72823,35369,2026-01-06,10,7,2026-01-13,,IN_GRACE
FDX20258684083,CUST185544,Jenkins-Lane,Small,2026-01-01,53704,266065,219945,2026-01-11,10,7,2026-01-18,,ELIGIBLE
FDX20256101655,CUST385320,Reed-Gibson,Mid,2025-12-17,6583,19758,8043,2026-01-01,15,12,2026-01-13,2026-01-07,RESOLVED_IN_GRACE
FDX20253213824,CUST564637,Davis-Walker,Mid,2025-12-17,48465,252098,58317,2026-01-01,15,12,2026-01-13,,ELIGIBLE
FDX20256142132,CUST794093,Brady-Reed,Small,2025-12-30,57539,193301,136068,2026-01-09,10,7,2026-01-16,2026-01-13,RESOLVED_IN_GRACE
FDX20253881270,CUST544611,Smith-Phillips,Large,2025-12-14,25711,116131,32685,2026-01-08,25,20,2026-01-28,,ELIGIBLE
FDX20255362201,CUST609253,"Stark, Jones and Joseph",Mid,2025-12-28,43641,133352,97647,2026-01-12,15,12,2026-01-24,2026-01-17,RESOLVED_IN_GRACE
FDX20254804769,CUST736565,Carroll Inc,Mid,2025-12-19,56652,321753,141257,2026-01-03,15,12,2026-01-15,,ELIGIBLE
FDX20259124251,CUST563516,Jones-Wright,Large,2025-12-01,26688,91279,46472,2025-12-26,25,20,2026-01-15,,ELIGIBLE
FDX20257239485,CUST534303,Hobbs-Ford,Small,2026-01-01,56037,227732,140797,2026-01-11,10,7,2026-01-18,2026-01-14,RESOLVED_IN_GRACE
FDX20255834292,CUST386436,Gomez-Bailey,Large,2025-12-08,28777,93263,28989,2026-01-02,25,20,2026-01-22,,ELIGIBLE
FDX20251793880,CUST326040,Thornton-Russo,Mid,2025-12-20,13156,40979,40370,2026-01-04,15,12,2026-01-16,,IN_GRACE
FDX20253488704,CUST891615,Hancock-Barnes,Large,2025-12-01,16607,63909,63075,2025-12-26,25,20,2026-01-15,,IN_GRACE
FDX20256924385,CUST637234,Smith-Cole,Small,2025-12-31,17927,96790,68964,2026-01-10,10,7,2026-01-17,,ELIGIBLE
FDX20255771138,CUST219346,Quinn-Williams,Small,2025-12-31,42327,150281,61212,2026-01-10,10,7,2026-01-17,,IN_GRACE
FDX20258649177,CUST461939,Meyer-Blair,Large,2025-12-13,44990,178000,119567,2026-01-07,25,20,2026-01-27,,ELIGIBLE
FDX20253791109,CUST550797,Hudson and Sons,Small,2025-12-31,1759,8412,2441,2026-01-10,10,7,2026-01-17,,IN_GRACE
FDX20253697606,CUST216276,"Chen, Munoz and Kirk",Large,2025-12-01,50701,243359,115219,2025-12-26,25,20,2026-01-15,,IN_GRACE
FDX20259981123,CUST397005,"Estrada, Peterson and Lopez",Small,2025-12-24,45173,190291,105223,2026-01-03,10,7,2026-01-10,2026-01-06,RESOLVED_IN_GRACE
FDX20255785643,CUST811163,Quinn Inc,Mid,2025-12-22,26726,117018,34860,2026-01-06,15,12,2026-01-18,2026-01-16,RESOLVED_IN_GRACE
FDX20254058159,CUST811444,Morris-Vargas,Small,2026-01-07,23816,93512,85719,2026-01-17,10,7,2026-01-24,,ELIGIBLE
FDX20253942041,CUST721946,"Swanson, Singleton and Hernandez",Small,2025-12-22,46403,129006,53040,2026-01-01,10,7,2026-01-08,,ELIGIBLE
FDX20253575047,CUST610271,Silva-Mitchell,Mid,2025-12-17,28836,78738,45209,2026-01-01,15,12,2026-01-13,2026-01-11,RESOLVED_IN_GRACE
FDX20253705405,CUST652530,"Park, Schwartz and Williams",Small,2025-12-31,35938,201679,56120,2026-01-10,10,7,2026-01-17,,IN_GRACE
FDX20254991389,CUST799539,Mclaughlin Ltd,Mid,2025-12-26,4873,26648,23815,2026-01-10,15,12,2026-01-22,,IN_GRACE
FDX20252961547,CUST423401,Rose Group,Small,2025-12-29,52211,224235,80615,2026-01-08,10,7,2026-01-15,,IN_GRACE
FDX20251690406,CUST147623,Vang-Flores,Mid,2025-12-14,27136,92728,71346,2025-12-29,15,12,2026-01-10,,ELIGIBLE
FDX20256312100,CUST331230,Edwards-Ortega,Small,2026-01-13,10246,30501,18757,2026-01-23,10,7,2026-01-30,,ELIGIBLE
FDX20253121873,CUST514463,Porter-Sosa,Small,2026-01-11,42945,129751,66186,2026-01-21,10,7,2026-01-28,,IN_GRACE
FDX20258396883,CUST728437,Mitchell-Wong,Small,2025-12-31,1529,5218,2206,2026-01-10,10,7,2026-01-17,,IN_GRACE
FDX20255368907,CUST157443,Ellison-Paul,Mid,2025-12-17,20575,65421,52530,2026-01-01,15,12,2026-01-13,,ELIGIBLE
FDX20257202069,CUST108060,Sutton-Campbell,Small,2026-01-04,23648,111464,32478,2026-01-14,10,7,2026-01-21,,ELIGIBLE
FDX20254095339,CUST314353,Frost PLC,Mid,2025-12-26,26598,133944,32051,2026-01-10,15,12,2026-01-22,2026-01-20,RESOLVED_IN_GRACE
FDX20254441935,CUST416061,Brown-Powers,Small,2025-12-29,23614,116198,56787,2026-01-08,10,7,2026-01-15,,IN_GRACE
FDX20251581986,CUST321494,Shaw-Jackson,Mid,2025-12-26,45045,135128,114353,2026-01-10,15,12,2026-01-22,2026-01-22,RESOLVED_IN_GRACE
FDX20256317433,CUST904624,Peterson-Smith,Mega,2025-12-01,23505,94126,39475,2026-01-05,35,30,2026-02-04,,ELIGIBLE
FDX20256768795,CUST243901,Cohen-Hall,Mid,2025-12-22,14066,49473,26980,2026-01-06,15,12,2026-01-18,,ELIGIBLE
FDX20253482092,CUST901280,Collins-Carr,Mid,2025-12-26,29991,126365,77131,2026-01-10,15,12,2026-01-22,,ELIGIBLE
FDX20257256474,CUST367931,Thomas-Bauer,Small,2025-12-30,49394,126718,67806,2026-01-09,10,7,2026-01-16,2026-01-14,RESOLVED_IN_GRACE
FDX20258523391,CUST403507,"Short, Cox and Peck",Small,2026-01-05,23817,137828,128690,2026-01-15,10,7,2026-01-22,2026-01-16,RESOLVED_IN_GRACE
FDX20253727935,CUST444061,Arellano-Franklin,Large,2025-12-01,23044,114114,64920,2025-12-26,25,20,2026-01-15,,IN_GRACE
FDX20259953043,CUST225812,Ellis Ltd,Small,2025-12-29,37670,124733,95242,2026-01-08,10,7,2026-01-15,,ELIGIBLE
FDX20256059333,CUST108105,Henry LLC,Mid,2025-12-14,43888,135647,131310,2025-12-29,15,12,2026-01-10,,ELIGIBLE
FDX20253038264,CUST621546,Henson-Jimenez,Small,2026-01-07,25958,126950,97890,2026-01-17,10,7,2026-01-24,,ELIGIBLE
FDX20251418175,CUST883301,Shelton-Morales,Large,2025-12-01,12669,68753,16571,2025-12-26,25,20,2026-01-15,,ELIGIBLE
FDX20257787429,CUST551574,Hendrix-Thomas,Small,2026-01-05,47630,205371,94207,2026-01-15,10,7,2026-01-22,,IN_GRACE
FDX20259378825,CUST284229,Schmidt LLC,Small,2026-01-04,49847,204313,96582,2026-01-14,10,7,2026-01-21,,IN_GRACE
FDX20253439136,CUST235461,Meyer-Cook,Large,2025-12-16,12653,37244,31818,2026-01-10,25,20,2026-01-30,,ELIGIBLE
FDX20258684648,CUST498676,Miller-Peters,Small,2026-01-09,58043,175553,142338,2026-01-19,10,7,2026-01-26,,ELIGIBLE
FDX20256372365,CUST658453,Chen-Lopez,Mid,2025-12-14,46429,142979,131679,2025-12-29,15,12,2026-01-10,,IN_GRACE
FDX20253618139,CUST837852,Gibson-Mullins,Small,2026-01-13,20055,71112,57438,2026-01-23,10,7,2026-01-30,,IN_GRACE
FDX20251072046,CUST341288,Salinas-Lamb,Small,2025-12-22,39700,170116,105731,2026-01-01,10,7,2026-01-08,,ELIGIBLE
FDX20259512910,CUST624563,Carrillo Group,Small,2025-12-27,8899,31756,12508,2026-01-06,10,7,2026-01-13,,ELIGIBLE
FDX20256557966,CUST685864,Warren-Long,Small,2025-12-30,20128,51216,44739,2026-01-09,10,7,2026-01-16,,ELIGIBLE
FDX20255958621,CUST973835,Chandler-Harmon,Small,2026-01-07,7010,24615,23827,2026-01-17,10,7,2026-01-24,2026-01-20,RESOLVED_IN_GRACE
FDX20258950901,CUST800499,Jennings-Jackson,Small,2025-12-30,46940,221361,198261,2026-01-09,10,7,2026-01-16,,ELIGIBLE
FDX20255862493,CUST945362,Edwards PLC,Mid,2025-12-31,39581,148644,115666,2026-01-15,15,12,2026-01-27,,IN_GRACE
FDX20253467651,CUST471371,"Riley, Ramirez and Rosario",Small,2026-01-13,9429,42217,20465,2026-01-23,10,7,2026-01-30,,ELIGIBLE
FDX20258417300,CUST175576,"Singleton, Bartlett and Pena",Small,2025-12-22,28513,113414,48676,2026-01-01,10,7,2026-01-08,,ELIGIBLE
FDX20256682181,CUST516359,Thomas-Carpenter,Small,2026-01-04,1874,5673,5268,2026-01-14,10,7,2026-01-21,,ELIGIBLE
FDX20252884343,CUST878086,Burns-Estes,Mid,2025-12-22,12135,32337,15676,2026-01-06,15,12,2026-01-18,,ELIGIBLE
FDX20259035971,CUST144357,Nichols-Acevedo,Small,2026-01-03,31005,117091,36635,2026-01-13,10,7,2026-01-20,,ELIGIBLE
FDX20251672446,CUST557409,Williams-Fields,Mid,2026-01-03,11471,32061,31763,2026-01-18,15,12,2026-01-30,,IN_GRACE
FDX20253339134,CUST119651,Welch-Mason,Mid,2025-12-22,34667,171418,114024,2026-01-06,15,12,2026-01-18,,IN_GRACE
FDX20252960855,CUST582087,Bruce-Byrd,Mid,2025-12-24,47495,199273,161747,2026-01-08,15,12,2026-01-20,,ELIGIBLE
FDX20256168761,CUST181644,Mckenzie-James,Mega,2025-12-01,42018,236954,176626,2026-01-05,35,30,2026-02-04,,IN_GRACE
FDX20251416001,CUST428267,Ruiz-Campbell,Mid,2026-01-03,35616,140289,88470,2026-01-18,15,12,2026-01-30,,ELIGIBLE
FDX20257738231,CUST703727,Bryant-Smith,Mid,2025-12-21,25354,145205,64321,2026-01-05,15,12,2026-01-17,,IN_GRACE
FDX20254697107,CUST550137,Johnson-Thompson,Small,2026-01-13,37135,102549,82422,2026-01-23,10,7,2026-01-30,,IN_GRACE
FDX20258482180,CUST701253,Carrillo-Anderson,Small,2025-12-30,37050,111876,97782,2026-01-09,10,7,2026-01-16,,ELIGIBLE
FDX20256996068,CUST524068,"Woodard, Hodge and Williams",Small,2026-01-13,13730,73637,21897,2026-01-23,10,7,2026-01-30,2026-01-25,RESOLVED_IN_GRACE
FDX20252551575,CUST843963,Ryan-Garrison,Large,2025-12-07,44889,213300,164705,2026-01-01,25,20,2026-01-21,,ELIGIBLE
FDX20256475520,CUST771237,Moon-Parks,Small,2025-12-27,59624,324178,231039,2026-01-06,10,7,2026-01-13,2026-01-11,RESOLVED_IN_GRACE
FDX20251923311,CUST537983,Graves-Patrick,Small,2025-12-24,8170,34067,18399,2026-01-03,10,7,2026-01-10,2026-01-06,RESOLVED_IN_GRACE
FDX20254274069,CUST403578,Torres-Smith,Small,2026-01-07,46972,268612,79413,2026-01-17,10,7,2026-01-24,,ELIGIBLE
FDX20259832094,CUST220768,Rogers Inc,Large,2025-12-01,22036,80175,74195,2025-12-26,25,20,2026-01-15,2025-12-31,RESOLVED_IN_GRACE
FDX20254726955,CUST524707,Reynolds-Sims,Small,2026-01-09,48641,151402,122008,2026-01-19,10,7,2026-01-26,2026-01-25,RESOLVED_IN_GRACE
FDX20255662844,CUST121869,Williamson-Jones,Small,2026-01-13,3167,9475,3972,2026-01-23,10,7,2026-01-30,,ELIGIBLE
FDX20254283564,CUST440544,Huber and Sons,Large,2025-12-16,13996,39029,30949,2026-01-10,25,20,2026-01-30,,IN_GRACE
FDX20251378303,CUST280222,Underwood-Jackson,Mid,2025-12-12,22120,73308,36389,2025-12-27,15,12,2026-01-08,,IN_GRACE
FDX20252402399,CUST940247,Gilbert-Clark,Small,2025-12-22,8207,32290,21400,2026-01-01,10,7,2026-01-08,2026-01-08,RESOLVED_IN_GRACE
FDX20258473546,CUST748151,"Vega, Wade and Aguilar",Mid,2025-12-25,59028,287455,260224,2026-01-09,15,12,2026-01-21,2026-01-12,RESOLVED_IN_GRACE
FDX20252465941,CUST582446,Cannon-Stokes,Small,2026-01-07,59644,210929,135618,2026-01-17,10,7,2026-01-24,,IN_GRACE
FDX20259586369,CUST972442,Malone Ltd,Mid,2025-12-31,13495,69332,29925,2026-01-15,15,12,2026-01-27,,ELIGIBLE
FDX20257617330,CUST823108,Fisher-Torres,Small,2026-01-03,48375,124179,64809,2026-01-13,10,7,2026-01-20,,ELIGIBLE
FDX20254262330,CUST479430,Miller-Cortez,Small,2025-12-31,11169,44423,37025,2026-01-10,10,7,2026-01-17,,ELIGIBLE
FDX20259228643,CUST192410,Bradford-Velasquez,Large,2025-12-01,12913,58041,44148,2025-12-26,25,20,2026-01-15,,ELIGIBLE
FDX20256331091,CUST557925,"Walls, Ewing and Kelly",Mid,2025-12-30,56132,161740,138672,2026-01-14,15,12,2026-01-26,2026-01-18,RESOLVED_IN_GRACE
FDX20259582482,CUST985506,Conley-Patterson,Small,2025-12-26,52641,173046,53955,2026-01-05,10,7,2026-01-12,2026-01-07,RESOLVED_IN_GRACE
FDX20251940322,CUST211005,"Collier, Moore and Perkins",Small,2026-01-07,22021,87413,83447,2026-01-17,10,7,2026-01-24,2026-01-24,RESOLVED_IN_GRACE
FDX20257057663,CUST355135,Arroyo Inc,Mid,2025-12-20,51148,194228,92809,2026-01-04,15,12,2026-01-16,,ELIGIBLE
FDX20257669916,CUST556839,Atkinson-Mclean,Small,2025-12-31,17342,78541,45123,2026-01-10,10,7,2026-01-17,,ELIGIBLE
FDX20253482120,CUST717476,Macias and Sons,Small,2025-12-24,30402,180841,40718,2026-01-03,10,7,2026-01-10,,ELIGIBLE
FDX20258174616,CUST519902,Joseph-Morrison,Small,2025-12-22,54816,254529,179095,2026-01-01,10,7,2026-01-08,2026-01-05,RESOLVED_IN_GRACE
FDX20257201361,CUST649414,Wade LLC,Mid,2025-12-21,3442,13699,5647,2026-01-05,15,12,2026-01-17,,IN_GRACE
FDX20257477894,CUST182467,Hunt-Mckay,Small,2025-12-24,42071,157056,127505,2026-01-03,10,7,2026-01-10,,ELIGIBLE
FDX20257255068,CUST514991,Hicks-Greer,Mid,2025-12-22,43081,248017,172447,2026-01-06,15,12,2026-01-18,2026-01-17,RESOLVED_IN_GRACE
FDX20251204527,CUST425346,Lowery-Bishop,Mid,2025-12-22,47773,231264,151356,2026-01-06,15,12,2026-01-18,2026-01-14,RESOLVED_IN_GRACE
FDX20255775640,CUST882033,"Mckinney, Wilson and Booth",Small,2025-12-27,21317,60082,56646,2026-01-06,10,7,2026-01-13,,ELIGIBLE
FDX20256786800,CUST456005,Simpson Group,Small,2025-12-22,47427,249431,175037,2026-01-01,10,7,2026-01-08,,ELIGIBLE
FDX20256894759,CUST332335,Taylor-Lewis,Large,2025-12-01,58074,180336,67909,2025-12-26,25,20,2026-01-15,,IN_GRACE
FDX20256168814,CUST449247,Rowland-Andrade,Mid,2025-12-20,4102,17608,14756,2026-01-04,15,12,2026-01-16,2026-01-10,RESOLVED_IN_GRACE
FDX20258475525,CUST916964,Ellison and Sons,Small,2025-12-30,13196,52133,16588,2026-01-09,10,7,2026-01-16,2026-01-10,RESOLVED_IN_GRACE
FDX20252469661,CUST276299,Johnson-Clark,Small,2025-12-27,17300,97812,45960,2026-01-06,10,7,2026-01-13,2026-01-12,RESOLVED_IN_GRACE
FDX20254618764,CUST180089,Bright PLC,Small,2025-12-27,3845,22577,15981,2026-01-06,10,7,2026-01-13,,ELIGIBLE
FDX20258452780,CUST635280,"Hoover, Yoder and Ferguson",Small,2025-12-26,57498,162892,59945,2026-01-05,10,7,2026-01-12,,ELIGIBLE
FDX20257972774,CUST763984,Norman-Stone,Mid,2026-01-01,46583,273309,233933,2026-01-16,15,12,2026-01-28,2026-01-24,RESOLVED_IN_GRACE
FDX20258423991,CUST219565,Wood-Scott,Large,2025-12-12,10979,46036,41253,2026-01-06,25,20,2026-01-26,,ELIGIBLE
FDX20255842475,CUST656379,Rowland-Parsons,Mid,2026-01-01,54212,171592,99387,2026-01-16,15,12,2026-01-28,,ELIGIBLE
FDX20253747945,CUST634723,Colon-Stanley,Small,2026-01-07,19621,73018,47949,2026-01-17,10,7,2026-01-24,2026-01-20,RESOLVED_IN_GRACE
FDX20258110724,CUST303322,Grant-Cox,Mid,2025-12-12,20462,59639,49092,2025-12-27,15,12,2026-01-08,2026-01-08,RESOLVED_IN_GRACE
FDX20257949018,CUST913934,Moore-Garcia,Small,2026-01-05,54638,311294,194059,2026-01-15,10,7,2026-01-22,,ELIGIBLE
FDX20253341557,CUST466346,Allen Inc,Large,2025-12-14,40337,155202,118131,2026-01-08,25,20,2026-01-28,2026-01-14,RESOLVED_IN_GRACE
FDX20252444148,CUST468154,Ford and Sons,Small,2025-12-26,33310,193900,147185,2026-01-05,10,7,2026-01-12,2026-01-12,RESOLVED_IN_GRACE
FDX20253409867,CUST862712,Ward-Arellano,Mid,2026-01-01,48942,183679,132582,2026-01-16,15,12,2026-01-28,,ELIGIBLE
FDX20254486033,CUST958729,Robinson-Reed,Small,2025-12-27,47330,166895,76104,2026-01-06,10,7,2026-01-13,,ELIGIBLE
FDX20256087374,CUST776796,Ayala-Cox,Mid,2026-01-01,37908,121875,110172,2026-01-16,15,12,2026-01-28,,ELIGIBLE
FDX20258962686,CUST954628,Gonzales Inc,Small,2025-12-27,12592,64987,50377,2026-01-06,10,7,2026-01-13,,ELIGIBLE
FDX20259813089,CUST254864,Odonnell-Lam,Large,2025-12-03,13999,59987,56473,2025-12-28,25,20,2026-01-17,,ELIGIBLE
FDX20256627359,CUST347745,Curtis-Erickson,Small,2025-12-26,14063,79106,55125,2026-01-05,10,7,2026-01-12,2026-01-07,RESOLVED_IN_GRACE
FDX20252109238,CUST207798,Lang-Figueroa,Small,2026-01-05,52425,251496,196415,2026-01-15,10,7,2026-01-22,,ELIGIBLE
FDX20257304414,CUST253557,"Mccullough, Boyle and Miller",Small,2026-01-10,44158,222193,179417,2026-01-20,10,7,2026-01-27,,IN_GRACE
FDX20252483915,CUST368402,Kaufman-Smith,Mega,2025-12-01,2898,15078,14982,2026-01-05,35,30,2026-02-04,,IN_GRACE
FDX20251111046,CUST306854,Cameron LLC,Mid,2025-12-19,4103,14749,7062,2026-01-03,15,12,2026-01-15,,IN_GRACE
FDX20257869609,CUST281926,"Wilkins, Parker and Vaughn",Small,2025-12-27,44145,171244,90319,2026-01-06,10,7,2026-01-13,2026-01-10,RESOLVED_IN_GRACE
FDX20255585697,CUST731661,Le Group,Large,2025-12-04,52177,300950,112728,2025-12-29,25,20,2026-01-18,,ELIGIBLE
FDX20257954391,CUST260295,Garcia-Gutierrez,Small,2026-01-04,6682,33779,26807,2026-01-14,10,7,2026-01-21,2026-01-19,RESOLVED_IN_GRACE
FDX20253934217,CUST897143,Curry-Perez,Large,2025-12-16,25565,139778,56401,2026-01-10,25,20,2026-01-30,,ELIGIBLE
FDX20258753086,CUST896028,Garcia-Jones,Small,2026-01-01,6138,17987,13123,2026-01-11,10,7,2026-01-18,,IN_GRACE
FDX20253297254,CUST787351,Cole-Crawford,Small,2026-01-05,46175,267112,201671,2026-01-15,10,7,2026-01-22,,IN_GRACE
FDX20254342987,CUST179013,Dean-Baker,Mid,2025-12-16,13760,78601,19060,2025-12-31,15,12,2026-01-12,2026-01-11,RESOLVED_IN_GRACE
FDX20254120669,CUST285751,Kaiser-Jackson,Mega,2025-12-01,14028,55959,30375,2026-01-05,35,30,2026-02-04,,ELIGIBLE
FDX20257405029,CUST910389,Strong-Rubio,Small,2026-01-10,21977,116228,29451,2026-01-20,10,7,2026-01-27,,IN_GRACE
FDX20255856386,CUST758452,Horn-Griffin,Small,2026-01-13,24187,61363,54941,2026-01-23,10,7,2026-01-30,2026-01-30,RESOLVED_IN_GRACE
FDX20259230660,CUST618119,White-Martin,Small,2025-12-26,44455,112001,109416,2026-01-05,10,7,2026-01-12,,ELIGIBLE
FDX20251708550,CUST586490,Johnson-Skinner,Mid,2025-12-26,32923,131453,33726,2026-01-10,15,12,2026-01-22,,ELIGIBLE
FDX20256066600,CUST891093,Black-Kennedy,Small,2025-12-24,48896,268670,193489,2026-01-03,10,7,2026-01-10,,ELIGIBLE
FDX20256098837,CUST691119,Garcia-Clark,Small,2026-01-13,52246,208611,200709,2026-01-23,10,7,2026-01-30,,ELIGIBLE
FDX20259289630,CUST896788,Sellers-Bray,Small,2025-12-31,20017,102405,45945,2026-01-10,10,7,2026-01-17,,ELIGIBLE
FDX20258775431,CUST707616,Lee-Brewer,Small,2025-12-31,52764,222743,172319,2026-01-10,10,7,2026-01-17,2026-01-14,RESOLVED_IN_GRACE
FDX20254766824,CUST570711,Rodgers Group,Large,2025-12-04,34567,140962,126887,2025-12-29,25,20,2026-01-18,2026-01-12,RESOLVED_IN_GRACE
FDX20251450300,CUST814220,Johnson-Lopez,Large,2025-12-16,9708,28902,17496,2026-01-10,25,20,2026-01-30,,ELIGIBLE
FDX20251041048,CUST691912,Esparza Inc,Mega,2025-12-01,37337,215810,40347,2026-01-05,35,30,2026-02-04,,ELIGIBLE
FDX20253584093,CUST774225,Jacobson-Ferguson,Small,2025-12-30,54706,222054,206435,2026-01-09,10,7,2026-01-16,2026-01-12,RESOLVED_IN_GRACE
FDX20255406989,CUST766158,Rowe-Mckenzie,Mid,2025-12-24,6281,35719,31877,2026-01-08,15,12,2026-01-20,2026-01-13,RESOLVED_IN_GRACE
FDX20256036006,CUST754858,Bruce-Padilla,Small,2025-12-24,37705,167524,134678,2026-01-03,10,7,2026-01-10,2026-01-06,RESOLVED_IN_GRACE
FDX20258927925,CUST438908,Holmes-Savage,Small,2025-12-31,19712,71734,30386,2026-01-10,10,7,2026-01-17,,IN_GRACE
FDX20253083343,CUST757685,Vaughn-Rhodes,Large,2025-12-06,25799,140872,69421,2025-12-31,25,20,2026-01-20,,ELIGIBLE
FDX20255826621,CUST431495,Blankenship-Davila,Small,2026-01-03,23562,72119,36416,2026-01-13,10,7,2026-01-20,2026-01-20,RESOLVED_IN_GRACE
FDX20257998729,CUST258290,Kennedy Ltd,Small,2026-01-13,56950,191901,66012,2026-01-23,10,7,2026-01-30,,IN_GRACE
FDX20254009367,CUST561124,Cooper-Kim,Mega,2025-12-01,50160,211227,210679,2026-01-05,35,30,2026-02-04,2026-01-08,RESOLVED_IN_GRACE
FDX20259252486,CUST171603,Atkins Group,Small,2026-01-10,24504,99814,37121,2026-01-20,10,7,2026-01-27,,ELIGIBLE
FDX20255106228,CUST591699,Rivera-Greene,Small,2025-12-24,39631,207465,94201,2026-01-03,10,7,2026-01-10,,ELIGIBLE
FDX20251477187,CUST563688,Bright-Harris,Mid,2025-12-21,44717,204692,73483,2026-01-05,15,12,2026-01-17,2026-01-17,RESOLVED_IN_GRACE
FDX20253002438,CUST762055,Tanner Inc,Small,2026-01-13,47637,145175,51033,2026-01-23,10,7,2026-01-30,,ELIGIBLE
FDX20255650930,CUST417530,Hill-Taylor,Mid,2025-12-14,40602,209173,171119,2025-12-29,15,12,2026-01-10,2026-01-03,RESOLVED_IN_GRACE
FDX20259272010,CUST935012,"Mcclure, Davis and Hawkins",Small,2026-01-10,23954,73943,68028,2026-01-20,10,7,2026-01-27,,IN_GRACE
FDX20252119456,CUST388016,Bright-Sutton,Mid,2025-12-19,16599,97894,72814,2026-01-03,15,12,2026-01-15,,ELIGIBLE
FDX20257069317,CUST720148,Benitez-Vaughn,Mid,2025-12-17,16532,67669,66097,2026-01-01,15,12,2026-01-13,,ELIGIBLE
FDX20259061215,CUST158900,Byrd PLC,Large,2025-12-01,24796,141341,26082,2025-12-26,25,20,2026-01-15,,IN_GRACE
FDX20258316015,CUST469038,Potter Group,Mid,2025-12-17,57435,231451,65414,2026-01-01,15,12,2026-01-13,,ELIGIBLE
FDX20255327037,CUST631981,Flores-Santos,Mid,2025-12-12,18002,49257,34098,2025-12-27,15,12,2026-01-08,2025-12-31,RESOLVED_IN_GRACE
FDX20258986637,CUST177794,Thompson-Nichols,Small,2026-01-10,34046,200838,71365,2026-01-20,10,7,2026-01-27,,IN_GRACE
FDX20253006281,CUST425486,Brown-Gonzalez,Small,2025-12-29,10718,42343,19264,2026-01-08,10,7,2026-01-15,,ELIGIBLE
FDX20257261294,CUST584172,Velasquez-Andrade,Large,2025-12-13,10302,53267,42209,2026-01-07,25,20,2026-01-27,2026-01-24,RESOLVED_IN_GRACE
FDX20259598757,CUST573866,Pratt-Campbell,Mid,2026-01-03,53066,254856,63430,2026-01-18,15,12,2026-01-30,,ELIGIBLE
FDX20251294357,CUST139434,Martin-Perry,Small,2025-12-30,47989,172065,163793,2026-01-09,10,7,2026-01-16,,ELIGIBLE
FDX20255354311,CUST159653,Bailey-Franklin,Small,2025-12-27,55636,316936,100852,2026-01-06,10,7,2026-01-13,2026-01-08,RESOLVED_IN_GRACE
FDX20253732123,CUST486649,Pacheco-Pennington,Small,2026-01-11,43004,250376,72373,2026-01-21,10,7,2026-01-28,,IN_GRACE
FDX20251981641,CUST972097,Vega-Stevenson,Small,2026-01-10,10670,60488,15924,2026-01-20,10,7,2026-01-27,2026-01-24,RESOLVED_IN_GRACE
FDX20253451774,CUST401022,"Price, Williams and Klein",Mid,2025-12-30,5637,31338,26021,2026-01-14,15,12,2026-01-26,2026-01-25,RESOLVED_IN_GRACE
FDX20256363359,CUST180458,"Hobbs, Davis and Diaz",Small,2025-12-22,49045,272087,245683,2026-01-01,10,7,2026-01-08,2026-01-03,RESOLVED_IN_GRACE
FDX20258735034,CUST775981,Castro-Miller,Large,2025-12-16,24654,101901,82734,2026-01-10,25,20,2026-01-30,2026-01-21,RESOLVED_IN_GRACE
FDX20253273269,CUST996840,Gutierrez-Gonzalez,Mega,2025-12-01,58996,183935,166619,2026-01-05,35,30,2026-02-04,,ELIGIBLE
FDX20256995933,CUST194682,Clayton PLC,Large,2025-12-12,9364,28037,14647,2026-01-06,25,20,2026-01-26,2026-01-21,RESOLVED_IN_GRACE
FDX20253739867,CUST744883,Dean-Cross,Small,2026-01-11,50599,209642,202994,2026-01-21,10,7,2026-01-28,,ELIGIBLE
FDX20251887318,CUST722937,Phillips-Vasquez,Small,2025-12-27,29229,105075,94508,2026-01-06,10,7,2026-01-13,,ELIGIBLE
FDX20255574649,CUST631699,Hunt-Manning,Small,2026-01-05,59902,206760,78338,2026-01-15,10,7,2026-01-22,,ELIGIBLE
FDX20257059317,CUST503159,Cooley-Lawrence,Large,2025-12-16,7246,28135,27114,2026-01-10,25,20,2026-01-30,2026-01-17,RESOLVED_IN_GRACE
FDX20258038277,CUST585188,Larson-Hoffman,Mid,2025-12-16,17137,49733,46551,2025-12-31,15,12,2026-01-12,,ELIGIBLE
FDX20256972425,CUST708519,Lopez-Smith,Large,2025-12-01,2558,15161,10813,2025-12-26,25,20,2026-01-15,,IN_GRACE
FDX20251817300,CUST681242,Stevens-Wright,Small,2026-01-13,27894,90965,43670,2026-01-23,10,7,2026-01-30,,ELIGIBLE
FDX20255862980,CUST930281,Rodriguez-Palmer,Large,2025-12-12,5028,26725,15983,2026-01-06,25,20,2026-01-26,,ELIGIBLE
FDX20255893311,CUST874814,Phelps Group,Small,2026-01-03,52714,284212,120718,2026-01-13,10,7,2026-01-20,,IN_GRACE
FDX20259885420,CUST143015,Burns-Knight,Small,2025-12-26,45627,120973,49133,2026-01-05,10,7,2026-01-12,,IN_GRACE
FDX20252288937,CUST571579,Mcmahon Group,Mid,2025-12-17,16892,95578,86694,2026-01-01,15,12,2026-01-13,,IN_GRACE
FDX20259621249,CUST949153,Herman LLC,Small,2025-12-26,7760,36093,34012,2026-01-05,10,7,2026-01-12,,ELIGIBLE
FDX20254251673,CUST699425,Johnson-Hernandez,Mega,2025-12-01,2726,10803,8501,2026-01-05,35,30,2026-02-04,,ELIGIBLE
FDX20254074382,CUST783501,Chang-Jackson,Mid,2025-12-20,28860,111188,100574,2026-01-04,15,12,2026-01-16,,IN_GRACE
FDX20252585592,CUST297383,Foster-Ballard,Mid,2025-12-31,25894,76882,70295,2026-01-15,15,12,2026-01-27,2026-01-16,RESOLVED_IN_GRACE
FDX20253804075,CUST437145,Moore-Prince,Mid,2025-12-14,4418,13158,5527,2025-12-29,15,12,2026-01-10,,ELIGIBLE
FDX20256412444,CUST734394,Morris-Powell,Mid,2025-12-21,34320,105862,74238,2026-01-05,15,12,2026-01-17,2026-01-07,RESOLVED_IN_GRACE
FDX20256305130,CUST598733,Douglas-Higgins,Large,2025-12-01,47796,185767,54018,2025-12-26,25,20,2026-01-15,,ELIGIBLE
FDX20256051155,CUST625721,Stone and Sons,Small,2026-01-07,37149,104307,95835,2026-01-17,10,7,2026-01-24,,ELIGIBLE
FDX20255554325,CUST258189,"Thomas, Davidson and Frank",Small,2025-12-24,4484,13417,12967,2026-01-03,10,7,2026-01-10,2026-01-06,RESOLVED_IN_GRACE
FDX20257082121,CUST164879,Flores-Rush,Small,2026-01-09,29199,81212,57026,2026-01-19,10,7,2026-01-26,,ELIGIBLE
FDX20252607817,CUST572407,Chandler-Shaw,Mid,2025-12-14,43076,251909,166436,2025-12-29,15,12,2026-01-10,,ELIGIBLE
FDX20259966085,CUST208529,"Ayala, Graham and Hernandez",Mid,2025-12-16,36427,149474,120513,2025-12-31,15,12,2026-01-12,2026-01-11,RESOLVED_IN_GRACE
FDX20256899361,CUST950360,Ross-Lewis,Small,2026-01-04,14054,47175,18263,2026-01-14,10,7,2026-01-21,,ELIGIBLE
FDX20253411179,CUST978053,Graham-Clark,Mid,2025-12-30,19951,112561,21359,2026-01-14,15,12,2026-01-26,,ELIGIBLE
FDX20251216386,CUST460120,James-Moore,Mid,2025-12-21,15237,81656,32061,2026-01-05,15,12,2026-01-17,,IN_GRACE
FDX20253297630,CUST849014,Reed-Choi,Mid,2025-12-24,2850,11714,5925,2026-01-08,15,12,2026-01-20,,IN_GRACE
FDX20259693462,CUST188425,Bullock-Rodriguez,Mid,2025-12-22,43720,190928,173632,2026-01-06,15,12,2026-01-18,2026-01-11,RESOLVED_IN_GRACE
FDX20255721406,CUST629057,"Thompson, Young and Jackson",Small,2026-01-05,15462,86118,42322,2026-01-15,10,7,2026-01-22,2026-01-18,RESOLVED_IN_GRACE
FDX20257258139,CUST777513,Underwood-Rivera,Small,2025-12-26,21517,70793,28363,2026-01-05,10,7,2026-01-12,,ELIGIBLE
FDX20259135255,CUST280941,Dennis-White,Small,2026-01-01,4343,17596,10261,2026-01-11,10,7,2026-01-18,,ELIGIBLE
FDX20257912120,CUST141043,Bird-Hunter,Small,2026-01-01,5847,16091,6187,2026-01-11,10,7,2026-01-18,,ELIGIBLE
FDX20256709506,CUST359778,Duffy Inc,Large,2025-12-08,20782,103741,21036,2026-01-02,25,20,2026-01-22,,ELIGIBLE
FDX20253735175,CUST841995,"Acosta, Lucero and Bryant",Large,2025-12-08,5801,14894,10589,2026-01-02,25,20,2026-01-22,,IN_GRACE
FDX20252718286,CUST559022,Brown-Cherry,Small,2026-01-01,8743,28386,12739,2026-01-11,10,7,2026-01-18,2026-01-13,RESOLVED_IN_GRACE
FDX20254655356,CUST560767,Park-Whitaker,Small,2025-12-26,23535,106860,67307,2026-01-05,10,7,2026-01-12,,ELIGIBLE
FDX20253593001,CUST649525,"Rivera, Garrett and Hall",Large,2025-12-04,50337,245173,200080,2025-12-29,25,20,2026-01-18,2026-01-08,RESOLVED_IN_GRACE
FDX20259445363,CUST648141,Ball LLC,Small,2025-12-24,10226,28666,25704,2026-01-03,10,7,2026-01-10,,ELIGIBLE
FDX20254709668,CUST739427,Johnston Group,Mid,2025-12-31,51296,166707,141032,2026-01-15,15,12,2026-01-27,,IN_GRACE
FDX20254161109,CUST266457,Burnett Ltd,Mega,2025-12-01,46127,148846,135126,2026-01-05,35,30,2026-02-04,,ELIGIBLE
FDX20259818990,CUST481574,Cherry-Shaw,Small,2025-12-29,16705,80873,79625,2026-01-08,10,7,2026-01-15,2026-01-11,RESOLVED_IN_GRACE
FDX20259927083,CUST490963,Rodriguez-Cline,Small,2025-12-31,29238,172057,150939,2026-01-10,10,7,2026-01-17,,ELIGIBLE
FDX20252912044,CUST396635,Cervantes-Mendez,Mid,2025-12-25,10050,30701,26077,2026-01-09,15,12,2026-01-21,2026-01-16,RESOLVED_IN_GRACE
FDX20258001908,CUST506235,Cruz-Hall,Small,2025-12-31,53595,154107,146757,2026-01-10,10,7,2026-01-17,,ELIGIBLE
FDX20258725762,CUST528625,Wood-Rodriguez,Large,2025-12-12,35757,194346,193019,2026-01-06,25,20,2026-01-26,2026-01-24,RESOLVED_IN_GRACE
FDX20252281784,CUST912085,Brewer-Nichols,Small,2025-12-31,39645,229349,227160,2026-01-10,10,7,2026-01-17,2026-01-15,RESOLVED_IN_GRACE
FDX20252955647,CUST454803,Taylor-Smith,Small,2025-12-31,57139,261848,185879,2026-01-10,10,7,2026-01-17,,ELIGIBLE
FDX20253201710,CUST811875,"Sanford, Williams and Wood",Small,2026-01-09,29255,135543,125665,2026-01-19,10,7,2026-01-26,,ELIGIBLE
FDX20251291577,CUST726928,Jones-Hendrix,Small,2025-12-22,30201,124138,38532,2026-01-01,10,7,2026-01-08,,IN_GRACE
FDX20259044980,CUST154909,Gonzales-Harrington,Large,2025-12-06,15769,72196,47251,2025-12-31,25,20,2026-01-20,,ELIGIBLE
FDX20256841992,CUST927564,Espinoza-Smith,Small,2026-01-05,31955,165907,51997,2026-01-15,10,7,2026-01-22,,IN_GRACE
FDX20256227335,CUST761532,Lawson-Dean,Large,2025-12-02,9940,38814,29812,2025-12-27,25,20,2026-01-16,,ELIGIBLE
FDX20257082891,CUST778748,King-Shaw,Small,2025-12-30,36695,102750,65951,2026-01-09,10,7,2026-01-16,2026-01-14,RESOLVED_IN_GRACE
FDX20253332267,CUST450905,Tucker-Gardner,Small,2026-01-09,31415,162845,73551,2026-01-19,10,7,2026-01-26,,IN_GRACE
FDX20258414487,CUST169113,Palmer-Crosby,Large,2025-12-14,4234,15135,12535,2026-01-08,25,20,2026-01-28,2026-01-24,RESOLVED_IN_GRACE
FDX20259776515,CUST445705,Winters-Dixon,Small,2025-12-22,16234,43130,25242,2026-01-01,10,7,2026-01-08,,ELIGIBLE
FDX20256738565,CUST199096,"Lopez, Vargas and Wright",Mid,2025-12-28,25174,78258,63638,2026-01-12,15,12,2026-01-24,2026-01-17,RESOLVED_IN_GRACE
FDX20253889156,CUST685066,"Lester, Mccarthy and Carroll",Mid,2025-12-17,22411,100798,88116,2026-01-01,15,12,2026-01-13,,ELIGIBLE
FDX20256111753,CUST811332,Benton Group,Mid,2025-12-25,28362,137726,134332,2026-01-09,15,12,2026-01-21,,IN_GRACE
FDX20251482504,CUST505341,Mccullough-Nunez,Small,2025-12-27,55831,161726,140398,2026-01-06,10,7,2026-01-13,,ELIGIBLE
FDX20252989725,CUST397949,Nichols-Johnson,Large,2025-12-01,49770,244026,239612,2025-12-26,25,20,2026-01-15,,ELIGIBLE
FDX20254730545,CUST364236,Vincent-Gonzalez,Small,2026-01-13,16137,58728,23573,2026-01-23,10,7,2026-01-30,,ELIGIBLE
FDX20253159470,CUST858889,Caldwell LLC,Small,2025-12-24,36794,164798,154605,2026-01-03,10,7,2026-01-10,,ELIGIBLE
FDX20253388393,CUST992931,Johnson-Brooks,Large,2025-12-07,46430,124102,111786,2026-01-01,25,20,2026-01-21,2026-01-20,RESOLVED_IN_GRACE
FDX20254801288,CUST788457,Villegas PLC,Large,2025-12-01,44578,217020,126287,2025-12-26,25,20,2026-01-15,2025-12-28,RESOLVED_IN_GRACE
FDX20256157791,CUST731977,Brewer-Oconnell,Small,2026-01-09,17751,85427,31768,2026-01-19,10,7,2026-01-26,2026-01-22,RESOLVED_IN_GRACE
FDX20253102926,CUST257677,Perry-Young,Small,2025-12-24,58933,274330,269921,2026-01-03,10,7,2026-01-10,2026-01-06,RESOLVED_IN_GRACE
FDX20254520547,CUST449555,Thomas-Hernandez,Large,2025-12-01,34923,130751,116163,2025-12-26,25,20,2026-01-15,,ELIGIBLE
FDX20253184699,CUST185461,Friedman-Mathis,Small,2026-01-09,14129,72594,21078,2026-01-19,10,7,2026-01-26,,ELIGIBLE
FDX20252318772,CUST711046,"Shepard, Hamilton and Taylor",Small,2025-12-31,51781,270834,218913,2026-01-10,10,7,2026-01-17,,IN_GRACE
FDX20258127046,CUST795847,Smith-Golden,Mid,2025-12-30,22818,88295,66181,2026-01-14,15,12,2026-01-26,2026-01-21,RESOLVED_IN_GRACE
FDX20252874387,CUST248298,Gonzalez-Jacobs,Mid,2025-12-31,48705,158516,53026,2026-01-15,15,12,2026-01-27,,IN_GRACE
FDX20252304181,CUST466813,Allison-Cain,Mega,2025-12-01,25204,99569,65268,2026-01-05,35,30,2026-02-04,,ELIGIBLE
FDX20251315519,CUST425301,"Riddle, George and Duke",Small,2026-01-10,40883,152332,141442,2026-01-20,10,7,2026-01-27,,ELIGIBLE
FDX20259124448,CUST787923,Martin-Hill,Small,2025-12-24,16936,80582,28909,2026-01-03,10,7,2026-01-10,,ELIGIBLE
FDX20258235132,CUST832409,Stein-Martinez,Mid,2025-12-14,30863,87793,75052,2025-12-29,15,12,2026-01-10,2026-01-08,RESOLVED_IN_GRACE
FDX20251713315,CUST794299,Frederick-Williams,Small,2026-01-07,22222,88540,26297,2026-01-17,10,7,2026-01-24,,ELIGIBLE
FDX20254294223,CUST510997,Wood-Blevins,Small,2026-01-04,28407,100888,96113,2026-01-14,10,7,2026-01-21,,ELIGIBLE
FDX20252808875,CUST235215,Myers-Pena,Small,2025-12-24,22079,110309,81859,2026-01-03,10,7,2026-01-10,2026-01-04,RESOLVED_IN_GRACE
FDX20251550170,CUST723945,Cook-Richards,Mid,2025-12-21,10692,30304,26035,2026-01-05,15,12,2026-01-17,,IN_GRACE
FDX20259614751,CUST843266,Buck-Wilson,Small,2026-01-13,43107,127350,89652,2026-01-23,10,7,2026-01-30,,ELIGIBLE
FDX20251994305,CUST188834,Hull-Soto,Small,2026-01-04,14424,66117,51053,2026-01-14,10,7,2026-01-21,,ELIGIBLE
FDX20258869895,CUST424620,Jackson-Jackson,Small,2026-01-09,44539,184512,93274,2026-01-19,10,7,2026-01-26,,IN_GRACE
FDX20252995183,CUST686072,Gay-Smith,Small,2025-12-31,5115,24136,16880,2026-01-10,10,7,2026-01-17,,ELIGIBLE
FDX20255244844,CUST494976,Foster-Nelson,Small,2026-01-01,46224,206849,134455,2026-01-11,10,7,2026-01-18,,ELIGIBLE
FDX20251726143,CUST774751,"Peters, Cruz and James",Mid,2025-12-26,51029,184993,134812,2026-01-10,15,12,2026-01-22,2026-01-15,RESOLVED_IN_GRACE
FDX20252111446,CUST930117,Brooks-Knight,Mid,2025-12-25,20008,54740,49510,2026-01-09,15,12,2026-01-21,2026-01-18,RESOLVED_IN_GRACE
FDX20256060776,CUST444432,Gonzales-Morris,Large,2025-12-12,47913,275359,225523,2026-01-06,25,20,2026-01-26,2026-01-20,RESOLVED_IN_GRACE
FDX20251172342,CUST952686,Smith-Robertson,Small,2026-01-09,31386,139804,122945,2026-01-19,10,7,2026-01-26,2026-01-24,RESOLVED_IN_GRACE
FDX20252619061,CUST234001,Barrett-Suarez,Large,2025-12-12,58813,284823,199858,2026-01-06,25,20,2026-01-26,,ELIGIBLE
FDX20253076911,CUST802667,Turner-Cortez,Mega,2025-12-01,54092,289322,283920,2026-01-05,35,30,2026-02-04,,IN_GRACE
FDX20254446060,CUST836971,Edwards-Henderson,Small,2026-01-01,12296,72967,59207,2026-01-11,10,7,2026-01-18,2026-01-17,RESOLVED_IN_GRACE
FDX20254355853,CUST969226,Taylor-Mitchell,Mid,2025-12-14,10375,32874,11400,2025-12-29,15,12,2026-01-10,,ELIGIBLE
FDX20254100124,CUST874661,Alvarez-Franco,Small,2025-12-30,50014,135179,109721,2026-01-09,10,7,2026-01-16,2026-01-16,RESOLVED_IN_GRACE
FDX20256897756,CUST818709,Russo-Johnson,Mid,2025-12-26,10664,27259,19748,2026-01-10,15,12,2026-01-22,,ELIGIBLE
FDX20251490886,CUST651963,Boyer Inc,Mid,2025-12-21,2919,17431,8003,2026-01-05,15,12,2026-01-17,2026-01-13,RESOLVED_IN_GRACE
FDX20252523024,CUST197992,Palmer and Sons,Small,2026-01-13,51295,146076,67652,2026-01-23,10,7,2026-01-30,2026-01-30,RESOLVED_IN_GRACE
FDX20253442040,CUST777406,Burns-Skinner,Mega,2025-12-01,12889,51558,39269,2026-01-05,35,30,2026-02-04,,ELIGIBLE
FDX20255653591,CUST803024,Massey Group,Small,2026-01-07,8423,43604,37494,2026-01-17,10,7,2026-01-24,2026-01-20,RESOLVED_IN_GRACE
FDX20256835728,CUST543973,Buchanan LLC,Mid,2025-12-25,45321,242219,186201,2026-01-09,15,12,2026-01-21,2026-01-21,RESOLVED_IN_GRACE
FDX20256908990,CUST633188,Robertson-Anderson,Mid,2025-12-14,2523,10886,4075,2025-12-29,15,12,2026-01-10,,IN_GRACE
FDX20253693705,CUST479404,"Castro, Peterson and Pratt",Mega,2025-12-01,59677,155217,150648,2026-01-05,35,30,2026-02-04,,IN_GRACE
FDX20259399251,CUST119116,Delgado Group,Small,2025-12-30,21857,126987,77893,2026-01-09,10,7,2026-01-16,,IN_GRACE
FDX20255057108,CUST480211,Rangel-Duncan,Small,2025-12-30,28294,134105,39018,2026-01-09,10,7,2026-01-16,,ELIGIBLE
FDX20259470971,CUST423869,Allen-Johnson,Mid,2025-12-17,35697,144087,69397,2026-01-01,15,12,2026-01-13,,IN_GRACE
FDX20252146505,CUST289019,Montgomery LLC,Mega,2025-12-01,19418,68066,47821,2026-01-05,35,30,2026-02-04,2026-01-10,RESOLVED_IN_GRACE
FDX20252662717,CUST324597,Taylor-Garcia,Large,2025-12-06,51935,206473,130740,2025-12-31,25,20,2026-01-20,,IN_GRACE
FDX20251234617,CUST458332,Williams PLC,Small,2026-01-09,55483,269140,71026,2026-01-19,10,7,2026-01-26,,ELIGIBLE
FDX20259872441,CUST903373,Robles LLC,Small,2025-12-29,47093,185564,155732,2026-01-08,10,7,2026-01-15,,ELIGIBLE
FDX20254640623,CUST609892,Bates-Jackson,Small,2025-12-30,32303,91526,39838,2026-01-09,10,7,2026-01-16,,ELIGIBLE
FDX20254213634,CUST301332,"Webster, Dawson and Martinez",Mid,2025-12-28,54269,139780,69666,2026-01-12,15,12,2026-01-24,,ELIGIBLE
FDX20255728772,CUST337547,Flowers-Morris,Mid,2025-12-28,34404,146720,95509,2026-01-12,15,12,2026-01-24,,IN_GRACE
FDX20253881880,CUST244247,Davis-Vega,Small,2026-01-04,52525,134924,82793,2026-01-14,10,7,2026-01-21,,ELIGIBLE
FDX20251072627,CUST262471,Graham-Bowman,Mega,2025-12-01,17372,53721,38756,2026-01-05,35,30,2026-02-04,,ELIGIBLE
FDX20252655671,CUST180913,Wood-Spears,Small,2026-01-13,31859,181432,44181,2026-01-23,10,7,2026-01-30,,ELIGIBLE
FDX20254590582,CUST410160,"Ali, Brown and Estes",Small,2025-12-27,46912,192060,123918,2026-01-06,10,7,2026-01-13,,ELIGIBLE
FDX20259458992,CUST985447,Patel-Fleming,Mega,2025-12-01,16188,91970,20008,2026-01-05,35,30,2026-02-04,2026-01-20,RESOLVED_IN_GRACE
FDX20258964404,CUST926403,Allen-Edwards,Mid,2025-12-24,17508,52591,37690,2026-01-08,15,12,2026-01-20,,ELIGIBLE
FDX20257148229,CUST206053,Moore-Warren,Mid,2025-12-20,56557,240012,229416,2026-01-04,15,12,2026-01-16,2026-01-11,RESOLVED_IN_GRACE
FDX20254105895,CUST632351,Harmon-Jordan,Small,2026-01-10,52138,269310,200588,2026-01-20,10,7,2026-01-27,,ELIGIBLE
FDX20258376368,CUST908320,Bond-Mccarty,Small,2026-01-03,41710,230860,214009,2026-01-13,10,7,2026-01-20,2026-01-16,RESOLVED_IN_GRACE
FDX20252800606,CUST665990,Caldwell-Taylor,Large,2025-12-14,40868,117857,68889,2026-01-08,25,20,2026-01-28,,ELIGIBLE
FDX20254034134,CUST975686,Ramirez-Carroll,Large,2025-12-06,43383,123411,77564,2025-12-31,25,20,2026-01-20,,ELIGIBLE
FDX20256952931,CUST874524,Richards-Allen,Small,2026-01-13,53803,194165,188394,2026-01-23,10,7,2026-01-30,,IN_GRACE
FDX20257368883,CUST652108,Fernandez-Pham,Mid,2025-12-17,8125,46618,38536,2026-01-01,15,12,2026-01-13,,ELIGIBLE
FDX20258115080,CUST139581,Turner-Griffin,Small,2025-12-22,30487,158048,108448,2026-01-01,10,7,2026-01-08,,ELIGIBLE
FDX20254594921,CUST794083,Castro-Walker,Small,2025-12-24,59063,341823,321317,2026-01-03,10,7,2026-01-10,,ELIGIBLE
FDX20259627700,CUST453123,Lucas-Morrison,Small,2026-01-03,40158,137811,74383,2026-01-13,10,7,2026-01-20,2026-01-17,RESOLVED_IN_GRACE
FDX20254817726,CUST903531,Martinez-Cooper,Small,2025-12-30,56647,291985,98811,2026-01-09,10,7,2026-01-16,,ELIGIBLE
FDX20257838023,CUST748052,Erickson Group,Mid,2025-12-17,20087,111442,23014,2026-01-01,15,12,2026-01-13,,ELIGIBLE
FDX20252893232,CUST237414,Bridges-Snyder,Small,2026-01-07,20014,119161,35901,2026-01-17,10,7,2026-01-24,2026-01-18,RESOLVED_IN_GRACE
FDX20256272748,CUST726258,Perry Inc,Small,2026-01-10,46070,165414,53827,2026-01-20,10,7,2026-01-27,,ELIGIBLE
FDX20253073922,CUST495019,"Hansen, Johnson and White",Small,2026-01-11,7610,35790,21569,2026-01-21,10,7,2026-01-28,,ELIGIBLE
FDX20258816533,CUST261745,Cain-Maxwell,Mid,2025-12-30,51818,205150,116059,2026-01-14,15,12,2026-01-26,,ELIGIBLE
FDX20252850798,CUST270128,Ramos-Crane,Mega,2025-12-01,10406,42232,13149,2026-01-05,35,30,2026-02-04,2026-02-01,RESOLVED_IN_GRACE
FDX20259719581,CUST289630,Anderson-Webb,Small,2025-12-26,18820,93878,68490,2026-01-05,10,7,2026-01-12,,ELIGIBLE
FDX20253280231,CUST971728,Sloan Inc,Mid,2025-12-21,54950,234783,80351,2026-01-05,15,12,2026-01-17,,ELIGIBLE
FDX20259318412,CUST826501,Davis-Kent,Small,2025-12-24,34930,190497,67618,2026-01-03,10,7,2026-01-10,2026-01-05,RESOLVED_IN_GRACE
FDX20257060776,CUST908554,Perez-Stevens,Small,2025-12-27,31890,127855,109835,2026-01-06,10,7,2026-01-13,,IN_GRACE
FDX20255836389,CUST755087,Gutierrez-Peters,Small,2026-01-10,6787,32519,8650,2026-01-20,10,7,2026-01-27,,ELIGIBLE
FDX20251681298,CUST948343,Lopez-Bauer,Small,2026-01-03,2913,11308,7356,2026-01-13,10,7,2026-01-20,2026-01-15,RESOLVED_IN_GRACE
FDX20252379891,CUST273580,Moore-Perry,Small,2025-12-24,51237,248755,122228,2026-01-03,10,7,2026-01-10,,IN_GRACE
FDX20256504863,CUST856215,Deleon Group,Small,2026-01-13,14463,83922,34721,2026-01-23,10,7,2026-01-30,2026-01-26,RESOLVED_IN_GRACE
FDX20259283126,CUST558933,Chandler-Patrick,Small,2026-01-03,59715,249251,238662,2026-01-13,10,7,2026-01-20,2026-01-17,RESOLVED_IN_GRACE
FDX20252941503,CUST145814,Cruz-Carter,Mid,2025-12-26,20899,55960,42565,2026-01-10,15,12,2026-01-22,2026-01-14,RESOLVED_IN_GRACE
FDX20257455555,CUST530816,David-Mayo,Large,2025-12-13,26399,84094,47056,2026-01-07,25,20,2026-01-27,,IN_GRACE
FDX20255758210,CUST481995,Chang-Foster,Large,2025-12-13,7490,40004,29502,2026-01-07,25,20,2026-01-27,,ELIGIBLE
FDX20258666277,CUST809217,Anderson-Cameron,Large,2025-12-04,11647,42584,15692,2025-12-29,25,20,2026-01-18,,ELIGIBLE
FDX20256234607,CUST854540,Allen-Armstrong,Large,2025-12-13,6286,26743,14734,2026-01-07,25,20,2026-01-27,,ELIGIBLE
FDX20258448343,CUST349068,Roman-Davis,Small,2026-01-05,8657,42514,13012,2026-01-15,10,7,2026-01-22,,IN_GRACE
FDX20254789527,CUST565776,Chapman-Mitchell,Small,2026-01-04,8941,41746,10711,2026-01-14,10,7,2026-01-21,,IN_GRACE
FDX20257833061,CUST740255,Rivas-Velasquez,Mid,2025-12-26,43448,144667,47087,2026-01-10,15,12,2026-01-22,,ELIGIBLE
FDX20255875279,CUST398768,Campbell-Snyder,Small,2026-01-07,26349,67389,58383,2026-01-17,10,7,2026-01-24,,ELIGIBLE
FDX20258180005,CUST888939,"Glenn, Jones and Ayers",Small,2026-01-10,8214,28656,21387,2026-01-20,10,7,2026-01-27,,ELIGIBLE
FDX20254167286,CUST884897,"Moreno, Fuentes and Butler",Small,2025-12-27,44073,263027,97524,2026-01-06,10,7,2026-01-13,,ELIGIBLE
FDX20252167847,CUST921874,Jennings-Rose,Mid,2025-12-14,4957,13474,10863,2025-12-29,15,12,2026-01-10,2026-01-01,RESOLVED_IN_GRACE
FDX20258980532,CUST570735,Ramirez-Mullins,Small,2025-12-31,13069,37612,35184,2026-01-10,10,7,2026-01-17,,ELIGIBLE
FDX20257164643,CUST345369,Carter-Young,Small,2026-01-07,21769,89127,43258,2026-01-17,10,7,2026-01-24,2026-01-23,RESOLVED_IN_GRACE
FDX20254008109,CUST659951,"Booth, Martin and Evans",Small,2026-01-03,58163,256511,172913,2026-01-13,10,7,2026-01-20,,IN_GRACE
FDX20251214510,CUST350786,"Reid, Smith and Barnes",Mid,2025-12-26,44359,174950,142435,2026-01-10,15,12,2026-01-22,,ELIGIBLE
FDX20259248490,CUST424500,Williams-Reyes,Mid,2025-12-22,50922,223128,103394,2026-01-06,15,12,2026-01-18,,IN_GRACE
FDX20252764491,CUST947903,Burns-Strong,Small,2026-01-09,38235,165189,126023,2026-01-19,10,7,2026-01-26,,ELIGIBLE
FDX20257649981,CUST922471,Perkins-Mullins,Large,2025-12-07,10418,46751,38232,2026-01-01,25,20,2026-01-21,,ELIGIBLE
FDX20258349399,CUST591798,"Blankenship, Olson and Mendoza",Small,2025-12-26,9359,27450,22772,2026-01-05,10,7,2026-01-12,2026-01-06,RESOLVED_IN_GRACE
FDX20259768819,CUST975679,Carter-Walters,Mid,2025-12-17,46419,198011,196070,2026-01-01,15,12,2026-01-13,2026-01-13,RESOLVED_IN_GRACE
FDX20252426162,CUST303440,Thornton-Spears,Mega,2025-12-01,41549,185420,112363,2026-01-05,35,30,2026-02-04,,ELIGIBLE
FDX20253000143,CUST485709,"Warren, Wood and Patel",Mega,2025-12-01,49640,161237,103784,2026-01-05,35,30,2026-02-04,,ELIGIBLE
FDX20253405308,CUST811256,Wright-White,Mid,2025-12-28,53411,317493,98117,2026-01-12,15,12,2026-01-24,,ELIGIBLE
FDX20257623837,CUST698128,Terry-Daniels,Small,2025-12-31,36492,127302,79673,2026-01-10,10,7,2026-01-17,,ELIGIBLE
FDX20257721360,CUST561999,Curtis LLC,Mid,2025-12-21,22116,82769,50859,2026-01-05,15,12,2026-01-17,2026-01-11,RESOLVED_IN_GRACE
FDX20252706614,CUST584106,"Cooley, Stokes and Welch",Mid,2025-12-14,36582,218755,77010,2025-12-29,15,12,2026-01-10,,ELIGIBLE
FDX20253830705,CUST906814,Jones-Perkins,Small,2025-12-30,27811,138990,44490,2026-01-09,10,7,2026-01-16,,ELIGIBLE
FDX20252085660,CUST395459,"Aguirre, Lee and Garcia",Small,2025-12-31,48675,289762,212479,2026-01-10,10,7,2026-01-17,,IN_GRACE
FDX20257102041,CUST915922,Smith-Potter,Large,2025-12-08,25666,72032,60652,2026-01-02,25,20,2026-01-22,,IN_GRACE
FDX20254340115,CUST500422,"Dalton, Herring and Lopez",Large,2025-12-13,8477,30029,28532,2026-01-07,25,20,2026-01-27,,IN_GRACE
FDX20256681296,CUST627335,Jackson-Ruiz,Small,2026-01-11,39545,180374,47776,2026-01-21,10,7,2026-01-28,2026-01-23,RESOLVED_IN_GRACE
FDX20254359863,CUST653081,"Adkins, Bentley and Perkins",Mid,2025-12-12,53867,184868,71373,2025-12-27,15,12,2026-01-08,2025-12-31,RESOLVED_IN_GRACE
FDX20257782844,CUST538997,Shaw-Martinez,Small,2025-12-22,24263,133422,72817,2026-01-01,10,7,2026-01-08,2026-01-06,RESOLVED_IN_GRACE
FDX20253059607,CUST269930,Ibarra LLC,Small,2025-12-30,16572,95528,62160,2026-01-09,10,7,2026-01-16,2026-01-14,RESOLVED_IN_GRACE
FDX20254906904,CUST956572,Howard-Conway,Mid,2025-12-20,5167,19675,16138,2026-01-04,15,12,2026-01-16,,ELIGIBLE
FDX20258125354,CUST309398,Patel-Ross,Small,2026-01-04,49787,289245,137148,2026-01-14,10,7,2026-01-21,2026-01-20,RESOLVED_IN_GRACE
FDX20259373678,CUST940181,Thomas-Jackson,Mid,2025-12-30,12732,65121,46671,2026-01-14,15,12,2026-01-26,,ELIGIBLE
FDX20255672762,CUST734035,"Craig, Coleman and Nguyen",Small,2026-01-11,3483,14213,3942,2026-01-21,10,7,2026-01-28,,IN_GRACE
FDX20255579723,CUST245121,Kelly-Santos,Mid,2025-12-22,54313,265762,137190,2026-01-06,15,12,2026-01-18,,ELIGIBLE
FDX20257714837,CUST362147,"Landry, Morgan and Williams",Small,2026-01-10,4486,25515,20774,2026-01-20,10,7,2026-01-27,2026-01-26,RESOLVED_IN_GRACE
FDX20256974321,CUST154714,Hebert-Andrews,Large,2025-12-13,45124,246105,68200,2026-01-07,25,20,2026-01-27,,ELIGIBLE
FDX20258983040,CUST772324,Combs-Harrison,Mid,2025-12-20,39898,217988,95424,2026-01-04,15,12,2026-01-16,,ELIGIBLE
FDX20257785437,CUST603935,Stevenson-Fry,Small,2026-01-11,25139,96827,63764,2026-01-21,10,7,2026-01-28,,ELIGIBLE
FDX20259129112,CUST489244,Lewis-Greene,Mid,2025-12-19,10118,48765,21969,2026-01-03,15,12,2026-01-15,2026-01-08,RESOLVED_IN_GRACE
FDX20259580111,CUST681478,Dunn-Anderson,Small,2026-01-07,47620,243138,176684,2026-01-17,10,7,2026-01-24,,ELIGIBLE
FDX20255679008,CUST207573,Stephens-Whitaker,Mid,2025-12-12,33524,147042,66699,2025-12-27,15,12,2026-01-08,2026-01-01,RESOLVED_IN_GRACE
FDX20253472527,CUST845957,Bishop-Norris,Mid,2025-12-22,52526,203004,200766,2026-01-06,15,12,2026-01-18,,ELIGIBLE
FDX20258627505,CUST986982,Horton-Bolton,Large,2025-12-04,27093,102406,59242,2025-12-29,25,20,2026-01-18,,IN_GRACE
FDX20252812554,CUST640970,Ritter-Mclaughlin,Small,2025-12-30,3723,14322,10721,2026-01-09,10,7,2026-01-16,2026-01-12,RESOLVED_IN_GRACE
FDX20253050009,CUST992512,Mitchell-Green,Mid,2025-12-16,54370,149784,60767,2025-12-31,15,12,2026-01-12,2026-01-07,RESOLVED_IN_GRACE
FDX20255205877,CUST230734,Reynolds-Jordan,Small,2025-12-22,2070,8341,6725,2026-01-01,10,7,2026-01-08,,ELIGIBLE
FDX20259209786,CUST398910,Fields Group,Mega,2025-12-01,36369,205451,170333,2026-01-05,35,30,2026-02-04,,ELIGIBLE
FDX20259342869,CUST187949,Smith-Webb,Small,2026-01-11,10394,51555,29900,2026-01-21,10,7,2026-01-28,2026-01-26,RESOLVED_IN_GRACE
FDX20254872547,CUST900185,Arnold-Mitchell,Large,2025-12-02,29968,91422,78577,2025-12-27,25,20,2026-01-16,,ELIGIBLE
FDX20253258353,CUST268099,Jones-Gutierrez,Mid,2025-12-14,45513,233706,140973,2025-12-29,15,12,2026-01-10,,IN_GRACE
FDX20251498677,CUST386042,Baldwin LLC,Small,2025-12-30,54336,231524,108833,2026-01-09,10,7,2026-01-16,,IN_GRACE
FDX20252671067,CUST571145,Forbes and Sons,Small,2026-01-13,34060,145788,111876,2026-01-23,10,7,2026-01-30,,IN_GRACE
FDX20251886716,CUST638289,Odom-Flores,Mid,2025-12-17,16433,92538,90157,2026-01-01,15,12,2026-01-13,2026-01-07,RESOLVED_IN_GRACE
FDX20252144687,CUST254506,Thomas-Barton,Small,2026-01-01,44202,186593,143774,2026-01-11,10,7,2026-01-18,,IN_GRACE
FDX20259357316,CUST971415,"Evans, Ellis and Wilkerson",Large,2025-12-10,2856,16688,4505,2026-01-04,25,20,2026-01-24,,ELIGIBLE
FDX20251448771,CUST558723,Jones-Deleon,Mid,2025-12-16,10656,34588,11381,2025-12-31,15,12,2026-01-12,2026-01-05,RESOLVED_IN_GRACE
FDX20254004727,CUST196168,Carey-Henderson,Small,2026-01-05,3096,15404,5670,2026-01-15,10,7,2026-01-22,,ELIGIBLE
FDX20257419516,CUST332823,Fisher-Hoffman,Small,2025-12-31,57841,239094,124237,2026-01-10,10,7,2026-01-17,2026-01-17,RESOLVED_IN_GRACE
FDX20256485409,CUST956375,Lopez-Contreras,Large,2025-12-01,24714,87752,64235,2025-12-26,25,20,2026-01-15,2026-01-09,RESOLVED_IN_GRACE
FDX20253562495,CUST573041,"Massey, May and Ramirez",Small,2026-01-03,4352,12396,10542,2026-01-13,10,7,2026-01-20,,ELIGIBLE
FDX20256079345,CUST466566,"Olson, Peterson and Wolf",Small,2025-12-24,29951,82799,67536,2026-01-03,10,7,2026-01-10,,ELIGIBLE
FDX20252616210,CUST127965,"Perkins, Baker and Curtis",Mid,2025-12-17,56147,301453,280131,2026-01-01,15,12,2026-01-13,,ELIGIBLE
FDX20252283746,CUST535050,Goodman-Choi,Small,2026-01-10,54863,195497,91913,2026-01-20,10,7,2026-01-27,2026-01-27,RESOLVED_IN_GRACE
FDX20259723295,CUST155843,Odonnell-Gonzalez,Small,2025-12-24,42934,173623,104371,2026-01-03,10,7,2026-01-10,,ELIGIBLE
FDX20259257536,CUST515712,"Macias, Tran and Davis",Small,2026-01-05,3536,16054,12771,2026-01-15,10,7,2026-01-22,,IN_GRACE
FDX20258818548,CUST626392,"Harrell, Koch and Huerta",Small,2026-01-11,10892,53256,19809,2026-01-21,10,7,2026-01-28,,IN_GRACE
FDX20254387852,CUST492127,Alvarez Inc,Small,2025-12-31,25130,150437,148085,2026-01-10,10,7,2026-01-17,,IN_GRACE
FDX20255925168,CUST347231,Palmer-Larsen,Large,2025-12-14,53536,161143,146159,2026-01-08,25,20,2026-01-28,2026-01-24,RESOLVED_IN_GRACE
FDX20259353359,CUST504924,Miles-Adkins,Mid,2025-12-21,20941,78735,29092,2026-01-05,15,12,2026-01-17,,ELIGIBLE
FDX20259225036,CUST185569,Delgado-Weaver,Small,2026-01-11,46433,219430,61315,2026-01-21,10,7,2026-01-28,,ELIGIBLE
FDX20259469050,CUST493124,Shepherd-Wells,Small,2026-01-04,15761,48032,27941,2026-01-14,10,7,2026-01-21,,ELIGIBLE
FDX20255390014,CUST335445,Hughes-Anderson,Small,2026-01-09,5348,20943,17628,2026-01-19,10,7,2026-01-26,,IN_GRACE
FDX20256764913,CUST129556,Rangel-Howell,Small,2025-12-22,46090,268445,123985,2026-01-01,10,7,2026-01-08,2026-01-03,RESOLVED_IN_GRACE
FDX20251296459,CUST434165,Freeman-Smith,Large,2025-12-03,45670,270802,178974,2025-12-28,25,20,2026-01-17,,ELIGIBLE
FDX20251530135,CUST203896,Rose-Payne,Small,2026-01-09,36310,124677,71363,2026-01-19,10,7,2026-01-26,,IN_GRACE
FDX20258221021,CUST979940,Smith-Miller,Mid,2025-12-16,11628,59211,48119,2025-12-31,15,12,2026-01-12,2026-01-10,RESOLVED_IN_GRACE
FDX20252998738,CUST849421,Wilcox-Green,Small,2026-01-13,24928,82674,69864,2026-01-23,10,7,2026-01-30,2026-01-25,RESOLVED_IN_GRACE
FDX20257436241,CUST781533,Pearson Inc,Mid,2025-12-24,29508,85672,81042,2026-01-08,15,12,2026-01-20,,IN_GRACE
FDX20258551685,CUST451577,Kramer-Cantu,Large,2025-12-04,57281,274110,212347,2025-12-29,25,20,2026-01-18,2026-01-07,RESOLVED_IN_GRACE
FDX20256277427,CUST929822,Wilson-Foster,Small,2026-01-13,38849,205686,107678,2026-01-23,10,7,2026-01-30,,ELIGIBLE
FDX20257313879,CUST253143,Clements-Williams,Mega,2025-12-01,23528,98966,69972,2026-01-05,35,30,2026-02-04,,ELIGIBLE
FDX20258424860,CUST244283,French-Durham,Mid,2025-12-24,48112,283642,140921,2026-01-08,15,12,2026-01-20,,ELIGIBLE
FDX20258711752,CUST140163,Boyd-Spencer,Small,2026-01-10,56728,261467,248891,2026-01-20,10,7,2026-01-27,,IN_GRACE
FDX20251603663,CUST400814,Black-Bennett,Mid,2025-12-28,34731,201625,65133,2026-01-12,15,12,2026-01-24,,ELIGIBLE
FDX20251551295,CUST970068,Glover-Baker,Large,2025-12-12,12857,61543,60379,2026-01-06,25,20,2026-01-26,,ELIGIBLE
FDX20253967372,CUST595404,Perez-Alvarez,Mid,2025-12-31,14151,82933,28463,2026-01-15,15,12,2026-01-27,2026-01-23,RESOLVED_IN_GRACE
FDX20256084244,CUST829884,Reed-Calhoun,Mid,2025-12-12,48006,195485,85683,2025-12-27,15,12,2026-01-08,,ELIGIBLE
FDX20253753883,CUST971482,Russell and Sons,Mega,2025-12-01,30299,171344,58209,2026-01-05,35,30,2026-02-04,,IN_GRACE
FDX20259245659,CUST245534,Wilson-Murphy,Mid,2025-12-20,36174,120395,53570,2026-01-04,15,12,2026-01-16,2026-01-07,RESOLVED_IN_GRACE
FDX20258225630,CUST895702,Townsend and Sons,Mid,2025-12-25,46246,188978,52450,2026-01-09,15,12,2026-01-21,,IN_GRACE
FDX20253256338,CUST839808,Jones-Cox,Small,2025-12-31,12077,44169,31728,2026-01-10,10,7,2026-01-17,,IN_GRACE
FDX20256242203,CUST591897,Galloway-Myers,Small,2025-12-27,15175,63767,58799,2026-01-06,10,7,2026-01-13,,ELIGIBLE
FDX20257527687,CUST570392,Parker-Brock,Large,2025-12-10,9976,56121,35368,2026-01-04,25,20,2026-01-24,2026-01-08,RESOLVED_IN_GRACE
FDX20259178136,CUST745239,Singh-Shaw,Small,2025-12-27,31755,132950,67226,2026-01-06,10,7,2026-01-13,,ELIGIBLE
FDX20252835125,CUST105506,Rodriguez-Johnson,Small,2025-12-30,48062,128123,84339,2026-01-09,10,7,2026-01-16,,IN_GRACE
FDX20259230125,CUST183074,"Pearson, Downs and Walton",Small,2025-12-22,4149,14929,10529,2026-01-01,10,7,2026-01-08,,ELIGIBLE
FDX20258882244,CUST119927,Robinson-Powell,Mid,2025-12-17,23543,106905,36558,2026-01-01,15,12,2026-01-13,,ELIGIBLE
FDX20258984462,CUST368355,"Shea, Velazquez and Garcia",Mid,2025-12-30,6793,22335,15844,2026-01-14,15,12,2026-01-26,,IN_GRACE
FDX20253622462,CUST326130,Faulkner-Young,Small,2026-01-13,26257,95972,92401,2026-01-23,10,7,2026-01-30,,IN_GRACE
FDX20259500764,CUST975522,Yu LLC,Small,2025-12-22,6707,20789,6967,2026-01-01,10,7,2026-01-08,2026-01-04,RESOLVED_IN_GRACE
FDX20251935113,CUST256782,Tran-Morrow,Mid,2025-12-28,1929,5934,4826,2026-01-12,15,12,2026-01-24,,IN_GRACE
FDX20257566347,CUST675462,Spence-Warren,Small,2026-01-04,58480,180608,128196,2026-01-14,10,7,2026-01-21,2026-01-20,RESOLVED_IN_GRACE
FDX20255418967,CUST862560,Franklin-Romero,Large,2025-12-12,41024,145010,45986,2026-01-06,25,20,2026-01-26,,ELIGIBLE
FDX20259299539,CUST738457,Simmons Group,Small,2026-01-03,32749,183445,109282,2026-01-13,10,7,2026-01-20,,IN_GRACE
FDX20257338393,CUST653408,Reed-Thomas,Mid,2025-12-31,46010,203763,200062,2026-01-15,15,12,2026-01-27,2026-01-21,RESOLVED_IN_GRACE
FDX20256918393,CUST543814,Fox-Williams,Large,2025-12-01,12621,66016,59686,2025-12-26,25,20,2026-01-15,,ELIGIBLE
FDX20255772070,CUST216587,"Rhodes, House and Fletcher",Small,2026-01-09,10336,54830,37861,2026-01-19,10,7,2026-01-26,,IN_GRACE
FDX20256376808,CUST913875,"Everett, Black and Barr",Large,2025-12-04,33636,147203,137784,2025-12-29,25,20,2026-01-18,2026-01-07,RESOLVED_IN_GRACE
FDX20252030523,CUST402096,"Todd, Fritz and Cunningham",Small,2025-12-24,13464,47178,27239,2026-01-03,10,7,2026-01-10,,ELIGIBLE
FDX20251472228,CUST349183,Smith-Hancock,Small,2025-12-31,22363,90640,50808,2026-01-10,10,7,2026-01-17,,ELIGIBLE
FDX20251756962,CUST415779,Chang-Cantu,Mid,2025-12-17,50783,187050,170532,2026-01-01,15,12,2026-01-13,,ELIGIBLE
FDX20253150806,CUST227767,Cole Inc,Small,2025-12-24,14182,83388,31639,2026-01-03,10,7,2026-01-10,,ELIGIBLE
FDX20257147341,CUST150068,Yu-Green,Large,2025-12-16,48387,236432,184709,2026-01-10,25,20,2026-01-30,,ELIGIBLE
FDX20256853181,CUST350021,Avila-Fuentes,Large,2025-12-01,15652,78970,43061,2025-12-26,25,20,2026-01-15,2026-01-14,RESOLVED_IN_GRACE
FDX20251451304,CUST540218,Farrell-Smith,Mid,2026-01-01,13762,39635,25057,2026-01-16,15,12,2026-01-28,2026-01-18,RESOLVED_IN_GRACE
FDX20256725334,CUST769989,Smith-Charles,Small,2026-01-10,4191,10672,5321,2026-01-20,10,7,2026-01-27,2026-01-24,RESOLVED_IN_GRACE
FDX20257384961,CUST932463,"Bullock, Snyder and Kemp",Large,2025-12-06,1592,7991,5204,2025-12-31,25,20,2026-01-20,2026-01-06,RESOLVED_IN_GRACE
FDX20252633262,CUST753064,Tyler-Johnson,Small,2026-01-07,5937,23278,12284,2026-01-17,10,7,2026-01-24,,ELIGIBLE
FDX20258183134,CUST579318,Davis-Lucero,Small,2025-12-30,42658,172543,167669,2026-01-09,10,7,2026-01-16,2026-01-15,RESOLVED_IN_GRACE
FDX20256790539,CUST165858,Matthews-Allen,Small,2025-12-22,35704,139770,110316,2026-01-01,10,7,2026-01-08,2026-01-07,RESOLVED_IN_GRACE
FDX20256995607,CUST216242,Hawkins-Morris,Large,2025-12-01,53096,233051,143081,2025-12-26,25,20,2026-01-15,,ELIGIBLE
FDX20257911031,CUST977330,Mccoy-Johnson,Large,2025-12-16,15693,71784,20168,2026-01-10,25,20,2026-01-30,,ELIGIBLE
FDX20256893320,CUST624108,"Neal, Davis and Santos",Small,2026-01-04,25171,109650,87614,2026-01-14,10,7,2026-01-21,2026-01-16,RESOLVED_IN_GRACE
FDX20251947061,CUST725726,Lopez-Allen,Large,2025-12-03,8800,22863,14634,2025-12-28,25,20,2026-01-17,,IN_GRACE
FDX20255097480,CUST662093,Wood-Moore,Small,2026-01-03,13395,33768,31755,2026-01-13,10,7,2026-01-20,,ELIGIBLE
FDX20255154272,CUST117233,Escobar Inc,Small,2026-01-01,38710,147773,47294,2026-01-11,10,7,2026-01-18,2026-01-16,RESOLVED_IN_GRACE
FDX20254936305,CUST762652,Valentine PLC,Small,2026-01-05,31199,107092,35173,2026-01-15,10,7,2026-01-22,,ELIGIBLE
FDX20256236161,CUST640410,Mejia-Castro,Small,2026-01-05,45098,261733,139824,2026-01-15,10,7,2026-01-22,2026-01-16,RESOLVED_IN_GRACE
FDX20252425085,CUST702980,"Watson, Kidd and Rivera",Small,2025-12-29,32715,163405,60186,2026-01-08,10,7,2026-01-15,2026-01-15,RESOLVED_IN_GRACE
FDX20252098911,CUST353690,Smith-Harris,Small,2025-12-27,16765,72522,46209,2026-01-06,10,7,2026-01-13,2026-01-13,RESOLVED_IN_GRACE
FDX20256115582,CUST853448,Stevens-Rogers,Small,2026-01-04,55868,199369,83511,2026-01-14,10,7,2026-01-21,,ELIGIBLE
FDX20252920509,CUST250551,Flores-Harris,Large,2025-12-01,10031,56294,22664,2025-12-26,25,20,2026-01-15,,IN_GRACE
FDX20256663891,CUST405420,Richardson-Villegas,Large,2025-12-03,59767,221547,82215,2025-12-28,25,20,2026-01-17,2026-01-07,RESOLVED_IN_GRACE
FDX20253848423,CUST550089,Brewer-Johns,Small,2025-12-26,35394,133034,42166,2026-01-05,10,7,2026-01-12,,ELIGIBLE
FDX20251330712,CUST101640,Freeman-Lee,Small,2026-01-10,51778,171364,141478,2026-01-20,10,7,2026-01-27,,IN_GRACE
FDX20256471332,CUST744674,Sweeney Inc,Mid,2025-12-24,46741,235830,222335,2026-01-08,15,12,2026-01-20,2026-01-14,RESOLVED_IN_GRACE
FDX20251627092,CUST469954,Holloway Group,Small,2025-12-27,41250,110150,110126,2026-01-06,10,7,2026-01-13,2026-01-08,RESOLVED_IN_GRACE
FDX20258732776,CUST352249,Maldonado LLC,Small,2026-01-09,28499,142564,122370,2026-01-19,10,7,2026-01-26,,IN_GRACE
FDX20258087921,CUST698384,Smith-Sanders,Large,2025-12-01,2714,6789,5202,2025-12-26,25,20,2026-01-15,2025-12-28,RESOLVED_IN_GRACE
FDX20259636236,CUST536802,Smith-White,Small,2025-12-26,32437,100850,55089,2026-01-05,10,7,2026-01-12,,IN_GRACE
FDX20258066104,CUST296412,Rodriguez-Wyatt,Mid,2025-12-25,3303,17444,14037,2026-01-09,15,12,2026-01-21,,IN_GRACE
FDX20255473122,CUST796643,Brown-Mullins,Small,2025-12-24,42673,231879,65057,2026-01-03,10,7,2026-01-10,,ELIGIBLE
FDX20251342293,CUST800674,Spencer Group,Small,2026-01-09,58608,187577,182309,2026-01-19,10,7,2026-01-26,2026-01-26,RESOLVED_IN_GRACE
FDX20258880256,CUST189772,Miller-Brown,Mega,2025-12-01,9445,41914,20821,2026-01-05,35,30,2026-02-04,,IN_GRACE
FDX20251373065,CUST648913,"Schaefer, Perkins and Perry",Mid,2025-12-30,13295,49313,34486,2026-01-14,15,12,2026-01-26,,ELIGIBLE
FDX20256310229,CUST478120,"Maddox, Jones and Knapp",Mid,2025-12-26,38870,205578,48779,2026-01-10,15,12,2026-01-22,,ELIGIBLE
FDX20257337385,CUST170966,Johnson-Santiago,Small,2026-01-03,10111,40650,16982,2026-01-13,10,7,2026-01-20,2026-01-14,RESOLVED_IN_GRACE
FDX20257548160,CUST651613,Hernandez-Pearson,Mid,2025-12-28,54771,222871,217478,2026-01-12,15,12,2026-01-24,,IN_GRACE
FDX20256409332,CUST670511,Dunn LLC,Small,2025-12-31,52602,295040,187893,2026-01-10,10,7,2026-01-17,,ELIGIBLE
FDX20252639564,CUST631971,Johns Group,Small,2026-01-03,48789,243753,140743,2026-01-13,10,7,2026-01-20,,ELIGIBLE
FDX20259193298,CUST924613,"Dickson, Graves and Sanchez",Small,2025-12-24,9035,37668,20856,2026-01-03,10,7,2026-01-10,,ELIGIBLE
FDX20252678672,CUST632280,Campbell-Harris,Mega,2025-12-01,30694,180224,38441,2026-01-05,35,30,2026-02-04,,ELIGIBLE
FDX20254454568,CUST681070,Nelson-Smith,Mid,2025-12-24,14456,47107,20898,2026-01-08,15,12,2026-01-20,,IN_GRACE
FDX20256636598,CUST121322,Hardin-Reyes,Small,2025-12-29,2401,6930,5955,2026-01-08,10,7,2026-01-15,,ELIGIBLE
FDX20259333769,CUST509420,Bowen Ltd,Small,2026-01-10,58105,146055,137404,2026-01-20,10,7,2026-01-27,,ELIGIBLE
FDX20259435056,CUST592972,Fisher-Powell,Mid,2025-12-20,20047,58903,50511,2026-01-04,15,12,2026-01-16,2026-01-10,RESOLVED_IN_GRACE
FDX20256696526,CUST145649,Stewart-Mccoy,Mid,2025-12-28,2272,7066,4563,2026-01-12,15,12,2026-01-24,2026-01-14,RESOLVED_IN_GRACE
FDX20253795540,CUST766549,Meyer-Nelson,Mid,2025-12-12,15985,41536,17527,2025-12-27,15,12,2026-01-08,2026-01-04,RESOLVED_IN_GRACE
FDX20256025126,CUST505674,Watkins-Munoz,Mid,2025-12-16,35135,169792,146073,2025-12-31,15,12,2026-01-12,2026-01-08,RESOLVED_IN_GRACE
FDX20257095738,CUST491435,Hill-Contreras,Small,2025-12-22,44073,201814,179253,2026-01-01,10,7,2026-01-08,2026-01-07,RESOLVED_IN_GRACE
FDX20258314717,CUST365971,Fuentes-Franco,Small,2025-12-27,52707,258800,137783,2026-01-06,10,7,2026-01-13,,ELIGIBLE
FDX20254384948,CUST883618,Lee-Rivers,Mid,2025-12-24,23826,130502,68139,2026-01-08,15,12,2026-01-20,,ELIGIBLE
FDX20259337466,CUST117031,Davidson and Sons,Small,2025-12-31,1820,9364,4595,2026-01-10,10,7,2026-01-17,,ELIGIBLE
FDX20252263679,CUST474440,Ramirez LLC,Mid,2025-12-14,39185,123381,78986,2025-12-29,15,12,2026-01-10,,ELIGIBLE
FDX20259989803,CUST926823,Mills-Roberts,Small,2026-01-07,23471,64325,42913,2026-01-17,10,7,2026-01-24,,ELIGIBLE
FDX20254591668,CUST170841,Hart-Cruz,Small,2025-12-24,42041,219852,88171,2026-01-03,10,7,2026-01-10,2026-01-05,RESOLVED_IN_GRACE
FDX20255821026,CUST461551,Downs Ltd,Small,2025-12-24,27113,121823,108643,2026-01-03,10,7,2026-01-10,2026-01-06,RESOLVED_IN_GRACE
FDX20255448564,CUST352838,Potter-Hall,Small,2026-01-03,45878,217808,79415,2026-01-13,10,7,2026-01-20,,IN_GRACE
FDX20251797443,CUST868544,Hood Ltd,Large,2025-12-01,30684,100038,96443,2025-12-26,25,20,2026-01-15,,ELIGIBLE
FDX20255988206,CUST789023,Nguyen-Jackson,Mid,2025-12-17,29631,118525,43312,2026-01-01,15,12,2026-01-13,2026-01-10,RESOLVED_IN_GRACE
FDX20257744899,CUST758775,Ramirez-Griffin,Large,2025-12-13,9681,43078,18484,2026-01-07,25,20,2026-01-27,,ELIGIBLE
FDX20254789737,CUST208699,Larson-Griffith,Large,2025-12-04,4079,15250,7781,2025-12-29,25,20,2026-01-18,,ELIGIBLE
FDX20252542796,CUST908977,Webb-Walsh,Mid,2025-12-26,44183,255538,115064,2026-01-10,15,12,2026-01-22,,ELIGIBLE
FDX20252589366,CUST710169,Duarte-Webb,Large,2025-12-13,51663,302730,136585,2026-01-07,25,20,2026-01-27,,ELIGIBLE
FDX20256651204,CUST870899,Patterson-Garcia,Small,2026-01-11,4513,22455,13008,2026-01-21,10,7,2026-01-28,,IN_GRACE
FDX20255586302,CUST893435,Weiss-Moore,Small,2025-12-31,27803,88674,34752,2026-01-10,10,7,2026-01-17,2026-01-14,RESOLVED_IN_GRACE
FDX20252128599,CUST448671,"Chung, Todd and Wallace",Small,2025-12-26,58958,248599,127322,2026-01-05,10,7,2026-01-12,2026-01-11,RESOLVED_IN_GRACE
FDX20259909769,CUST239890,Powers-Downs,Mid,2025-12-12,14173,54823,53807,2025-12-27,15,12,2026-01-08,2025-12-31,RESOLVED_IN_GRACE
FDX20258973680,CUST146489,Bell-Kelly,Mid,2025-12-20,57750,294844,294794,2026-01-04,15,12,2026-01-16,,ELIGIBLE
FDX20258165647,CUST469412,Wright-Greene,Large,2025-12-01,20278,64669,48179,2025-12-26,25,20,2026-01-15,,ELIGIBLE
FDX20254518839,CUST672536,Castillo-Sullivan,Mega,2025-12-01,52887,231218,170624,2026-01-05,35,30,2026-02-04,,ELIGIBLE
FDX20256827003,CUST454992,Gould-Hensley,Mid,2025-12-20,18304,109241,22696,2026-01-04,15,12,2026-01-16,,ELIGIBLE
FDX20252286168,CUST953025,Burns-Arnold,Mid,2025-12-22,30441,148966,147672,2026-01-06,15,12,2026-01-18,2026-01-17,RESOLVED_IN_GRACE
FDX20256064152,CUST774020,Hopkins-Wilson,Large,2025-12-01,38183,205417,185937,2025-12-26,25,20,2026-01-15,2026-01-12,RESOLVED_IN_GRACE
FDX20259466446,CUST283594,Acosta Inc,Mid,2025-12-26,49719,218643,189415,2026-01-10,15,12,2026-01-22,2026-01-16,RESOLVED_IN_GRACE
FDX20256031638,CUST970720,Smith-Berg,Mid,2025-12-31,30763,112392,112105,2026-01-15,15,12,2026-01-27,,ELIGIBLE
FDX20258263032,CUST916990,Miller-Barrett,Large,2025-12-12,6439,18916,7333,2026-01-06,25,20,2026-01-26,,ELIGIBLE
FDX20256257190,CUST817941,"Blanchard, Johnson and Jones",Small,2026-01-13,27405,153135,133710,2026-01-23,10,7,2026-01-30,,ELIGIBLE
FDX20254356734,CUST587192,Brown-Wilcox,Mid,2025-12-21,30123,135302,114154,2026-01-05,15,12,2026-01-17,2026-01-08,RESOLVED_IN_GRACE
FDX20257951039,CUST829168,Mcneil-Oneal,Large,2025-12-12,29601,111973,41613,2026-01-06,25,20,2026-01-26,,ELIGIBLE
FDX20257749490,CUST601776,Taylor-York,Small,2026-01-10,34530,144992,116425,2026-01-20,10,7,2026-01-27,2026-01-22,RESOLVED_IN_GRACE
FDX20255215523,CUST762423,Martinez-Turner,Large,2025-12-04,44302,262553,162271,2025-12-29,25,20,2026-01-18,,ELIGIBLE
FDX20259646460,CUST291132,Kelly-Guerra,Small,2025-12-31,36756,171994,119863,2026-01-10,10,7,2026-01-17,,ELIGIBLE
FDX20258603914,CUST950916,Mccall-Mcdonald,Small,2026-01-11,15696,69027,46675,2026-01-21,10,7,2026-01-28,,ELIGIBLE
FDX20254029979,CUST241403,Mata Group,Small,2026-01-09,4933,14707,7556,2026-01-19,10,7,2026-01-26,,ELIGIBLE
FDX20251312111,CUST166165,Bell-Jacobs,Mid,2025-12-21,19767,77304,75047,2026-01-05,15,12,2026-01-17,,ELIGIBLE
FDX20259660803,CUST850827,Bennett Ltd,Small,2026-01-01,8677,35820,32942,2026-01-11,10,7,2026-01-18,,ELIGIBLE
FDX20254129604,CUST913894,Wheeler-Martin,Large,2025-12-07,18930,94035,87288,2026-01-01,25,20,2026-01-21,,ELIGIBLE
FDX20259375247,CUST579911,Craig-Kim,Large,2025-12-12,11148,44822,27325,2026-01-06,25,20,2026-01-26,,ELIGIBLE
FDX20254572755,CUST138780,"Huynh, Elliott and Johnson",Mid,2025-12-30,30240,147241,32152,2026-01-14,15,12,2026-01-26,,IN_GRACE
FDX20258839914,CUST407696,Hunter Ltd,Small,2026-01-07,19221,105775,19580,2026-01-17,10,7,2026-01-24,,ELIGIBLE
FDX20255495219,CUST311383,Guerrero-Anderson,Small,2026-01-09,20684,56858,52303,2026-01-19,10,7,2026-01-26,,IN_GRACE
FDX20259937547,CUST145934,Douglas-Hutchinson,Small,2026-01-10,42674,159351,93658,2026-01-20,10,7,2026-01-27,,IN_GRACE
FDX20258276689,CUST929538,Terry-Tucker,Mid,2025-12-12,24081,69150,57436,2025-12-27,15,12,2026-01-08,,ELIGIBLE
FDX20252004647,CUST309159,Hayes LLC,Mid,2025-12-21,56419,258240,154269,2026-01-05,15,12,2026-01-17,2026-01-12,RESOLVED_IN_GRACE
FDX20259762229,CUST143941,"Hurley, Ortega and Oconnell",Small,2026-01-10,53035,284605,99810,2026-01-20,10,7,2026-01-27,,IN_GRACE
FDX20254366315,CUST430926,Martinez-Colon,Mid,2025-12-28,29818,165933,66403,2026-01-12,15,12,2026-01-24,,ELIGIBLE
FDX20257111514,CUST425138,Atkinson-Mathews,Small,2025-12-26,51101,140904,80012,2026-01-05,10,7,2026-01-12,2026-01-11,RESOLVED_IN_GRACE
FDX20258759239,CUST640418,Gray-Mcclure,Small,2026-01-10,49030,164265,110584,2026-01-20,10,7,2026-01-27,2026-01-22,RESOLVED_IN_GRACE
FDX20253478727,CUST517568,Romero-Sutton,Small,2026-01-07,23932,124883,39373,2026-01-17,10,7,2026-01-24,,ELIGIBLE
FDX20255032805,CUST955015,Collins-Johnson,Small,2026-01-07,10739,50715,36258,2026-01-17,10,7,2026-01-24,,ELIGIBLE
FDX20253524512,CUST669408,Klein-Santiago,Mid,2025-12-28,59894,276551,108283,2026-01-12,15,12,2026-01-24,,IN_GRACE
FDX20256037789,CUST596395,Jenkins-Figueroa,Mid,2026-01-03,6242,20661,20211,2026-01-18,15,12,2026-01-30,,ELIGIBLE
FDX20258304611,CUST365618,Hall-Lawrence,Mid,2025-12-24,17829,44890,18709,2026-01-08,15,12,2026-01-20,,ELIGIBLE
FDX20257883025,CUST138399,Ortiz-Nelson,Mega,2025-12-01,37713,183781,157731,2026-01-05,35,30,2026-02-04,,ELIGIBLE
FDX20256346113,CUST889882,"Goodwin, Williams and Robinson",Small,2026-01-10,44736,244471,195759,2026-01-20,10,7,2026-01-27,,ELIGIBLE
FDX20252080914,CUST778324,Bond-Powers,Small,2026-01-13,24367,137853,39458,2026-01-23,10,7,2026-01-30,2026-01-26,RESOLVED_IN_GRACE
FDX20254415137,CUST300386,"Warner, Miller and Dickson",Large,2025-12-04,16843,51404,36827,2025-12-29,25,20,2026-01-18,2026-01-04,RESOLVED_IN_GRACE
FDX20257919567,CUST400009,Payne-Hansen,Small,2025-12-24,23809,110425,73702,2026-01-03,10,7,2026-01-10,,ELIGIBLE
FDX20255478422,CUST474314,Walker PLC,Large,2025-12-13,2792,7093,2798,2026-01-07,25,20,2026-01-27,,IN_GRACE
FDX20255815809,CUST918771,Rosario PLC,Small,2026-01-05,58874,234647,187614,2026-01-15,10,7,2026-01-22,,ELIGIBLE
FDX20253694157,CUST150126,Gray-Parks,Large,2025-12-16,54662,277607,110461,2026-01-10,25,20,2026-01-30,2026-01-24,RESOLVED_IN_GRACE
FDX20255302460,CUST787584,Lee-Nelson,Mid,2025-12-12,44318,122900,71258,2025-12-27,15,12,2026-01-08,,ELIGIBLE
FDX20254961601,CUST448048,Lindsey-Rodriguez,Small,2025-12-24,3520,12112,7921,2026-01-03,10,7,2026-01-10,2026-01-04,RESOLVED_IN_GRACE
FDX20257809300,CUST386488,Payne-Green,Small,2025-12-24,55315,202745,161656,2026-01-03,10,7,2026-01-10,,IN_GRACE
FDX20255001087,CUST230521,Thompson-Allen,Large,2025-12-13,23675,83965,31867,2026-01-07,25,20,2026-01-27,,ELIGIBLE
FDX20252905196,CUST938171,Lopez-Schultz,Mid,2025-12-24,40055,235293,124773,2026-01-08,15,12,2026-01-20,,ELIGIBLE
FDX20253515949,CUST485896,Morrow-Stewart,Mid,2025-12-17,29921,170782,170457,2026-01-01,15,12,2026-01-13,,ELIGIBLE
FDX20254219816,CUST558176,"Wolf, Hill and Rogers",Small,2025-12-27,18995,105657,76822,2026-01-06,10,7,2026-01-13,,ELIGIBLE
FDX20251464798,CUST519453,Jackson-Smith,Small,2026-01-03,55001,144740,120318,2026-01-13,10,7,2026-01-20,,IN_GRACE
FDX20255120259,CUST879414,Anderson-Eaton,Mid,2025-12-21,54011,146432,109872,2026-01-05,15,12,2026-01-17,,IN_GRACE
FDX20256210006,CUST561097,Stewart Group,Large,2025-12-14,4382,11362,8467,2026-01-08,25,20,2026-01-28,,ELIGIBLE
FDX20258787307,CUST505426,Rivera-Fernandez,Small,2026-01-07,19349,97829,32366,2026-01-17,10,7,2026-01-24,2026-01-24,RESOLVED_IN_GRACE
FDX20259143364,CUST455505,Roach LLC,Small,2026-01-09,19718,80701,35939,2026-01-19,10,7,2026-01-26,2026-01-26,RESOLVED_IN_GRACE
FDX20258317096,CUST295892,Klein-Rogers,Small,2025-12-27,30672,80793,34006,2026-01-06,10,7,2026-01-13,2026-01-13,RESOLVED_IN_GRACE
FDX20258080306,CUST620306,Henderson-Schaefer,Small,2026-01-05,19704,59659,51698,2026-01-15,10,7,2026-01-22,,ELIGIBLE
FDX20251620819,CUST825686,Spears Inc,Mid,2025-12-19,21742,91541,47559,2026-01-03,15,12,2026-01-15,,IN_GRACE
FDX20254388838,CUST621691,Lewis-Cox,Small,2026-01-04,26896,140616,84263,2026-01-14,10,7,2026-01-21,,ELIGIBLE
FDX20253673591,CUST485191,Thompson-Anderson,Small,2026-01-09,6903,38894,30764,2026-01-19,10,7,2026-01-26,2026-01-25,RESOLVED_IN_GRACE
FDX20255575347,CUST936020,Bridges-Ferrell,Mid,2026-01-03,55627,239095,118112,2026-01-18,15,12,2026-01-30,2026-01-27,RESOLVED_IN_GRACE
FDX20253288926,CUST644500,Briggs-Williams,Mega,2025-12-01,47541,239027,162009,2026-01-05,35,30,2026-02-04,2026-01-11,RESOLVED_IN_GRACE
FDX20251488919,CUST379676,Garcia-Moore,Small,2026-01-13,58843,167904,105738,2026-01-23,10,7,2026-01-30,,ELIGIBLE
FDX20255335179,CUST940064,Nicholson-Contreras,Small,2025-12-24,59960,275207,245524,2026-01-03,10,7,2026-01-10,2026-01-07,RESOLVED_IN_GRACE
FDX20255660240,CUST186624,"Murillo, Malone and Fletcher",Small,2025-12-31,53928,213738,55556,2026-01-10,10,7,2026-01-17,,ELIGIBLE
FDX20253952542,CUST862400,"Wheeler, Munoz and Ryan",Small,2026-01-13,49934,210040,116771,2026-01-23,10,7,2026-01-30,,IN_GRACE
FDX20251708541,CUST545120,Jimenez-Rich,Small,2026-01-05,26053,130876,83348,2026-01-15,10,7,2026-01-22,,ELIGIBLE
FDX20259151075,CUST182760,"Wolfe, Townsend and Baldwin",Large,2025-12-12,29620,90032,63929,2026-01-06,25,20,2026-01-26,,ELIGIBLE
FDX20251334013,CUST551524,Stanley-West,Small,2026-01-04,11280,47236,46617,2026-01-14,10,7,2026-01-21,,ELIGIBLE
FDX20251928237,CUST731718,Farmer-Ortiz,Small,2026-01-13,48976,253373,129613,2026-01-23,10,7,2026-01-30,2026-01-24,RESOLVED_IN_GRACE
FDX20252408104,CUST962287,Parrish-Mitchell,Mid,2025-12-30,19460,70976,51509,2026-01-14,15,12,2026-01-26,,IN_GRACE
FDX20256266448,CUST289222,Wilkinson-Price,Small,2025-12-22,34654,134023,65307,2026-01-01,10,7,2026-01-08,,ELIGIBLE
FDX20255999260,CUST671971,Thomas-Porter,Mid,2025-12-30,42641,123253,75499,2026-01-14,15,12,2026-01-26,,ELIGIBLE
FDX20252066723,CUST408036,Jones-Carpenter,Small,2025-12-29,8632,45362,41604,2026-01-08,10,7,2026-01-15,,ELIGIBLE
FDX20257828441,CUST436814,Myers-Wallace,Small,2026-01-03,34305,147382,56996,2026-01-13,10,7,2026-01-20,2026-01-17,RESOLVED_IN_GRACE
FDX20257097414,CUST207581,Flowers-Rogers,Small,2025-12-22,15081,84154,48928,2026-01-01,10,7,2026-01-08,,ELIGIBLE
FDX20252515088,CUST183958,Bailey-Cummings,Small,2025-12-24,46460,266084,91555,2026-01-03,10,7,2026-01-10,,ELIGIBLE
FDX20257658793,CUST443848,Hooper-Owen,Small,2025-12-30,6884,37951,12160,2026-01-09,10,7,2026-01-16,,ELIGIBLE
FDX20253358208,CUST793024,Shaffer-Carter,Small,2025-12-29,10436,39521,33824,2026-01-08,10,7,2026-01-15,,IN_GRACE
FDX20254960113,CUST410000,Sutton-Jimenez,Large,2025-12-02,15839,77361,72823,2025-12-27,25,20,2026-01-16,,ELIGIBLE
FDX20252877913,CUST421384,"Haley, Smith and Young",Small,2026-01-07,39853,237035,81590,2026-01-17,10,7,2026-01-24,2026-01-18,RESOLVED_IN_GRACE
FDX20259392777,CUST567576,Sullivan-Russell,Small,2026-01-05,22081,129020,125035,2026-01-15,10,7,2026-01-22,,IN_GRACE
FDX20253024047,CUST731894,Mack-Buckley,Small,2026-01-05,3060,7884,6836,2026-01-15,10,7,2026-01-22,,ELIGIBLE
FDX20259756994,CUST852524,Morris-Mclaughlin,Small,2026-01-01,47288,150443,75025,2026-01-11,10,7,2026-01-18,2026-01-18,RESOLVED_IN_GRACE
FDX20259812402,CUST546815,Hart-Potts,Small,2025-12-30,10584,26900,15326,2026-01-09,10,7,2026-01-16,2026-01-15,RESOLVED_IN_GRACE
FDX20255224638,CUST274739,Christensen-Smith,Mid,2025-12-21,19398,115532,53288,2026-01-05,15,12,2026-01-17,,ELIGIBLE
FDX20259329067,CUST823270,"Kennedy, Holland and Hansen",Mid,2025-12-12,52655,223677,162731,2025-12-27,15,12,2026-01-08,,ELIGIBLE
FDX20252514123,CUST565471,"Mayer, Parker and Peterson",Mid,2026-01-01,31212,182241,157821,2026-01-16,15,12,2026-01-28,,ELIGIBLE
FDX20254994266,CUST468623,Mejia-Rodriguez,Small,2025-12-31,6157,27299,14870,2026-01-10,10,7,2026-01-17,,ELIGIBLE
FDX20253051464,CUST568849,Fisher-Thompson,Mid,2025-12-25,8739,45901,39190,2026-01-09,15,12,2026-01-21,,ELIGIBLE
FDX20256258152,CUST144412,Kemp Group,Small,2025-12-26,44092,209810,146482,2026-01-05,10,7,2026-01-12,,IN_GRACE
FDX20256524500,CUST862120,Odonnell-Ward,Mid,2025-12-28,1963,7337,4548,2026-01-12,15,12,2026-01-24,,ELIGIBLE
FDX20257542286,CUST469685,"Simmons, Hendricks and Gomez",Mid,2026-01-01,28873,144016,106087,2026-01-16,15,12,2026-01-28,,IN_GRACE
FDX20254958384,CUST744718,Williams-Rollins,Mid,2025-12-31,56407,201486,78563,2026-01-15,15,12,2026-01-27,,IN_GRACE
FDX20258094564,CUST556068,Davenport-Macdonald,Small,2026-01-10,59954,175766,112627,2026-01-20,10,7,2026-01-27,,ELIGIBLE
FDX20254657573,CUST387892,"Byrd, Wallace and Pierce",Large,2025-12-03,46432,197375,143578,2025-12-28,25,20,2026-01-17,2026-01-12,RESOLVED_IN_GRACE
FDX20253420581,CUST770532,Holt Group,Small,2025-12-24,44288,215753,173144,2026-01-03,10,7,2026-01-10,,ELIGIBLE
FDX20252792041,CUST929924,Obrien-Blackburn,Small,2026-01-10,53070,307619,301087,2026-01-20,10,7,2026-01-27,2026-01-24,RESOLVED_IN_GRACE
FDX20253938600,CUST160144,Williams-Butler,Small,2025-12-30,50772,231656,148405,2026-01-09,10,7,2026-01-16,,IN_GRACE
FDX20254592146,CUST178686,Gilmore-Miller,Mid,2025-12-12,55005,261724,243637,2025-12-27,15,12,2026-01-08,,ELIGIBLE
FDX20255606139,CUST803787,Bell-Moore,Small,2026-01-13,29878,125140,82420,2026-01-23,10,7,2026-01-30,,ELIGIBLE
FDX20258373173,CUST768480,Edwards-Walsh,Small,2025-12-24,57947,210850,183948,2026-01-03,10,7,2026-01-10,,IN_GRACE
FDX20257851404,CUST525942,Shepherd and Sons,Small,2025-12-29,27324,74453,64164,2026-01-08,10,7,2026-01-15,,ELIGIBLE
FDX20255266545,CUST480959,Moran Inc,Small,2025-12-26,24620,78028,25171,2026-01-05,10,7,2026-01-12,,IN_GRACE
FDX20251938272,CUST638009,Hart-Wilson,Small,2025-12-31,34276,173667,123935,2026-01-10,10,7,2026-01-17,2026-01-17,RESOLVED_IN_GRACE
FDX20259226851,CUST940010,Barron-Blanchard,Small,2026-01-11,43492,145345,120315,2026-01-21,10,7,2026-01-28,2026-01-25,RESOLVED_IN_GRACE
FDX20259950140,CUST886325,"Gray, Wilson and Barry",Small,2026-01-11,21871,97869,63899,2026-01-21,10,7,2026-01-28,,ELIGIBLE
FDX20257286506,CUST812413,"Navarro, Smith and Espinoza",Small,2025-12-30,13627,38694,29716,2026-01-09,10,7,2026-01-16,2026-01-12,RESOLVED_IN_GRACE
FDX20252895176,CUST267758,"Ortiz, Parks and Roberts",Small,2026-01-11,5564,23331,23169,2026-01-21,10,7,2026-01-28,2026-01-26,RESOLVED_IN_GRACE
FDX20256309820,CUST132653,Ramirez-Smith,Mid,2025-12-24,33947,154232,51557,2026-01-08,15,12,2026-01-20,2026-01-18,RESOLVED_IN_GRACE
FDX20258109870,CUST249715,"Cowan, Davis and Farmer",Mid,2025-12-19,38089,226629,165923,2026-01-03,15,12,2026-01-15,,ELIGIBLE
FDX20258966730,CUST989894,Wright-Lewis,Mid,2025-12-25,10910,57947,34541,2026-01-09,15,12,2026-01-21,,ELIGIBLE
FDX20255133011,CUST737086,Proctor-Burns,Small,2025-12-29,21100,88909,39678,2026-01-08,10,7,2026-01-15,,ELIGIBLE
FDX20255659599,CUST811027,Burch-Harris,Small,2026-01-09,12419,31371,26546,2026-01-19,10,7,2026-01-26,,ELIGIBLE
FDX20253431212,CUST919264,Norman PLC,Small,2026-01-04,6546,38874,29478,2026-01-14,10,7,2026-01-21,2026-01-19,RESOLVED_IN_GRACE
FDX20257090096,CUST559457,Bailey-Moore,Mid,2025-12-17,25211,68347,52353,2026-01-01,15,12,2026-01-13,,ELIGIBLE
FDX20258972898,CUST136489,Gray-Pruitt,Large,2025-12-16,59853,308838,104461,2026-01-10,25,20,2026-01-30,,ELIGIBLE
FDX20257169641,CUST232361,Thompson-Medina,Small,2026-01-10,40488,241784,163017,2026-01-20,10,7,2026-01-27,,ELIGIBLE
FDX20256170258,CUST170499,Olson-David,Small,2026-01-11,52856,310250,113715,2026-01-21,10,7,2026-01-28,2026-01-27,RESOLVED_IN_GRACE
FDX20251353566,CUST347459,"Flores, Murray and Taylor",Mid,2025-12-14,35984,146556,138891,2025-12-29,15,12,2026-01-10,,ELIGIBLE
FDX20251584005,CUST916332,Rose-Smith,Small,2025-12-31,46429,188326,55525,2026-01-10,10,7,2026-01-17,,ELIGIBLE
FDX20251917249,CUST776502,"Hartman, Fernandez and Howell",Mid,2025-12-12,5543,26305,21237,2025-12-27,15,12,2026-01-08,,ELIGIBLE
FDX20255021093,CUST484123,Mueller-Martinez,Mid,2025-12-26,10654,46642,37843,2026-01-10,15,12,2026-01-22,,ELIGIBLE
FDX20255244348,CUST479742,House-Porter,Small,2025-12-27,57916,257981,110913,2026-01-06,10,7,2026-01-13,2026-01-11,RESOLVED_IN_GRACE
FDX20257454030,CUST501451,Oneal-Silva,Small,2026-01-03,3952,13906,6609,2026-01-13,10,7,2026-01-20,2026-01-20,RESOLVED_IN_GRACE
FDX20256188664,CUST694799,Jones-Wong,Mid,2025-12-19,58301,168747,91979,2026-01-03,15,12,2026-01-15,,ELIGIBLE
FDX20257087698,CUST133958,Gonzalez-Kaiser,Large,2025-12-01,17698,47889,24054,2025-12-26,25,20,2026-01-15,2025-12-29,RESOLVED_IN_GRACE
FDX20253047722,CUST734487,White-Lopez,Mega,2025-12-01,37150,184140,86935,2026-01-05,35,30,2026-02-04,,ELIGIBLE
FDX20259974312,CUST260891,Lambert-Lee,Small,2026-01-04,38637,159261,70332,2026-01-14,10,7,2026-01-21,2026-01-21,RESOLVED_IN_GRACE
FDX20254965830,CUST812048,Hicks Inc,Small,2026-01-04,2798,8289,3686,2026-01-14,10,7,2026-01-21,2026-01-15,RESOLVED_IN_GRACE
FDX20258422287,CUST571778,Williams-Reynolds,Small,2026-01-10,53992,268230,122895,2026-01-20,10,7,2026-01-27,2026-01-26,RESOLVED_IN_GRACE
FDX20257517462,CUST488984,"Marshall, Glenn and Waters",Mid,2025-12-16,2905,13823,8699,2025-12-31,15,12,2026-01-12,,ELIGIBLE
FDX20251131971,CUST490084,Foley-Collier,Small,2026-01-01,17988,77853,52838,2026-01-11,10,7,2026-01-18,,ELIGIBLE
FDX20257593035,CUST565504,Jackson-Pruitt,Mid,2025-12-21,22693,101707,91252,2026-01-05,15,12,2026-01-17,2026-01-13,RESOLVED_IN_GRACE
FDX20255287143,CUST900152,Campbell-Callahan,Small,2026-01-05,22457,104839,39945,2026-01-15,10,7,2026-01-22,2026-01-21,RESOLVED_IN_GRACE
FDX20256048065,CUST180620,"Payne, Coleman and Robinson",Small,2026-01-11,20475,97780,40591,2026-01-21,10,7,2026-01-28,2026-01-26,RESOLVED_IN_GRACE
FDX20252514149,CUST701800,Gutierrez-Phillips,Mid,2025-12-12,27235,81763,49753,2025-12-27,15,12,2026-01-08,,ELIGIBLE
FDX20254950370,CUST244383,Jennings-Vargas,Small,2026-01-01,6403,25066,12722,2026-01-11,10,7,2026-01-18,2026-01-15,RESOLVED_IN_GRACE
FDX20255989928,CUST655178,Kelly-Rivera,Small,2026-01-07,41386,223385,107695,2026-01-17,10,7,2026-01-24,,IN_GRACE
FDX20254529699,CUST484774,"Zimmerman, Lang and Green",Small,2026-01-10,24204,120124,116938,2026-01-20,10,7,2026-01-27,,IN_GRACE
FDX20253688166,CUST517368,"Rocha, Peters and Lee",Small,2026-01-04,35793,117154,77392,2026-01-14,10,7,2026-01-21,,IN_GRACE
FDX20258362611,CUST429657,"Page, Brown and Booker",Small,2025-12-29,6274,30531,25013,2026-01-08,10,7,2026-01-15,,ELIGIBLE
FDX20256321470,CUST781113,Giles Ltd,Small,2026-01-10,59151,291061,111506,2026-01-20,10,7,2026-01-27,2026-01-26,RESOLVED_IN_GRACE
FDX20257816395,CUST392227,Jensen-Lewis,Small,2026-01-11,34377,145747,127781,2026-01-21,10,7,2026-01-28,,ELIGIBLE
FDX20251568440,CUST361736,"Bauer, Parsons and Allen",Small,2025-12-31,7332,39849,15246,2026-01-10,10,7,2026-01-17,2026-01-13,RESOLVED_IN_GRACE
FDX20255597569,CUST218959,Moore-Brown,Large,2025-12-02,24378,113035,79980,2025-12-27,25,20,2026-01-16,2026-01-16,RESOLVED_IN_GRACE
FDX20252343763,CUST127172,Meyer-White,Mid,2025-12-25,29813,106964,56464,2026-01-09,15,12,2026-01-21,,ELIGIBLE
FDX20259249220,CUST871411,Dixon-Ross,Large,2025-12-10,54445,278353,241104,2026-01-04,25,20,2026-01-24,2026-01-23,RESOLVED_IN_GRACE
FDX20258903600,CUST295085,Campbell-Flynn,Small,2025-12-29,24791,132388,82117,2026-01-08,10,7,2026-01-15,2026-01-14,RESOLVED_IN_GRACE
FDX20257928341,CUST623285,Compton-Butler,Small,2026-01-07,17906,49240,33109,2026-01-17,10,7,2026-01-24,,ELIGIBLE
FDX20256582152,CUST642895,Thornton-Robinson,Small,2025-12-31,44316,250744,81243,2026-01-10,10,7,2026-01-17,2026-01-13,RESOLVED_IN_GRACE
FDX20258086125,CUST505785,Brown-Rogers,Mid,2025-12-12,46229,217041,58264,2025-12-27,15,12,2026-01-08,2026-01-08,RESOLVED_IN_GRACE
FDX20252684358,CUST688956,Jones-Foster,Mid,2025-12-12,9539,31111,23700,2025-12-27,15,12,2026-01-08,,IN_GRACE
FDX20253690114,CUST223481,Medina-Jenkins,Small,2025-12-31,9948,42154,38151,2026-01-10,10,7,2026-01-17,,ELIGIBLE
FDX20255378351,CUST374492,Torres-Anderson,Small,2025-12-27,29324,152314,69500,2026-01-06,10,7,2026-01-13,,ELIGIBLE
FDX20259494883,CUST912609,Sherman-Wilkinson,Small,2025-12-26,43038,230940,153375,2026-01-05,10,7,2026-01-12,,ELIGIBLE
FDX20252113457,CUST372933,Smith-Hurley,Large,2025-12-08,47616,163111,125198,2026-01-02,25,20,2026-01-22,,IN_GRACE
FDX20256903169,CUST838237,Rodriguez-Walker,Mid,2025-12-16,14340,61627,59166,2025-12-31,15,12,2026-01-12,,ELIGIBLE
FDX20258061035,CUST567951,Bishop-Wade,Small,2025-12-29,36671,128895,54678,2026-01-08,10,7,2026-01-15,,ELIGIBLE
FDX20256482263,CUST324993,Davis-Velasquez,Small,2025-12-24,29786,143305,142508,2026-01-03,10,7,2026-01-10,,IN_GRACE
FDX20258604470,CUST741599,"Guerra, Porter and King",Large,2025-12-01,25216,78365,57017,2025-12-26,25,20,2026-01-15,,ELIGIBLE
FDX20251458871,CUST399449,Wiggins LLC,Small,2026-01-05,40156,220340,90288,2026-01-15,10,7,2026-01-22,2026-01-19,RESOLVED_IN_GRACE
FDX20251874073,CUST827691,Kirk-White,Mid,2025-12-21,33048,156621,128322,2026-01-05,15,12,2026-01-17,,ELIGIBLE
FDX20254082639,CUST615060,Ortiz-Yang,Small,2026-01-07,56449,300034,288825,2026-01-17,10,7,2026-01-24,2026-01-18,RESOLVED_IN_GRACE
FDX20258439100,CUST309902,Harvey-Chavez,Small,2025-12-24,7428,18698,9576,2026-01-03,10,7,2026-01-10,,ELIGIBLE
FDX20253283248,CUST228594,Smith-Allen,Mega,2025-12-01,44424,240677,64629,2026-01-05,35,30,2026-02-04,,ELIGIBLE
FDX20251051603,CUST242321,Luna-Wood,Mid,2025-12-28,41261,118389,82261,2026-01-12,15,12,2026-01-24,,ELIGIBLE
FDX20257721990,CUST994253,Novak-Lawrence,Mid,2025-12-21,57602,332826,124295,2026-01-05,15,12,2026-01-17,,ELIGIBLE
FDX20254356706,CUST177649,Chavez-Coleman,Small,2026-01-10,56332,143196,80956,2026-01-20,10,7,2026-01-27,,IN_GRACE
FDX20256126237,CUST574001,Pratt-Rodriguez,Small,2025-12-27,36891,217414,210013,2026-01-06,10,7,2026-01-13,2026-01-10,RESOLVED_IN_GRACE
FDX20256263378,CUST281043,Mora-Hatfield,Small,2026-01-10,11910,36384,16124,2026-01-20,10,7,2026-01-27,,ELIGIBLE
FDX20252379624,CUST848022,Miller-James,Small,2026-01-01,9639,48039,14569,2026-01-11,10,7,2026-01-18,,IN_GRACE
FDX20252859388,CUST566732,"Davila, King and Kerr",Large,2025-12-06,38995,108356,74910,2025-12-31,25,20,2026-01-20,,IN_GRACE
FDX20253647821,CUST192055,Nelson-Ryan,Small,2026-01-03,24558,111555,47039,2026-01-13,10,7,2026-01-20,2026-01-20,RESOLVED_IN_GRACE
FDX20255187652,CUST949884,Cline-Moore,Mid,2026-01-01,21471,89153,76137,2026-01-16,15,12,2026-01-28,,ELIGIBLE
FDX20259663182,CUST815054,Lawrence PLC,Mid,2025-12-14,46629,164510,66355,2025-12-29,15,12,2026-01-10,2025-12-30,RESOLVED_IN_GRACE
FDX20253182597,CUST986593,"Knight, Sanchez and Smith",Small,2026-01-10,7650,31927,18679,2026-01-20,10,7,2026-01-27,,ELIGIBLE
FDX20257883963,CUST435112,"Baldwin, Harding and Kaiser",Mid,2025-12-20,29354,126866,57805,2026-01-04,15,12,2026-01-16,,ELIGIBLE
FDX20256358628,CUST800280,Richards-Christensen,Small,2025-12-30,42929,169141,121785,2026-01-09,10,7,2026-01-16,,IN_GRACE
FDX20258574743,CUST464301,Mckenzie-Lawson,Mid,2025-12-24,15402,82945,61645,2026-01-08,15,12,2026-01-20,,ELIGIBLE
FDX20259025640,CUST844007,Sanchez-Garcia,Small,2025-12-27,3890,18276,6440,2026-01-06,10,7,2026-01-13,2026-01-09,RESOLVED_IN_GRACE
FDX20253239922,CUST168093,Black and Sons,Small,2026-01-04,13860,82608,31092,2026-01-14,10,7,2026-01-21,2026-01-18,RESOLVED_IN_GRACE
FDX20255373482,CUST676713,Miller-Miller,Mid,2025-12-14,9903,45927,25669,2025-12-29,15,12,2026-01-10,,ELIGIBLE
FDX20253910495,CUST668507,Ramsey-Lambert,Small,2026-01-04,45644,255264,69589,2026-01-14,10,7,2026-01-21,2026-01-17,RESOLVED_IN_GRACE
FDX20256495887,CUST404466,"Nichols, Robinson and Moore",Large,2025-12-01,2449,9972,2888,2025-12-26,25,20,2026-01-15,2026-01-11,RESOLVED_IN_GRACE
FDX20255727774,CUST414527,Russell-Huffman,Large,2025-12-13,22070,96248,91151,2026-01-07,25,20,2026-01-27,,ELIGIBLE
FDX20254333024,CUST992717,Snyder Ltd,Small,2025-12-30,56431,215478,73613,2026-01-09,10,7,2026-01-16,,ELIGIBLE
FDX20252415979,CUST265156,Stewart-Archer,Small,2025-12-24,45577,185678,87421,2026-01-03,10,7,2026-01-10,,ELIGIBLE
FDX20257954096,CUST846385,Griffin-Snyder,Small,2025-12-22,5516,18414,10154,2026-01-01,10,7,2026-01-08,2026-01-06,RESOLVED_IN_GRACE
FDX20257167297,CUST844031,Murillo-Snyder,Large,2025-12-01,20998,77349,70348,2025-12-26,25,20,2026-01-15,2026-01-07,RESOLVED_IN_GRACE
FDX20254051595,CUST834233,Ballard-Williams,Large,2025-12-04,4728,27806,13903,2025-12-29,25,20,2026-01-18,,ELIGIBLE
FDX20257601736,CUST768676,Palmer-Calhoun,Small,2025-12-24,25687,66115,65024,2026-01-03,10,7,2026-01-10,2026-01-05,RESOLVED_IN_GRACE
FDX20257330379,CUST282547,Barrett-Roman,Large,2025-12-10,49832,189264,98091,2026-01-04,25,20,2026-01-24,,ELIGIBLE
FDX20254766269,CUST932250,Patterson-Jones,Small,2025-12-31,35283,95299,91314,2026-01-10,10,7,2026-01-17,,ELIGIBLE
FDX20251347869,CUST479052,Garza-Thomas,Small,2025-12-30,39789,221534,46196,2026-01-09,10,7,2026-01-16,2026-01-11,RESOLVED_IN_GRACE
FDX20251385374,CUST633469,Jordan-Calderon,Mega,2025-12-01,18866,82532,19122,2026-01-05,35,30,2026-02-04,,ELIGIBLE
FDX20254837070,CUST335134,Jones-Petersen,Mid,2025-12-24,21310,79779,26948,2026-01-08,15,12,2026-01-20,,ELIGIBLE
FDX20252492779,CUST227257,Mercer PLC,Small,2025-12-31,3076,17843,3273,2026-01-10,10,7,2026-01-17,2026-01-14,RESOLVED_IN_GRACE
FDX20258758202,CUST310743,Gross-Gill,Small,2026-01-10,33233,95690,77094,2026-01-20,10,7,2026-01-27,,ELIGIBLE
FDX20254326354,CUST930541,"Edwards, Bradley and Murray",Mid,2025-12-25,38020,140634,68901,2026-01-09,15,12,2026-01-21,,IN_GRACE
FDX20255391992,CUST245622,Brewer LLC,Small,2026-01-11,45912,200906,109226,2026-01-21,10,7,2026-01-28,,ELIGIBLE
FDX20253831255,CUST348235,Cline-Garrett,Mega,2025-12-01,9968,56964,41078,2026-01-05,35,30,2026-02-04,,ELIGIBLE
FDX20251835219,CUST928766,Foster Group,Large,2025-12-07,42761,164734,106923,2026-01-01,25,20,2026-01-21,,ELIGIBLE
FDX20257728249,CUST618019,Joyce PLC,Small,2026-01-07,30084,121687,75061,2026-01-17,10,7,2026-01-24,,ELIGIBLE
FDX20258195804,CUST127560,Gilbert-Roberson,Mid,2025-12-31,18359,74787,44431,2026-01-15,15,12,2026-01-27,,ELIGIBLE
FDX20255364723,CUST478427,Kemp-Contreras,Large,2025-12-13,5751,28715,9921,2026-01-07,25,20,2026-01-27,,ELIGIBLE
FDX20253504019,CUST680933,Ross-Mcmahon,Large,2025-12-01,30585,123250,92951,2025-12-26,25,20,2026-01-15,2026-01-03,RESOLVED_IN_GRACE
FDX20252494200,CUST700076,Hammond-Roberts,Mid,2026-01-03,23621,101059,64251,2026-01-18,15,12,2026-01-30,,ELIGIBLE
FDX20257172675,CUST486831,Austin-Tyler,Large,2025-12-06,38030,123056,75791,2025-12-31,25,20,2026-01-20,2026-01-15,RESOLVED_IN_GRACE
FDX20253854188,CUST590110,"Jensen, Jefferson and Clay",Large,2025-12-10,7878,25584,20645,2026-01-04,25,20,2026-01-24,2026-01-18,RESOLVED_IN_GRACE
FDX20252968815,CUST942700,Mcdonald-Michael,Large,2025-12-16,29548,87731,51803,2026-01-10,25,20,2026-01-30,2026-01-18,RESOLVED_IN_GRACE
FDX20251236808,CUST678443,Thornton PLC,Small,2025-12-27,39517,155718,144195,2026-01-06,10,7,2026-01-13,,ELIGIBLE
FDX20259822092,CUST236074,Sanders-Carr,Small,2026-01-10,52087,281500,247377,2026-01-20,10,7,2026-01-27,,IN_GRACE
FDX20258300752,CUST741674,Obrien PLC,Mid,2025-12-14,58513,179715,138102,2025-12-29,15,12,2026-01-10,,ELIGIBLE
FDX20258611954,CUST190403,Howard-Harris,Small,2025-12-30,18949,70864,49270,2026-01-09,10,7,2026-01-16,2026-01-15,RESOLVED_IN_GRACE
FDX20259290445,CUST168941,Johnson-Wilson,Small,2026-01-05,4842,16654,5972,2026-01-15,10,7,2026-01-22,,IN_GRACE
FDX20252988307,CUST424314,Mendez-Smith,Small,2026-01-01,24158,68111,66210,2026-01-11,10,7,2026-01-18,2026-01-12,RESOLVED_IN_GRACE
FDX20254766215,CUST517500,Green-Franco,Small,2025-12-31,15111,54467,29698,2026-01-10,10,7,2026-01-17,,IN_GRACE
FDX20254408213,CUST851759,Wiley-Kirby,Small,2026-01-13,43219,173467,117850,2026-01-23,10,7,2026-01-30,2026-01-24,RESOLVED_IN_GRACE
FDX20254196800,CUST853789,Anderson-Christensen,Large,2025-12-10,30117,95948,92055,2026-01-04,25,20,2026-01-24,2026-01-24,RESOLVED_IN_GRACE
FDX20255466142,CUST601916,Pena-Fischer,Small,2026-01-04,57512,337990,230821,2026-01-14,10,7,2026-01-21,2026-01-19,RESOLVED_IN_GRACE
FDX20255831200,CUST651231,Little Group,Small,2026-01-07,13357,52267,42616,2026-01-17,10,7,2026-01-24,,ELIGIBLE
FDX20259290765,CUST530749,Fitzgerald Group,Small,2026-01-10,32508,106035,60717,2026-01-20,10,7,2026-01-27,,ELIGIBLE
FDX20257410129,CUST906527,Simon-Burns,Mid,2025-12-16,47693,267335,66009,2025-12-31,15,12,2026-01-12,,IN_GRACE
FDX20253184382,CUST529322,Mullen-Moody,Large,2025-12-01,55983,174454,135022,2025-12-26,25,20,2026-01-15,,ELIGIBLE
FDX20258236157,CUST963333,Mccall PLC,Small,2026-01-04,58180,303699,284816,2026-01-14,10,7,2026-01-21,2026-01-15,RESOLVED_IN_GRACE
FDX20254466272,CUST702826,Erickson-Turner,Small,2025-12-30,15986,69451,23320,2026-01-09,10,7,2026-01-16,,IN_GRACE
FDX20254616607,CUST177333,Cook-Terrell,Large,2025-12-01,46631,273998,75373,2025-12-26,25,20,2026-01-15,2025-12-31,RESOLVED_IN_GRACE
FDX20255747402,CUST231414,"Figueroa, Dunn and Brooks",Large,2025-12-13,30440,121534,109011,2026-01-07,25,20,2026-01-27,,ELIGIBLE
FDX20254176986,CUST432427,Taylor-Murphy,Large,2025-12-14,17387,80649,63053,2026-01-08,25,20,2026-01-28,2026-01-20,RESOLVED_IN_GRACE
FDX20258018429,CUST773540,Keller-Williams,Small,2025-12-30,22147,115916,109697,2026-01-09,10,7,2026-01-16,2026-01-10,RESOLVED_IN_GRACE
FDX20254026104,CUST177767,Hahn Inc,Large,2025-12-04,20362,74597,25885,2025-12-29,25,20,2026-01-18,2026-01-01,RESOLVED_IN_GRACE
FDX20257853897,CUST571832,Beltran-Lane,Mid,2025-12-22,29118,161051,78131,2026-01-06,15,12,2026-01-18,,ELIGIBLE
FDX20253448514,CUST588461,Gibbs-Bishop,Mid,2025-12-17,13117,34993,25948,2026-01-01,15,12,2026-01-13,2026-01-12,RESOLVED_IN_GRACE
FDX20251482732,CUST813145,Peterson-Brown,Small,2025-12-31,48793,207231,205565,2026-01-10,10,7,2026-01-17,,ELIGIBLE
FDX20255868629,CUST642491,Anderson-Leblanc,Large,2025-12-13,7322,19807,7385,2026-01-07,25,20,2026-01-27,2026-01-16,RESOLVED_IN_GRACE
FDX20255392266,CUST461249,Fernandez-Wheeler,Small,2026-01-07,56167,206327,105866,2026-01-17,10,7,2026-01-24,2026-01-21,RESOLVED_IN_GRACE
FDX20254950793,CUST234568,Skinner-Banks,Small,2025-12-31,17961,102347,46218,2026-01-10,10,7,2026-01-17,,IN_GRACE
FDX20258566133,CUST969325,Ingram-Bell,Small,2025-12-22,27209,103024,65233,2026-01-01,10,7,2026-01-08,2026-01-04,RESOLVED_IN_GRACE
FDX20255166084,CUST918164,"Dennis, Lopez and Ortiz",Small,2026-01-13,15279,48706,42699,2026-01-23,10,7,2026-01-30,2026-01-28,RESOLVED_IN_GRACE
FDX20257201492,CUST678083,Coffey-Savage,Large,2025-12-10,7588,27256,12416,2026-01-04,25,20,2026-01-24,,ELIGIBLE
FDX20258686718,CUST770872,Long-Friedman,Mid,2025-12-26,11743,29845,13590,2026-01-10,15,12,2026-01-22,2026-01-18,RESOLVED_IN_GRACE
FDX20252438456,CUST716338,Roberts-Rhodes,Mid,2025-12-30,42738,146231,64384,2026-01-14,15,12,2026-01-26,2026-01-22,RESOLVED_IN_GRACE
FDX20251173144,CUST290802,Mcgee-Montoya,Small,2025-12-24,27581,163035,158712,2026-01-03,10,7,2026-01-10,,IN_GRACE
FDX20258866528,CUST905077,Hooper-Rollins,Mid,2025-12-12,17161,63817,27463,2025-12-27,15,12,2026-01-08,,ELIGIBLE
FDX20253234807,CUST235300,Williams-Rhodes,Small,2025-12-30,31765,146076,37919,2026-01-09,10,7,2026-01-16,2026-01-16,RESOLVED_IN_GRACE
FDX20256423167,CUST553633,Sanchez-Smith,Mid,2025-12-17,42604,239488,159530,2026-01-01,15,12,2026-01-13,,IN_GRACE
FDX20257669861,CUST627290,Wise PLC,Small,2026-01-10,37241,134993,124882,2026-01-20,10,7,2026-01-27,,IN_GRACE
FDX20254560421,CUST158104,Elliott-Allen,Small,2026-01-05,33114,96734,36808,2026-01-15,10,7,2026-01-22,2026-01-20,RESOLVED_IN_GRACE
FDX20257433986,CUST971776,Casey-Mccoy,Mid,2025-12-30,15806,51859,51222,2026-01-14,15,12,2026-01-26,2026-01-20,RESOLVED_IN_GRACE
FDX20258101643,CUST230192,Pierce-Rhodes,Small,2026-01-11,15789,42060,16256,2026-01-21,10,7,2026-01-28,,ELIGIBLE
FDX20255298752,CUST643269,"Owen, Gallagher and Lewis",Small,2026-01-10,4357,20525,5067,2026-01-20,10,7,2026-01-27,,IN_GRACE
FDX20252225669,CUST260448,Walsh Group,Large,2025-12-04,5431,27437,12368,2025-12-29,25,20,2026-01-18,,ELIGIBLE
FDX20252598523,CUST418897,Bates LLC,Small,2026-01-05,43058,144479,87898,2026-01-15,10,7,2026-01-22,2026-01-20,RESOLVED_IN_GRACE
FDX20251985700,CUST272655,Walton-Alvarez,Mega,2025-12-01,49399,234679,218583,2026-01-05,35,30,2026-02-04,,ELIGIBLE
FDX20251874304,CUST269834,Todd-Weaver,Mid,2025-12-22,32684,140160,76030,2026-01-06,15,12,2026-01-18,,IN_GRACE
FDX20256584506,CUST438334,Hester Group,Small,2026-01-07,20091,102981,68545,2026-01-17,10,7,2026-01-24,2026-01-22,RESOLVED_IN_GRACE
FDX20254939985,CUST843788,Contreras-Wade,Small,2025-12-26,28578,87251,59998,2026-01-05,10,7,2026-01-12,,ELIGIBLE
FDX20258900934,CUST336422,Burgess-Horton,Mid,2025-12-25,12359,67121,55486,2026-01-09,15,12,2026-01-21,,IN_GRACE
FDX20256944195,CUST462831,Brewer-Russo,Small,2026-01-09,21754,115008,107504,2026-01-19,10,7,2026-01-26,,ELIGIBLE
FDX20251763562,CUST644103,Walker-Bishop,Small,2026-01-09,3322,12258,8061,2026-01-19,10,7,2026-01-26,,ELIGIBLE
FDX20251089942,CUST397846,Simon-Gonzalez,Small,2025-12-22,19471,103878,103058,2026-01-01,10,7,2026-01-08,,ELIGIBLE
FDX20255255656,CUST987025,Washington-Ortega,Large,2025-12-03,15694,53667,27740,2025-12-28,25,20,2026-01-17,,ELIGIBLE
FDX20259464810,CUST182690,Parker-Thompson,Small,2025-12-27,48144,195606,147376,2026-01-06,10,7,2026-01-13,,ELIGIBLE
FDX20257391073,CUST362778,Snyder-Jones,Small,2026-01-09,24680,146701,128089,2026-01-19,10,7,2026-01-26,,ELIGIBLE
FDX20256075231,CUST305837,Stevenson-Jones,Large,2025-12-01,51354,304061,159648,2025-12-26,25,20,2026-01-15,,IN_GRACE
FDX20257621913,CUST765905,Callahan-Mcgrath,Small,2026-01-10,57577,282448,132300,2026-01-20,10,7,2026-01-27,,ELIGIBLE
FDX20257222689,CUST677599,Ortiz-Weber,Small,2026-01-03,55391,155531,99193,2026-01-13,10,7,2026-01-20,,ELIGIBLE
FDX20253218589,CUST387782,"Bender, Martinez and Lee",Small,2026-01-07,20943,106203,47248,2026-01-17,10,7,2026-01-24,2026-01-20,RESOLVED_IN_GRACE
FDX20251689962,CUST231250,Rich LLC,Mid,2025-12-16,9435,54096,29922,2025-12-31,15,12,2026-01-12,,ELIGIBLE
FDX20254009366,CUST755383,Choi LLC,Large,2025-12-10,33945,111602,75046,2026-01-04,25,20,2026-01-24,,ELIGIBLE
FDX20255366969,CUST417534,Baker-Gentry,Large,2025-12-16,51064,145481,118523,2026-01-10,25,20,2026-01-30,,IN_GRACE
FDX20253849886,CUST744274,Johnson-Hoover,Small,2026-01-11,25515,77972,77131,2026-01-21,10,7,2026-01-28,,ELIGIBLE
FDX20259451467,CUST659392,Martinez-Hamilton,Mega,2025-12-01,49281,254194,153059,2026-01-05,35,30,2026-02-04,2026-01-24,RESOLVED_IN_GRACE
FDX20259268480,CUST197966,"Garcia, Sellers and Baker",Small,2026-01-03,45711,215623,139814,2026-01-13,10,7,2026-01-20,,ELIGIBLE
FDX20256690441,CUST626986,Miller-Mcgrath,Small,2025-12-30,47613,267489,142228,2026-01-09,10,7,2026-01-16,,ELIGIBLE
FDX20258853160,CUST772124,Hartman-Morgan,Large,2025-12-13,39505,205818,125280,2026-01-07,25,20,2026-01-27,,ELIGIBLE
FDX20253213242,CUST276827,David Group,Small,2025-12-24,53212,240991,56516,2026-01-03,10,7,2026-01-10,2026-01-04,RESOLVED_IN_GRACE
FDX20252504043,CUST720556,Manning-Allen,Small,2026-01-01,52987,300387,294565,2026-01-11,10,7,2026-01-18,2026-01-18,RESOLVED_IN_GRACE
FDX20256323702,CUST708851,Goodman-Maynard,Mid,2025-12-31,16485,87437,45180,2026-01-15,15,12,2026-01-27,2026-01-23,RESOLVED_IN_GRACE
FDX20259899034,CUST261684,Hawkins Group,Small,2026-01-03,50255,208153,90480,2026-01-13,10,7,2026-01-20,2026-01-15,RESOLVED_IN_GRACE
FDX20258263354,CUST279516,Vaughn Inc,Small,2025-12-27,38814,200624,110129,2026-01-06,10,7,2026-01-13,,ELIGIBLE
FDX20253378937,CUST790731,Romero and Sons,Small,2026-01-13,35305,121854,118853,2026-01-23,10,7,2026-01-30,2026-01-25,RESOLVED_IN_GRACE
FDX20255368887,CUST754813,Ferguson-Carter,Mid,2025-12-21,7285,18497,16524,2026-01-05,15,12,2026-01-17,2026-01-08,RESOLVED_IN_GRACE
FDX20252960284,CUST855638,Adams-Barrett,Small,2026-01-04,13559,42277,24243,2026-01-14,10,7,2026-01-21,,ELIGIBLE
FDX20256255791,CUST734534,"Odom, Ramirez and Tate",Mid,2026-01-03,7567,42914,24971,2026-01-18,15,12,2026-01-30,,ELIGIBLE
FDX20251740918,CUST454019,Mccullough Ltd,Small,2025-12-22,23684,105495,86592,2026-01-01,10,7,2026-01-08,,ELIGIBLE
FDX20253145327,CUST983456,Sanders-Porter,Mid,2025-12-12,40026,196603,91920,2025-12-27,15,12,2026-01-08,,ELIGIBLE
FDX20259375364,CUST690996,Mccarty PLC,Small,2026-01-09,31198,162034,48297,2026-01-19,10,7,2026-01-26,,IN_GRACE
FDX20255714408,CUST143195,Greer-Fernandez,Small,2025-12-24,16563,73170,42547,2026-01-03,10,7,2026-01-10,,ELIGIBLE
FDX20257049733,CUST965322,Garcia-Garcia,Small,2026-01-04,28580,77357,46472,2026-01-14,10,7,2026-01-21,,IN_GRACE
FDX20258215646,CUST129751,Henry-Parrish,Small,2026-01-04,6093,24562,10809,2026-01-14,10,7,2026-01-21,,ELIGIBLE
FDX20255746702,CUST185168,"Mann, Lee and Sampson",Small,2026-01-04,29657,114366,57706,2026-01-14,10,7,2026-01-21,,ELIGIBLE
FDX20255416038,CUST147670,May-Dougherty,Small,2025-12-31,5262,19213,15400,2026-01-10,10,7,2026-01-17,,ELIGIBLE
FDX20255425123,CUST772612,Sheppard Group,Large,2025-12-04,56960,266096,69081,2025-12-29,25,20,2026-01-18,,IN_GRACE
FDX20259673362,CUST908475,Zuniga-Jones,Mid,2025-12-26,37225,103217,66149,2026-01-10,15,12,2026-01-22,2026-01-18,RESOLVED_IN_GRACE
FDX20256251441,CUST704788,Hoffman-Turner,Small,2026-01-05,11674,40911,31018,2026-01-15,10,7,2026-01-22,2026-01-20,RESOLVED_IN_GRACE
FDX20258311097,CUST377511,Gardner-Mills,Mid,2025-12-28,10854,35121,11382,2026-01-12,15,12,2026-01-24,2026-01-22,RESOLVED_IN_GRACE
FDX20253767969,CUST782759,Nolan-Smith,Small,2025-12-24,52563,183918,147381,2026-01-03,10,7,2026-01-10,,ELIGIBLE
FDX20256293931,CUST321048,Hughes-Bautista,Small,2026-01-01,43336,147295,84151,2026-01-11,10,7,2026-01-18,,IN_GRACE
FDX20259242223,CUST904214,Oliver-James,Mid,2025-12-17,59990,325919,159705,2026-01-01,15,12,2026-01-13,2026-01-11,RESOLVED_IN_GRACE
FDX20253537801,CUST699929,Mclaughlin-Morgan,Large,2025-12-01,11515,39678,31416,2025-12-26,25,20,2026-01-15,,ELIGIBLE
FDX20258381800,CUST536822,Morris-Fowler,Small,2026-01-13,43309,205076,51943,2026-01-23,10,7,2026-01-30,2026-01-24,RESOLVED_IN_GRACE
FDX20251892920,CUST748133,Burns-Spencer,Small,2025-12-29,48443,201221,197279,2026-01-08,10,7,2026-01-15,2026-01-12,RESOLVED_IN_GRACE
FDX20254169550,CUST770030,Burgess-Wade,Small,2025-12-29,10221,42611,11059,2026-01-08,10,7,2026-01-15,2026-01-12,RESOLVED_IN_GRACE
FDX20253493443,CUST131757,Davis-Perez,Mid,2025-12-24,54273,249063,231710,2026-01-08,15,12,2026-01-20,,ELIGIBLE
FDX20251915485,CUST622230,Landry-Perez,Large,2025-12-01,43863,195750,95803,2025-12-26,25,20,2026-01-15,2026-01-15,RESOLVED_IN_GRACE
FDX20254856420,CUST757629,Montgomery-Barnes,Small,2025-12-24,5067,27997,22712,2026-01-03,10,7,2026-01-10,,ELIGIBLE
FDX20254072601,CUST672079,Sims-Vaughan,Small,2026-01-04,15421,81755,53963,2026-01-14,10,7,2026-01-21,,ELIGIBLE
FDX20251601668,CUST403742,Diaz-Allen,Mid,2025-12-16,50751,257641,156362,2025-12-31,15,12,2026-01-12,,IN_GRACE
FDX20258889444,CUST773088,Morgan-Gardner,Large,2025-12-07,31509,168823,37812,2026-01-01,25,20,2026-01-21,2026-01-03,RESOLVED_IN_GRACE
FDX20255365833,CUST416768,Carr LLC,Mid,2025-12-25,30224,141853,50648,2026-01-09,15,12,2026-01-21,2026-01-14,RESOLVED_IN_GRACE
FDX20253743996,CUST606404,Adams-Barber,Mid,2025-12-19,21386,105794,77870,2026-01-03,15,12,2026-01-15,2026-01-10,RESOLVED_IN_GRACE
FDX20258837188,CUST356773,Preston Ltd,Mid,2026-01-01,26225,145196,66674,2026-01-16,15,12,2026-01-28,2026-01-28,RESOLVED_IN_GRACE
FDX20258322078,CUST943776,Cunningham-Reed,Large,2025-12-12,38331,154017,94879,2026-01-06,25,20,2026-01-26,,ELIGIBLE
FDX20252946560,CUST946567,Mcguire PLC,Small,2026-01-09,46345,117139,86885,2026-01-19,10,7,2026-01-26,2026-01-21,RESOLVED_IN_GRACE
FDX20259303225,CUST818264,Davis-Williams,Mid,2025-12-21,35450,142164,101714,2026-01-05,15,12,2026-01-17,,ELIGIBLE
FDX20251684371,CUST525818,Jones-Becker,Small,2025-12-24,11905,53091,12979,2026-01-03,10,7,2026-01-10,,ELIGIBLE
FDX20258407471,CUST411882,Fletcher-Morales,Large,2025-12-06,36193,133339,80153,2025-12-31,25,20,2026-01-20,,ELIGIBLE
FDX20256981414,CUST575575,Weaver-Lopez,Small,2025-12-30,39463,146044,83266,2026-01-09,10,7,2026-01-16,2026-01-16,RESOLVED_IN_GRACE
FDX20259140297,CUST176517,Peterson-Goodwin,Mid,2025-12-28,42998,219476,86295,2026-01-12,15,12,2026-01-24,,ELIGIBLE
FDX20258679933,CUST822063,Barnes-Watson,Small,2026-01-01,38912,222250,87241,2026-01-11,10,7,2026-01-18,,ELIGIBLE
FDX20259270975,CUST162823,Grimes-Fisher,Small,2025-12-29,26207,115366,100336,2026-01-08,10,7,2026-01-15,2026-01-15,RESOLVED_IN_GRACE
FDX20252887283,CUST265759,Rodriguez-Smith,Small,2025-12-24,57223,181419,84841,2026-01-03,10,7,2026-01-10,2026-01-10,RESOLVED_IN_GRACE
FDX20253483929,CUST560959,Hampton-Brady,Mid,2026-01-01,52491,168648,95403,2026-01-16,15,12,2026-01-28,2026-01-24,RESOLVED_IN_GRACE
FDX20253074573,CUST535810,Andrade-Juarez,Small,2026-01-11,49630,165713,113572,2026-01-21,10,7,2026-01-28,,ELIGIBLE
FDX20256865386,CUST607774,"Boyle, Robinson and Nguyen",Small,2025-12-26,17559,85316,57427,2026-01-05,10,7,2026-01-12,,IN_GRACE
FDX20252569976,CUST587002,Atkinson-Norman,Small,2025-12-30,48544,229591,190179,2026-01-09,10,7,2026-01-16,,ELIGIBLE
FDX20254418084,CUST313933,Hart-Harper,Large,2025-12-08,55241,326220,142087,2026-01-02,25,20,2026-01-22,,ELIGIBLE
FDX20255766683,CUST456717,Rodriguez-Davis,Mid,2025-12-12,32536,88529,80223,2025-12-27,15,12,2026-01-08,2026-01-07,RESOLVED_IN_GRACE
FDX20254030887,CUST736129,Perez-Snyder,Small,2026-01-03,19226,109344,42404,2026-01-13,10,7,2026-01-20,,ELIGIBLE
FDX20253823521,CUST250647,Clarke-Hudson,Small,2025-12-30,14111,79315,58671,2026-01-09,10,7,2026-01-16,2026-01-11,RESOLVED_IN_GRACE
FDX20259535203,CUST427766,Rogers-Pierce,Mid,2025-12-14,18101,87066,51053,2025-12-29,15,12,2026-01-10,2026-01-05,RESOLVED_IN_GRACE
FDX20255576682,CUST853258,May-Nunez,Small,2025-12-30,28775,124071,42584,2026-01-09,10,7,2026-01-16,2026-01-10,RESOLVED_IN_GRACE
FDX20254563416,CUST434827,Powers-Black,Small,2026-01-04,24662,74779,44208,2026-01-14,10,7,2026-01-21,2026-01-19,RESOLVED_IN_GRACE
FDX20251069218,CUST869864,Bonilla and Sons,Mid,2025-12-25,49267,224442,72056,2026-01-09,15,12,2026-01-21,,ELIGIBLE
FDX20259825074,CUST462147,"Norris, Allen and Lee",Mid,2025-12-30,37338,99662,62138,2026-01-14,15,12,2026-01-26,,ELIGIBLE
FDX20254029442,CUST518084,Contreras-Thompson,Mid,2025-12-31,58522,280837,162293,2026-01-15,15,12,2026-01-27,2026-01-18,RESOLVED_IN_GRACE
FDX20257986351,CUST237118,Sloan-Sandoval,Small,2026-01-10,34409,192682,178299,2026-01-20,10,7,2026-01-27,,IN_GRACE
FDX20252289085,CUST897615,Walker-Mendez,Mid,2025-12-12,26804,135161,117951,2025-12-27,15,12,2026-01-08,,ELIGIBLE
FDX20255129836,CUST488539,Mitchell-Gonzalez,Small,2026-01-10,35695,150955,116445,2026-01-20,10,7,2026-01-27,,ELIGIBLE
FDX20259356912,CUST639995,Jones-Lane,Mid,2025-12-14,12602,49320,29024,2025-12-29,15,12,2026-01-10,,IN_GRACE
FDX20252582179,CUST688933,Jones-Long,Mid,2025-12-26,41088,169519,157675,2026-01-10,15,12,2026-01-22,,IN_GRACE
FDX20256513962,CUST211341,"Mejia, Wiggins and Baker",Mid,2026-01-01,2745,10889,8317,2026-01-16,15,12,2026-01-28,,IN_GRACE
FDX20251435572,CUST434617,Fisher-Brown,Mega,2025-12-01,53687,304613,230853,2026-01-05,35,30,2026-02-04,,ELIGIBLE
FDX20255769447,CUST353480,"Shaw, Howard and Cook",Small,2025-12-27,42309,200203,64167,2026-01-06,10,7,2026-01-13,,ELIGIBLE
FDX20253046668,CUST589131,Morales-Mendoza,Mid,2025-12-25,35587,144966,117059,2026-01-09,15,12,2026-01-21,,IN_GRACE
FDX20257613071,CUST228473,Tran-Fowler,Small,2026-01-01,47852,204567,157189,2026-01-11,10,7,2026-01-18,2026-01-18,RESOLVED_IN_GRACE
FDX20257267268,CUST380464,Pittman-Cuevas,Mid,2025-12-19,7180,25471,17000,2026-01-03,15,12,2026-01-15,,ELIGIBLE
FDX20252779557,CUST571435,King-Chavez,Mid,2025-12-14,19396,54656,34328,2025-12-29,15,12,2026-01-10,2026-01-10,RESOLVED_IN_GRACE
FDX20256428072,CUST359961,Green-Sherman,Mid,2025-12-31,44476,172881,158354,2026-01-15,15,12,2026-01-27,2026-01-17,RESOLVED_IN_GRACE
FDX20253579924,CUST247720,Massey-Dennis,Large,2025-12-06,37181,125402,108543,2025-12-31,25,20,2026-01-20,2026-01-01,RESOLVED_IN_GRACE
FDX20251484433,CUST201514,Gregory-Martinez,Mega,2025-12-01,9449,49511,47414,2026-01-05,35,30,2026-02-04,,ELIGIBLE
FDX20252360015,CUST153063,Beck LLC,Mid,2025-12-19,50075,175155,85183,2026-01-03,15,12,2026-01-15,2026-01-11,RESOLVED_IN_GRACE
FDX20258721431,CUST404309,"Shepherd, Murray and Jackson",Small,2025-12-31,29079,149454,38007,2026-01-10,10,7,2026-01-17,2026-01-17,RESOLVED_IN_GRACE
FDX20259050632,CUST502810,Carter-Carlson,Large,2025-12-08,10361,39237,26547,2026-01-02,25,20,2026-01-22,,ELIGIBLE
FDX20258617787,CUST745270,Christian-Alvarado,Mid,2025-12-16,33863,163623,160929,2025-12-31,15,12,2026-01-12,2026-01-04,RESOLVED_IN_GRACE
FDX20255518413,CUST538446,Glenn-Nicholson,Small,2026-01-05,42895,251687,43513,2026-01-15,10,7,2026-01-22,2026-01-16,RESOLVED_IN_GRACE
FDX20251097397,CUST360330,Rojas-Johnson,Mid,2025-12-20,52349,307412,282159,2026-01-04,15,12,2026-01-16,,IN_GRACE
FDX20256526866,CUST267457,Price-Martin,Small,2026-01-10,11838,40077,38045,2026-01-20,10,7,2026-01-27,,ELIGIBLE
FDX20251735630,CUST952993,"Mcfarland, Cardenas and Miller",Small,2026-01-05,3322,9562,6480,2026-01-15,10,7,2026-01-22,,ELIGIBLE
FDX20258601790,CUST443341,"Jimenez, Moreno and Rose",Mid,2025-12-31,15594,45263,32016,2026-01-15,15,12,2026-01-27,2026-01-21,RESOLVED_IN_GRACE
FDX20256451176,CUST705748,Jones PLC,Mega,2025-12-01,13321,35338,13514,2026-01-05,35,30,2026-02-04,,IN_GRACE
FDX20253169632,CUST856157,Stewart-Hall,Small,2025-12-30,42603,146690,74120,2026-01-09,10,7,2026-01-16,,ELIGIBLE
FDX20254546147,CUST427905,Taylor-Michael,Small,2026-01-07,39506,124823,87191,2026-01-17,10,7,2026-01-24,,ELIGIBLE
FDX20251816752,CUST299055,Barajas-Vargas,Small,2025-12-31,11455,42809,13853,2026-01-10,10,7,2026-01-17,,ELIGIBLE
FDX20255747180,CUST900190,Blair and Sons,Small,2025-12-27,14269,51555,40154,2026-01-06,10,7,2026-01-13,,ELIGIBLE
FDX20256421907,CUST267082,Stewart-Reynolds,Large,2025-12-01,43256,164986,132239,2025-12-26,25,20,2026-01-15,,ELIGIBLE
FDX20251931723,CUST622469,Palmer-Reynolds,Mid,2025-12-22,5862,24193,6021,2026-01-06,15,12,2026-01-18,,ELIGIBLE
FDX20252186553,CUST639728,Weeks-Sanchez,Small,2025-12-31,40405,147525,50831,2026-01-10,10,7,2026-01-17,,ELIGIBLE
FDX20257398678,CUST589491,"Garrison, Bryan and Baker",Small,2026-01-03,12507,63054,15488,2026-01-13,10,7,2026-01-20,,ELIGIBLE
FDX20252552748,CUST622987,Ramirez-Jordan,Small,2025-12-31,13531,49844,21539,2026-01-10,10,7,2026-01-17,2026-01-15,RESOLVED_IN_GRACE
FDX20257691735,CUST423528,"Hammond, Martin and Barnes",Large,2025-12-04,40481,212992,167334,2025-12-29,25,20,2026-01-18,,IN_GRACE
FDX20255280939,CUST621530,Poole and Sons,Mid,2025-12-24,13774,36726,17457,2026-01-08,15,12,2026-01-20,,ELIGIBLE
FDX20253986525,CUST124302,Garcia-Christensen,Small,2026-01-13,13488,74511,36273,2026-01-23,10,7,2026-01-30,2026-01-28,RESOLVED_IN_GRACE
FDX20255027876,CUST194423,Ware Group,Mid,2025-12-14,2690,10737,3490,2025-12-29,15,12,2026-01-10,,ELIGIBLE
FDX20257692721,CUST512344,Beard and Sons,Small,2026-01-09,44956,232058,172346,2026-01-19,10,7,2026-01-26,,ELIGIBLE
FDX20252496331,CUST629996,Mcgee-Travis,Small,2025-12-27,43154,191823,147710,2026-01-06,10,7,2026-01-13,2026-01-11,RESOLVED_IN_GRACE
FDX20251344134,CUST579441,Conway-Fitzgerald,Small,2026-01-07,47210,121627,48232,2026-01-17,10,7,2026-01-24,,ELIGIBLE
FDX20254493397,CUST352422,Lee-Sanchez,Mid,2025-12-17,47319,119792,61107,2026-01-01,15,12,2026-01-13,2026-01-12,RESOLVED_IN_GRACE
FDX20253733691,CUST325595,Hamilton-Tate,Large,2025-12-13,39631,119834,100306,2026-01-07,25,20,2026-01-27,,ELIGIBLE
FDX20257517997,CUST711680,Esparza-Chan,Mid,2025-12-31,26155,110312,54016,2026-01-15,15,12,2026-01-27,,ELIGIBLE
FDX20257751088,CUST470037,Daniel-Evans,Mid,2025-12-25,55293,183888,178371,2026-01-09,15,12,2026-01-21,,IN_GRACE
FDX20255780430,CUST151021,Howell-Mcgee,Mid,2025-12-19,20769,92411,90184,2026-01-03,15,12,2026-01-15,,ELIGIBLE
FDX20253585950,CUST152995,Sparks-Mccoy,Mega,2025-12-01,17127,59671,31460,2026-01-05,35,30,2026-02-04,,IN_GRACE
FDX20253023365,CUST395023,Jordan-Ewing,Small,2025-12-27,52890,266000,256868,2026-01-06,10,7,2026-01-13,,IN_GRACE
FDX20256008781,CUST618934,"Villa, Leon and Chen",Small,2026-01-09,33020,97457,57446,2026-01-19,10,7,2026-01-26,,IN_GRACE
FDX20259235014,CUST726543,Oconnor-Wagner,Small,2025-12-24,6266,25908,15594,2026-01-03,10,7,2026-01-10,2026-01-09,RESOLVED_IN_GRACE
FDX20258253770,CUST983791,Clements Group,Small,2025-12-29,33796,124394,90859,2026-01-08,10,7,2026-01-15,,ELIGIBLE
FDX20256202636,CUST786041,Barton-Chan,Mid,2026-01-01,42054,135352,56939,2026-01-16,15,12,2026-01-28,,ELIGIBLE
FDX20253202624,CUST805188,Wood-Garza,Mid,2026-01-03,31987,162064,39665,2026-01-18,15,12,2026-01-30,,IN_GRACE
FDX20257023763,CUST593446,Fernandez-Wyatt,Mid,2025-12-30,48393,265803,166933,2026-01-14,15,12,2026-01-26,2026-01-15,RESOLVED_IN_GRACE
FDX20252612483,CUST399628,Johnson-Martinez,Small,2025-12-30,10240,57229,19456,2026-01-09,10,7,2026-01-16,,IN_GRACE
FDX20257164902,CUST662761,Wolf-Ramos,Mid,2025-12-17,36433,217876,85290,2026-01-01,15,12,2026-01-13,2026-01-02,RESOLVED_IN_GRACE
FDX20259600893,CUST108574,Schmidt-White,Large,2025-12-01,56797,208711,70750,2025-12-26,25,20,2026-01-15,2025-12-28,RESOLVED_IN_GRACE
FDX20254353283,CUST988324,Jensen-Warren,Large,2025-12-08,42344,168097,128430,2026-01-02,25,20,2026-01-22,,ELIGIBLE
FDX20259214511,CUST212718,Park-Wilson,Mid,2026-01-03,49523,260036,52058,2026-01-18,15,12,2026-01-30,,ELIGIBLE
FDX20258473283,CUST551860,Mason-Ross,Mega,2025-12-01,57929,287773,248531,2026-01-05,35,30,2026-02-04,,ELIGIBLE
FDX20257511061,CUST240440,Collins-Kane,Small,2026-01-03,14745,55410,51962,2026-01-13,10,7,2026-01-20,,IN_GRACE
FDX20258993331,CUST377319,Reese-Nelson,Mega,2025-12-01,43542,138747,66967,2026-01-05,35,30,2026-02-04,,ELIGIBLE
FDX20255504336,CUST862847,Nguyen-Yoder,Mid,2025-12-26,56378,194657,100347,2026-01-10,15,12,2026-01-22,,ELIGIBLE
FDX20258097946,CUST483545,Miller-Robinson,Small,2026-01-09,8922,34771,30747,2026-01-19,10,7,2026-01-26,,ELIGIBLE
FDX20252513679,CUST900961,Myers PLC,Small,2025-12-24,46147,118674,49424,2026-01-03,10,7,2026-01-10,,ELIGIBLE
FDX20258088983,CUST522842,West-Martin,Small,2025-12-29,26053,143814,140142,2026-01-08,10,7,2026-01-15,,IN_GRACE
FDX20257177975,CUST483713,Anderson Group,Small,2025-12-22,48042,176385,71366,2026-01-01,10,7,2026-01-08,2026-01-04,RESOLVED_IN_GRACE
FDX20254126532,CUST147440,Petty-Roth,Large,2025-12-01,47237,138035,118852,2025-12-26,25,20,2026-01-15,,ELIGIBLE
FDX20258283088,CUST520040,Cox-Roberson,Mid,2025-12-22,16798,51093,39755,2026-01-06,15,12,2026-01-18,,IN_GRACE
FDX20258147380,CUST153642,Rose-Hubbard,Small,2026-01-13,13748,80992,72844,2026-01-23,10,7,2026-01-30,2026-01-27,RESOLVED_IN_GRACE
FDX20252559399,CUST697983,Andrade-Johnson,Small,2026-01-09,11997,53646,21667,2026-01-19,10,7,2026-01-26,,IN_GRACE
FDX20251678438,CUST689107,Nelson PLC,Small,2026-01-05,44461,122406,65960,2026-01-15,10,7,2026-01-22,,ELIGIBLE
FDX20259612440,CUST304110,Braun Ltd,Mid,2025-12-20,7284,25426,10944,2026-01-04,15,12,2026-01-16,,ELIGIBLE
FDX20256733527,CUST480133,Wang-Scott,Small,2025-12-22,7970,34233,23283,2026-01-01,10,7,2026-01-08,,ELIGIBLE
FDX20258776656,CUST680096,Boyd-Alvarez,Small,2026-01-01,38462,186941,114518,2026-01-11,10,7,2026-01-18,,ELIGIBLE
FDX20254761958,CUST402620,Spencer-Schmitt,Mid,2025-12-26,12354,65562,61185,2026-01-10,15,12,2026-01-22,2026-01-14,RESOLVED_IN_GRACE
FDX20253601637,CUST177103,Jackson-Carlson,Mid,2025-12-25,12475,56502,44856,2026-01-09,15,12,2026-01-21,,IN_GRACE
FDX20259310128,CUST505116,Fox-Wilson,Small,2026-01-07,46040,122065,59345,2026-01-17,10,7,2026-01-24,2026-01-23,RESOLVED_IN_GRACE
FDX20259846268,CUST628750,Bennett-Choi,Mid,2025-12-19,51140,149723,103685,2026-01-03,15,12,2026-01-15,,IN_GRACE
FDX20259802632,CUST572230,Wu-West,Small,2025-12-29,30724,143071,45248,2026-01-08,10,7,2026-01-15,,ELIGIBLE
FDX20252408784,CUST901535,White-Espinoza,Mid,2025-12-22,8901,48571,37278,2026-01-06,15,12,2026-01-18,,ELIGIBLE
FDX20255877187,CUST676566,Burke-Sharp,Mid,2025-12-31,32189,184630,172964,2026-01-15,15,12,2026-01-27,2026-01-22,RESOLVED_IN_GRACE
FDX20258855414,CUST393308,"Montoya, Arroyo and Contreras",Mid,2025-12-21,49790,160047,128145,2026-01-05,15,12,2026-01-17,2026-01-06,RESOLVED_IN_GRACE
FDX20258337608,CUST965401,Brown-Bentley,Small,2026-01-03,13264,54122,19545,2026-01-13,10,7,2026-01-20,,IN_GRACE
FDX20252328472,CUST753516,Perkins-Craig,Mid,2025-12-26,23329,83068,56568,2026-01-10,15,12,2026-01-22,,ELIGIBLE
FDX20259012989,CUST813449,Rojas-Peterson,Small,2026-01-10,27516,102421,49704,2026-01-20,10,7,2026-01-27,,ELIGIBLE
FDX20256039762,CUST740725,Luna-Lewis,Small,2026-01-07,29831,132566,60483,2026-01-17,10,7,2026-01-24,,ELIGIBLE
FDX20253493203,CUST224582,Rowe PLC,Small,2026-01-04,52599,135623,74964,2026-01-14,10,7,2026-01-21,,ELIGIBLE
FDX20253143956,CUST234913,Murphy-Cole,Mid,2026-01-01,12714,34458,32859,2026-01-16,15,12,2026-01-28,,ELIGIBLE
FDX20256040020,CUST201377,Gray-Edwards,Large,2025-12-12,39076,176036,61009,2026-01-06,25,20,2026-01-26,,ELIGIBLE
FDX20255171713,CUST513037,Mcpherson-Stewart,Mid,2025-12-26,33175,172822,121781,2026-01-10,15,12,2026-01-22,2026-01-14,RESOLVED_IN_GRACE
FDX20259776028,CUST491326,Craig-Robertson,Mid,2025-12-22,43489,114792,80571,2026-01-06,15,12,2026-01-18,,ELIGIBLE
FDX20258176148,CUST933510,Serrano-Clark,Small,2026-01-04,45652,117256,92970,2026-01-14,10,7,2026-01-21,,ELIGIBLE
FDX20255957359,CUST455556,Brooks-Thompson,Small,2026-01-13,53400,185243,73743,2026-01-23,10,7,2026-01-30,,IN_GRACE
FDX20251800747,CUST684929,Johnson-Hendrix,Mid,2025-12-28,41367,240231,115032,2026-01-12,15,12,2026-01-24,2026-01-14,RESOLVED_IN_GRACE
FDX20252284002,CUST483366,"Haney, Harris and Raymond",Small,2025-12-29,5474,24915,6374,2026-01-08,10,7,2026-01-15,,ELIGIBLE
FDX20251756566,CUST891638,Coleman and Sons,Small,2025-12-29,30818,119296,72725,2026-01-08,10,7,2026-01-15,2026-01-09,RESOLVED_IN_GRACE
FDX20259613666,CUST251275,Glover PLC,Large,2025-12-12,36077,124199,101849,2026-01-06,25,20,2026-01-26,,ELIGIBLE
FDX20252805768,CUST308727,Davis-Campbell,Small,2025-12-27,22465,77633,58362,2026-01-06,10,7,2026-01-13,,ELIGIBLE
FDX20259567311,CUST731728,Ferguson-Cross,Mid,2025-12-30,20584,105574,84729,2026-01-14,15,12,2026-01-26,2026-01-22,RESOLVED_IN_GRACE
FDX20258128865,CUST633853,Watts-Woods,Small,2026-01-05,5581,21576,18387,2026-01-15,10,7,2026-01-22,2026-01-19,RESOLVED_IN_GRACE
FDX20257929315,CUST520884,"Powers, Johnson and Smith",Mid,2025-12-28,34543,119190,91711,2026-01-12,15,12,2026-01-24,,ELIGIBLE
FDX20252585184,CUST624369,Arnold-Rosario,Mega,2025-12-01,31127,157767,95632,2026-01-05,35,30,2026-02-04,,ELIGIBLE
FDX20258795642,CUST142210,Lopez-Castaneda,Small,2026-01-03,4744,12087,9324,2026-01-13,10,7,2026-01-20,,ELIGIBLE
FDX20255251016,CUST147504,Merritt Inc,Small,2026-01-04,44429,170636,47534,2026-01-14,10,7,2026-01-21,2026-01-20,RESOLVED_IN_GRACE
FDX20256963589,CUST140804,Cruz-Freeman,Small,2026-01-04,30958,128867,66688,2026-01-14,10,7,2026-01-21,,ELIGIBLE
FDX20255275844,CUST243693,Murray-Cooper,Small,2025-12-27,44745,188962,55319,2026-01-06,10,7,2026-01-13,2026-01-09,RESOLVED_IN_GRACE
FDX20252371865,CUST848255,Hunt-Oneill,Mid,2025-12-25,34919,117744,77115,2026-01-09,15,12,2026-01-21,,ELIGIBLE
FDX20259446398,CUST449218,Rodriguez-Wright,Mid,2025-12-21,22974,58454,28492,2026-01-05,15,12,2026-01-17,,ELIGIBLE
FDX20251272943,CUST943019,Kim PLC,Small,2025-12-22,34107,203594,76946,2026-01-01,10,7,2026-01-08,,ELIGIBLE
FDX20252911520,CUST596756,"Harmon, Vargas and Morse",Small,2026-01-07,30458,98033,90038,2026-01-17,10,7,2026-01-24,,ELIGIBLE
FDX20258765820,CUST644559,"Wright, Conrad and Walker",Small,2026-01-07,43524,224858,107061,2026-01-17,10,7,2026-01-24,,ELIGIBLE
FDX20254012385,CUST579187,Campbell-Hubbard,Small,2025-12-24,49019,158603,120911,2026-01-03,10,7,2026-01-10,2026-01-05,RESOLVED_IN_GRACE
FDX20254056945,CUST256175,Young-Brooks,Large,2025-12-12,38508,103032,46228,2026-01-06,25,20,2026-01-26,,ELIGIBLE
FDX20257592730,CUST735710,Foster-Kelly,Mid,2025-12-21,56992,323255,180859,2026-01-05,15,12,2026-01-17,,ELIGIBLE
FDX20251759315,CUST640546,Ramirez-Johnson,Small,2026-01-09,10048,25833,15962,2026-01-19,10,7,2026-01-26,2026-01-20,RESOLVED_IN_GRACE
FDX20252397383,CUST246570,Pena-Miller,Mid,2025-12-22,7397,43114,17728,2026-01-06,15,12,2026-01-18,,ELIGIBLE
FDX20257983542,CUST443897,Cummings-Lee,Large,2025-12-01,5642,20438,9830,2025-12-26,25,20,2026-01-15,,ELIGIBLE
FDX20255993696,CUST742848,"Vaughn, Fletcher and Frye",Large,2025-12-03,3314,15283,6516,2025-12-28,25,20,2026-01-17,,ELIGIBLE
FDX20256267145,CUST434002,Ali-Ford,Small,2025-12-22,57194,243478,197221,2026-01-01,10,7,2026-01-08,2026-01-02,RESOLVED_IN_GRACE
FDX20258633602,CUST270395,Hughes-Barry,Small,2025-12-30,6283,35956,25830,2026-01-09,10,7,2026-01-16,,IN_GRACE
FDX20258548873,CUST512042,Fleming Group,Small,2025-12-31,4091,16188,4573,2026-01-10,10,7,2026-01-17,2026-01-12,RESOLVED_IN_GRACE
FDX20255447210,CUST746447,Clark LLC,Mega,2025-12-01,21347,58800,47641,2026-01-05,35,30,2026-02-04,2026-01-16,RESOLVED_IN_GRACE
FDX20256726640,CUST875232,Daniels-Sloan,Mid,2025-12-26,5708,16437,13393,2026-01-10,15,12,2026-01-22,2026-01-21,RESOLVED_IN_GRACE
FDX20254140556,CUST983532,Williams-Dennis,Small,2026-01-11,48244,192218,172662,2026-01-21,10,7,2026-01-28,2026-01-28,RESOLVED_IN_GRACE
FDX20254541139,CUST413769,Leon-Johnson,Small,2026-01-07,6588,19377,14139,2026-01-17,10,7,2026-01-24,2026-01-18,RESOLVED_IN_GRACE
FDX20254105251,CUST722565,Grant-Gross,Mid,2025-12-19,45297,216232,116473,2026-01-03,15,12,2026-01-15,,IN_GRACE
FDX20252312322,CUST452713,Nelson-Montgomery,Small,2026-01-04,36939,138437,94601,2026-01-14,10,7,2026-01-21,,IN_GRACE
FDX20255350628,CUST631958,Kerr Inc,Mid,2025-12-16,38641,210799,172390,2025-12-31,15,12,2026-01-12,,ELIGIBLE
FDX20252783932,CUST968524,"Richard, Whitney and Pierce",Large,2025-12-01,37947,201176,89128,2025-12-26,25,20,2026-01-15,,IN_GRACE
FDX20258277938,CUST634473,Middleton-Young,Small,2026-01-09,42837,130570,64270,2026-01-19,10,7,2026-01-26,2026-01-26,RESOLVED_IN_GRACE
FDX20259965341,CUST658198,Heath-Davis,Mid,2025-12-20,53481,200448,68163,2026-01-04,15,12,2026-01-16,,IN_GRACE
FDX20251300567,CUST613641,Maxwell-Peters,Small,2025-12-22,30849,173889,37465,2026-01-01,10,7,2026-01-08,,ELIGIBLE
FDX20251098097,CUST843167,Young-Morgan,Small,2026-01-01,21678,93223,92853,2026-01-11,10,7,2026-01-18,2026-01-17,RESOLVED_IN_GRACE
FDX20257625890,CUST690268,Sanchez-Brown,Small,2026-01-07,6759,24972,24532,2026-01-17,10,7,2026-01-24,2026-01-23,RESOLVED_IN_GRACE
FDX20252957536,CUST414353,Perez-Allen,Mid,2025-12-25,35658,104935,43842,2026-01-09,15,12,2026-01-21,2026-01-11,RESOLVED_IN_GRACE
FDX20251223214,CUST597960,Wood-Higgins,Small,2026-01-03,8040,44776,26021,2026-01-13,10,7,2026-01-20,2026-01-20,RESOLVED_IN_GRACE
FDX20253881241,CUST955374,"Cortez, Ortiz and Hart",Small,2026-01-04,23472,112009,88988,2026-01-14,10,7,2026-01-21,,IN_GRACE
FDX20259004743,CUST117445,Beck-Calderon,Large,2025-12-01,53648,316363,264473,2025-12-26,25,20,2026-01-15,,ELIGIBLE
FDX20258720254,CUST486251,Palmer-Coleman,Mid,2025-12-16,31956,137427,86494,2025-12-31,15,12,2026-01-12,2026-01-02,RESOLVED_IN_GRACE
FDX20257796309,CUST447329,"Preston, Grimes and Young",Small,2026-01-04,39803,188197,73684,2026-01-14,10,7,2026-01-21,,IN_GRACE
FDX20259165848,CUST806537,Trujillo-Smith,Mid,2025-12-24,19061,99963,22860,2026-01-08,15,12,2026-01-20,2026-01-10,RESOLVED_IN_GRACE
FDX20256080140,CUST214928,Ali Group,Small,2025-12-24,33215,88150,70455,2026-01-03,10,7,2026-01-10,,ELIGIBLE
FDX20257052024,CUST536774,Gutierrez-Booker,Large,2025-12-12,11545,35058,26285,2026-01-06,25,20,2026-01-26,,ELIGIBLE
FDX20257626953,CUST712056,Watson-Hess,Small,2025-12-22,29167,113080,72565,2026-01-01,10,7,2026-01-08,,ELIGIBLE
FDX20256077736,CUST422623,Orozco-Davis,Small,2026-01-04,6421,31884,21713,2026-01-14,10,7,2026-01-21,,ELIGIBLE
FDX20252470273,CUST935457,Wright-Mejia,Small,2025-12-31,51201,138519,68100,2026-01-10,10,7,2026-01-17,2026-01-12,RESOLVED_IN_GRACE
FDX20253098653,CUST860557,Salas-Dunn,Small,2026-01-01,45112,166686,117872,2026-01-11,10,7,2026-01-18,2026-01-12,RESOLVED_IN_GRACE
FDX20253266835,CUST821466,Barrett PLC,Small,2026-01-04,17987,91102,63863,2026-01-14,10,7,2026-01-21,,IN_GRACE
FDX20251232799,CUST759827,Anthony-Wagner,Mid,2025-12-16,16573,61442,46202,2025-12-31,15,12,2026-01-12,,IN_GRACE
FDX20254201127,CUST127941,Greene-Fernandez,Mid,2025-12-28,34582,201008,77092,2026-01-12,15,12,2026-01-24,,ELIGIBLE
FDX20252877580,CUST725905,Johnson-Schultz,Mid,2025-12-31,30363,136258,116492,2026-01-15,15,12,2026-01-27,2026-01-18,RESOLVED_IN_GRACE
FDX20251266510,CUST597643,"Dougherty, Barnes and Rodgers",Small,2026-01-01,22641,81452,70385,2026-01-11,10,7,2026-01-18,2026-01-13,RESOLVED_IN_GRACE
FDX20254157826,CUST378428,Nicholson-Diaz,Mega,2025-12-01,5387,25044,24656,2026-01-05,35,30,2026-02-04,,IN_GRACE
FDX20251449886,CUST787436,Chen LLC,Mid,2025-12-21,43726,157178,113471,2026-01-05,15,12,2026-01-17,2026-01-10,RESOLVED_IN_GRACE
FDX20254510288,CUST920934,Jones-Rodriguez,Mid,2025-12-22,35849,163550,108676,2026-01-06,15,12,2026-01-18,,IN_GRACE
FDX20259071807,CUST913864,Salazar-Roth,Small,2026-01-07,32583,184196,94375,2026-01-17,10,7,2026-01-24,,ELIGIBLE
FDX20253435283,CUST706574,Brown-Alexander,Small,2025-12-24,25142,128657,90527,2026-01-03,10,7,2026-01-10,2026-01-05,RESOLVED_IN_GRACE
FDX20255056398,CUST705693,Harding-Pham,Small,2025-12-22,31553,101347,56479,2026-01-01,10,7,2026-01-08,2026-01-03,RESOLVED_IN_GRACE
FDX20258311317,CUST338596,Harris-Dillon,Small,2025-12-26,42697,195726,166585,2026-01-05,10,7,2026-01-12,2026-01-11,RESOLVED_IN_GRACE
FDX20254203013,CUST856442,Santana and Sons,Mid,2025-12-19,42592,110647,64010,2026-01-03,15,12,2026-01-15,2026-01-15,RESOLVED_IN_GRACE
FDX20252444410,CUST153849,Dorsey-Hill,Small,2026-01-05,18207,47483,44931,2026-01-15,10,7,2026-01-22,,ELIGIBLE
FDX20256048564,CUST711868,Garrison-Evans,Small,2025-12-24,41634,167701,117043,2026-01-03,10,7,2026-01-10,2026-01-08,RESOLVED_IN_GRACE
FDX20258774990,CUST603787,"Mckay, Anderson and Smith",Mid,2025-12-24,27772,156721,83305,2026-01-08,15,12,2026-01-20,2026-01-12,RESOLVED_IN_GRACE
FDX20253485807,CUST278794,Good and Sons,Small,2026-01-05,48284,279681,257975,2026-01-15,10,7,2026-01-22,,IN_GRACE
FDX20258952217,CUST649697,Singh-Barnes,Mid,2026-01-01,36136,130754,86483,2026-01-16,15,12,2026-01-28,,ELIGIBLE
FDX20258077958,CUST759580,Fisher LLC,Small,2026-01-05,20255,120592,57741,2026-01-15,10,7,2026-01-22,2026-01-18,RESOLVED_IN_GRACE
FDX20251366025,CUST856215,Boyer-Griffin,Mid,2025-12-28,10368,55733,26651,2026-01-12,15,12,2026-01-24,2026-01-22,RESOLVED_IN_GRACE
FDX20252953854,CUST749840,Reed-Owen,Small,2026-01-04,38019,156000,79843,2026-01-14,10,7,2026-01-21,,ELIGIBLE
FDX20253786787,CUST912233,Moody PLC,Large,2025-12-01,48871,225173,139783,2025-12-26,25,20,2026-01-15,,ELIGIBLE
FDX20253557220,CUST982027,Winters Ltd,Small,2026-01-07,10076,40902,29828,2026-01-17,10,7,2026-01-24,2026-01-18,RESOLVED_IN_GRACE
FDX20258470322,CUST498658,Perez-Romero,Small,2026-01-05,37746,203497,156752,2026-01-15,10,7,2026-01-22,,ELIGIBLE
FDX20259137735,CUST254954,Coleman-Hernandez,Small,2025-12-22,28059,91907,79769,2026-01-01,10,7,2026-01-08,,IN_GRACE
FDX20258910276,CUST961574,Tyler-Wheeler,Small,2026-01-11,11692,60249,28005,2026-01-21,10,7,2026-01-28,,ELIGIBLE
FDX20251329299,CUST813793,Coleman-Archer,Mid,2025-12-14,23355,87976,77778,2025-12-29,15,12,2026-01-10,2026-01-02,RESOLVED_IN_GRACE
FDX20258541631,CUST353961,Hinton-Simpson,Small,2026-01-10,57656,225860,58435,2026-01-20,10,7,2026-01-27,,ELIGIBLE
FDX20255070650,CUST133104,Lawrence-Wiley,Small,2025-12-29,27087,150393,47801,2026-01-08,10,7,2026-01-15,,IN_GRACE
FDX20254377898,CUST700383,Long-Walker,Small,2026-01-04,5204,16429,11938,2026-01-14,10,7,2026-01-21,,ELIGIBLE
FDX20255946450,CUST834549,Bailey-Long,Mid,2025-12-19,29295,98721,61518,2026-01-03,15,12,2026-01-15,2026-01-08,RESOLVED_IN_GRACE
FDX20257572195,CUST215233,Mccarthy Inc,Mid,2025-12-19,52588,146962,67882,2026-01-03,15,12,2026-01-15,2026-01-08,RESOLVED_IN_GRACE
FDX20251854332,CUST300051,Hernandez-Hurst,Large,2025-12-16,46795,151902,58836,2026-01-10,25,20,2026-01-30,,ELIGIBLE
FDX20256601074,CUST119857,Lowery-Hawkins,Small,2026-01-11,26036,117303,116438,2026-01-21,10,7,2026-01-28,,ELIGIBLE
FDX20251132108,CUST562462,Garner-Fields,Mid,2025-12-28,14361,52641,36864,2026-01-12,15,12,2026-01-24,2026-01-15,RESOLVED_IN_GRACE
FDX20252722408,CUST428930,Torres-Wheeler,Large,2025-12-12,58756,255837,114272,2026-01-06,25,20,2026-01-26,2026-01-19,RESOLVED_IN_GRACE
FDX20258244199,CUST539122,Harris-Ruiz,Small,2025-12-31,12728,66434,49205,2026-01-10,10,7,2026-01-17,,ELIGIBLE
FDX20257974052,CUST258787,Dodson Group,Mid,2025-12-16,28998,96343,57460,2025-12-31,15,12,2026-01-12,,ELIGIBLE
FDX20259316519,CUST533020,Valencia LLC,Small,2025-12-30,14276,59573,44381,2026-01-09,10,7,2026-01-16,,ELIGIBLE
FDX20255878387,CUST824042,"Blackburn, Palmer and Robinson",Mega,2025-12-01,3607,13658,8127,2026-01-05,35,30,2026-02-04,,IN_GRACE
FDX20251621045,CUST313795,Glass-Collins,Small,2025-12-29,18955,95071,66543,2026-01-08,10,7,2026-01-15,2026-01-15,RESOLVED_IN_GRACE
FDX20259178834,CUST530311,Moss Group,Small,2025-12-29,48463,151878,145482,2026-01-08,10,7,2026-01-15,,ELIGIBLE
FDX20257705523,CUST626195,May-Owens,Mid,2025-12-20,59435,319611,306714,2026-01-04,15,12,2026-01-16,2026-01-09,RESOLVED_IN_GRACE
FDX20259155420,CUST912617,Chung PLC,Small,2026-01-09,14829,54825,33866,2026-01-19,10,7,2026-01-26,2026-01-21,RESOLVED_IN_GRACE
FDX20259612679,CUST741181,Levine-Mason,Mid,2026-01-01,7008,20059,8732,2026-01-16,15,12,2026-01-28,,IN_GRACE
FDX20259185628,CUST594514,Taylor-Burgess,Large,2025-12-01,32117,124795,66869,2025-12-26,25,20,2026-01-15,2026-01-14,RESOLVED_IN_GRACE
FDX20254890733,CUST989587,Torres-Burgess,Large,2025-12-06,18865,85569,62439,2025-12-31,25,20,2026-01-20,,IN_GRACE
FDX20252018455,CUST871581,Smith-Meyers,Small,2025-12-24,32829,166160,108541,2026-01-03,10,7,2026-01-10,,ELIGIBLE
FDX20259863551,CUST862736,Lopez-Patterson,Mid,2025-12-17,12424,36371,33126,2026-01-01,15,12,2026-01-13,,ELIGIBLE
FDX20251319096,CUST165306,Hartman-Henderson,Small,2026-01-01,37820,173005,84909,2026-01-11,10,7,2026-01-18,,ELIGIBLE
FDX20258080061,CUST840058,Huff-Patel,Small,2026-01-04,57618,308005,259016,2026-01-14,10,7,2026-01-21,,ELIGIBLE
FDX20256299086,CUST244789,Morgan-Shaw,Small,2026-01-05,21177,102561,52324,2026-01-15,10,7,2026-01-22,2026-01-20,RESOLVED_IN_GRACE
FDX20252065530,CUST643878,Lowery-Ruiz,Small,2026-01-04,8686,51181,32743,2026-01-14,10,7,2026-01-21,,ELIGIBLE
FDX20255493758,CUST317413,Graves and Sons,Mid,2026-01-03,6388,21259,16612,2026-01-18,15,12,2026-01-30,2026-01-20,RESOLVED_IN_GRACE
FDX20257998405,CUST688132,Higgins-Little,Small,2026-01-05,9562,50635,27460,2026-01-15,10,7,2026-01-22,2026-01-22,RESOLVED_IN_GRACE
FDX20258941293,CUST440839,King-Watson,Small,2025-12-26,33685,168318,79203,2026-01-05,10,7,2026-01-12,,IN_GRACE
FDX20252961940,CUST794395,Haynes Inc,Large,2025-12-06,17993,88276,68769,2025-12-31,25,20,2026-01-20,,IN_GRACE
FDX20259301178,CUST601608,Wells-Dudley,Small,2026-01-13,20392,74315,58837,2026-01-23,10,7,2026-01-30,2026-01-28,RESOLVED_IN_GRACE
FDX20256817736,CUST651002,Harris-Chapman,Large,2025-12-08,59069,279034,174978,2026-01-02,25,20,2026-01-22,,ELIGIBLE
FDX20258521651,CUST495129,Rodriguez-Stewart,Small,2026-01-13,12872,48772,41768,2026-01-23,10,7,2026-01-30,2026-01-29,RESOLVED_IN_GRACE
FDX20258318725,CUST428993,Barajas Inc,Large,2025-12-14,14888,58401,28939,2026-01-08,25,20,2026-01-28,,IN_GRACE
FDX20251349082,CUST281594,Best-Hall,Mid,2025-12-12,44217,249035,174199,2025-12-27,15,12,2026-01-08,2026-01-02,RESOLVED_IN_GRACE
FDX20253706725,CUST581992,Ryan Inc,Small,2025-12-22,51613,298153,201013,2026-01-01,10,7,2026-01-08,,ELIGIBLE
FDX20255832019,CUST659024,Pratt-King,Large,2025-12-12,54714,167784,101917,2026-01-06,25,20,2026-01-26,,IN_GRACE
FDX20254224602,CUST458955,Garcia-Joseph,Mid,2025-12-24,17219,99019,17494,2026-01-08,15,12,2026-01-20,2026-01-09,RESOLVED_IN_GRACE
FDX20258872548,CUST672808,Ford-Blevins,Small,2025-12-27,31955,121316,47582,2026-01-06,10,7,2026-01-13,2026-01-09,RESOLVED_IN_GRACE
FDX20256768801,CUST471496,Randall PLC,Mid,2025-12-25,25655,149453,35523,2026-01-09,15,12,2026-01-21,,IN_GRACE
FDX20258350277,CUST808699,Roberts-Leonard,Small,2026-01-10,53728,273002,111462,2026-01-20,10,7,2026-01-27,,IN_GRACE
FDX20254894044,CUST909489,Patterson-King,Small,2025-12-30,57640,216965,183497,2026-01-09,10,7,2026-01-16,,ELIGIBLE
FDX20259516717,CUST855944,Wu-Fisher,Mid,2026-01-03,59397,297608,105907,2026-01-18,15,12,2026-01-30,,IN_GRACE
FDX20254685993,CUST813813,Watson PLC,Small,2025-12-27,46547,177868,59317,2026-01-06,10,7,2026-01-13,,ELIGIBLE
FDX20256690043,CUST774558,Jones-Watson,Mid,2025-12-12,23756,120408,96855,2025-12-27,15,12,2026-01-08,,IN_GRACE
FDX20258859576,CUST942690,Taylor-Carrillo,Mid,2025-12-19,12740,48894,33992,2026-01-03,15,12,2026-01-15,2026-01-15,RESOLVED_IN_GRACE
FDX20253200475,CUST826991,Davidson-Cisneros,Mid,2025-12-28,14382,40950,15224,2026-01-12,15,12,2026-01-24,,ELIGIBLE
FDX20255922335,CUST377203,"Burnett, Flores and Dudley",Mid,2025-12-19,48962,254308,73024,2026-01-03,15,12,2026-01-15,2026-01-06,RESOLVED_IN_GRACE
FDX20257549342,CUST739711,Collins-Thomas,Small,2026-01-13,17949,71381,37600,2026-01-23,10,7,2026-01-30,2026-01-25,RESOLVED_IN_GRACE
FDX20257993768,CUST607699,Johnson-Campos,Small,2026-01-07,50179,250856,190445,2026-01-17,10,7,2026-01-24,,ELIGIBLE
FDX20257044085,CUST301603,Walter-Hernandez,Small,2025-12-24,43439,209241,87476,2026-01-03,10,7,2026-01-10,,ELIGIBLE
FDX20258924295,CUST358494,Rodriguez-Brown,Mid,2025-12-19,21720,81246,70529,2026-01-03,15,12,2026-01-15,,ELIGIBLE
FDX20253718341,CUST392559,Lane-Atkinson,Mega,2025-12-01,4609,24923,6935,2026-01-05,35,30,2026-02-04,2026-02-04,RESOLVED_IN_GRACE
FDX20254476383,CUST685196,Mejia-Ball,Small,2025-12-26,19106,102259,20842,2026-01-05,10,7,2026-01-12,2026-01-09,RESOLVED_IN_GRACE
FDX20255738845,CUST412999,Hull-Lewis,Large,2025-12-04,29072,169198,131113,2025-12-29,25,20,2026-01-18,2026-01-02,RESOLVED_IN_GRACE
FDX20252446060,CUST335790,House-Bridges,Mid,2025-12-21,49039,129539,98534,2026-01-05,15,12,2026-01-17,2026-01-15,RESOLVED_IN_GRACE
FDX20259101545,CUST412071,Cervantes-Barr,Large,2025-12-01,42568,214743,106097,2025-12-26,25,20,2026-01-15,,ELIGIBLE
FDX20253165880,CUST908634,Rodriguez-Mays,Large,2025-12-12,50648,243503,131784,2026-01-06,25,20,2026-01-26,,ELIGIBLE
FDX20253907342,CUST403042,Coleman-Mays,Small,2025-12-24,41289,130075,60561,2026-01-03,10,7,2026-01-10,,ELIGIBLE
FDX20254346789,CUST839142,Walsh-Roberson,Small,2025-12-31,53861,151392,121870,2026-01-10,10,7,2026-01-17,2026-01-14,RESOLVED_IN_GRACE
FDX20253622515,CUST317346,Mcpherson-Smith,Mid,2025-12-25,40672,111372,91234,2026-01-09,15,12,2026-01-21,2026-01-15,RESOLVED_IN_GRACE
FDX20259257506,CUST823769,Lee-Peters,Large,2025-12-04,2086,8694,2721,2025-12-29,25,20,2026-01-18,,ELIGIBLE
FDX20252692883,CUST839233,Goodwin-Carter,Mid,2025-12-31,57173,212730,171931,2026-01-15,15,12,2026-01-27,,ELIGIBLE
FDX20257979059,CUST612756,Zavala LLC,Mid,2025-12-28,6973,28900,26021,2026-01-12,15,12,2026-01-24,,IN_GRACE
FDX20259283332,CUST432441,Mckay-Nguyen,Mid,2025-12-20,2089,6060,2529,2026-01-04,15,12,2026-01-16,,ELIGIBLE
FDX20256094433,CUST603110,Gutierrez-Leon,Mid,2026-01-03,12293,51600,12438,2026-01-18,15,12,2026-01-30,,ELIGIBLE
FDX20254937929,CUST465746,Martinez-Poole,Mid,2025-12-12,10595,39005,13262,2025-12-27,15,12,2026-01-08,,ELIGIBLE
FDX20254513701,CUST687713,Hayes-Kane,Small,2026-01-11,28718,77575,28825,2026-01-21,10,7,2026-01-28,,ELIGIBLE
FDX20251789356,CUST934042,Simpson-Johnson,Small,2026-01-04,18167,95325,25074,2026-01-14,10,7,2026-01-21,,ELIGIBLE
FDX20251304180,CUST856719,Mcdonald-Wright,Mid,2025-12-28,13771,65923,24588,2026-01-12,15,12,2026-01-24,,ELIGIBLE
FDX20257019442,CUST386741,Martin-Collins,Mega,2025-12-01,38063,204110,172133,2026-01-05,35,30,2026-02-04,,ELIGIBLE
FDX20255375632,CUST401769,Cook-Williams,Mid,2025-12-28,16365,82781,33884,2026-01-12,15,12,2026-01-24,,ELIGIBLE
FDX20256990202,CUST227794,Parrish-Johnson,Mid,2025-12-22,8893,52558,20207,2026-01-06,15,12,2026-01-18,,ELIGIBLE
FDX20253660958,CUST701334,Brock-Cochran,Small,2026-01-04,5437,31751,18252,2026-01-14,10,7,2026-01-21,,ELIGIBLE
FDX20253931227,CUST809489,Scott-Rodriguez,Mid,2025-12-21,59732,170287,94370,2026-01-05,15,12,2026-01-17,,ELIGIBLE
FDX20259446974,CUST669576,Torres-Gonzalez,Large,2025-12-01,50490,287993,194143,2025-12-26,25,20,2026-01-15,2026-01-05,RESOLVED_IN_GRACE
FDX20251536367,CUST498138,Newman-Hoover,Large,2025-12-07,10741,51226,13145,2026-01-01,25,20,2026-01-21,2026-01-16,RESOLVED_IN_GRACE
FDX20252068131,CUST513697,Delgado-King,Mid,2025-12-26,42032,208634,141837,2026-01-10,15,12,2026-01-22,,ELIGIBLE
FDX20256666248,CUST958130,"Roman, Hoffman and Soto",Small,2025-12-22,41993,223643,174442,2026-01-01,10,7,2026-01-08,,ELIGIBLE
FDX20258224612,CUST461899,Combs Ltd,Large,2025-12-01,58850,215614,101822,2025-12-26,25,20,2026-01-15,2025-12-28,RESOLVED_IN_GRACE
FDX20252912087,CUST910616,Mills-Holmes,Small,2026-01-04,5540,16060,10224,2026-01-14,10,7,2026-01-21,2026-01-15,RESOLVED_IN_GRACE
FDX20254803231,CUST943700,Garcia-Curry,Small,2025-12-24,19736,84688,28676,2026-01-03,10,7,2026-01-10,,IN_GRACE
FDX20253024809,CUST253591,Roberts-Mcpherson,Small,2026-01-01,18368,71626,19275,2026-01-11,10,7,2026-01-18,2026-01-17,RESOLVED_IN_GRACE
FDX20254759700,CUST404561,Green-Hall,Mega,2025-12-01,32674,110892,96681,2026-01-05,35,30,2026-02-04,2026-01-11,RESOLVED_IN_GRACE
FDX20259159855,CUST144109,Cox-Stewart,Small,2025-12-31,17667,90406,87562,2026-01-10,10,7,2026-01-17,2026-01-14,RESOLVED_IN_GRACE
FDX20255325537,CUST401602,Combs-Schneider,Small,2026-01-04,5938,26443,24904,2026-01-14,10,7,2026-01-21,,IN_GRACE
FDX20256709692,CUST848831,Mcdaniel-Hernandez,Mid,2025-12-28,25631,86314,59632,2026-01-12,15,12,2026-01-24,,ELIGIBLE
FDX20256959954,CUST182868,Bradshaw-Prince,Small,2025-12-24,47678,203620,119311,2026-01-03,10,7,2026-01-10,2026-01-07,RESOLVED_IN_GRACE
FDX20251783099,CUST463188,Yu-Brown,Mid,2025-12-12,22711,118451,114137,2025-12-27,15,12,2026-01-08,,ELIGIBLE
FDX20255487758,CUST563864,Vincent Ltd,Mid,2025-12-16,30127,103279,94323,2025-12-31,15,12,2026-01-12,,ELIGIBLE
FDX20253536352,CUST787836,Doyle-Butler,Small,2025-12-24,47527,278411,179606,2026-01-03,10,7,2026-01-10,,ELIGIBLE
FDX20259646766,CUST368900,Clark-Thomas,Mid,2025-12-16,12669,70537,27717,2025-12-31,15,12,2026-01-12,,ELIGIBLE
FDX20252747213,CUST883641,Gonzales-Smith,Mid,2025-12-19,3381,14022,8531,2026-01-03,15,12,2026-01-15,2026-01-11,RESOLVED_IN_GRACE
FDX20251845941,CUST602351,Kelley LLC,Large,2025-12-13,32817,157379,94319,2026-01-07,25,20,2026-01-27,2026-01-27,RESOLVED_IN_GRACE
FDX20258345513,CUST324381,Ellison-Smith,Mid,2025-12-20,43529,248975,98310,2026-01-04,15,12,2026-01-16,,ELIGIBLE
FDX20258669463,CUST311883,Sanchez-Pugh,Small,2026-01-07,27055,125777,84012,2026-01-17,10,7,2026-01-24,,ELIGIBLE
FDX20252861110,CUST968170,Bell-Lane,Mid,2026-01-01,2539,14031,7648,2026-01-16,15,12,2026-01-28,2026-01-28,RESOLVED_IN_GRACE
FDX20252776570,CUST664739,Ross-Jones,Mid,2025-12-24,42508,132407,47798,2026-01-08,15,12,2026-01-20,2026-01-14,RESOLVED_IN_GRACE
FDX20252709062,CUST384303,Sanford-Edwards,Mid,2025-12-24,39945,157119,119275,2026-01-08,15,12,2026-01-20,,ELIGIBLE
FDX20251704130,CUST689318,"Gilbert, Tapia and Stewart",Small,2026-01-01,19364,61959,40103,2026-01-11,10,7,2026-01-18,2026-01-12,RESOLVED_IN_GRACE
FDX20259511177,CUST829988,Boyd LLC,Small,2025-12-31,52085,203806,112348,2026-01-10,10,7,2026-01-17,,ELIGIBLE
FDX20252768504,CUST384815,Mosley-Woods,Mid,2025-12-25,38842,111699,69825,2026-01-09,15,12,2026-01-21,,ELIGIBLE
FDX20253802571,CUST243941,Evans-Smith,Small,2026-01-04,23847,116456,27178,2026-01-14,10,7,2026-01-21,,ELIGIBLE
FDX20252980707,CUST214532,Wilcox PLC,Mid,2025-12-12,58815,181998,128380,2025-12-27,15,12,2026-01-08,,ELIGIBLE
FDX20254445809,CUST745584,Hoover and Sons,Small,2026-01-11,24802,134296,107727,2026-01-21,10,7,2026-01-28,,ELIGIBLE
FDX20257067286,CUST876880,Douglas-Fisher,Small,2025-12-22,28357,152021,111289,2026-01-01,10,7,2026-01-08,2026-01-05,RESOLVED_IN_GRACE
FDX20253634568,CUST715336,Klein-Graham,Mid,2025-12-30,29387,167404,33339,2026-01-14,15,12,2026-01-26,,IN_GRACE
FDX20255901010,CUST350905,"Mcgee, Williams and Wheeler",Mid,2025-12-25,57506,305613,167382,2026-01-09,15,12,2026-01-21,,ELIGIBLE
FDX20258407441,CUST354235,Johnson-Green,Small,2025-12-24,15359,61808,35495,2026-01-03,10,7,2026-01-10,2026-01-09,RESOLVED_IN_GRACE
FDX20259487536,CUST153231,"Dorsey, Mitchell and Graham",Large,2025-12-01,32171,131911,34411,2025-12-26,25,20,2026-01-15,2026-01-11,RESOLVED_IN_GRACE
FDX20259361613,CUST802371,Williams-Campbell,Large,2025-12-07,22907,68000,34140,2026-01-01,25,20,2026-01-21,2026-01-04,RESOLVED_IN_GRACE
FDX20252665880,CUST656837,Carson-Walker,Small,2026-01-07,5231,15980,13429,2026-01-17,10,7,2026-01-24,2026-01-20,RESOLVED_IN_GRACE
FDX20253588652,CUST336633,Hall-Barrett,Small,2025-12-31,9988,50491,20814,2026-01-10,10,7,2026-01-17,,ELIGIBLE
FDX20257102492,CUST768933,Rhodes-Kline,Mid,2025-12-12,44969,148277,94735,2025-12-27,15,12,2026-01-08,,ELIGIBLE
FDX20256613782,CUST344146,Newman-Carlson,Large,2025-12-14,21868,92118,35471,2026-01-08,25,20,2026-01-28,,IN_GRACE
FDX20253311438,CUST155040,Ramos-Solis,Small,2026-01-04,35997,93051,87446,2026-01-14,10,7,2026-01-21,2026-01-16,RESOLVED_IN_GRACE
FDX20253063320,CUST205065,Harris-Snyder,Small,2025-12-29,57507,216491,148007,2026-01-08,10,7,2026-01-15,,ELIGIBLE
FDX20254387157,CUST533377,"Waller, Cobb and Jordan",Small,2025-12-22,39669,176083,55629,2026-01-01,10,7,2026-01-08,,ELIGIBLE
FDX20258367017,CUST446337,Flores-Dunlap,Small,2026-01-07,34380,131699,113880,2026-01-17,10,7,2026-01-24,,ELIGIBLE
FDX20257975124,CUST852204,Anderson-Richardson,Small,2025-12-29,42997,168868,85156,2026-01-08,10,7,2026-01-15,2026-01-12,RESOLVED_IN_GRACE
FDX20251110521,CUST595351,"Shields, Gonzalez and Hill",Small,2025-12-22,25977,96452,70065,2026-01-01,10,7,2026-01-08,,ELIGIBLE
FDX20255115720,CUST205428,Moreno-Carter,Mid,2025-12-19,11820,47665,27822,2026-01-03,15,12,2026-01-15,,ELIGIBLE
FDX20258946752,CUST814281,Logan-Dennis,Small,2025-12-30,32343,182160,151135,2026-01-09,10,7,2026-01-16,,ELIGIBLE
FDX20256726400,CUST908206,Conway-Butler,Small,2025-12-22,51555,283738,138285,2026-01-01,10,7,2026-01-08,,IN_GRACE
FDX20255811005,CUST244144,"Reese, Jones and Lutz",Large,2025-12-13,3994,23468,18649,2026-01-07,25,20,2026-01-27,,ELIGIBLE
FDX20259472875,CUST105433,Shea PLC,Small,2026-01-13,48865,231569,227595,2026-01-23,10,7,2026-01-30,2026-01-26,RESOLVED_IN_GRACE
FDX20253873296,CUST677086,Johnson-Pham,Small,2025-12-26,52188,215075,172445,2026-01-05,10,7,2026-01-12,2026-01-07,RESOLVED_IN_GRACE
FDX20252429986,CUST265613,Rivera-Lee,Large,2025-12-02,33340,198101,99402,2025-12-27,25,20,2026-01-16,,ELIGIBLE
FDX20255463001,CUST526673,Wheeler Inc,Mid,2025-12-20,38208,187957,78764,2026-01-04,15,12,2026-01-16,,ELIGIBLE
FDX20257248445,CUST784607,King-Jacobs,Large,2025-12-01,23143,67824,34314,2025-12-26,25,20,2026-01-15,2026-01-01,RESOLVED_IN_GRACE
FDX20257962689,CUST598807,Lewis-Henderson,Mid,2025-12-14,23189,130167,61257,2025-12-29,15,12,2026-01-10,2026-01-05,RESOLVED_IN_GRACE
FDX20257050592,CUST600641,Lambert-Alvarado,Small,2026-01-09,31513,182736,44981,2026-01-19,10,7,2026-01-26,,ELIGIBLE
FDX20255117989,CUST782139,Buchanan-Russell,Small,2026-01-03,6893,38848,23007,2026-01-13,10,7,2026-01-20,2026-01-20,RESOLVED_IN_GRACE
FDX20253543614,CUST309144,Martin-Hogan,Mega,2025-12-01,22774,79203,78617,2026-01-05,35,30,2026-02-04,,IN_GRACE
FDX20259886057,CUST892630,Roman Group,Mid,2025-12-16,11841,61078,50440,2025-12-31,15,12,2026-01-12,2026-01-11,RESOLVED_IN_GRACE
FDX20258075324,CUST401198,Cook-Hebert,Small,2025-12-30,12979,73155,30919,2026-01-09,10,7,2026-01-16,,ELIGIBLE
FDX20254828258,CUST436768,Nelson-Church,Small,2026-01-01,38371,208152,124290,2026-01-11,10,7,2026-01-18,,ELIGIBLE
FDX20253315160,CUST399279,Cole-Harper,Small,2026-01-05,58999,189992,86396,2026-01-15,10,7,2026-01-22,,ELIGIBLE
FDX20258194453,CUST777273,Chandler-Flores,Small,2025-12-26,53046,296238,157224,2026-01-05,10,7,2026-01-12,,IN_GRACE
FDX20257935859,CUST162036,Payne-George,Small,2026-01-01,34028,118466,110679,2026-01-11,10,7,2026-01-18,2026-01-16,RESOLVED_IN_GRACE
FDX20257867070,CUST906066,Kirk-Craig,Small,2026-01-10,41906,118589,60545,2026-01-20,10,7,2026-01-27,,ELIGIBLE
FDX20258696599,CUST193806,Wheeler-Martinez,Mid,2025-12-16,5446,20957,16337,2025-12-31,15,12,2026-01-12,,IN_GRACE
FDX20259659648,CUST783984,Jones-Castro,Mega,2025-12-01,35382,132943,70667,2026-01-05,35,30,2026-02-04,,ELIGIBLE
FDX20257069566,CUST702022,White-Rojas,Small,2026-01-11,3993,17152,4008,2026-01-21,10,7,2026-01-28,2026-01-22,RESOLVED_IN_GRACE
FDX20251499339,CUST343500,Williams-Jacobs,Small,2025-12-26,38217,164283,137780,2026-01-05,10,7,2026-01-12,,ELIGIBLE
FDX20258425238,CUST661147,Thompson-Mooney,Small,2026-01-03,7377,29664,26066,2026-01-13,10,7,2026-01-20,2026-01-19,RESOLVED_IN_GRACE
FDX20253442499,CUST874568,Golden-Peterson,Mid,2025-12-20,6883,21430,11517,2026-01-04,15,12,2026-01-16,,IN_GRACE
FDX20251166911,CUST858243,Wilson-Perez,Small,2025-12-22,10904,54447,47881,2026-01-01,10,7,2026-01-08,,ELIGIBLE
FDX20259679670,CUST991638,Gardner-Simon,Small,2026-01-09,49983,208811,173134,2026-01-19,10,7,2026-01-26,,ELIGIBLE
FDX20252167378,CUST139110,Hill-Barry,Mid,2025-12-12,59757,233320,117789,2025-12-27,15,12,2026-01-08,2026-01-08,RESOLVED_IN_GRACE
FDX20252422342,CUST283568,Anderson-Barron,Small,2026-01-09,37109,137429,46177,2026-01-19,10,7,2026-01-26,2026-01-25,RESOLVED_IN_GRACE
FDX20256675793,CUST538184,"Hull, Benson and Chen",Small,2025-12-30,14719,81080,77905,2026-01-09,10,7,2026-01-16,,ELIGIBLE
FDX20256281544,CUST978292,"Pineda, Pacheco and Walker",Mid,2025-12-31,26083,97667,69822,2026-01-15,15,12,2026-01-27,,ELIGIBLE
FDX20257738583,CUST284327,Mendez-Farley,Small,2025-12-27,12052,70436,30685,2026-01-06,10,7,2026-01-13,,ELIGIBLE
FDX20253756910,CUST138105,"Trevino, Barrett and Murphy",Small,2025-12-30,28843,81324,49309,2026-01-09,10,7,2026-01-16,,ELIGIBLE
FDX20258282524,CUST976822,Duncan-Hall,Mega,2025-12-01,10074,53652,21056,2026-01-05,35,30,2026-02-04,,ELIGIBLE
FDX20252031267,CUST516278,Cox-Lynch,Mid,2026-01-03,2926,11757,3901,2026-01-18,15,12,2026-01-30,2026-01-27,RESOLVED_IN_GRACE
FDX20257597913,CUST926236,Braun-Robinson,Small,2026-01-11,24710,80221,26179,2026-01-21,10,7,2026-01-28,,ELIGIBLE
FDX20251622329,CUST619447,Bernard-Garrison,Small,2026-01-07,27574,101187,54377,2026-01-17,10,7,2026-01-24,,ELIGIBLE
FDX20253532555,CUST295361,Fritz Ltd,Small,2026-01-10,18766,100342,28757,2026-01-20,10,7,2026-01-27,,ELIGIBLE
FDX20251969887,CUST885386,Walker-Myers,Mid,2025-12-30,6018,32320,25640,2026-01-14,15,12,2026-01-26,,ELIGIBLE
FDX20259720433,CUST403528,Nguyen-Woods,Mid,2026-01-01,34148,154258,99163,2026-01-16,15,12,2026-01-28,,IN_GRACE
FDX20255961432,CUST139286,Summers-Wood,Large,2025-12-06,13876,64104,23308,2025-12-31,25,20,2026-01-20,2026-01-17,RESOLVED_IN_GRACE
FDX20258034775,CUST109717,Caldwell-Santos,Small,2025-12-26,13267,75811,38327,2026-01-05,10,7,2026-01-12,,ELIGIBLE
FDX20257744488,CUST412886,Solis Ltd,Small,2026-01-11,24393,140048,133231,2026-01-21,10,7,2026-01-28,2026-01-23,RESOLVED_IN_GRACE
FDX20256105693,CUST695551,Bradley-Sloan,Small,2026-01-05,44688,169001,135329,2026-01-15,10,7,2026-01-22,,ELIGIBLE
FDX20256262932,CUST732063,Russell-Davidson,Mid,2025-12-20,34765,92294,53564,2026-01-04,15,12,2026-01-16,,ELIGIBLE
FDX20256774002,CUST212512,White-Peters,Mid,2025-12-17,8211,43854,12533,2026-01-01,15,12,2026-01-13,,ELIGIBLE
FDX20251132577,CUST451317,Howard-Schneider,Small,2025-12-31,33020,93694,85740,2026-01-10,10,7,2026-01-17,2026-01-17,RESOLVED_IN_GRACE
FDX20255693941,CUST398384,Burgess Inc,Mega,2025-12-01,26704,73086,42774,2026-01-05,35,30,2026-02-04,2026-01-12,RESOLVED_IN_GRACE
FDX20259854875,CUST576419,Guzman-Mcneil,Small,2025-12-22,55781,332910,177104,2026-01-01,10,7,2026-01-08,,ELIGIBLE
FDX20253463932,CUST772464,Bauer LLC,Mid,2025-12-19,5507,30301,17752,2026-01-03,15,12,2026-01-15,2026-01-08,RESOLVED_IN_GRACE
FDX20257776956,CUST669691,Evans-Garcia,Small,2025-12-22,19939,61228,54616,2026-01-01,10,7,2026-01-08,,ELIGIBLE
FDX20258485810,CUST649787,Horton PLC,Small,2025-12-26,44105,189262,109588,2026-01-05,10,7,2026-01-12,,ELIGIBLE
FDX20254441570,CUST617904,Sullivan-Robinson,Mid,2025-12-28,29001,158051,134427,2026-01-12,15,12,2026-01-24,,IN_GRACE
FDX20258417942,CUST240718,Hampton-Hudson,Mid,2026-01-01,58189,258163,72402,2026-01-16,15,12,2026-01-28,,ELIGIBLE
FDX20256792344,CUST992400,Lawrence-Kelly,Mega,2025-12-01,45079,160075,133812,2026-01-05,35,30,2026-02-04,,ELIGIBLE
FDX20257786479,CUST628705,Oconnell-Reed,Large,2025-12-01,2541,9615,3255,2025-12-26,25,20,2026-01-15,,ELIGIBLE
FDX20254310073,CUST590755,Fisher-Nicholson,Small,2025-12-29,16082,71087,52344,2026-01-08,10,7,2026-01-15,,ELIGIBLE
FDX20256058857,CUST386090,"Moses, Kim and Dixon",Small,2025-12-31,36908,98598,84825,2026-01-10,10,7,2026-01-17,,ELIGIBLE
FDX20252413999,CUST302177,Wright-Stewart,Small,2025-12-22,11877,34070,12906,2026-01-01,10,7,2026-01-08,,ELIGIBLE
FDX20251620256,CUST948102,White-Taylor,Small,2026-01-04,39533,161823,161403,2026-01-14,10,7,2026-01-21,,ELIGIBLE
FDX20256611860,CUST218118,Barry-Peterson,Mid,2026-01-01,28730,135463,123739,2026-01-16,15,12,2026-01-28,,ELIGIBLE
FDX20257543005,CUST446747,Smith-Andrews,Large,2025-12-04,48895,230553,179618,2025-12-29,25,20,2026-01-18,2026-01-13,RESOLVED_IN_GRACE
FDX20253114023,CUST270387,Houston Inc,Large,2025-12-08,52822,253631,172076,2026-01-02,25,20,2026-01-22,,IN_GRACE
FDX20259732032,CUST866634,Pollard Group,Small,2026-01-05,17239,99019,71769,2026-01-15,10,7,2026-01-22,,ELIGIBLE
FDX20255763519,CUST581206,Douglas-Green,Small,2026-01-01,23917,119579,73393,2026-01-11,10,7,2026-01-18,,ELIGIBLE
FDX20254585870,CUST779776,Meyer Ltd,Mid,2025-12-19,21891,101530,67581,2026-01-03,15,12,2026-01-15,2026-01-08,RESOLVED_IN_GRACE
FDX20252557253,CUST369761,Hill-Suarez,Small,2025-12-24,23180,138884,30804,2026-01-03,10,7,2026-01-10,2026-01-05,RESOLVED_IN_GRACE
FDX20259584425,CUST853504,Blanchard-Mccoy,Large,2025-12-04,17896,103690,83990,2025-12-29,25,20,2026-01-18,,ELIGIBLE
FDX20256238726,CUST295243,Brandt Group,Large,2025-12-03,8763,42006,30443,2025-12-28,25,20,2026-01-17,2026-01-06,RESOLVED_IN_GRACE
FDX20259746564,CUST114768,Stewart-Barrett,Small,2026-01-04,14741,60328,22018,2026-01-14,10,7,2026-01-21,,ELIGIBLE
FDX20256716146,CUST872399,Lopez-Rogers,Small,2026-01-03,8569,50970,11880,2026-01-13,10,7,2026-01-20,,ELIGIBLE
FDX20253684813,CUST453487,Roth-Armstrong,Large,2025-12-01,10656,51662,51567,2025-12-26,25,20,2026-01-15,,ELIGIBLE
FDX20251392951,CUST929179,Brown-Robertson,Small,2026-01-01,14890,74855,35542,2026-01-11,10,7,2026-01-18,2026-01-14,RESOLVED_IN_GRACE
FDX20251467937,CUST409355,Tran-Rodriguez,Small,2025-12-29,14962,52808,18193,2026-01-08,10,7,2026-01-15,,IN_GRACE
FDX20255340101,CUST695361,Powell-Martin,Small,2025-12-22,36716,172827,72182,2026-01-01,10,7,2026-01-08,,ELIGIBLE
FDX20255049009,CUST807160,Jones-Velez,Large,2025-12-12,14092,80525,46793,2026-01-06,25,20,2026-01-26,,ELIGIBLE
FDX20256099302,CUST894068,Hardy and Sons,Large,2025-12-01,13859,77428,75868,2025-12-26,25,20,2026-01-15,,ELIGIBLE
FDX20258092498,CUST302544,Thompson-Levine,Mid,2025-12-14,59091,169287,86062,2025-12-29,15,12,2026-01-10,,ELIGIBLE
FDX20259477100,CUST284019,Hall-Cross,Small,2026-01-07,25435,152547,123110,2026-01-17,10,7,2026-01-24,2026-01-18,RESOLVED_IN_GRACE
FDX20252852907,CUST740632,Boyd-Martin,Mid,2026-01-01,21903,122917,63177,2026-01-16,15,12,2026-01-28,,IN_GRACE
FDX20252005722,CUST997734,Walker-Wallace,Small,2025-12-30,23543,62591,53985,2026-01-09,10,7,2026-01-16,2026-01-10,RESOLVED_IN_GRACE
FDX20257257547,CUST769752,Smith-Sanchez,Mid,2025-12-20,10888,51895,27298,2026-01-04,15,12,2026-01-16,,ELIGIBLE
FDX20255357990,CUST525187,Leach-Rogers,Small,2025-12-27,2637,13672,4908,2026-01-06,10,7,2026-01-13,,ELIGIBLE
FDX20259514426,CUST967161,Baker-Garrett,Large,2025-12-01,53947,245645,57670,2025-12-26,25,20,2026-01-15,,ELIGIBLE
FDX20256947075,CUST548479,Johnson-Cain,Small,2025-12-27,26764,124583,63653,2026-01-06,10,7,2026-01-13,2026-01-12,RESOLVED_IN_GRACE
FDX20253077237,CUST640310,Nelson-Lee,Small,2025-12-24,8454,31615,29171,2026-01-03,10,7,2026-01-10,,ELIGIBLE
FDX20251800824,CUST443856,Morgan-Collins,Mid,2025-12-25,9580,43411,29614,2026-01-09,15,12,2026-01-21,,IN_GRACE
FDX20253092954,CUST190951,Roberts-Davila,Small,2026-01-04,54909,270190,180085,2026-01-14,10,7,2026-01-21,,IN_GRACE
FDX20258528555,CUST520304,Lam-Young,Small,2025-12-26,30137,95944,44209,2026-01-05,10,7,2026-01-12,2026-01-09,RESOLVED_IN_GRACE
FDX20255998957,CUST801765,Daniel-Reid,Small,2026-01-04,20220,82621,68373,2026-01-14,10,7,2026-01-21,,ELIGIBLE
FDX20251087466,CUST200018,Moore-Hughes,Small,2025-12-27,18210,88837,36010,2026-01-06,10,7,2026-01-13,,ELIGIBLE
FDX20258602547,CUST293757,Herring-Reed,Small,2026-01-13,31198,169386,150109,2026-01-23,10,7,2026-01-30,,IN_GRACE
FDX20256687145,CUST247442,Myers-Lawson,Large,2025-12-13,17834,48158,23544,2026-01-07,25,20,2026-01-27,,ELIGIBLE
FDX20254961055,CUST600646,Cabrera-Cain,Mid,2025-12-12,39716,173181,53787,2025-12-27,15,12,2026-01-08,,ELIGIBLE
FDX20259947098,CUST439320,Smith-Thompson,Small,2026-01-03,30124,149599,73009,2026-01-13,10,7,2026-01-20,,IN_GRACE
FDX20254923148,CUST360096,Dominguez-Mason,Small,2026-01-13,55570,264226,99839,2026-01-23,10,7,2026-01-30,2026-01-26,RESOLVED_IN_GRACE
FDX20256877681,CUST107161,Richardson-Phillips,Small,2026-01-05,12492,74922,14692,2026-01-15,10,7,2026-01-22,,IN_GRACE
FDX20256019770,CUST373453,Hunter-Berry,Small,2026-01-04,11833,44582,36098,2026-01-14,10,7,2026-01-21,2026-01-21,RESOLVED_IN_GRACE
FDX20255773713,CUST502206,Williams-Hutchinson,Small,2025-12-27,52289,225414,185260,2026-01-06,10,7,2026-01-13,,ELIGIBLE
FDX20253348331,CUST346961,Martin-Waters,Mid,2025-12-17,42132,159395,101632,2026-01-01,15,12,2026-01-13,,ELIGIBLE
FDX20257336179,CUST568436,Proctor PLC,Large,2025-12-02,31783,180174,61053,2025-12-27,25,20,2026-01-16,2026-01-02,RESOLVED_IN_GRACE
FDX20259718559,CUST890371,Smith-Jones,Small,2026-01-01,26026,136656,49715,2026-01-11,10,7,2026-01-18,,ELIGIBLE
FDX20255154597,CUST379963,Hayes-Salazar,Large,2025-12-06,36693,126396,106255,2025-12-31,25,20,2026-01-20,,ELIGIBLE
FDX20252765414,CUST445637,Nguyen-Wilkinson,Mega,2025-12-01,51734,275962,209698,2026-01-05,35,30,2026-02-04,2026-02-03,RESOLVED_IN_GRACE
FDX20256500359,CUST416613,Esparza-Jimenez,Mid,2025-12-16,7046,37005,28997,2025-12-31,15,12,2026-01-12,,ELIGIBLE
FDX20259664623,CUST710754,Lee-Morales,Mid,2026-01-03,59849,337926,217217,2026-01-18,15,12,2026-01-30,,IN_GRACE
FDX20254230541,CUST857997,Stewart-Ray,Mid,2025-12-20,55904,297924,149813,2026-01-04,15,12,2026-01-16,2026-01-06,RESOLVED_IN_GRACE
FDX20257061063,CUST700705,Compton-Wagner,Small,2026-01-03,26671,155635,121728,2026-01-13,10,7,2026-01-20,2026-01-16,RESOLVED_IN_GRACE
FDX20258622050,CUST111991,Wright-Payne,Mid,2025-12-12,42456,123761,118999,2025-12-27,15,12,2026-01-08,2026-01-01,RESOLVED_IN_GRACE
FDX20252643963,CUST374258,"Oconnor, Smith and Diaz",Small,2026-01-05,22049,106709,60480,2026-01-15,10,7,2026-01-22,,ELIGIBLE
FDX20253458755,CUST785436,"Simpson, Gould and Henderson",Mid,2025-12-24,21064,109356,54018,2026-01-08,15,12,2026-01-20,,ELIGIBLE
FDX20258141928,CUST477017,Chavez-Edwards,Small,2026-01-01,51795,213747,89643,2026-01-11,10,7,2026-01-18,,ELIGIBLE
FDX20257913101,CUST826420,Thomas-Black,Small,2026-01-10,17114,96830,93683,2026-01-20,10,7,2026-01-27,,IN_GRACE
FDX20252374845,CUST347781,"Melton, Lutz and Elliott",Small,2026-01-10,1886,4962,2942,2026-01-20,10,7,2026-01-27,2026-01-21,RESOLVED_IN_GRACE
FDX20252547674,CUST165142,"Shaffer, Smith and Watts",Small,2025-12-26,25774,86700,45641,2026-01-05,10,7,2026-01-12,2026-01-12,RESOLVED_IN_GRACE
FDX20252043436,CUST800224,Garcia-White,Small,2026-01-05,11737,63834,36357,2026-01-15,10,7,2026-01-22,,ELIGIBLE
FDX20258128416,CUST223967,Jackson-Powell,Small,2025-12-27,33974,155496,81877,2026-01-06,10,7,2026-01-13,,IN_GRACE
FDX20253182100,CUST588002,Smith-Johnson,Small,2025-12-26,23142,91363,87853,2026-01-05,10,7,2026-01-12,,ELIGIBLE
FDX20258990200,CUST421709,Brewer-Villanueva,Small,2026-01-04,59865,152109,68925,2026-01-14,10,7,2026-01-21,2026-01-19,RESOLVED_IN_GRACE
FDX20254603484,CUST267475,Cooper-Lopez,Large,2025-12-07,40030,223263,167974,2026-01-01,25,20,2026-01-21,,ELIGIBLE
FDX20258485391,CUST525110,"Braun, Lewis and King",Small,2025-12-31,40763,192779,52573,2026-01-10,10,7,2026-01-17,,ELIGIBLE
FDX20252309842,CUST819400,Krueger Ltd,Small,2026-01-13,9687,43960,34312,2026-01-23,10,7,2026-01-30,,ELIGIBLE
FDX20257195728,CUST626930,"Benitez, Brown and Conner",Small,2025-12-30,31084,83410,80144,2026-01-09,10,7,2026-01-16,,ELIGIBLE
FDX20259829103,CUST837733,Henry-Rogers,Mid,2025-12-31,41874,164587,97385,2026-01-15,15,12,2026-01-27,,ELIGIBLE
FDX20257757085,CUST907236,Dunn-Zavala,Mid,2025-12-26,33618,102821,78669,2026-01-10,15,12,2026-01-22,,IN_GRACE
FDX20259706452,CUST426084,Matthews-Pugh,Mid,2025-12-14,4413,23203,8613,2025-12-29,15,12,2026-01-10,,ELIGIBLE
FDX20257623350,CUST823821,Frazier-Campbell,Small,2026-01-01,34497,177688,41800,2026-01-11,10,7,2026-01-18,,IN_GRACE
FDX20255424046,CUST223119,"Holt, Ross and Harris",Small,2025-12-26,5254,23279,7767,2026-01-05,10,7,2026-01-12,2026-01-09,RESOLVED_IN_GRACE
FDX20259368933,CUST769737,Hester-Robertson,Small,2025-12-27,33190,176178,41697,2026-01-06,10,7,2026-01-13,2026-01-13,RESOLVED_IN_GRACE
FDX20258103845,CUST409369,Whitney and Sons,Small,2025-12-30,43131,237663,106389,2026-01-09,10,7,2026-01-16,,ELIGIBLE
FDX20258383316,CUST485397,Mcbride-Palmer,Small,2025-12-24,19184,103450,24806,2026-01-03,10,7,2026-01-10,,IN_GRACE
FDX20259213136,CUST744481,Miller-Franklin,Mid,2025-12-12,45600,179061,73346,2025-12-27,15,12,2026-01-08,,ELIGIBLE
FDX20257994796,CUST331577,Strong-Reid,Small,2025-12-26,28606,84326,43126,2026-01-05,10,7,2026-01-12,2026-01-11,RESOLVED_IN_GRACE
FDX20253732048,CUST329772,Miller-Garcia,Mid,2025-12-22,21034,54233,52971,2026-01-06,15,12,2026-01-18,2026-01-16,RESOLVED_IN_GRACE
FDX20253421727,CUST240057,Robinson-Davis,Mid,2025-12-19,42006,138439,131820,2026-01-03,15,12,2026-01-15,,ELIGIBLE
FDX20259485679,CUST601410,Russell-Waller,Small,2025-12-26,50373,148948,100880,2026-01-05,10,7,2026-01-12,,ELIGIBLE
FDX20253132786,CUST260626,Johnston-Wilkinson,Mid,2025-12-30,59515,219092,151278,2026-01-14,15,12,2026-01-26,,ELIGIBLE
FDX20259132997,CUST577079,"Conley, Jordan and Bryant",Small,2025-12-24,33051,125043,56314,2026-01-03,10,7,2026-01-10,,ELIGIBLE
FDX20258679146,CUST884056,"Santos, Powell and Wagner",Small,2025-12-27,33468,128930,71292,2026-01-06,10,7,2026-01-13,,ELIGIBLE
FDX20253170723,CUST735163,Miller-Ryan,Small,2026-01-09,43940,156821,137991,2026-01-19,10,7,2026-01-26,,ELIGIBLE
FDX20259609823,CUST491774,Graham-Hill,Small,2026-01-05,34453,179406,87201,2026-01-15,10,7,2026-01-22,2026-01-22,RESOLVED_IN_GRACE
FDX20259877514,CUST536045,Whitney-Alexander,Large,2025-12-03,9724,50499,41829,2025-12-28,25,20,2026-01-17,2026-01-14,RESOLVED_IN_GRACE
FDX20252980687,CUST836038,Gilbert-Wagner,Small,2025-12-24,23680,71037,46949,2026-01-03,10,7,2026-01-10,,ELIGIBLE
FDX20254567549,CUST675914,Green Inc,Small,2026-01-13,46068,128861,101498,2026-01-23,10,7,2026-01-30,2026-01-27,RESOLVED_IN_GRACE
FDX20258640887,CUST593699,"Cisneros, Williams and Greer",Small,2026-01-03,35648,211742,168840,2026-01-13,10,7,2026-01-20,,IN_GRACE
FDX20258941588,CUST894139,Jones-Weber,Small,2025-12-27,6103,26644,17852,2026-01-06,10,7,2026-01-13,2026-01-12,RESOLVED_IN_GRACE
FDX20251547061,CUST663628,Newman-Barnett,Large,2025-12-14,32177,94835,77565,2026-01-08,25,20,2026-01-28,,ELIGIBLE
FDX20253631333,CUST940952,"Roberts, Davila and Vasquez",Mid,2026-01-03,22805,104827,77315,2026-01-18,15,12,2026-01-30,,IN_GRACE
FDX20257196363,CUST796353,Robinson-Hebert,Mid,2025-12-12,45890,223881,67110,2025-12-27,15,12,2026-01-08,,ELIGIBLE
FDX20252992563,CUST965708,Olson-Sims,Mid,2025-12-30,57835,255046,166515,2026-01-14,15,12,2026-01-26,2026-01-23,RESOLVED_IN_GRACE
FDX20257855503,CUST329021,Cook-Davis,Large,2025-12-16,39659,178187,50970,2026-01-10,25,20,2026-01-30,,IN_GRACE
FDX20252851133,CUST898867,Reyes-Cuevas,Large,2025-12-02,38571,159214,93696,2025-12-27,25,20,2026-01-16,,ELIGIBLE
FDX20253027802,CUST359486,Carlson Inc,Mid,2025-12-25,50407,188665,152121,2026-01-09,15,12,2026-01-21,,ELIGIBLE
FDX20257200623,CUST813390,Stevenson-Williams,Small,2025-12-22,17941,71546,59833,2026-01-01,10,7,2026-01-08,2026-01-02,RESOLVED_IN_GRACE
FDX20255858523,CUST891401,Bradley-Fowler,Small,2025-12-30,23889,134259,72450,2026-01-09,10,7,2026-01-16,2026-01-12,RESOLVED_IN_GRACE
FDX20251675822,CUST724756,Baker-Phillips,Small,2025-12-30,9326,46108,36413,2026-01-09,10,7,2026-01-16,,ELIGIBLE
FDX20259770751,CUST925618,Blankenship-Davidson,Small,2026-01-04,9139,51146,13841,2026-01-14,10,7,2026-01-21,,ELIGIBLE
FDX20253572022,CUST185847,Gibson-Townsend,Small,2026-01-09,15857,53211,37760,2026-01-19,10,7,2026-01-26,2026-01-23,RESOLVED_IN_GRACE
FDX20252975386,CUST651033,"Salinas, Long and Garrett",Mega,2025-12-01,13812,46809,22443,2026-01-05,35,30,2026-02-04,,ELIGIBLE
FDX20257232188,CUST568449,Jackson-Moody,Mid,2026-01-03,18591,105872,67277,2026-01-18,15,12,2026-01-30,,ELIGIBLE
FDX20256115785,CUST653829,Nichols Ltd,Small,2026-01-11,6391,32713,11260,2026-01-21,10,7,2026-01-28,,IN_GRACE
FDX20257282392,CUST837952,Howard-Lin,Mid,2026-01-01,25957,116655,105516,2026-01-16,15,12,2026-01-28,,ELIGIBLE
FDX20256087859,CUST479358,Crawford-Dyer,Small,2025-12-31,27982,78786,66874,2026-01-10,10,7,2026-01-17,2026-01-12,RESOLVED_IN_GRACE
FDX20255932187,CUST181896,"Durham, Chapman and Norris",Mid,2025-12-14,6842,21866,17348,2025-12-29,15,12,2026-01-10,2026-01-10,RESOLVED_IN_GRACE
FDX20259152477,CUST691573,Green-Larsen,Mid,2025-12-20,29657,148526,88776,2026-01-04,15,12,2026-01-16,,ELIGIBLE
FDX20251469389,CUST217659,Hooper PLC,Mid,2025-12-22,56921,336046,220441,2026-01-06,15,12,2026-01-18,,ELIGIBLE
FDX20253396950,CUST164758,Diaz-Navarro,Mid,2025-12-28,38071,196845,190044,2026-01-12,15,12,2026-01-24,,ELIGIBLE
FDX20253384710,CUST969032,Brock Inc,Small,2026-01-11,33356,155931,73224,2026-01-21,10,7,2026-01-28,,IN_GRACE
FDX20258075907,CUST674251,Tucker Inc,Small,2026-01-10,35945,153003,110796,2026-01-20,10,7,2026-01-27,,ELIGIBLE
FDX20251816229,CUST630041,Hogan-Carr,Mid,2026-01-03,50892,260259,215380,2026-01-18,15,12,2026-01-30,2026-01-28,RESOLVED_IN_GRACE
FDX20256119801,CUST311976,Padilla-Lee,Small,2026-01-03,28261,167583,80217,2026-01-13,10,7,2026-01-20,,ELIGIBLE
FDX20255756043,CUST700521,Clark-Becker,Mid,2025-12-19,7088,36451,21009,2026-01-03,15,12,2026-01-15,,ELIGIBLE
FDX20254616856,CUST662728,Dorsey-Thomas,Small,2026-01-10,16210,44355,27597,2026-01-20,10,7,2026-01-27,,ELIGIBLE
FDX20254071524,CUST257131,Diaz-Adams,Small,2026-01-03,12119,62715,53208,2026-01-13,10,7,2026-01-20,2026-01-14,RESOLVED_IN_GRACE
FDX20259200596,CUST272529,Pearson-Whitney,Small,2025-12-29,18530,92765,45382,2026-01-08,10,7,2026-01-15,,ELIGIBLE
FDX20251034993,CUST444056,Haynes-Sellers,Large,2025-12-16,26972,142233,141667,2026-01-10,25,20,2026-01-30,2026-01-16,RESOLVED_IN_GRACE
FDX20253052321,CUST995993,Reed-Turner,Mid,2025-12-17,13324,56086,50246,2026-01-01,15,12,2026-01-13,2026-01-13,RESOLVED_IN_GRACE
FDX20256849358,CUST645617,Yoder Ltd,Large,2025-12-10,6649,30448,14855,2026-01-04,25,20,2026-01-24,,ELIGIBLE
FDX20252133544,CUST563303,"Mcdaniel, Hensley and Knox",Small,2025-12-29,10225,40966,10366,2026-01-08,10,7,2026-01-15,2026-01-09,RESOLVED_IN_GRACE
FDX20251749647,CUST221886,"Maynard, Kelley and Brewer",Small,2026-01-05,10291,57359,28743,2026-01-15,10,7,2026-01-22,,ELIGIBLE
FDX20258005748,CUST813341,Wright-Douglas,Small,2025-12-22,28066,147026,122239,2026-01-01,10,7,2026-01-08,2026-01-08,RESOLVED_IN_GRACE
FDX20259072800,CUST315379,Mosley-Kelly,Large,2025-12-01,2154,6291,6150,2025-12-26,25,20,2026-01-15,,ELIGIBLE
FDX20256195935,CUST851742,Gray-Jenkins,Small,2025-12-27,27088,94432,41233,2026-01-06,10,7,2026-01-13,2026-01-13,RESOLVED_IN_GRACE
FDX20258589583,CUST711474,Ortega-May,Mid,2025-12-21,41210,126742,116008,2026-01-05,15,12,2026-01-17,,ELIGIBLE
FDX20256667733,CUST612573,Saunders and Sons,Small,2026-01-11,55599,270700,167075,2026-01-21,10,7,2026-01-28,,ELIGIBLE
FDX20257330138,CUST195359,Garcia-Jimenez,Mid,2025-12-24,17472,74265,62178,2026-01-08,15,12,2026-01-20,,IN_GRACE
FDX20258972995,CUST635167,Ramirez-Martin,Small,2026-01-07,44202,114956,112905,2026-01-17,10,7,2026-01-24,,ELIGIBLE
FDX20253228175,CUST567122,Oliver-Thompson,Small,2026-01-09,25277,150663,70614,2026-01-19,10,7,2026-01-26,2026-01-21,RESOLVED_IN_GRACE
FDX20253324018,CUST947975,Thornton-Ortiz,Mid,2025-12-20,54735,238629,55896,2026-01-04,15,12,2026-01-16,,ELIGIBLE
FDX20259468532,CUST158338,"Leach, Smith and Cameron",Mid,2025-12-14,29029,92220,40417,2025-12-29,15,12,2026-01-10,,ELIGIBLE
FDX20258733225,CUST575458,Reyes-Berger,Small,2026-01-05,14125,36103,27665,2026-01-15,10,7,2026-01-22,2026-01-17,RESOLVED_IN_GRACE
FDX20258548562,CUST238353,Vazquez-Andrews,Mid,2025-12-16,24326,115495,85988,2025-12-31,15,12,2026-01-12,,IN_GRACE
FDX20258534223,CUST638179,Anderson-Conner,Small,2026-01-11,15005,79531,63298,2026-01-21,10,7,2026-01-28,,ELIGIBLE
FDX20253499513,CUST535604,"Mcdonald, Vargas and Wolfe",Mega,2025-12-01,24620,125818,84228,2026-01-05,35,30,2026-02-04,,IN_GRACE
FDX20256456223,CUST578987,Brown-Anthony,Small,2025-12-29,25991,116303,107300,2026-01-08,10,7,2026-01-15,2026-01-14,RESOLVED_IN_GRACE
FDX20252498456,CUST691303,Krause LLC,Small,2026-01-03,20461,72936,70684,2026-01-13,10,7,2026-01-20,,ELIGIBLE
FDX20257872422,CUST160541,Horton-Cooper,Mid,2025-12-22,41344,239894,122448,2026-01-06,15,12,2026-01-18,,ELIGIBLE
FDX20257496727,CUST685941,Perez and Sons,Small,2025-12-29,53954,151893,54198,2026-01-08,10,7,2026-01-15,,ELIGIBLE
FDX20254906109,CUST584838,Potter-Obrien,Mid,2025-12-20,53880,212810,56081,2026-01-04,15,12,2026-01-16,2026-01-16,RESOLVED_IN_GRACE
FDX20257633663,CUST805448,Johnston-Scott,Mid,2025-12-20,3815,13093,6425,2026-01-04,15,12,2026-01-16,2026-01-12,RESOLVED_IN_GRACE
FDX20256687440,CUST946112,Day-Sims,Mid,2025-12-25,14819,38257,21962,2026-01-09,15,12,2026-01-21,,ELIGIBLE
FDX20251768727,CUST423139,Braun-Perkins,Large,2025-12-08,50809,160435,91249,2026-01-02,25,20,2026-01-22,2026-01-19,RESOLVED_IN_GRACE
FDX20258433920,CUST858414,Fisher-Anderson,Small,2026-01-05,12910,61405,32872,2026-01-15,10,7,2026-01-22,,ELIGIBLE
FDX20255653581,CUST122827,"Deleon, Long and Hall",Mid,2025-12-28,58180,327578,257900,2026-01-12,15,12,2026-01-24,2026-01-16,RESOLVED_IN_GRACE
FDX20252485285,CUST515182,Combs-Robbins,Mid,2025-12-19,50530,211489,83907,2026-01-03,15,12,2026-01-15,2026-01-14,RESOLVED_IN_GRACE
FDX20253778554,CUST366817,Schultz-Alvarado,Mid,2025-12-20,48989,182573,138521,2026-01-04,15,12,2026-01-16,,ELIGIBLE
FDX20251416143,CUST956113,Velazquez-Kane,Mid,2025-12-25,56488,249526,77685,2026-01-09,15,12,2026-01-21,,ELIGIBLE
FDX20256181610,CUST103161,Sanders-Hooper,Large,2025-12-13,9097,40986,25967,2026-01-07,25,20,2026-01-27,,ELIGIBLE
FDX20253076710,CUST882032,Stein-Osborne,Small,2026-01-07,46752,156528,48438,2026-01-17,10,7,2026-01-24,,ELIGIBLE
FDX20252428614,CUST328486,Rojas-Watson,Small,2026-01-07,17414,98244,88198,2026-01-17,10,7,2026-01-24,2026-01-18,RESOLVED_IN_GRACE
FDX20254228384,CUST706403,Williams-Wade,Large,2025-12-16,46505,228791,222822,2026-01-10,25,20,2026-01-30,2026-01-29,RESOLVED_IN_GRACE
FDX20251887084,CUST176577,Singh-Moore,Small,2025-12-31,23095,124003,110414,2026-01-10,10,7,2026-01-17,2026-01-14,RESOLVED_IN_GRACE
FDX20259753576,CUST147489,Myers-Reed,Large,2025-12-14,10592,30877,29013,2026-01-08,25,20,2026-01-28,,IN_GRACE
FDX20254177535,CUST544278,Perez-Hughes,Small,2025-12-24,23444,84807,83637,2026-01-03,10,7,2026-01-10,,ELIGIBLE
FDX20258983198,CUST461264,"Meyer, Hill and Wilson",Small,2025-12-31,44061,126948,57558,2026-01-10,10,7,2026-01-17,,IN_GRACE
FDX20259432879,CUST834406,"Andrade, Wilcox and Clark",Small,2026-01-07,7652,40621,18372,2026-01-17,10,7,2026-01-24,2026-01-22,RESOLVED_IN_GRACE
FDX20251313131,CUST166857,"Archer, Vasquez and Bartlett",Mega,2025-12-01,51445,149217,112607,2026-01-05,35,30,2026-02-04,,ELIGIBLE
FDX20253018016,CUST667451,Rowland-Morrison,Large,2025-12-01,33247,187341,41116,2025-12-26,25,20,2026-01-15,2026-01-02,RESOLVED_IN_GRACE
FDX20259923120,CUST163182,Ramirez-Cole,Small,2026-01-09,43282,210783,154404,2026-01-19,10,7,2026-01-26,,ELIGIBLE
FDX20254015593,CUST172371,"Sutton, Garcia and Black",Large,2025-12-08,26727,118360,56681,2026-01-02,25,20,2026-01-22,2026-01-15,RESOLVED_IN_GRACE
FDX20251318323,CUST595002,Vincent-Mullins,Small,2025-12-22,44159,190014,170030,2026-01-01,10,7,2026-01-08,,ELIGIBLE
FDX20255613105,CUST133276,"Perez, Bender and Wiggins",Small,2026-01-03,12981,65686,17806,2026-01-13,10,7,2026-01-20,,ELIGIBLE
FDX20254452834,CUST401036,Prince-Chavez,Small,2026-01-13,44101,174808,64858,2026-01-23,10,7,2026-01-30,,ELIGIBLE
FDX20255115227,CUST528728,Wyatt Inc,Small,2026-01-05,28641,114379,104861,2026-01-15,10,7,2026-01-22,,ELIGIBLE
FDX20258452933,CUST288724,Villa-Bowen,Mid,2025-12-31,35278,124879,79355,2026-01-15,15,12,2026-01-27,,ELIGIBLE
FDX20252420156,CUST906325,Hicks-Keith,Small,2026-01-13,2166,6991,3813,2026-01-23,10,7,2026-01-30,,ELIGIBLE
FDX20259951380,CUST242007,Roach-Barnes,Mid,2025-12-30,46318,244595,206516,2026-01-14,15,12,2026-01-26,2026-01-15,RESOLVED_IN_GRACE
FDX20256375942,CUST903028,Rodriguez-Thomas,Mid,2025-12-31,48497,166601,136032,2026-01-15,15,12,2026-01-27,,IN_GRACE
FDX20257741049,CUST772687,Tapia-Smith,Small,2025-12-31,45017,185438,53108,2026-01-10,10,7,2026-01-17,,IN_GRACE
FDX20251754700,CUST864715,Sharp Ltd,Mid,2025-12-19,56065,199122,184664,2026-01-03,15,12,2026-01-15,,ELIGIBLE
FDX20259245549,CUST777255,Chen-Mcmillan,Mid,2025-12-26,25173,91598,70397,2026-01-10,15,12,2026-01-22,,ELIGIBLE
FDX20251390292,CUST540781,West-Foley,Small,2026-01-01,42980,159337,130312,2026-01-11,10,7,2026-01-18,,ELIGIBLE
FDX20256703524,CUST492650,Henry-Fletcher,Mid,2025-12-20,50145,153583,136672,2026-01-04,15,12,2026-01-16,2026-01-08,RESOLVED_IN_GRACE
FDX20258331935,CUST501058,Perez-Riley,Small,2025-12-29,11677,45637,34152,2026-01-08,10,7,2026-01-15,2026-01-10,RESOLVED_IN_GRACE
FDX20254028421,CUST570325,Vance LLC,Small,2025-12-29,56905,322950,291898,2026-01-08,10,7,2026-01-15,,ELIGIBLE
FDX20257961478,CUST495833,Velasquez-Arellano,Large,2025-12-14,46632,203093,155304,2026-01-08,25,20,2026-01-28,2026-01-23,RESOLVED_IN_GRACE
FDX20251403608,CUST493892,"Kerr, Skinner and Walker",Large,2025-12-12,55925,165539,132215,2026-01-06,25,20,2026-01-26,2026-01-17,RESOLVED_IN_GRACE
FDX20259856721,CUST184148,Moore-Chang,Small,2026-01-07,4608,24844,12784,2026-01-17,10,7,2026-01-24,2026-01-18,RESOLVED_IN_GRACE
FDX20256324793,CUST815894,"Fitzpatrick, Clark and Myers",Small,2025-12-24,25692,117026,91401,2026-01-03,10,7,2026-01-10,,ELIGIBLE
FDX20257409080,CUST793939,"Esparza, May and Miles",Mid,2025-12-14,31304,151063,39376,2025-12-29,15,12,2026-01-10,,ELIGIBLE
FDX20255314727,CUST665497,Mckinney-Smith,Small,2025-12-22,31389,181977,48968,2026-01-01,10,7,2026-01-08,2026-01-03,RESOLVED_IN_GRACE
FDX20252527147,CUST239449,"Welch, Davis and Bennett",Small,2026-01-05,47441,222939,133886,2026-01-15,10,7,2026-01-22,2026-01-17,RESOLVED_IN_GRACE
FDX20252923417,CUST785280,Frazier-Schneider,Small,2026-01-03,20114,88572,29583,2026-01-13,10,7,2026-01-20,,IN_GRACE
FDX20252666541,CUST464663,Stewart-Johnson,Mega,2025-12-01,34300,132351,55268,2026-01-05,35,30,2026-02-04,,IN_GRACE
FDX20253821189,CUST224395,Garza-Wheeler,Small,2026-01-07,53884,291837,186353,2026-01-17,10,7,2026-01-24,,ELIGIBLE
FDX20255787407,CUST287143,Snyder-Braun,Small,2026-01-10,17094,76006,50044,2026-01-20,10,7,2026-01-27,,ELIGIBLE
FDX20253416493,CUST663356,Wyatt-Best,Mid,2025-12-14,12591,31737,15010,2025-12-29,15,12,2026-01-10,2026-01-04,RESOLVED_IN_GRACE
FDX20254064676,CUST512151,Martin-Kaiser,Small,2025-12-27,9417,41665,28655,2026-01-06,10,7,2026-01-13,,ELIGIBLE
FDX20255287493,CUST654531,Kelly-Robinson,Small,2026-01-03,32092,138126,97189,2026-01-13,10,7,2026-01-20,,ELIGIBLE
FDX20252503717,CUST233533,Kline Ltd,Small,2026-01-04,28609,106681,103889,2026-01-14,10,7,2026-01-21,,ELIGIBLE
FDX20253587505,CUST863214,"White, Garcia and Martin",Large,2025-12-08,7349,26435,20454,2026-01-02,25,20,2026-01-22,,ELIGIBLE
FDX20256147152,CUST333507,Ferguson-Gonzalez,Large,2025-12-02,49071,144932,102575,2025-12-27,25,20,2026-01-16,2026-01-08,RESOLVED_IN_GRACE
FDX20257832964,CUST975373,Jenkins-Carrillo,Large,2025-12-14,30366,130169,75766,2026-01-08,25,20,2026-01-28,,ELIGIBLE
FDX20253838554,CUST103642,"Herring, Bell and Kennedy",Small,2026-01-01,10522,59606,21435,2026-01-11,10,7,2026-01-18,2026-01-13,RESOLVED_IN_GRACE
FDX20251988408,CUST892911,Levy-Delacruz,Small,2026-01-05,47580,220328,76028,2026-01-15,10,7,2026-01-22,,IN_GRACE
FDX20256457472,CUST123839,Johns-Johnson,Large,2025-12-13,56529,290087,228367,2026-01-07,25,20,2026-01-27,,ELIGIBLE
FDX20254044357,CUST412856,Burns Inc,Mid,2026-01-01,22982,92699,26088,2026-01-16,15,12,2026-01-28,,ELIGIBLE
FDX20251455856,CUST585494,"Pruitt, Ruiz and Henry",Small,2025-12-22,59785,183813,133542,2026-01-01,10,7,2026-01-08,,IN_GRACE
FDX20251981497,CUST806215,Hanson-Medina,Mega,2025-12-01,21483,127356,56025,2026-01-05,35,30,2026-02-04,,ELIGIBLE
FDX20256000018,CUST854024,Romero-Woodward,Large,2025-12-07,39537,176568,89268,2026-01-01,25,20,2026-01-21,2026-01-10,RESOLVED_IN_GRACE
FDX20257542102,CUST670892,Serrano-Hernandez,Small,2025-12-29,50019,208891,170085,2026-01-08,10,7,2026-01-15,,ELIGIBLE
FDX20252656653,CUST544730,Lloyd-Edwards,Small,2025-12-30,32974,191703,140264,2026-01-09,10,7,2026-01-16,,ELIGIBLE
FDX20256369404,CUST657772,Lindsey-Campbell,Small,2026-01-07,58086,248784,78225,2026-01-17,10,7,2026-01-24,2026-01-23,RESOLVED_IN_GRACE
FDX20253390091,CUST497700,Torres-Stafford,Mid,2025-12-25,59264,210475,201433,2026-01-09,15,12,2026-01-21,,ELIGIBLE
FDX20257926017,CUST963355,Wright-Drake,Small,2025-12-22,36630,202231,151168,2026-01-01,10,7,2026-01-08,,IN_GRACE
FDX20256439471,CUST340820,Li-Dunn,Small,2026-01-09,23995,141950,68551,2026-01-19,10,7,2026-01-26,2026-01-20,RESOLVED_IN_GRACE
FDX20255327419,CUST359535,Figueroa Inc,Mid,2025-12-25,52417,139945,128782,2026-01-09,15,12,2026-01-21,2026-01-11,RESOLVED_IN_GRACE
FDX20257300065,CUST583000,King-Fischer,Mid,2025-12-21,47207,214355,203009,2026-01-05,15,12,2026-01-17,2026-01-11,RESOLVED_IN_GRACE
FDX20253029477,CUST462974,Gordon-Keller,Small,2026-01-13,48703,226687,164990,2026-01-23,10,7,2026-01-30,,ELIGIBLE
FDX20251870370,CUST262656,Macias-Reynolds,Mid,2025-12-22,35288,112797,53853,2026-01-06,15,12,2026-01-18,,ELIGIBLE
FDX20254398383,CUST389039,Myers-Cunningham,Mid,2025-12-21,15150,74858,60826,2026-01-05,15,12,2026-01-17,,IN_GRACE
FDX20255020206,CUST297636,Moore-Rich,Small,2025-12-22,44175,206013,199142,2026-01-01,10,7,2026-01-08,,ELIGIBLE
FDX20254967662,CUST860242,Holmes-Cooper,Small,2026-01-11,51085,177065,101367,2026-01-21,10,7,2026-01-28,2026-01-28,RESOLVED_IN_GRACE
FDX20259270822,CUST902674,Williams-Shah,Small,2026-01-01,2500,8167,7244,2026-01-11,10,7,2026-01-18,,ELIGIBLE
FDX20259533248,CUST218326,Gallagher-Simmons,Mid,2025-12-26,52631,206229,75427,2026-01-10,15,12,2026-01-22,,ELIGIBLE
FDX20259462784,CUST133782,Leach-Rivas,Small,2026-01-10,11607,59142,13618,2026-01-20,10,7,2026-01-27,2026-01-24,RESOLVED_IN_GRACE
FDX20257460044,CUST948799,Cooper-Marshall,Small,2026-01-11,26591,80380,63417,2026-01-21,10,7,2026-01-28,,ELIGIBLE
FDX20252930745,CUST792267,Good-Jones,Small,2026-01-10,52290,216493,112515,2026-01-20,10,7,2026-01-27,,IN_GRACE
FDX20255517895,CUST539605,Pennington-Smith,Large,2025-12-01,28354,75385,74587,2025-12-26,25,20,2026-01-15,,ELIGIBLE
FDX20252017235,CUST744793,Charles-Dixon,Mid,2025-12-25,36303,155339,106414,2026-01-09,15,12,2026-01-21,,ELIGIBLE
FDX20256340799,CUST903265,Jimenez-Mccall,Large,2025-12-12,4225,17743,6450,2026-01-06,25,20,2026-01-26,,ELIGIBLE
FDX20258798444,CUST116405,Hudson-Jones,Mid,2025-12-25,1546,5010,1665,2026-01-09,15,12,2026-01-21,,IN_GRACE
FDX20257829609,CUST352356,Mercer-Rogers,Small,2026-01-03,57724,202897,113996,2026-01-13,10,7,2026-01-20,2026-01-18,RESOLVED_IN_GRACE
FDX20252098206,CUST316092,Mcdonald-Graham,Mid,2025-12-28,37487,119983,46228,2026-01-12,15,12,2026-01-24,2026-01-15,RESOLVED_IN_GRACE
FDX20259123050,CUST170559,Castaneda-Hawkins,Mid,2026-01-01,2247,11829,11714,2026-01-16,15,12,2026-01-28,,ELIGIBLE
FDX20251484969,CUST205797,Pierce Group,Mid,2025-12-26,41988,216885,145801,2026-01-10,15,12,2026-01-22,,ELIGIBLE
FDX20257836611,CUST722795,Holder-Barber,Mid,2025-12-20,57364,268383,169721,2026-01-04,15,12,2026-01-16,,IN_GRACE
FDX20254921514,CUST135207,Gill-Mccormick,Mid,2025-12-24,15907,68791,26647,2026-01-08,15,12,2026-01-20,2026-01-09,RESOLVED_IN_GRACE
FDX20251312439,CUST568127,Gutierrez-Pittman,Mega,2025-12-01,14564,78803,43648,2026-01-05,35,30,2026-02-04,,ELIGIBLE
FDX20255515751,CUST726822,Livingston Ltd,Small,2026-01-07,16150,59723,32548,2026-01-17,10,7,2026-01-24,2026-01-22,RESOLVED_IN_GRACE
FDX20252703045,CUST804667,Bryan PLC,Large,2025-12-01,16166,65012,39863,2025-12-26,25,20,2026-01-15,,ELIGIBLE
FDX20255132498,CUST837449,Buckley Ltd,Small,2025-12-31,29059,135956,29184,2026-01-10,10,7,2026-01-17,,ELIGIBLE
FDX20253106737,CUST151040,Collins-Walker,Mid,2026-01-01,31646,163079,58028,2026-01-16,15,12,2026-01-28,2026-01-26,RESOLVED_IN_GRACE
FDX20256110555,CUST356622,Patterson-Pierce,Mid,2026-01-03,42717,107450,65491,2026-01-18,15,12,2026-01-30,2026-01-25,RESOLVED_IN_GRACE
FDX20257824064,CUST876513,Vargas-Robinson,Mid,2025-12-20,44711,197229,173262,2026-01-04,15,12,2026-01-16,2026-01-09,RESOLVED_IN_GRACE
FDX20258482340,CUST146385,Smith-Delacruz,Small,2025-12-24,56484,192010,163448,2026-01-03,10,7,2026-01-10,,IN_GRACE
FDX20252407748,CUST521805,"Huerta, Shaw and Brown",Mid,2025-12-26,33554,146578,38006,2026-01-10,15,12,2026-01-22,,ELIGIBLE
FDX20259395862,CUST560285,"Rich, Baxter and Adams",Small,2026-01-05,22317,89954,73578,2026-01-15,10,7,2026-01-22,,ELIGIBLE
FDX20254413440,CUST345722,Huerta-Blake,Mid,2025-12-26,55154,256004,107904,2026-01-10,15,12,2026-01-22,2026-01-20,RESOLVED_IN_GRACE
FDX20253388522,CUST665979,"Donovan, Parker and Barrett",Small,2025-12-29,17490,48698,30350,2026-01-08,10,7,2026-01-15,,IN_GRACE
FDX20257263022,CUST327823,"Raymond, Fernandez and Terrell",Small,2026-01-03,17966,92481,18704,2026-01-13,10,7,2026-01-20,,ELIGIBLE
FDX20253821731,CUST891030,Hughes-Lloyd,Small,2025-12-26,40188,190049,111110,2026-01-05,10,7,2026-01-12,2026-01-09,RESOLVED_IN_GRACE
FDX20255113127,CUST913761,Holder LLC,Small,2025-12-24,37528,223621,100727,2026-01-03,10,7,2026-01-10,,ELIGIBLE
FDX20258109386,CUST159185,"Leonard, Johnston and Joyce",Small,2025-12-26,48599,134624,94970,2026-01-05,10,7,2026-01-12,,ELIGIBLE
FDX20258578973,CUST246942,Parrish PLC,Small,2026-01-04,35413,154410,91610,2026-01-14,10,7,2026-01-21,,ELIGIBLE
FDX20251701154,CUST628373,Reid PLC,Small,2026-01-11,36483,107527,44102,2026-01-21,10,7,2026-01-28,,ELIGIBLE
FDX20251016794,CUST403314,"Monroe, Knapp and Diaz",Mid,2025-12-26,57194,185145,100515,2026-01-10,15,12,2026-01-22,2026-01-14,RESOLVED_IN_GRACE
FDX20258795567,CUST345536,Deleon-Reyes,Large,2025-12-08,7694,23711,23547,2026-01-02,25,20,2026-01-22,,ELIGIBLE
FDX20255852800,CUST955413,Page and Sons,Small,2026-01-01,40152,146542,95519,2026-01-11,10,7,2026-01-18,,ELIGIBLE
FDX20253808198,CUST867051,Scott-Ritter,Mid,2025-12-14,56492,251218,89988,2025-12-29,15,12,2026-01-10,,ELIGIBLE
FDX20251009108,CUST704095,Thomas-Underwood,Mega,2025-12-01,22224,91227,87148,2026-01-05,35,30,2026-02-04,2026-01-30,RESOLVED_IN_GRACE
FDX20252009569,CUST434394,Delacruz and Sons,Small,2025-12-30,34817,204297,47584,2026-01-09,10,7,2026-01-16,2026-01-15,RESOLVED_IN_GRACE
FDX20259089743,CUST705526,Sanders-Frazier,Mega,2025-12-01,3640,18333,9010,2026-01-05,35,30,2026-02-04,,ELIGIBLE
FDX20255585262,CUST726962,Watts-Brown,Small,2025-12-31,35295,95019,55339,2026-01-10,10,7,2026-01-17,2026-01-11,RESOLVED_IN_GRACE
FDX20255209218,CUST910065,Cochran-Taylor,Small,2026-01-01,57167,166673,159348,2026-01-11,10,7,2026-01-18,2026-01-14,RESOLVED_IN_GRACE
FDX20257377917,CUST805200,Rice-Thomas,Mid,2025-12-31,26803,83017,81327,2026-01-15,15,12,2026-01-27,,ELIGIBLE
FDX20256895814,CUST958136,Barton-Young,Mid,2026-01-03,22175,116627,23878,2026-01-18,15,12,2026-01-30,,ELIGIBLE
FDX20254569422,CUST436241,"Case, Bradley and Gutierrez",Small,2026-01-03,4179,10866,4755,2026-01-13,10,7,2026-01-20,2026-01-18,RESOLVED_IN_GRACE
FDX20259561890,CUST348411,Clark-Adams,Large,2025-12-01,45508,128344,50085,2025-12-26,25,20,2026-01-15,,ELIGIBLE
FDX20255719620,CUST416422,Mays PLC,Small,2025-12-26,31040,105077,99073,2026-01-05,10,7,2026-01-12,,ELIGIBLE
FDX20251763107,CUST250219,Ramsey Group,Mid,2025-12-25,34691,128699,68459,2026-01-09,15,12,2026-01-21,,IN_GRACE
FDX20253708116,CUST792282,Hall-Dawson,Small,2026-01-05,27222,125861,120164,2026-01-15,10,7,2026-01-22,2026-01-17,RESOLVED_IN_GRACE
FDX20259960531,CUST646571,Callahan Group,Mid,2025-12-22,42840,188110,172901,2026-01-06,15,12,2026-01-18,,ELIGIBLE
FDX20252173318,CUST331780,Munoz-Young,Large,2025-12-03,20050,82108,75398,2025-12-28,25,20,2026-01-17,,ELIGIBLE
FDX20256043874,CUST533649,Cooper-Schmitt,Small,2026-01-13,27837,144624,58242,2026-01-23,10,7,2026-01-30,,ELIGIBLE
FDX20252505169,CUST415098,"Young, Cain and Campbell",Mid,2025-12-20,55257,288543,222040,2026-01-04,15,12,2026-01-16,2026-01-05,RESOLVED_IN_GRACE
FDX20257632115,CUST388519,Wilson-Burnett,Small,2025-12-22,37837,167020,51551,2026-01-01,10,7,2026-01-08,,ELIGIBLE
FDX20253063211,CUST163918,Holmes-Lane,Small,2026-01-05,15306,45297,34127,2026-01-15,10,7,2026-01-22,,ELIGIBLE
FDX20253342942,CUST683761,Howard-Jones,Mega,2025-12-01,36308,132445,111705,2026-01-05,35,30,2026-02-04,,ELIGIBLE
FDX20255688532,CUST720407,Ballard Inc,Mid,2025-12-17,26270,130924,35141,2026-01-01,15,12,2026-01-13,,IN_GRACE
FDX20258247127,CUST870925,Todd-Chapman,Mid,2025-12-16,35819,118256,54621,2025-12-31,15,12,2026-01-12,,ELIGIBLE
FDX20254537478,CUST283640,Parker-Webster,Large,2025-12-13,8657,28232,9091,2026-01-07,25,20,2026-01-27,2026-01-19,RESOLVED_IN_GRACE
FDX20259469478,CUST756401,Martin-Vazquez,Mid,2025-12-19,20754,68380,64027,2026-01-03,15,12,2026-01-15,,ELIGIBLE
FDX20256340253,CUST811721,"Rowe, Mcknight and Bryan",Mid,2025-12-25,36991,176022,103344,2026-01-09,15,12,2026-01-21,2026-01-20,RESOLVED_IN_GRACE
FDX20256748465,CUST547952,Woodard-Jordan,Small,2026-01-10,53466,319715,145291,2026-01-20,10,7,2026-01-27,2026-01-23,RESOLVED_IN_GRACE
FDX20255384902,CUST682851,"Levine, Rodriguez and Davis",Small,2026-01-07,42804,124773,56378,2026-01-17,10,7,2026-01-24,,ELIGIBLE
FDX20258595349,CUST619696,Nelson-Jones,Mid,2025-12-24,7174,37036,28676,2026-01-08,15,12,2026-01-20,,ELIGIBLE
FDX20255580400,CUST149161,Kelly-Martinez,Mid,2025-12-19,4242,13821,10031,2026-01-03,15,12,2026-01-15,,IN_GRACE
FDX20255125991,CUST461145,Moon-Bruce,Mid,2025-12-26,40897,180945,44672,2026-01-10,15,12,2026-01-22,2026-01-20,RESOLVED_IN_GRACE
FDX20256396194,CUST774565,Bishop-Miller,Small,2025-12-24,20754,73649,64127,2026-01-03,10,7,2026-01-10,,ELIGIBLE
FDX20256731597,CUST803953,Riddle-Stephens,Mid,2025-12-20,39341,172456,55870,2026-01-04,15,12,2026-01-16,,IN_GRACE
FDX20254533682,CUST499669,Wood-Miller,Large,2025-12-10,55612,186593,96704,2026-01-04,25,20,2026-01-24,2026-01-23,RESOLVED_IN_GRACE
FDX20258714152,CUST923975,Franklin Ltd,Small,2025-12-24,30891,158681,112792,2026-01-03,10,7,2026-01-10,,ELIGIBLE
FDX20256510598,CUST649939,"Conner, Hayes and Rodgers",Small,2025-12-27,49887,279284,59416,2026-01-06,10,7,2026-01-13,,IN_GRACE
FDX20251266331,CUST434217,Thompson-Hunter,Small,2026-01-11,49255,182976,85829,2026-01-21,10,7,2026-01-28,,ELIGIBLE
FDX20253243545,CUST830132,Newton Group,Small,2026-01-09,17681,80759,53217,2026-01-19,10,7,2026-01-26,,ELIGIBLE
FDX20251034351,CUST536548,Lewis-Stephens,Mid,2025-12-21,48011,237377,226106,2026-01-05,15,12,2026-01-17,,IN_GRACE
FDX20258994829,CUST528090,Fleming-Harper,Small,2025-12-31,28942,133730,79953,2026-01-10,10,7,2026-01-17,,ELIGIBLE
FDX20251071793,CUST256466,Peterson-Vaughn,Mid,2025-12-17,57374,256210,66882,2026-01-01,15,12,2026-01-13,,ELIGIBLE
FDX20251160702,CUST414455,Morton-Munoz,Small,2026-01-04,42968,208933,86305,2026-01-14,10,7,2026-01-21,,IN_GRACE
FDX20253911451,CUST494747,"Morrison, Johnson and Brewer",Mega,2025-12-01,56651,332444,331162,2026-01-05,35,30,2026-02-04,,IN_GRACE
FDX20257931725,CUST292811,Williams-Roach,Small,2025-12-31,39329,182255,57950,2026-01-10,10,7,2026-01-17,,ELIGIBLE
FDX20259203667,CUST891062,Summers-Duran,Large,2025-12-01,14739,88037,55337,2025-12-26,25,20,2026-01-15,,ELIGIBLE
FDX20257589940,CUST664058,Hernandez-Dominguez,Small,2025-12-29,2594,9965,7215,2026-01-08,10,7,2026-01-15,2026-01-13,RESOLVED_IN_GRACE
FDX20252361450,CUST596520,Harrison-Garcia,Small,2026-01-01,55115,261095,199323,2026-01-11,10,7,2026-01-18,,ELIGIBLE
FDX20252300622,CUST352673,Miller-Johnson,Small,2025-12-24,15778,74425,45998,2026-01-03,10,7,2026-01-10,2026-01-06,RESOLVED_IN_GRACE
FDX20251519213,CUST990598,Adams-Chen,Mid,2025-12-19,20518,76778,21917,2026-01-03,15,12,2026-01-15,2026-01-12,RESOLVED_IN_GRACE
FDX20258468826,CUST336290,Foster-Lyons,Large,2025-12-07,8048,36849,14488,2026-01-01,25,20,2026-01-21,,ELIGIBLE
FDX20253070570,CUST415344,Marshall-Roberts,Small,2025-12-30,28203,101809,49316,2026-01-09,10,7,2026-01-16,,ELIGIBLE
FDX20256922268,CUST999197,Martin PLC,Large,2025-12-06,46757,265914,220954,2025-12-31,25,20,2026-01-20,2026-01-07,RESOLVED_IN_GRACE
FDX20257314548,CUST841948,Hebert-Fritz,Large,2025-12-07,43026,224931,45260,2026-01-01,25,20,2026-01-21,,ELIGIBLE
FDX20257005668,CUST251363,Turner-Higgins,Mid,2025-12-14,13320,58520,38346,2025-12-29,15,12,2026-01-10,,ELIGIBLE
FDX20257488605,CUST944917,"Hayes, Erickson and Dominguez",Mid,2025-12-31,17383,76867,28317,2026-01-15,15,12,2026-01-27,,ELIGIBLE
FDX20253972698,CUST585517,Beltran-Rodriguez,Small,2025-12-30,59005,148669,120860,2026-01-09,10,7,2026-01-16,2026-01-10,RESOLVED_IN_GRACE
FDX20251141455,CUST160423,Campbell-Perry,Small,2025-12-26,24322,101295,97622,2026-01-05,10,7,2026-01-12,2026-01-06,RESOLVED_IN_GRACE
FDX20253093190,CUST689704,Cohen-Burton,Mid,2026-01-03,37605,179393,68333,2026-01-18,15,12,2026-01-30,,ELIGIBLE
FDX20258762692,CUST532723,"Gill, Dickerson and Sampson",Small,2026-01-04,16079,54828,22989,2026-01-14,10,7,2026-01-21,2026-01-15,RESOLVED_IN_GRACE
FDX20257215633,CUST536740,Pierce-Griffith,Small,2026-01-09,54761,260084,188285,2026-01-19,10,7,2026-01-26,,ELIGIBLE
FDX20254237849,CUST684357,"Boyd, Smith and Young",Mid,2025-12-12,28694,79137,51049,2025-12-27,15,12,2026-01-08,,ELIGIBLE
FDX20258458775,CUST655736,Myers-Nichols,Large,2025-12-10,30186,134326,83400,2026-01-04,25,20,2026-01-24,,IN_GRACE
FDX20251157090,CUST240606,Willis-Holland,Mid,2025-12-17,56695,260309,186008,2026-01-01,15,12,2026-01-13,,IN_GRACE
FDX20254716501,CUST507286,Morgan-Stewart,Mid,2025-12-17,6184,34888,10659,2026-01-01,15,12,2026-01-13,,ELIGIBLE
FDX20251331881,CUST354655,Becker-Henderson,Large,2025-12-08,47659,265602,192538,2026-01-02,25,20,2026-01-22,2026-01-22,RESOLVED_IN_GRACE
FDX20255716653,CUST367382,Cantu-Stout,Small,2026-01-13,10332,28016,17792,2026-01-23,10,7,2026-01-30,2026-01-24,RESOLVED_IN_GRACE
FDX20257003240,CUST313214,Butler-Hoffman,Small,2025-12-31,11729,64099,40821,2026-01-10,10,7,2026-01-17,,ELIGIBLE
FDX20254213032,CUST446305,Macias-Smith,Small,2025-12-24,22444,113500,57809,2026-01-03,10,7,2026-01-10,,ELIGIBLE
FDX20252509387,CUST778120,"Hanna, Washington and Duke",Small,2025-12-29,3695,15094,11944,2026-01-08,10,7,2026-01-15,,ELIGIBLE
FDX20256086491,CUST182911,Powell-Bailey,Mega,2025-12-01,42410,154705,73634,2026-01-05,35,30,2026-02-04,,ELIGIBLE
FDX20254710242,CUST571635,Martinez-Palmer,Small,2025-12-29,46036,118481,73458,2026-01-08,10,7,2026-01-15,,ELIGIBLE
FDX20254930196,CUST988283,Reed-Johnson,Small,2026-01-09,28870,73873,53647,2026-01-19,10,7,2026-01-26,,ELIGIBLE
FDX20259284734,CUST489102,Mathis PLC,Small,2026-01-01,30198,139563,99648,2026-01-11,10,7,2026-01-18,2026-01-15,RESOLVED_IN_GRACE
FDX20257090115,CUST196955,Gonzales-Haley,Small,2025-12-31,8759,41381,37329,2026-01-10,10,7,2026-01-17,,ELIGIBLE
FDX20251617335,CUST661654,"Haas, Morgan and Mclaughlin",Mega,2025-12-01,43666,153663,78568,2026-01-05,35,30,2026-02-04,,IN_GRACE
FDX20255710310,CUST859782,"Chambers, Patel and Cole",Large,2025-12-02,51282,284730,175053,2025-12-27,25,20,2026-01-16,,ELIGIBLE
FDX20259268447,CUST969695,Rivera-Wang,Small,2026-01-05,44910,158141,94455,2026-01-15,10,7,2026-01-22,2026-01-18,RESOLVED_IN_GRACE
FDX20254507886,CUST299734,Baker-Tyler,Small,2026-01-13,23887,120709,32294,2026-01-23,10,7,2026-01-30,2026-01-25,RESOLVED_IN_GRACE
FDX20251119712,CUST154040,Hall-Moore,Small,2026-01-07,28033,107018,103555,2026-01-17,10,7,2026-01-24,2026-01-24,RESOLVED_IN_GRACE
FDX20254289790,CUST381502,"Vincent, Rubio and Maldonado",Small,2026-01-07,28645,134084,62561,2026-01-17,10,7,2026-01-24,2026-01-23,RESOLVED_IN_GRACE
FDX20257645223,CUST495489,Lopez-Parrish,Small,2026-01-01,25321,75720,70828,2026-01-11,10,7,2026-01-18,2026-01-17,RESOLVED_IN_GRACE
FDX20252861373,CUST806396,Osborne-Savage,Large,2025-12-01,21762,95870,51761,2025-12-26,25,20,2026-01-15,,ELIGIBLE
FDX20255653119,CUST734356,Crawford-Scott,Small,2026-01-03,31162,124618,54453,2026-01-13,10,7,2026-01-20,2026-01-16,RESOLVED_IN_GRACE
FDX20259394071,CUST732209,"Pitts, Hendricks and Tran",Mid,2025-12-22,30558,170658,109318,2026-01-06,15,12,2026-01-18,,ELIGIBLE
FDX20259288134,CUST141468,Davis-Durham,Mid,2025-12-31,54371,213828,190216,2026-01-15,15,12,2026-01-27,,ELIGIBLE
FDX20253860131,CUST176319,Jimenez-Berry,Large,2025-12-01,36354,110049,78708,2025-12-26,25,20,2026-01-15,2025-12-31,RESOLVED_IN_GRACE
FDX20254250925,CUST297303,Orr-Hardin,Small,2025-12-22,48705,231668,220329,2026-01-01,10,7,2026-01-08,,ELIGIBLE
FDX20253944885,CUST943737,Bridges-Gardner,Small,2025-12-22,56788,300185,207113,2026-01-01,10,7,2026-01-08,,ELIGIBLE
FDX20252096569,CUST898696,Alvarez-Hinton,Mid,2025-12-22,4680,23286,8366,2026-01-06,15,12,2026-01-18,,IN_GRACE
FDX20253151617,CUST716126,Myers-Williams,Small,2025-12-31,55001,273980,150762,2026-01-10,10,7,2026-01-17,,ELIGIBLE
FDX20252091346,CUST859489,Thornton-Cobb,Small,2026-01-01,8330,45790,15081,2026-01-11,10,7,2026-01-18,,ELIGIBLE
FDX20253137935,CUST804066,Kennedy-Gray,Large,2025-12-07,55169,167339,96413,2026-01-01,25,20,2026-01-21,,IN_GRACE
FDX20255355775,CUST685997,Davis-Wall,Large,2025-12-02,49722,237755,174587,2025-12-27,25,20,2026-01-16,2026-01-04,RESOLVED_IN_GRACE
FDX20254824620,CUST327558,Brown-Lin,Mid,2025-12-20,53099,193622,143360,2026-01-04,15,12,2026-01-16,2026-01-06,RESOLVED_IN_GRACE
FDX20259775825,CUST602681,Chapman-Sims,Mid,2025-12-17,22456,116426,78531,2026-01-01,15,12,2026-01-13,,ELIGIBLE
FDX20255602459,CUST319036,Garza and Sons,Small,2026-01-07,20298,105855,85105,2026-01-17,10,7,2026-01-24,2026-01-18,RESOLVED_IN_GRACE
FDX20254218734,CUST449138,Torres-Mccarthy,Small,2025-12-31,44033,206621,59836,2026-01-10,10,7,2026-01-17,,IN_GRACE
FDX20251387847,CUST417915,Gonzalez-Carr,Small,2026-01-01,44820,220501,184295,2026-01-11,10,7,2026-01-18,,ELIGIBLE
FDX20259941274,CUST116078,Hart-Richardson,Small,2026-01-09,2105,10246,6566,2026-01-19,10,7,2026-01-26,2026-01-21,RESOLVED_IN_GRACE
FDX20255243311,CUST322096,"May, Ortega and Anderson",Small,2026-01-01,34530,182693,89454,2026-01-11,10,7,2026-01-18,2026-01-12,RESOLVED_IN_GRACE
FDX20258615616,CUST299254,Reed-Tran,Large,2025-12-10,57826,297366,116373,2026-01-04,25,20,2026-01-24,2026-01-13,RESOLVED_IN_GRACE
FDX20251032798,CUST877493,Griffith-Anderson,Mid,2026-01-03,29937,117258,37871,2026-01-18,15,12,2026-01-30,,IN_GRACE
FDX20258165791,CUST223014,"Strong, Cooper and Flores",Large,2025-12-01,13131,64603,34105,2025-12-26,25,20,2026-01-15,,ELIGIBLE
FDX20251870113,CUST883159,Colon Ltd,Mid,2025-12-26,34867,143308,41633,2026-01-10,15,12,2026-01-22,,ELIGIBLE
FDX20256419028,CUST890973,Taylor-Thompson,Mid,2025-12-28,17793,104889,99792,2026-01-12,15,12,2026-01-24,,ELIGIBLE
FDX20258256954,CUST602184,Shields-Moyer,Small,2025-12-26,21108,97872,70498,2026-01-05,10,7,2026-01-12,2026-01-07,RESOLVED_IN_GRACE
FDX20257826244,CUST354377,Yoder-Harris,Small,2025-12-24,46598,179683,100748,2026-01-03,10,7,2026-01-10,,ELIGIBLE
FDX20255597554,CUST829417,Hudson-Stevens,Small,2025-12-26,52449,272805,203990,2026-01-05,10,7,2026-01-12,2026-01-07,RESOLVED_IN_GRACE
FDX20253042084,CUST733760,Kline-Reeves,Small,2025-12-26,17504,63463,58376,2026-01-05,10,7,2026-01-12,,ELIGIBLE
FDX20259695551,CUST837954,"Sims, Cowan and Lee",Mega,2025-12-01,59547,243124,95829,2026-01-05,35,30,2026-02-04,,ELIGIBLE
FDX20258828026,CUST314447,Nichols-Carter,Small,2025-12-29,19777,91519,79030,2026-01-08,10,7,2026-01-15,2026-01-09,RESOLVED_IN_GRACE
FDX20259314364,CUST515898,Bryant-Hill,Small,2026-01-10,23716,69399,44477,2026-01-20,10,7,2026-01-27,,IN_GRACE
FDX20257064491,CUST350956,Gould-Lester,Small,2025-12-26,58095,233643,181436,2026-01-05,10,7,2026-01-12,,IN_GRACE
FDX20259678130,CUST678897,Clark-Fox,Large,2025-12-02,57417,282600,224656,2025-12-27,25,20,2026-01-16,,ELIGIBLE
FDX20251729216,CUST437237,Fowler Ltd,Mid,2025-12-22,10247,51990,22854,2026-01-06,15,12,2026-01-18,,IN_GRACE
FDX20254767293,CUST913185,Jones-Hill,Large,2025-12-01,36588,162762,37578,2025-12-26,25,20,2026-01-15,,ELIGIBLE
FDX20251787936,CUST396809,Harris-Brown,Large,2025-12-07,55494,306464,108585,2026-01-01,25,20,2026-01-21,,ELIGIBLE
FDX20255662942,CUST499152,"Gonzalez, Morgan and Johnson",Small,2026-01-04,54197,179057,89500,2026-01-14,10,7,2026-01-21,,IN_GRACE
FDX20258047472,CUST588899,Murray-Osborne,Small,2026-01-13,45883,152808,106698,2026-01-23,10,7,2026-01-30,2026-01-24,RESOLVED_IN_GRACE
FDX20259932362,CUST659572,Chung-Smith,Small,2025-12-26,26242,80036,69829,2026-01-05,10,7,2026-01-12,2026-01-10,RESOLVED_IN_GRACE
FDX20258530646,CUST780233,Arnold-Chang,Large,2025-12-12,50484,302297,152637,2026-01-06,25,20,2026-01-26,2026-01-12,RESOLVED_IN_GRACE
FDX20256305659,CUST476710,Gordon-Wells,Small,2025-12-27,48375,254957,214033,2026-01-06,10,7,2026-01-13,,ELIGIBLE
FDX20251086558,CUST423404,Arias-Williams,Mid,2026-01-01,26261,141674,86907,2026-01-16,15,12,2026-01-28,2026-01-28,RESOLVED_IN_GRACE
FDX20257574301,CUST374267,Harper-Garcia,Small,2026-01-10,17945,76411,45336,2026-01-20,10,7,2026-01-27,,IN_GRACE
FDX20254264982,CUST477114,Holt-Love,Small,2025-12-30,48904,169410,165855,2026-01-09,10,7,2026-01-16,,ELIGIBLE
FDX20256615431,CUST637727,Mcmillan-Davies,Large,2025-12-13,15629,80529,46391,2026-01-07,25,20,2026-01-27,,IN_GRACE
FDX20252372525,CUST621433,Lynn and Sons,Small,2026-01-09,3111,11203,8718,2026-01-19,10,7,2026-01-26,,ELIGIBLE
FDX20251425670,CUST588640,White-Patrick,Mid,2025-12-22,37971,185246,111137,2026-01-06,15,12,2026-01-18,,IN_GRACE
FDX20254785409,CUST203398,Zimmerman-Myers,Mid,2026-01-03,32274,154120,131551,2026-01-18,15,12,2026-01-30,2026-01-26,RESOLVED_IN_GRACE
FDX20258110523,CUST941814,Powell and Sons,Small,2025-12-24,50789,175578,104949,2026-01-03,10,7,2026-01-10,,ELIGIBLE
FDX20252248902,CUST857505,Preston-Hanna,Small,2025-12-26,36011,102607,60811,2026-01-05,10,7,2026-01-12,2026-01-06,RESOLVED_IN_GRACE
FDX20255194038,CUST592296,Berg-Galvan,Small,2025-12-27,53701,294345,94337,2026-01-06,10,7,2026-01-13,2026-01-08,RESOLVED_IN_GRACE
FDX20254303044,CUST898625,"Washington, Smith and Reid",Small,2026-01-07,48941,272275,122477,2026-01-17,10,7,2026-01-24,2026-01-18,RESOLVED_IN_GRACE
FDX20253759542,CUST980521,Owens-Rosario,Small,2025-12-22,52086,176273,174397,2026-01-01,10,7,2026-01-08,,ELIGIBLE
FDX20256523472,CUST435788,Morse Inc,Small,2026-01-03,47486,177152,65770,2026-01-13,10,7,2026-01-20,,ELIGIBLE
FDX20256214457,CUST312994,Alexander-Gray,Small,2025-12-29,34951,186161,35206,2026-01-08,10,7,2026-01-15,2026-01-15,RESOLVED_IN_GRACE
FDX20252054349,CUST488712,Holden-Johnston,Small,2025-12-26,51588,231666,100197,2026-01-05,10,7,2026-01-12,,ELIGIBLE
FDX20252622794,CUST428122,Smith-Hall,Mega,2025-12-01,24340,92392,57200,2026-01-05,35,30,2026-02-04,,ELIGIBLE
FDX20251467627,CUST534037,Rasmussen-Thomas,Small,2026-01-07,58355,337866,108053,2026-01-17,10,7,2026-01-24,,ELIGIBLE
FDX20259052500,CUST147936,Moore-Taylor,Mid,2025-12-31,34385,133217,70374,2026-01-15,15,12,2026-01-27,2026-01-21,RESOLVED_IN_GRACE
FDX20258246900,CUST689849,Smith-Evans,Large,2025-12-01,25620,100514,34064,2025-12-26,25,20,2026-01-15,,ELIGIBLE
FDX20251403047,CUST332022,Miller-Harrington,Small,2025-12-26,56767,283253,217439,2026-01-05,10,7,2026-01-12,,ELIGIBLE
FDX20256608665,CUST877259,Ford-Williamson,Large,2025-12-01,12260,51509,47568,2025-12-26,25,20,2026-01-15,,IN_GRACE
FDX20255201173,CUST253011,Contreras-Watkins,Mid,2025-12-16,36223,206924,98884,2025-12-31,15,12,2026-01-12,2026-01-02,RESOLVED_IN_GRACE
FDX20255146548,CUST117007,Farley Group,Large,2025-12-14,18623,96745,19094,2026-01-08,25,20,2026-01-28,2026-01-10,RESOLVED_IN_GRACE
FDX20252809265,CUST373441,Vasquez-Lewis,Mid,2025-12-28,59862,210535,150866,2026-01-12,15,12,2026-01-24,2026-01-19,RESOLVED_IN_GRACE
FDX20258945295,CUST680189,"Brown, Hayden and Krueger",Small,2025-12-29,16223,42391,22875,2026-01-08,10,7,2026-01-15,,ELIGIBLE
FDX20254999003,CUST712401,Miles-Avery,Small,2026-01-01,11888,62821,21761,2026-01-11,10,7,2026-01-18,,IN_GRACE
FDX20256717708,CUST707275,Key PLC,Mid,2025-12-14,29752,136618,54758,2025-12-29,15,12,2026-01-10,,ELIGIBLE
FDX20251913231,CUST854987,"Hubbard, Thompson and Barker",Small,2025-12-22,22889,96905,24078,2026-01-01,10,7,2026-01-08,,IN_GRACE
FDX20256596685,CUST537862,Green-Campbell,Small,2025-12-26,21708,112829,97673,2026-01-05,10,7,2026-01-12,2026-01-12,RESOLVED_IN_GRACE
FDX20259718700,CUST409531,Ross-Norton,Large,2025-12-14,50980,270754,150674,2026-01-08,25,20,2026-01-28,2026-01-20,RESOLVED_IN_GRACE
FDX20254971899,CUST259814,Mann-Moore,Small,2025-12-30,30534,89476,58493,2026-01-09,10,7,2026-01-16,2026-01-16,RESOLVED_IN_GRACE
FDX20252223240,CUST305721,Boyd-Herring,Mega,2025-12-01,53483,265760,206631,2026-01-05,35,30,2026-02-04,,ELIGIBLE
FDX20258357303,CUST445888,"Mcintyre, Williams and West",Small,2025-12-27,48279,235171,219785,2026-01-06,10,7,2026-01-13,,ELIGIBLE
FDX20252605088,CUST341192,Riley-Stewart,Mid,2025-12-25,10627,32621,17006,2026-01-09,15,12,2026-01-21,,ELIGIBLE
FDX20258490291,CUST498290,Daniels LLC,Small,2026-01-03,11183,51988,15094,2026-01-13,10,7,2026-01-20,,ELIGIBLE
FDX20253094239,CUST697467,Mckee Ltd,Small,2026-01-05,35874,144450,58499,2026-01-15,10,7,2026-01-22,,ELIGIBLE
FDX20252435034,CUST973844,Young-Doyle,Small,2026-01-01,57234,284615,164131,2026-01-11,10,7,2026-01-18,,IN_GRACE
FDX20252018157,CUST357666,"Mclean, Mack and Farmer",Small,2026-01-04,36643,132728,87228,2026-01-14,10,7,2026-01-21,,ELIGIBLE
FDX20251559414,CUST623555,Barry LLC,Small,2025-12-27,20647,79184,40180,2026-01-06,10,7,2026-01-13,,IN_GRACE
FDX20257331639,CUST677390,Rosales-Vazquez,Small,2026-01-13,30221,126224,36845,2026-01-23,10,7,2026-01-30,2026-01-29,RESOLVED_IN_GRACE
FDX20256255956,CUST786406,Burns-Cole,Large,2025-12-10,46069,252496,187172,2026-01-04,25,20,2026-01-24,,ELIGIBLE
FDX20252090992,CUST818113,Diaz-Wagner,Mid,2026-01-03,12958,46216,14287,2026-01-18,15,12,2026-01-30,,ELIGIBLE
FDX20253139695,CUST453961,Johnston-Miller,Mid,2025-12-24,39289,142786,86671,2026-01-08,15,12,2026-01-20,,ELIGIBLE
FDX20252040224,CUST369826,Williams-Chen,Mid,2025-12-14,37176,150528,60387,2025-12-29,15,12,2026-01-10,2026-01-07,RESOLVED_IN_GRACE
FDX20258414160,CUST900441,Hernandez-Brown,Small,2026-01-05,40689,177607,144251,2026-01-15,10,7,2026-01-22,2026-01-19,RESOLVED_IN_GRACE
FDX20251919204,CUST961501,Duke-Wells,Mid,2025-12-14,58851,321290,170769,2025-12-29,15,12,2026-01-10,,ELIGIBLE
FDX20256057845,CUST612356,"Bean, Powell and Gardner",Large,2025-12-10,27251,95565,37479,2026-01-04,25,20,2026-01-24,,IN_GRACE
FDX20258245056,CUST858705,"Marsh, Hunter and White",Mid,2025-12-21,27493,95255,59485,2026-01-05,15,12,2026-01-17,,ELIGIBLE
FDX20252103777,CUST772865,Koch Ltd,Small,2025-12-26,2577,11250,8924,2026-01-05,10,7,2026-01-12,,ELIGIBLE
FDX20252708383,CUST875520,Palmer-Nunez,Small,2025-12-24,4244,12299,8086,2026-01-03,10,7,2026-01-10,,ELIGIBLE
FDX20251936000,CUST614426,Lam Ltd,Small,2026-01-11,11834,55414,21811,2026-01-21,10,7,2026-01-28,,IN_GRACE
FDX20251875823,CUST583214,Hammond-Kent,Small,2025-12-30,35195,188845,38938,2026-01-09,10,7,2026-01-16,,IN_GRACE
FDX20255947882,CUST276405,Moore-Baker,Large,2025-12-13,16941,55949,43497,2026-01-07,25,20,2026-01-27,,IN_GRACE
FDX20257399761,CUST868367,Gibson-Sullivan,Large,2025-12-16,21920,61235,55708,2026-01-10,25,20,2026-01-30,2026-01-20,RESOLVED_IN_GRACE
FDX20257739123,CUST933592,"Lara, Cruz and Irwin",Small,2025-12-26,52807,306995,183776,2026-01-05,10,7,2026-01-12,,IN_GRACE
FDX20252607764,CUST469283,Stanley-Woods,Large,2025-12-01,19934,60417,25852,2025-12-26,25,20,2026-01-15,2026-01-09,RESOLVED_IN_GRACE
FDX20257897247,CUST277487,Cohen-Gilbert,Small,2026-01-05,54388,198764,121005,2026-01-15,10,7,2026-01-22,,ELIGIBLE
FDX20254910970,CUST246757,Yu-Lang,Mega,2025-12-01,57417,314459,242848,2026-01-05,35,30,2026-02-04,2026-01-13,RESOLVED_IN_GRACE
FDX20251177948,CUST855303,Proctor-Ramirez,Mid,2025-12-21,57759,322605,75883,2026-01-05,15,12,2026-01-17,2026-01-09,RESOLVED_IN_GRACE
FDX20258606978,CUST673095,Meyers LLC,Large,2025-12-14,7727,21317,19414,2026-01-08,25,20,2026-01-28,2026-01-12,RESOLVED_IN_GRACE
FDX20257441109,CUST612036,"Munoz, Fisher and Romero",Small,2026-01-01,26940,121358,57724,2026-01-11,10,7,2026-01-18,,ELIGIBLE
FDX20258788136,CUST292988,"Hoffman, Reese and Lopez",Large,2025-12-08,51871,228071,164994,2026-01-02,25,20,2026-01-22,,ELIGIBLE
FDX20258182422,CUST668471,Bennett-Stewart,Mid,2026-01-01,13225,42478,30400,2026-01-16,15,12,2026-01-28,2026-01-21,RESOLVED_IN_GRACE
FDX20252699161,CUST772985,Mcguire-Morris,Mid,2025-12-22,25278,104896,65389,2026-01-06,15,12,2026-01-18,2026-01-08,RESOLVED_IN_GRACE
FDX20256697818,CUST161585,Walker-Kane,Mid,2025-12-16,20512,51628,37991,2025-12-31,15,12,2026-01-12,,ELIGIBLE
FDX20251435739,CUST649395,Wilkerson and Sons,Mega,2025-12-01,43158,194740,162096,2026-01-05,35,30,2026-02-04,,IN_GRACE
FDX20258618143,CUST135466,Weber-Holmes,Mid,2025-12-12,41825,203747,81739,2025-12-27,15,12,2026-01-08,,IN_GRACE
FDX20259677392,CUST979827,Davis-Paul,Large,2025-12-07,12171,68106,35239,2026-01-01,25,20,2026-01-21,2026-01-04,RESOLVED_IN_GRACE
FDX20256506176,CUST987826,Johnson-Gentry,Small,2026-01-09,51556,156177,134636,2026-01-19,10,7,2026-01-26,,ELIGIBLE
FDX20254229300,CUST177941,Oliver Ltd,Large,2025-12-07,1620,8239,4177,2026-01-01,25,20,2026-01-21,,ELIGIBLE
FDX20252812049,CUST957730,"Summers, Abbott and Price",Small,2025-12-27,36040,146066,46499,2026-01-06,10,7,2026-01-13,,ELIGIBLE
FDX20252722846,CUST800674,Hickman-Maxwell,Small,2025-12-30,3884,15979,15862,2026-01-09,10,7,2026-01-16,2026-01-16,RESOLVED_IN_GRACE
FDX20251206168,CUST150871,Nguyen-Harmon,Small,2025-12-26,28669,169642,40140,2026-01-05,10,7,2026-01-12,2026-01-11,RESOLVED_IN_GRACE
FDX20252133208,CUST901467,Mccoy-Nichols,Large,2025-12-12,44742,127618,68683,2026-01-06,25,20,2026-01-26,,ELIGIBLE
FDX20254248312,CUST106693,Robles-Walker,Small,2026-01-09,58274,247781,59880,2026-01-19,10,7,2026-01-26,,ELIGIBLE
FDX20253113620,CUST532424,Jackson-Davis,Small,2026-01-04,20911,107175,98392,2026-01-14,10,7,2026-01-21,2026-01-15,RESOLVED_IN_GRACE
FDX20259537891,CUST244170,"Nunez, Keller and Smith",Small,2026-01-10,43255,135374,101214,2026-01-20,10,7,2026-01-27,,ELIGIBLE
FDX20255299767,CUST983472,Chase Ltd,Mid,2025-12-16,18660,86789,62634,2025-12-31,15,12,2026-01-12,,IN_GRACE
FDX20256962475,CUST761338,Hooper-Cook,Small,2026-01-04,14558,69891,68907,2026-01-14,10,7,2026-01-21,2026-01-20,RESOLVED_IN_GRACE
FDX20258063325,CUST342675,Ward-Monroe,Small,2025-12-26,42411,133801,92183,2026-01-05,10,7,2026-01-12,,ELIGIBLE
FDX20259076540,CUST171269,James-Obrien,Small,2025-12-30,59906,184917,178070,2026-01-09,10,7,2026-01-16,,ELIGIBLE
FDX20258459558,CUST841521,Lowe-Williams,Small,2025-12-24,21964,91276,31478,2026-01-03,10,7,2026-01-10,,ELIGIBLE
FDX20254119277,CUST258366,Hawkins-Russell,Small,2026-01-10,3066,14487,9437,2026-01-20,10,7,2026-01-27,,ELIGIBLE
FDX20255079421,CUST109585,Ruiz-Terry,Small,2025-12-24,42557,235263,185606,2026-01-03,10,7,2026-01-10,,ELIGIBLE
FDX20253309764,CUST329344,Pierce-Smith,Small,2026-01-13,37174,130669,79044,2026-01-23,10,7,2026-01-30,,ELIGIBLE
FDX20251739385,CUST630299,Lewis-Hansen,Small,2026-01-01,32343,109804,51676,2026-01-11,10,7,2026-01-18,,ELIGIBLE
FDX20252014873,CUST578160,Webb-Hammond,Mid,2025-12-19,6490,30334,17930,2026-01-03,15,12,2026-01-15,,ELIGIBLE
FDX20253142127,CUST491329,Martinez-Jones,Small,2026-01-09,5168,18742,16363,2026-01-19,10,7,2026-01-26,2026-01-22,RESOLVED_IN_GRACE
FDX20256228902,CUST163386,Adams-Wood,Small,2025-12-27,11518,42653,36886,2026-01-06,10,7,2026-01-13,,ELIGIBLE
FDX20258312318,CUST747847,White-Hall,Mid,2025-12-17,35895,164741,61459,2026-01-01,15,12,2026-01-13,,IN_GRACE
FDX20259608821,CUST768706,Aguilar and Sons,Mega,2025-12-01,24211,95402,57535,2026-01-05,35,30,2026-02-04,,IN_GRACE
FDX20257001942,CUST799143,Harrison-Jordan,Small,2025-12-22,57018,146211,117431,2026-01-01,10,7,2026-01-08,,IN_GRACE
FDX20256220872,CUST746467,Velasquez Inc,Small,2026-01-10,6498,18462,17020,2026-01-20,10,7,2026-01-27,2026-01-21,RESOLVED_IN_GRACE
FDX20253443176,CUST606676,Turner-White,Mid,2025-12-26,46524,237959,91491,2026-01-10,15,12,2026-01-22,2026-01-20,RESOLVED_IN_GRACE
FDX20253473113,CUST791309,Duncan-Chapman,Large,2025-12-14,35304,137393,38446,2026-01-08,25,20,2026-01-28,2026-01-14,RESOLVED_IN_GRACE
FDX20258877301,CUST611552,Green-Keith,Mid,2025-12-17,17483,87040,20829,2026-01-01,15,12,2026-01-13,2026-01-07,RESOLVED_IN_GRACE
FDX20256178697,CUST116495,Anderson-Cole,Small,2026-01-13,43357,116369,99147,2026-01-23,10,7,2026-01-30,2026-01-27,RESOLVED_IN_GRACE
FDX20256752912,CUST106933,Wells-Massey,Small,2026-01-09,30631,88935,47184,2026-01-19,10,7,2026-01-26,2026-01-24,RESOLVED_IN_GRACE
FDX20255883242,CUST658065,"Adams, Russell and Hahn",Mid,2025-12-22,23770,90093,52917,2026-01-06,15,12,2026-01-18,,ELIGIBLE
FDX20257187940,CUST678440,Fowler-Harris,Mid,2026-01-01,44560,163619,146298,2026-01-16,15,12,2026-01-28,,IN_GRACE
FDX20251135590,CUST531319,Phillips-Harrison,Large,2025-12-01,9499,56489,14779,2025-12-26,25,20,2026-01-15,,IN_GRACE
FDX20259685239,CUST112426,Smith-Hart,Small,2026-01-13,18193,75306,55870,2026-01-23,10,7,2026-01-30,,IN_GRACE
FDX20253425991,CUST117538,Evans-Pollard,Mid,2025-12-31,51330,211369,144871,2026-01-15,15,12,2026-01-27,,IN_GRACE
FDX20251961630,CUST655134,Ruiz-Hall,Mid,2025-12-16,18242,93809,26891,2025-12-31,15,12,2026-01-12,,IN_GRACE
FDX20254982698,CUST857273,Bradford-Shannon,Small,2026-01-10,12687,68607,65092,2026-01-20,10,7,2026-01-27,,ELIGIBLE
FDX20259507858,CUST388086,Barnes-Bowen,Mega,2025-12-01,58278,290504,240468,2026-01-05,35,30,2026-02-04,2026-01-11,RESOLVED_IN_GRACE
FDX20251916158,CUST661762,Ruiz-Wilson,Mid,2025-12-16,20682,75006,30945,2025-12-31,15,12,2026-01-12,,ELIGIBLE
FDX20258081010,CUST400614,Jones-Carter,Small,2026-01-04,1879,11111,4826,2026-01-14,10,7,2026-01-21,,ELIGIBLE
FDX20256768277,CUST117975,Medina-Rodriguez,Mega,2025-12-01,34769,174933,53702,2026-01-05,35,30,2026-02-04,,ELIGIBLE
FDX20254278387,CUST626611,"Harding, Mitchell and Decker",Small,2025-12-26,24866,147830,48589,2026-01-05,10,7,2026-01-12,2026-01-06,RESOLVED_IN_GRACE
FDX20254361682,CUST952657,Cain-Gomez,Small,2026-01-13,34858,164020,147517,2026-01-23,10,7,2026-01-30,,ELIGIBLE
FDX20254376603,CUST831758,"Tanner, Holt and Ortiz",Small,2026-01-05,46068,208025,82425,2026-01-15,10,7,2026-01-22,2026-01-16,RESOLVED_IN_GRACE
FDX20252147624,CUST806774,Martin-Miller,Mid,2026-01-03,56861,257623,159746,2026-01-18,15,12,2026-01-30,,IN_GRACE
FDX20256730290,CUST551488,Taylor-Austin,Mega,2025-12-01,37383,93926,45260,2026-01-05,35,30,2026-02-04,2026-02-01,RESOLVED_IN_GRACE
FDX20254176859,CUST945328,Graham-Elliott,Small,2026-01-13,11849,56954,51647,2026-01-23,10,7,2026-01-30,2026-01-27,RESOLVED_IN_GRACE
FDX20258981342,CUST287974,Holt-Rogers,Large,2025-12-14,12395,52886,15376,2026-01-08,25,20,2026-01-28,,ELIGIBLE
FDX20258841710,CUST212214,Allen-Lynch,Small,2025-12-22,57273,229062,72227,2026-01-01,10,7,2026-01-08,2026-01-05,RESOLVED_IN_GRACE
FDX20256555698,CUST200992,Hughes-Jones,Small,2025-12-26,49778,184206,85395,2026-01-05,10,7,2026-01-12,2026-01-08,RESOLVED_IN_GRACE
FDX20256631448,CUST649857,Chapman-Warren,Large,2025-12-14,50641,283925,67249,2026-01-08,25,20,2026-01-28,,IN_GRACE
FDX20256026983,CUST256130,"Gates, Lawrence and Smith",Mid,2025-12-19,16683,99863,95429,2026-01-03,15,12,2026-01-15,2026-01-08,RESOLVED_IN_GRACE
FDX20258024541,CUST352674,Jones-Clayton,Large,2025-12-02,17137,46392,25232,2025-12-27,25,20,2026-01-16,2026-01-02,RESOLVED_IN_GRACE
FDX20256513312,CUST301255,"Baker, Brown and Morrow",Large,2025-12-13,25445,69618,36480,2026-01-07,25,20,2026-01-27,2026-01-23,RESOLVED_IN_GRACE
FDX20253722606,CUST749887,Hamilton Group,Small,2025-12-31,17923,84151,70015,2026-01-10,10,7,2026-01-17,,ELIGIBLE
FDX20252759055,CUST652029,Zimmerman-Roman,Small,2025-12-31,54851,176962,158178,2026-01-10,10,7,2026-01-17,,ELIGIBLE
FDX20258621924,CUST364679,Gibbs-Cardenas,Large,2025-12-01,17209,79797,32305,2025-12-26,25,20,2026-01-15,2026-01-12,RESOLVED_IN_GRACE
FDX20251707866,CUST954814,Mullins-Rowland,Large,2025-12-04,19962,88661,26158,2025-12-29,25,20,2026-01-18,,ELIGIBLE
FDX20259320336,CUST471658,Freeman-Garcia,Large,2025-12-16,51221,306092,271366,2026-01-10,25,20,2026-01-30,,ELIGIBLE
FDX20254681019,CUST380310,Roberts-Gardner,Mid,2026-01-01,16702,73332,58799,2026-01-16,15,12,2026-01-28,,ELIGIBLE
FDX20251062026,CUST933551,Armstrong-Butler,Mid,2025-12-12,27254,114636,60925,2025-12-27,15,12,2026-01-08,,IN_GRACE
FDX20254741740,CUST516176,Morgan-Weaver,Small,2025-12-22,15294,77302,53569,2026-01-01,10,7,2026-01-08,2026-01-06,RESOLVED_IN_GRACE
FDX20254863356,CUST182857,Phillips-Mejia,Small,2026-01-13,18933,67564,66862,2026-01-23,10,7,2026-01-30,2026-01-28,RESOLVED_IN_GRACE
FDX20258827187,CUST491172,"Manning, Fry and Cooper",Small,2025-12-30,51144,221278,188650,2026-01-09,10,7,2026-01-16,2026-01-10,RESOLVED_IN_GRACE
FDX20254575870,CUST525750,Good-Skinner,Small,2025-12-22,14022,49785,15745,2026-01-01,10,7,2026-01-08,2026-01-06,RESOLVED_IN_GRACE
FDX20255010074,CUST581294,Rush-Hall,Large,2025-12-16,28427,155027,61805,2026-01-10,25,20,2026-01-30,,IN_GRACE
FDX20259065582,CUST692447,"Vasquez, Hill and West",Small,2025-12-31,55313,163455,92993,2026-01-10,10,7,2026-01-17,2026-01-15,RESOLVED_IN_GRACE
FDX20256561900,CUST355021,Lee-Rhodes,Small,2025-12-31,28465,157061,60681,2026-01-10,10,7,2026-01-17,,IN_GRACE
FDX20257306753,CUST831105,Martinez-Smith,Small,2026-01-03,55861,173217,133296,2026-01-13,10,7,2026-01-20,2026-01-19,RESOLVED_IN_GRACE
FDX20254444636,CUST336828,Hill-Gregory,Small,2026-01-13,4567,19860,9798,2026-01-23,10,7,2026-01-30,,ELIGIBLE
FDX20257716130,CUST414546,Anderson-Jones,Large,2025-12-14,54724,142145,98331,2026-01-08,25,20,2026-01-28,2026-01-10,RESOLVED_IN_GRACE
FDX20254091109,CUST817269,"Mahoney, Smith and Weiss",Mid,2025-12-17,50910,198678,184906,2026-01-01,15,12,2026-01-13,2026-01-09,RESOLVED_IN_GRACE
FDX20251112833,CUST968286,Donaldson-Kelly,Large,2025-12-01,44805,139748,88659,2025-12-26,25,20,2026-01-15,2026-01-14,RESOLVED_IN_GRACE
FDX20257087061,CUST989053,Bell LLC,Large,2025-12-01,3317,13452,5248,2025-12-26,25,20,2026-01-15,,ELIGIBLE
FDX20251165961,CUST184532,"Copeland, Campbell and Hardy",Small,2026-01-13,38009,127857,65718,2026-01-23,10,7,2026-01-30,,ELIGIBLE
FDX20252237003,CUST785491,Velasquez-Walker,Large,2025-12-06,32080,144192,54414,2025-12-31,25,20,2026-01-20,,ELIGIBLE
FDX20257004341,CUST999908,Rice-Bennett,Mid,2025-12-30,8366,22859,18430,2026-01-14,15,12,2026-01-26,,ELIGIBLE
FDX20251503611,CUST781463,Hayden Group,Mid,2025-12-22,4906,28101,13200,2026-01-06,15,12,2026-01-18,2026-01-11,RESOLVED_IN_GRACE
FDX20252932555,CUST896483,Hopkins-Williams,Mid,2025-12-26,18352,76716,55864,2026-01-10,15,12,2026-01-22,,ELIGIBLE
FDX20253389108,CUST133223,Andersen and Sons,Mid,2025-12-20,46777,177629,121225,2026-01-04,15,12,2026-01-16,,IN_GRACE
FDX20255875059,CUST198042,Moore-Thompson,Mid,2025-12-24,8526,43984,13226,2026-01-08,15,12,2026-01-20,,ELIGIBLE
FDX20258388822,CUST524965,Newton-Bennett,Small,2026-01-05,32411,97394,64158,2026-01-15,10,7,2026-01-22,,ELIGIBLE
FDX20254261548,CUST497687,Jones-Barrett,Mid,2025-12-19,17977,100916,19272,2026-01-03,15,12,2026-01-15,,ELIGIBLE
FDX20257038275,CUST495490,Steele-Wilson,Mid,2026-01-03,3437,11875,7634,2026-01-18,15,12,2026-01-30,,IN_GRACE
FDX20251736600,CUST679549,Bush-Harris,Mid,2025-12-24,24866,113870,94055,2026-01-08,15,12,2026-01-20,2026-01-19,RESOLVED_IN_GRACE
FDX20251498041,CUST599127,Hernandez-Edwards,Mid,2026-01-01,59805,281665,240109,2026-01-16,15,12,2026-01-28,,ELIGIBLE
FDX20254340727,CUST158840,Rodgers-Rowland,Large,2025-12-01,19656,101061,62851,2025-12-26,25,20,2026-01-15,,ELIGIBLE
FDX20254318952,CUST767678,Orr-Gray,Large,2025-12-03,45684,241812,100238,2025-12-28,25,20,2026-01-17,,ELIGIBLE
FDX20255766421,CUST109909,"Wiggins, Moore and Davis",Small,2025-12-27,32882,120710,69337,2026-01-06,10,7,2026-01-13,,ELIGIBLE
FDX20253921695,CUST836986,"Pope, Reid and Holt",Mid,2025-12-26,40747,201051,146878,2026-01-10,15,12,2026-01-22,,ELIGIBLE
FDX20254673288,CUST279708,Tran-Palmer,Small,2026-01-07,26209,66165,55207,2026-01-17,10,7,2026-01-24,,ELIGIBLE
FDX20255395611,CUST186702,Harvey LLC,Mid,2025-12-31,10353,40242,23255,2026-01-15,15,12,2026-01-27,2026-01-22,RESOLVED_IN_GRACE
FDX20253924009,CUST624139,Villanueva-Patrick,Small,2025-12-26,49315,138504,87612,2026-01-05,10,7,2026-01-12,,ELIGIBLE
FDX20256701191,CUST986392,Schmidt-Williams,Small,2026-01-03,57284,266408,126310,2026-01-13,10,7,2026-01-20,2026-01-14,RESOLVED_IN_GRACE
FDX20255126595,CUST554987,Andrews-Perry,Small,2025-12-27,11198,28432,14659,2026-01-06,10,7,2026-01-13,2026-01-11,RESOLVED_IN_GRACE
FDX20253995428,CUST776234,"Ellis, Crawford and Gomez",Small,2026-01-01,1603,5587,3390,2026-01-11,10,7,2026-01-18,2026-01-16,RESOLVED_IN_GRACE
FDX20254288125,CUST922478,Smith-Fernandez,Small,2026-01-04,40442,156340,106118,2026-01-14,10,7,2026-01-21,2026-01-20,RESOLVED_IN_GRACE
FDX20251360576,CUST447362,Cannon-Alexander,Small,2026-01-07,11582,52258,20282,2026-01-17,10,7,2026-01-24,,ELIGIBLE
FDX20253954088,CUST693343,Mcconnell-Baxter,Large,2025-12-07,53307,273115,231140,2026-01-01,25,20,2026-01-21,2026-01-20,RESOLVED_IN_GRACE
FDX20255392083,CUST999636,Brady-Arroyo,Mid,2025-12-24,42469,180106,43713,2026-01-08,15,12,2026-01-20,2026-01-13,RESOLVED_IN_GRACE
FDX20252697690,CUST199994,Davis-Harris,Small,2026-01-01,15652,77197,31843,2026-01-11,10,7,2026-01-18,2026-01-18,RESOLVED_IN_GRACE
FDX20251352216,CUST653815,Keller-Finley,Small,2026-01-13,25421,78883,51776,2026-01-23,10,7,2026-01-30,,ELIGIBLE
FDX20253302564,CUST144618,Gilmore-Barker,Small,2025-12-31,2693,8972,5936,2026-01-10,10,7,2026-01-17,2026-01-15,RESOLVED_IN_GRACE
FDX20257357268,CUST340927,Lutz-Murray,Small,2025-12-26,52235,216729,178890,2026-01-05,10,7,2026-01-12,2026-01-09,RESOLVED_IN_GRACE
FDX20252861751,CUST321686,Bowers and Sons,Small,2025-12-30,25975,82290,71190,2026-01-09,10,7,2026-01-16,,IN_GRACE
FDX20256677129,CUST825916,Allen-Contreras,Mid,2025-12-21,29717,129176,103201,2026-01-05,15,12,2026-01-17,,ELIGIBLE
FDX20254527197,CUST694316,Jones-Nunez,Small,2026-01-11,20483,57933,34706,2026-01-21,10,7,2026-01-28,,IN_GRACE
FDX20256118265,CUST598598,Mcdowell-Coleman,Mid,2026-01-03,45175,138796,101189,2026-01-18,15,12,2026-01-30,,ELIGIBLE
FDX20258653827,CUST384263,Johnson-Vaughn,Small,2026-01-05,14364,62149,45158,2026-01-15,10,7,2026-01-22,,IN_GRACE
FDX20255029047,CUST148823,"Herman, Zuniga and Anderson",Mega,2025-12-01,35791,98586,65933,2026-01-05,35,30,2026-02-04,2026-01-16,RESOLVED_IN_GRACE
FDX20257201541,CUST177959,Lucero LLC,Mid,2025-12-16,11295,45382,15689,2025-12-31,15,12,2026-01-12,,ELIGIBLE
FDX20257247000,CUST817675,Walker-Allen,Mid,2025-12-28,17785,66633,33782,2026-01-12,15,12,2026-01-24,,ELIGIBLE
FDX20253874940,CUST393992,Pittman PLC,Small,2026-01-09,33447,134141,68526,2026-01-19,10,7,2026-01-26,2026-01-21,RESOLVED_IN_GRACE
FDX20259840363,CUST669408,Reynolds-Keller,Small,2025-12-31,41464,238701,101766,2026-01-10,10,7,2026-01-17,,ELIGIBLE
FDX20258276581,CUST690882,Hale-Miles,Small,2026-01-10,51036,288356,108763,2026-01-20,10,7,2026-01-27,2026-01-21,RESOLVED_IN_GRACE
FDX20252096852,CUST790077,Burgess-Munoz,Large,2025-12-04,15209,78924,65204,2025-12-29,25,20,2026-01-18,,IN_GRACE
FDX20252987988,CUST134500,Porter LLC,Mega,2025-12-01,24955,93887,73018,2026-01-05,35,30,2026-02-04,,ELIGIBLE
FDX20253423170,CUST288066,Watkins and Sons,Small,2026-01-04,10389,51998,13126,2026-01-14,10,7,2026-01-21,2026-01-19,RESOLVED_IN_GRACE
FDX20253194370,CUST991737,Walker-Beard,Mid,2026-01-03,44325,251661,134954,2026-01-18,15,12,2026-01-30,,ELIGIBLE
FDX20254181650,CUST429761,Hartman-Cortez,Mid,2025-12-14,13834,46436,33497,2025-12-29,15,12,2026-01-10,,ELIGIBLE
FDX20254215878,CUST116418,Jordan PLC,Small,2026-01-10,54308,282270,273639,2026-01-20,10,7,2026-01-27,2026-01-24,RESOLVED_IN_GRACE
FDX20259934785,CUST317221,Coleman-Farley,Small,2026-01-04,59149,209931,135244,2026-01-14,10,7,2026-01-21,,IN_GRACE
FDX20257345068,CUST715551,Thomas-Garcia,Mid,2025-12-14,47690,127140,59878,2025-12-29,15,12,2026-01-10,,ELIGIBLE
FDX20257278962,CUST251195,"Ray, Johnson and Griffin",Small,2026-01-09,7010,25846,23028,2026-01-19,10,7,2026-01-26,2026-01-26,RESOLVED_IN_GRACE
FDX20256334342,CUST888795,Pennington-Velasquez,Mid,2025-12-17,48673,201525,168026,2026-01-01,15,12,2026-01-13,2026-01-07,RESOLVED_IN_GRACE
FDX20258206488,CUST960556,Villanueva-Moore,Large,2025-12-01,19347,112519,45784,2025-12-26,25,20,2026-01-15,2026-01-10,RESOLVED_IN_GRACE
FDX20255102862,CUST847332,Cummings-Short,Mid,2025-12-19,57612,265458,67295,2026-01-03,15,12,2026-01-15,,IN_GRACE
FDX20251775026,CUST960778,Smith-Morrison,Mid,2025-12-22,19552,54103,46881,2026-01-06,15,12,2026-01-18,,ELIGIBLE
FDX20254172607,CUST517643,Robinson-Love,Small,2026-01-11,31569,148915,40462,2026-01-21,10,7,2026-01-28,,ELIGIBLE
FDX20259983668,CUST180674,Jensen Ltd,Mid,2025-12-19,41028,183842,136604,2026-01-03,15,12,2026-01-15,,ELIGIBLE
FDX20255935567,CUST413814,Davenport-Woods,Mid,2025-12-21,55428,240638,143611,2026-01-05,15,12,2026-01-17,,ELIGIBLE
FDX20253492539,CUST270341,Kent-Rogers,Small,2026-01-03,39180,223589,157333,2026-01-13,10,7,2026-01-20,2026-01-15,RESOLVED_IN_GRACE
FDX20256497568,CUST691353,Banks-Jones,Small,2026-01-09,41450,204536,66115,2026-01-19,10,7,2026-01-26,,ELIGIBLE
FDX20255146852,CUST352153,Harris Ltd,Small,2025-12-26,52604,139720,139547,2026-01-05,10,7,2026-01-12,2026-01-07,RESOLVED_IN_GRACE
FDX20251893537,CUST694223,Rogers-Brown,Large,2025-12-03,52179,310583,117929,2025-12-28,25,20,2026-01-17,,ELIGIBLE
FDX20255698850,CUST975194,Roth-Long,Mid,2025-12-16,2891,12848,10593,2025-12-31,15,12,2026-01-12,2026-01-04,RESOLVED_IN_GRACE
FDX20253121622,CUST990704,Warren-Sanchez,Small,2026-01-09,27810,140491,139079,2026-01-19,10,7,2026-01-26,,ELIGIBLE
FDX20259527346,CUST508060,Smith-Duran,Small,2025-12-22,49295,275426,74610,2026-01-01,10,7,2026-01-08,,ELIGIBLE
FDX20259203901,CUST809922,Long-Cain,Large,2025-12-01,4854,12796,7257,2025-12-26,25,20,2026-01-15,,ELIGIBLE
FDX20254510423,CUST666820,Mccormick-Fields,Large,2025-12-06,54607,165223,147112,2025-12-31,25,20,2026-01-20,2026-01-16,RESOLVED_IN_GRACE
FDX20252365794,CUST447843,Mejia Ltd,Mid,2025-12-31,59411,230780,171953,2026-01-15,15,12,2026-01-27,,ELIGIBLE
FDX20258896486,CUST502491,Bond and Sons,Small,2025-12-22,42453,178985,98703,2026-01-01,10,7,2026-01-08,,ELIGIBLE
FDX20252088389,CUST892313,Owen-Decker,Small,2026-01-03,3577,16704,15265,2026-01-13,10,7,2026-01-20,2026-01-15,RESOLVED_IN_GRACE
FDX20253809068,CUST875679,Gordon-Melton,Small,2025-12-31,54264,162942,144009,2026-01-10,10,7,2026-01-17,,ELIGIBLE
FDX20259533123,CUST246748,Atkins-Mercado,Small,2025-12-31,34455,172675,167165,2026-01-10,10,7,2026-01-17,,ELIGIBLE
FDX20257511503,CUST928897,Hickman-Anderson,Large,2025-12-04,31405,165249,150398,2025-12-29,25,20,2026-01-18,,ELIGIBLE
FDX20259542262,CUST822794,Olson-Swanson,Mid,2025-12-30,54051,153045,142843,2026-01-14,15,12,2026-01-26,,ELIGIBLE
FDX20257279143,CUST859340,Burgess-Castillo,Small,2025-12-30,48614,232774,199654,2026-01-09,10,7,2026-01-16,,IN_GRACE
FDX20259364914,CUST182237,Hall-Rodriguez,Large,2025-12-02,40047,126558,90798,2025-12-27,25,20,2026-01-16,,ELIGIBLE
FDX20259705569,CUST625119,Mcpherson-Gilmore,Mid,2025-12-26,22489,122583,83122,2026-01-10,15,12,2026-01-22,,ELIGIBLE
FDX20258789112,CUST881667,Ford-Robinson,Small,2026-01-01,13364,48588,40245,2026-01-11,10,7,2026-01-18,,IN_GRACE
FDX20254003096,CUST462659,Wagner Group,Large,2025-12-07,17703,64455,22299,2026-01-01,25,20,2026-01-21,,ELIGIBLE
FDX20256399296,CUST156304,Gordon-Ferguson,Mid,2025-12-30,9280,24250,13600,2026-01-14,15,12,2026-01-26,,ELIGIBLE
FDX20257272644,CUST202430,"Becker, Duncan and Day",Small,2025-12-24,36760,204492,123742,2026-01-03,10,7,2026-01-10,,ELIGIBLE
FDX20259816018,CUST558320,"Sexton, Nelson and Jordan",Large,2025-12-08,30313,148649,123882,2026-01-02,25,20,2026-01-22,,ELIGIBLE
FDX20259108379,CUST343420,Rubio PLC,Mid,2025-12-24,28997,131376,43464,2026-01-08,15,12,2026-01-20,,ELIGIBLE
FDX20259301232,CUST979414,Hester-Franco,Small,2026-01-04,11028,52803,32503,2026-01-14,10,7,2026-01-21,,ELIGIBLE
FDX20258948342,CUST179710,Sutton-Anderson,Small,2025-12-27,54532,261388,236522,2026-01-06,10,7,2026-01-13,2026-01-08,RESOLVED_IN_GRACE
FDX20255501921,CUST457137,Lamb-Brown,Mid,2025-12-17,37493,111210,110005,2026-01-01,15,12,2026-01-13,2026-01-04,RESOLVED_IN_GRACE
FDX20257726758,CUST734565,"Lutz, Lang and Harrison",Small,2026-01-09,56616,295378,276834,2026-01-19,10,7,2026-01-26,,IN_GRACE
FDX20251614121,CUST906360,Sellers Group,Mid,2026-01-01,9211,28474,25285,2026-01-16,15,12,2026-01-28,,IN_GRACE
FDX20254476232,CUST743684,Lee-Wilson,Mid,2025-12-19,51185,275342,214708,2026-01-03,15,12,2026-01-15,2026-01-14,RESOLVED_IN_GRACE
FDX20254683039,CUST724540,Gray-Harris,Mega,2025-12-01,57065,282654,190467,2026-01-05,35,30,2026-02-04,,IN_GRACE
FDX20254405783,CUST515973,Davis-Hall,Mid,2025-12-22,25553,148885,47128,2026-01-06,15,12,2026-01-18,2026-01-11,RESOLVED_IN_GRACE
FDX20258584644,CUST911131,Hayes-Rogers,Large,2025-12-01,39343,115129,92339,2025-12-26,25,20,2026-01-15,,IN_GRACE
FDX20254932320,CUST442230,Payne-Jimenez,Large,2025-12-03,3192,18435,11872,2025-12-28,25,20,2026-01-17,2026-01-07,RESOLVED_IN_GRACE
FDX20257642099,CUST131064,Humphrey-Robles,Mid,2025-12-25,8048,43681,30833,2026-01-09,15,12,2026-01-21,2026-01-20,RESOLVED_IN_GRACE
FDX20254667394,CUST764926,Sanders-Miller,Mid,2025-12-16,38217,183290,134662,2025-12-31,15,12,2026-01-12,,ELIGIBLE
FDX20256133811,CUST386604,Carter-Stephenson,Small,2025-12-26,14168,65907,60912,2026-01-05,10,7,2026-01-12,,ELIGIBLE
FDX20258130700,CUST921609,"Eaton, Odom and Ford",Small,2026-01-07,16370,44969,39509,2026-01-17,10,7,2026-01-24,,ELIGIBLE
FDX20257326402,CUST572436,Cardenas-Collier,Small,2025-12-30,53588,206872,109819,2026-01-09,10,7,2026-01-16,,IN_GRACE
FDX20253637534,CUST614435,"Kelley, Ortiz and Oconnor",Large,2025-12-01,31366,132983,58000,2025-12-26,25,20,2026-01-15,2025-12-30,RESOLVED_IN_GRACE
FDX20257276479,CUST339220,Mcmillan LLC,Small,2025-12-29,36208,132576,84496,2026-01-08,10,7,2026-01-15,2026-01-13,RESOLVED_IN_GRACE
FDX20255270292,CUST473095,Suarez and Sons,Small,2025-12-24,27947,134619,30804,2026-01-03,10,7,2026-01-10,,ELIGIBLE
FDX20252422018,CUST679902,Franco-Jimenez,Mid,2025-12-26,33812,192216,66123,2026-01-10,15,12,2026-01-22,2026-01-17,RESOLVED_IN_GRACE
FDX20253253688,CUST493663,Lane-Wright,Small,2025-12-30,50742,289975,269529,2026-01-09,10,7,2026-01-16,,ELIGIBLE
FDX20252409758,CUST552825,Mendez-Ochoa,Mid,2025-12-14,18241,62331,54117,2025-12-29,15,12,2026-01-10,,ELIGIBLE
FDX20255950084,CUST294760,Haas PLC,Small,2025-12-22,48029,145101,83547,2026-01-01,10,7,2026-01-08,,ELIGIBLE
FDX20258457561,CUST812711,Potter-Myers,Small,2025-12-24,50634,206650,51228,2026-01-03,10,7,2026-01-10,,IN_GRACE
FDX20259704367,CUST714334,Gonzalez-Brooks,Mid,2025-12-25,1813,5016,4870,2026-01-09,15,12,2026-01-21,,ELIGIBLE
FDX20256898448,CUST792764,Ferrell-Herrera,Small,2026-01-10,49618,195277,59110,2026-01-20,10,7,2026-01-27,2026-01-27,RESOLVED_IN_GRACE
FDX20254861738,CUST498535,Hubbard-Everett,Small,2026-01-04,30634,125028,84412,2026-01-14,10,7,2026-01-21,,IN_GRACE
FDX20251690263,CUST189856,Garcia-Garza,Small,2025-12-29,4458,13586,8364,2026-01-08,10,7,2026-01-15,,ELIGIBLE
FDX20258805651,CUST909676,Lee-Day,Small,2026-01-10,52239,162850,58912,2026-01-20,10,7,2026-01-27,2026-01-26,RESOLVED_IN_GRACE
FDX20259594331,CUST748665,Davis-May,Small,2026-01-03,29209,113962,34497,2026-01-13,10,7,2026-01-20,2026-01-17,RESOLVED_IN_GRACE
FDX20256643418,CUST409727,Hansen-Nelson,Mid,2025-12-24,51879,288888,179351,2026-01-08,15,12,2026-01-20,,ELIGIBLE
FDX20258148811,CUST936821,Dean-Garcia,Mid,2026-01-01,11914,68078,38857,2026-01-16,15,12,2026-01-28,,ELIGIBLE
FDX20258569061,CUST358421,Walton-Walker,Mid,2025-12-14,35844,186679,78135,2025-12-29,15,12,2026-01-10,2026-01-01,RESOLVED_IN_GRACE
FDX20258844203,CUST847748,Shannon-Ball,Small,2025-12-30,49536,271116,181473,2026-01-09,10,7,2026-01-16,,ELIGIBLE
FDX20258256240,CUST177077,Kim-Odom,Mid,2025-12-12,44866,198722,124952,2025-12-27,15,12,2026-01-08,,ELIGIBLE
FDX20257861089,CUST186023,Murphy-Hess,Mid,2025-12-24,11583,58674,25092,2026-01-08,15,12,2026-01-20,,IN_GRACE
FDX20257165827,CUST380989,Travis and Sons,Mid,2026-01-01,50169,195513,117965,2026-01-16,15,12,2026-01-28,,ELIGIBLE
FDX20259347387,CUST261712,Macias-Pennington,Small,2025-12-26,40080,227450,191002,2026-01-05,10,7,2026-01-12,2026-01-12,RESOLVED_IN_GRACE
FDX20256318720,CUST498458,Anderson-Baldwin,Large,2025-12-02,50052,282208,89164,2025-12-27,25,20,2026-01-16,,ELIGIBLE
FDX20255580506,CUST846247,Jensen-Matthews,Mid,2025-12-21,58109,243532,88231,2026-01-05,15,12,2026-01-17,,ELIGIBLE
FDX20257415119,CUST921968,"James, Moore and Perez",Mid,2025-12-25,53729,302638,294822,2026-01-09,15,12,2026-01-21,,ELIGIBLE
FDX20251414702,CUST764693,Sullivan-Cruz,Small,2026-01-05,40596,227434,221384,2026-01-15,10,7,2026-01-22,,ELIGIBLE
FDX20254012613,CUST261771,Watson-Kane,Mid,2025-12-17,14273,62620,41002,2026-01-01,15,12,2026-01-13,,ELIGIBLE
FDX20258410303,CUST875584,Duncan-Cannon,Small,2025-12-31,42857,191474,115171,2026-01-10,10,7,2026-01-17,2026-01-14,RESOLVED_IN_GRACE
FDX20254922352,CUST508548,Brooks-Hernandez,Small,2025-12-26,49522,219808,182882,2026-01-05,10,7,2026-01-12,,ELIGIBLE
FDX20255456445,CUST432061,"Wells, Russell and Zamora",Small,2025-12-31,56275,261651,203152,2026-01-10,10,7,2026-01-17,,ELIGIBLE
FDX20252273196,CUST478221,Howard-Townsend,Large,2025-12-01,47522,182607,174482,2025-12-26,25,20,2026-01-15,2025-12-29,RESOLVED_IN_GRACE
FDX20257024579,CUST211726,Nash-Fisher,Mid,2026-01-03,5421,24123,11565,2026-01-18,15,12,2026-01-30,,ELIGIBLE
FDX20252382753,CUST195966,"Barron, Mcdonald and Watson",Mega,2025-12-01,39967,137370,86445,2026-01-05,35,30,2026-02-04,,ELIGIBLE
FDX20255941189,CUST105447,Kennedy-Klein,Mid,2025-12-31,43938,124300,100320,2026-01-15,15,12,2026-01-27,,ELIGIBLE
FDX20259418218,CUST423241,"Chavez, Ayala and Wall",Large,2025-12-02,46929,247231,167407,2025-12-27,25,20,2026-01-16,,ELIGIBLE
FDX20259603205,CUST566339,"Salas, Myers and Carr",Mega,2025-12-01,9388,44691,22170,2026-01-05,35,30,2026-02-04,2026-01-28,RESOLVED_IN_GRACE
FDX20252311290,CUST477400,Gallegos-Thompson,Small,2026-01-03,27799,69762,69426,2026-01-13,10,7,2026-01-20,,ELIGIBLE
FDX20255637641,CUST898329,"Flowers, Mercado and Lee",Large,2025-12-02,8500,36830,17985,2025-12-27,25,20,2026-01-16,2026-01-04,RESOLVED_IN_GRACE
FDX20254820869,CUST382870,Graves-Nguyen,Mega,2025-12-01,47417,123790,81126,2026-01-05,35,30,2026-02-04,,IN_GRACE
FDX20252651030,CUST207197,Page-Evans,Mega,2025-12-01,5515,18957,11252,2026-01-05,35,30,2026-02-04,,ELIGIBLE
FDX20252989574,CUST238943,Sparks-Vance,Small,2025-12-31,26208,73236,29271,2026-01-10,10,7,2026-01-17,,ELIGIBLE
FDX20252197032,CUST191537,Thompson-Matthews,Small,2025-12-26,20735,67685,33906,2026-01-05,10,7,2026-01-12,,ELIGIBLE
FDX20257043772,CUST296494,Hess-Martin,Mid,2025-12-22,8027,33469,30377,2026-01-06,15,12,2026-01-18,2026-01-13,RESOLVED_IN_GRACE
FDX20251642255,CUST551914,Alexander-Long,Small,2026-01-09,56990,272027,178847,2026-01-19,10,7,2026-01-26,,ELIGIBLE
FDX20254360587,CUST570646,Miller-Fletcher,Small,2026-01-04,24576,80794,56052,2026-01-14,10,7,2026-01-21,2026-01-21,RESOLVED_IN_GRACE
FDX20256599527,CUST684041,Velez-Torres,Small,2025-12-30,1539,7433,2444,2026-01-09,10,7,2026-01-16,,ELIGIBLE
FDX20254299177,CUST681687,Hoffman-Cooper,Small,2026-01-07,11707,58619,49433,2026-01-17,10,7,2026-01-24,,ELIGIBLE
FDX20256523752,CUST637333,Lopez-Diaz,Small,2026-01-13,47809,242392,74701,2026-01-23,10,7,2026-01-30,,ELIGIBLE
FDX20255194700,CUST527865,"Noble, Phillips and Johnson",Small,2026-01-13,30275,132044,58192,2026-01-23,10,7,2026-01-30,2026-01-29,RESOLVED_IN_GRACE
FDX20256078724,CUST208310,Brown-Jordan,Mid,2025-12-17,22851,58342,49749,2026-01-01,15,12,2026-01-13,,ELIGIBLE
FDX20255604751,CUST127537,Matthews-Griffith,Mid,2025-12-19,58735,346348,213729,2026-01-03,15,12,2026-01-15,2026-01-06,RESOLVED_IN_GRACE
FDX20254198449,CUST193972,Dunlap-Weiss,Small,2026-01-01,47132,238028,88363,2026-01-11,10,7,2026-01-18,2026-01-16,RESOLVED_IN_GRACE
FDX20253312992,CUST471106,Mcpherson-Kelley,Small,2025-12-30,48731,281076,54895,2026-01-09,10,7,2026-01-16,,ELIGIBLE
FDX20255381125,CUST681141,"Mccall, Rios and Clark",Mega,2025-12-01,46559,193496,101782,2026-01-05,35,30,2026-02-04,,ELIGIBLE
FDX20251143174,CUST197584,"Downs, Bush and Gonzalez",Mid,2025-12-25,35036,159385,117490,2026-01-09,15,12,2026-01-21,,ELIGIBLE
FDX20256024342,CUST725920,English-Erickson,Small,2026-01-11,8098,36205,31667,2026-01-21,10,7,2026-01-28,,ELIGIBLE
FDX20255728578,CUST727094,"Norton, Miller and Gray",Small,2026-01-01,28186,131001,80305,2026-01-11,10,7,2026-01-18,2026-01-13,RESOLVED_IN_GRACE
FDX20256815525,CUST922543,Flores-Hicks,Mid,2025-12-14,58163,189434,173087,2025-12-29,15,12,2026-01-10,,ELIGIBLE
FDX20257774826,CUST440189,Welch Ltd,Mid,2025-12-31,3770,11781,9817,2026-01-15,15,12,2026-01-27,,ELIGIBLE
FDX20257807497,CUST503951,Herrera PLC,Small,2025-12-29,24289,101617,56608,2026-01-08,10,7,2026-01-15,,IN_GRACE
FDX20251199493,CUST112940,Love Ltd,Small,2026-01-11,6209,28506,27191,2026-01-21,10,7,2026-01-28,,IN_GRACE
FDX20258918912,CUST406024,Christian-Brown,Small,2025-12-31,16713,79435,21087,2026-01-10,10,7,2026-01-17,2026-01-13,RESOLVED_IN_GRACE
FDX20259600788,CUST533911,Fisher-Mosley,Mid,2025-12-19,34941,127850,90123,2026-01-03,15,12,2026-01-15,,ELIGIBLE
FDX20253504521,CUST506637,Ashley-Orozco,Mid,2025-12-28,19372,111671,35901,2026-01-12,15,12,2026-01-24,,ELIGIBLE
FDX20257669032,CUST917018,Lopez-Wood,Large,2025-12-01,23484,113569,30585,2025-12-26,25,20,2026-01-15,,ELIGIBLE
FDX20254818133,CUST188813,Ayala and Sons,Small,2026-01-10,55643,213230,156293,2026-01-20,10,7,2026-01-27,,IN_GRACE
FDX20254807191,CUST860053,Watson-Hart,Mid,2025-12-26,54380,258474,188695,2026-01-10,15,12,2026-01-22,,ELIGIBLE
FDX20254521118,CUST686716,Jensen-Kaiser,Large,2025-12-02,11826,32501,18516,2025-12-27,25,20,2026-01-16,,ELIGIBLE
FDX20258959753,CUST354533,Wilson-Frye,Large,2025-12-12,30063,156468,32873,2026-01-06,25,20,2026-01-26,2026-01-19,RESOLVED_IN_GRACE
FDX20254921224,CUST699743,Adams-Myers,Mid,2025-12-17,46962,145585,88940,2026-01-01,15,12,2026-01-13,,IN_GRACE
FDX20259654113,CUST646417,Porter-Morris,Large,2025-12-01,48032,212071,56634,2025-12-26,25,20,2026-01-15,2026-01-01,RESOLVED_IN_GRACE
FDX20258864124,CUST277820,Williams-Stone,Mid,2025-12-24,27247,76593,42815,2026-01-08,15,12,2026-01-20,2026-01-13,RESOLVED_IN_GRACE
FDX20258741026,CUST818605,Avery-Joseph,Small,2026-01-13,3434,20079,18876,2026-01-23,10,7,2026-01-30,,ELIGIBLE
FDX20256715319,CUST499226,Garner-Spencer,Small,2026-01-03,16339,46980,44687,2026-01-13,10,7,2026-01-20,,ELIGIBLE
FDX20252440757,CUST277735,"Reyes, Johnson and Moran",Large,2025-12-13,10351,36017,35608,2026-01-07,25,20,2026-01-27,2026-01-09,RESOLVED_IN_GRACE
FDX20256252524,CUST245584,Huffman-Phillips,Small,2025-12-22,54947,324069,281418,2026-01-01,10,7,2026-01-08,2026-01-05,RESOLVED_IN_GRACE
FDX20254151542,CUST381981,Gallegos-Dominguez,Large,2025-12-01,30273,132754,83481,2025-12-26,25,20,2026-01-15,,IN_GRACE
FDX20258193952,CUST415759,Lee-York,Small,2026-01-13,22666,94215,23223,2026-01-23,10,7,2026-01-30,,ELIGIBLE
FDX20258007639,CUST381444,West-Mitchell,Small,2025-12-30,22754,87596,70980,2026-01-09,10,7,2026-01-16,,IN_GRACE
FDX20254516248,CUST617077,Henderson-Mills,Mid,2026-01-03,43110,154635,79510,2026-01-18,15,12,2026-01-30,,ELIGIBLE
FDX20258359842,CUST253023,Mcbride-Williams,Small,2025-12-26,11774,70539,54498,2026-01-05,10,7,2026-01-12,2026-01-06,RESOLVED_IN_GRACE
FDX20258549276,CUST166340,Skinner-Rios,Small,2026-01-13,46825,225032,194987,2026-01-23,10,7,2026-01-30,,ELIGIBLE
FDX20251505062,CUST275329,Davis-Lester,Large,2025-12-10,19688,78220,41638,2026-01-04,25,20,2026-01-24,2026-01-12,RESOLVED_IN_GRACE
FDX20257286425,CUST555791,Morris-Wright,Small,2025-12-27,47458,162335,113069,2026-01-06,10,7,2026-01-13,2026-01-12,RESOLVED_IN_GRACE
FDX20253331197,CUST389366,Lloyd and Sons,Large,2025-12-03,29964,84514,60527,2025-12-28,25,20,2026-01-17,2026-01-15,RESOLVED_IN_GRACE
FDX20253153282,CUST541557,Lang-Rodriguez,Small,2026-01-13,45116,115942,93048,2026-01-23,10,7,2026-01-30,,IN_GRACE
FDX20256126646,CUST414313,Avila Ltd,Large,2025-12-01,37808,112288,69233,2025-12-26,25,20,2026-01-15,,ELIGIBLE
FDX20251162422,CUST607753,Diaz-Giles,Small,2025-12-29,35532,93027,57350,2026-01-08,10,7,2026-01-15,,ELIGIBLE
FDX20259385256,CUST920685,"Campos, Bryant and Brown",Small,2025-12-31,31193,107388,55676,2026-01-10,10,7,2026-01-17,,ELIGIBLE
FDX20256950248,CUST180657,Smith-Robinson,Small,2025-12-26,9085,30038,21476,2026-01-05,10,7,2026-01-12,,ELIGIBLE
FDX20256701271,CUST478666,Wilson-Davidson,Large,2025-12-16,52340,247132,198595,2026-01-10,25,20,2026-01-30,,ELIGIBLE
FDX20254783105,CUST363926,Henderson Inc,Large,2025-12-08,51124,299125,197948,2026-01-02,25,20,2026-01-22,,ELIGIBLE
FDX20258032125,CUST358568,Rojas-Day,Small,2026-01-11,26721,105679,73500,2026-01-21,10,7,2026-01-28,,IN_GRACE
FDX20258142385,CUST855917,Eaton-Stanley,Small,2025-12-30,23274,106981,40756,2026-01-09,10,7,2026-01-16,,IN_GRACE
FDX20257767404,CUST755395,Scott LLC,Small,2025-12-24,28288,85165,48951,2026-01-03,10,7,2026-01-10,2026-01-04,RESOLVED_IN_GRACE
FDX20256027078,CUST619886,"Cook, Jordan and Rodriguez",Large,2025-12-01,3477,15908,3659,2025-12-26,25,20,2026-01-15,,ELIGIBLE
FDX20256470706,CUST722651,Taylor-Duncan,Mid,2026-01-03,49673,215350,145459,2026-01-18,15,12,2026-01-30,2026-01-26,RESOLVED_IN_GRACE
FDX20251389899,CUST746624,Goodwin Group,Small,2025-12-29,2050,8108,3331,2026-01-08,10,7,2026-01-15,,IN_GRACE
FDX20251540377,CUST305047,Santos-Burns,Large,2025-12-01,42322,203710,51790,2025-12-26,25,20,2026-01-15,2026-01-13,RESOLVED_IN_GRACE
FDX20253334293,CUST580102,Garcia-Prince,Small,2025-12-31,27614,138713,92194,2026-01-10,10,7,2026-01-17,,ELIGIBLE
FDX20253578511,CUST212168,Reyes-Schmidt,Mid,2025-12-22,59793,358631,199744,2026-01-06,15,12,2026-01-18,,ELIGIBLE
FDX20256540684,CUST242071,"Duke, Martinez and Dalton",Small,2025-12-27,20459,63285,28762,2026-01-06,10,7,2026-01-13,,ELIGIBLE
FDX20257557976,CUST419457,Daniels-Gonzalez,Mid,2025-12-31,52122,180361,97167,2026-01-15,15,12,2026-01-27,2026-01-26,RESOLVED_IN_GRACE
FDX20257397463,CUST107096,Melendez LLC,Large,2025-12-06,39948,213645,211862,2025-12-31,25,20,2026-01-20,2026-01-06,RESOLVED_IN_GRACE
FDX20254425984,CUST514913,Owens Ltd,Mid,2025-12-31,22338,129417,74392,2026-01-15,15,12,2026-01-27,,ELIGIBLE
FDX20257553787,CUST448354,Trevino-King,Small,2026-01-13,40605,140956,92924,2026-01-23,10,7,2026-01-30,2026-01-25,RESOLVED_IN_GRACE
FDX20252068863,CUST982495,Diaz-Jackson,Small,2025-12-31,22054,111612,25324,2026-01-10,10,7,2026-01-17,,IN_GRACE
FDX20259967263,CUST750318,Wong-Miller,Mid,2025-12-14,3793,15755,14412,2025-12-29,15,12,2026-01-10,,ELIGIBLE
FDX20257483284,CUST498343,Newton-Parks,Large,2025-12-01,13760,56336,36424,2025-12-26,25,20,2026-01-15,,ELIGIBLE
FDX20254159798,CUST943135,Smith-Russo,Mid,2025-12-25,5622,26054,8485,2026-01-09,15,12,2026-01-21,,IN_GRACE
FDX20258965447,CUST445549,Weiss PLC,Mid,2025-12-20,33125,187713,187102,2026-01-04,15,12,2026-01-16,,ELIGIBLE
FDX20252822649,CUST561607,Phillips-Hunt,Large,2025-12-13,58683,344701,292901,2026-01-07,25,20,2026-01-27,,IN_GRACE
FDX20256517042,CUST450996,Shaw-Sandoval,Small,2025-12-30,47033,212800,66839,2026-01-09,10,7,2026-01-16,,ELIGIBLE
FDX20258575505,CUST551533,Stokes Group,Small,2026-01-04,58254,298997,110881,2026-01-14,10,7,2026-01-21,,IN_GRACE
FDX20256111102,CUST955088,Holmes-Saunders,Small,2025-12-27,32604,149796,65432,2026-01-06,10,7,2026-01-13,,ELIGIBLE
FDX20252564332,CUST963539,"Kelly, Byrd and Dennis",Mid,2025-12-17,40032,187786,97147,2026-01-01,15,12,2026-01-13,2026-01-03,RESOLVED_IN_GRACE
FDX20253876011,CUST782661,Cruz PLC,Small,2025-12-22,56229,185833,115780,2026-01-01,10,7,2026-01-08,2026-01-08,RESOLVED_IN_GRACE
FDX20252750084,CUST723266,Thompson-Ho,Large,2025-12-12,14468,53675,30929,2026-01-06,25,20,2026-01-26,2026-01-17,RESOLVED_IN_GRACE
FDX20253980239,CUST242736,Arnold-Arellano,Small,2026-01-04,36231,175297,41446,2026-01-14,10,7,2026-01-21,,ELIGIBLE
FDX20251537863,CUST415029,Strickland-Salazar,Small,2026-01-04,45346,130702,127188,2026-01-14,10,7,2026-01-21,,ELIGIBLE
FDX20259197571,CUST436241,Smith-Oneill,Mega,2025-12-01,33777,139899,123917,2026-01-05,35,30,2026-02-04,2026-01-11,RESOLVED_IN_GRACE
FDX20251450275,CUST732512,Rodriguez-Vaughn,Small,2025-12-26,8839,28564,17648,2026-01-05,10,7,2026-01-12,2026-01-09,RESOLVED_IN_GRACE
FDX20254132173,CUST829066,Winters-Rogers,Mid,2025-12-19,51523,152184,103520,2026-01-03,15,12,2026-01-15,2026-01-08,RESOLVED_IN_GRACE
FDX20254338644,CUST310608,"Leon, Bennett and Reynolds",Small,2026-01-01,46277,214443,66447,2026-01-11,10,7,2026-01-18,,ELIGIBLE
FDX20252165866,CUST602278,Shields-Grant,Mid,2025-12-16,22461,75642,68330,2025-12-31,15,12,2026-01-12,2026-01-07,RESOLVED_IN_GRACE
FDX20257474228,CUST429445,Miles-Snyder,Large,2025-12-01,51964,217829,117044,2025-12-26,25,20,2026-01-15,,IN_GRACE
FDX20255761669,CUST286266,Johnson-Martin,Mid,2025-12-25,11406,37764,15584,2026-01-09,15,12,2026-01-21,2026-01-20,RESOLVED_IN_GRACE
FDX20254454299,CUST517584,Christensen-George,Small,2025-12-27,53330,201930,171203,2026-01-06,10,7,2026-01-13,,ELIGIBLE
FDX20254909752,CUST434640,"Merritt, Norris and Orr",Mid,2025-12-24,4064,22308,20777,2026-01-08,15,12,2026-01-20,,ELIGIBLE
FDX20255883940,CUST405605,Krueger-Smith,Small,2026-01-10,7711,19356,9467,2026-01-20,10,7,2026-01-27,,IN_GRACE
FDX20259797899,CUST870571,Anderson-Sanchez,Small,2025-12-27,19179,62121,30177,2026-01-06,10,7,2026-01-13,2026-01-11,RESOLVED_IN_GRACE
FDX20252174060,CUST828716,"Gonzales, Forbes and Flores",Mid,2026-01-01,48721,237860,67674,2026-01-16,15,12,2026-01-28,2026-01-26,RESOLVED_IN_GRACE
FDX20258627990,CUST763646,Hayes-Washington,Mid,2025-12-26,38093,166658,43802,2026-01-10,15,12,2026-01-22,,ELIGIBLE
FDX20251963904,CUST614858,Banks-Caldwell,Mid,2025-12-24,52250,276260,209822,2026-01-08,15,12,2026-01-20,,ELIGIBLE
FDX20257184958,CUST703853,Weeks Group,Mid,2025-12-22,59153,320450,124969,2026-01-06,15,12,2026-01-18,,ELIGIBLE
FDX20259699518,CUST919959,Chapman Group,Large,2025-12-06,17638,73418,67973,2025-12-31,25,20,2026-01-20,,IN_GRACE
FDX20251185339,CUST354200,Alvarado-Levy,Mid,2025-12-19,53334,212513,198510,2026-01-03,15,12,2026-01-15,2026-01-14,RESOLVED_IN_GRACE
FDX20253882757,CUST441716,Ellis-Mcdaniel,Mega,2025-12-01,51589,298810,242274,2026-01-05,35,30,2026-02-04,,ELIGIBLE
FDX20256482325,CUST494322,Carlson-Phillips,Small,2026-01-09,55156,330112,117748,2026-01-19,10,7,2026-01-26,,IN_GRACE
FDX20257893107,CUST393916,Poole-Long,Mid,2026-01-01,54551,171965,171761,2026-01-16,15,12,2026-01-28,,IN_GRACE
FDX20257561657,CUST956156,Foley Ltd,Small,2026-01-05,27835,137131,42248,2026-01-15,10,7,2026-01-22,,ELIGIBLE
FDX20253634617,CUST924040,Decker Ltd,Small,2025-12-30,33450,182463,98917,2026-01-09,10,7,2026-01-16,,ELIGIBLE
FDX20252857975,CUST512022,Kennedy-Hall,Small,2026-01-04,2043,11069,2275,2026-01-14,10,7,2026-01-21,2026-01-19,RESOLVED_IN_GRACE
FDX20253166570,CUST482746,Morrison Group,Small,2025-12-27,57315,148036,99733,2026-01-06,10,7,2026-01-13,,ELIGIBLE
FDX20258019808,CUST219420,Harris-Thompson,Small,2025-12-30,35250,159145,140950,2026-01-09,10,7,2026-01-16,2026-01-14,RESOLVED_IN_GRACE
FDX20259023722,CUST691240,Boyle-Abbott,Mega,2025-12-01,41347,106491,62954,2026-01-05,35,30,2026-02-04,2026-02-02,RESOLVED_IN_GRACE
FDX20252153651,CUST309505,Williamson-Gallegos,Small,2026-01-03,44385,244096,55342,2026-01-13,10,7,2026-01-20,,ELIGIBLE
FDX20257526217,CUST720995,Lucas-Porter,Small,2026-01-11,37315,109112,72412,2026-01-21,10,7,2026-01-28,,ELIGIBLE
FDX20254464154,CUST672133,Butler-Ingram,Small,2026-01-09,2553,9537,4327,2026-01-19,10,7,2026-01-26,,ELIGIBLE
FDX20253179901,CUST288667,Wright-Porter,Small,2026-01-04,20021,53350,42297,2026-01-14,10,7,2026-01-21,,ELIGIBLE
FDX20254450687,CUST814827,"Hawkins, Palmer and Marshall",Small,2026-01-09,3684,18268,17427,2026-01-19,10,7,2026-01-26,2026-01-25,RESOLVED_IN_GRACE
FDX20256196863,CUST904905,Johns-Roberts,Mid,2025-12-25,8860,44919,12020,2026-01-09,15,12,2026-01-21,2026-01-15,RESOLVED_IN_GRACE
FDX20258251124,CUST676820,Mcintosh-Collins,Small,2026-01-07,26184,94473,70915,2026-01-17,10,7,2026-01-24,,ELIGIBLE
FDX20258965487,CUST128223,Evans-Mccoy,Small,2025-12-29,43546,244711,232462,2026-01-08,10,7,2026-01-15,2026-01-15,RESOLVED_IN_GRACE
FDX20253663907,CUST862538,"Whitney, Hayes and Powers",Small,2025-12-30,44576,224716,199584,2026-01-09,10,7,2026-01-16,,ELIGIBLE
FDX20256206200,CUST584045,Bradford-Hamilton,Small,2025-12-31,40185,110433,64351,2026-01-10,10,7,2026-01-17,,ELIGIBLE
FDX20254405319,CUST842776,Cooley-Cook,Mid,2025-12-24,8424,46550,23884,2026-01-08,15,12,2026-01-20,,ELIGIBLE
FDX20259430131,CUST319832,Lopez-Dickson,Small,2025-12-27,5988,18155,12720,2026-01-06,10,7,2026-01-13,,ELIGIBLE
FDX20258700011,CUST559753,Wright-Miles,Small,2026-01-03,47483,227455,196484,2026-01-13,10,7,2026-01-20,2026-01-16,RESOLVED_IN_GRACE
FDX20255621132,CUST936433,"Beasley, Campbell and Miller",Mega,2025-12-01,28895,75125,37879,2026-01-05,35,30,2026-02-04,2026-01-26,RESOLVED_IN_GRACE
FDX20254384010,CUST405482,"Greer, Jones and Lawrence",Small,2026-01-04,6420,21317,20839,2026-01-14,10,7,2026-01-21,,ELIGIBLE
FDX20251124877,CUST971662,Beasley-Anthony,Mid,2025-12-12,20545,107744,79267,2025-12-27,15,12,2026-01-08,2026-01-03,RESOLVED_IN_GRACE
FDX20253393974,CUST826490,Dixon-Hunt,Small,2025-12-29,52341,198558,90138,2026-01-08,10,7,2026-01-15,,ELIGIBLE
FDX20258478135,CUST172518,Hubbard-Martin,Mid,2025-12-26,34642,101645,54175,2026-01-10,15,12,2026-01-22,2026-01-22,RESOLVED_IN_GRACE
FDX20252073239,CUST958747,Kline-Austin,Large,2025-12-10,46419,206936,194787,2026-01-04,25,20,2026-01-24,2026-01-21,RESOLVED_IN_GRACE
FDX20257698083,CUST988970,Herrera-Villa,Small,2026-01-07,58119,195142,162069,2026-01-17,10,7,2026-01-24,,ELIGIBLE
FDX20255141290,CUST934306,Kim-Matthews,Small,2026-01-09,52442,172705,59201,2026-01-19,10,7,2026-01-26,2026-01-23,RESOLVED_IN_GRACE
FDX20259822408,CUST933665,Young-Russell,Small,2025-12-27,55124,207927,188620,2026-01-06,10,7,2026-01-13,,IN_GRACE
FDX20256517883,CUST529016,Harris-Wyatt,Mid,2025-12-14,55474,285485,260843,2025-12-29,15,12,2026-01-10,,ELIGIBLE
FDX20259236918,CUST805668,"Hunt, Lopez and Sullivan",Large,2025-12-01,56497,210306,209795,2025-12-26,25,20,2026-01-15,,ELIGIBLE
FDX20258720951,CUST623557,Mccoy-Joyce,Small,2025-12-24,46735,200993,66356,2026-01-03,10,7,2026-01-10,,ELIGIBLE
FDX20258762741,CUST245939,Randolph-Jones,Small,2026-01-09,57024,187691,107983,2026-01-19,10,7,2026-01-26,,ELIGIBLE
FDX20251655733,CUST764100,Terry-Murphy,Small,2026-01-09,1794,9225,3011,2026-01-19,10,7,2026-01-26,,ELIGIBLE
FDX20252528449,CUST417543,Ramirez-Mccann,Small,2026-01-01,1531,5831,3366,2026-01-11,10,7,2026-01-18,2026-01-12,RESOLVED_IN_GRACE
FDX20255830358,CUST353777,Grant-Peterson,Small,2026-01-09,48947,190450,162386,2026-01-19,10,7,2026-01-26,,IN_GRACE
FDX20258655554,CUST364955,Smith-Gordon,Small,2025-12-29,25711,118967,115737,2026-01-08,10,7,2026-01-15,,IN_GRACE
FDX20256818033,CUST790658,Robinson-Nelson,Small,2025-12-29,24696,126677,118469,2026-01-08,10,7,2026-01-15,2026-01-15,RESOLVED_IN_GRACE
FDX20255990361,CUST261630,Rivera-Tapia,Large,2025-12-14,9363,50903,34970,2026-01-08,25,20,2026-01-28,,ELIGIBLE
FDX20257561407,CUST849979,Knight-Anderson,Small,2026-01-01,24727,126169,91873,2026-01-11,10,7,2026-01-18,,ELIGIBLE
FDX20253938131,CUST543681,Reese-Craig,Small,2025-12-22,42900,132560,70566,2026-01-01,10,7,2026-01-08,2026-01-02,RESOLVED_IN_GRACE
FDX20257963429,CUST927406,Davis Ltd,Small,2025-12-31,20204,95777,27719,2026-01-10,10,7,2026-01-17,,IN_GRACE
FDX20255179788,CUST495303,Ayers and Sons,Small,2026-01-03,21370,84242,82129,2026-01-13,10,7,2026-01-20,2026-01-18,RESOLVED_IN_GRACE
FDX20254012820,CUST177558,Black-Bailey,Large,2025-12-13,38843,200940,115048,2026-01-07,25,20,2026-01-27,,IN_GRACE
FDX20258249042,CUST570880,Yates-Macdonald,Small,2025-12-27,44048,136446,96206,2026-01-06,10,7,2026-01-13,,ELIGIBLE
FDX20258681081,CUST726979,Chang LLC,Small,2025-12-22,19238,94194,24410,2026-01-01,10,7,2026-01-08,,ELIGIBLE
FDX20257453607,CUST602514,Burke-Johnston,Small,2025-12-27,36126,140858,55022,2026-01-06,10,7,2026-01-13,2026-01-12,RESOLVED_IN_GRACE
FDX20254077684,CUST710527,Chambers Group,Small,2026-01-05,47797,267220,132459,2026-01-15,10,7,2026-01-22,2026-01-17,RESOLVED_IN_GRACE
FDX20252602797,CUST520274,Simpson-Turner,Mid,2025-12-16,53555,168013,154331,2025-12-31,15,12,2026-01-12,,IN_GRACE
FDX20257602695,CUST660324,Steele-Maldonado,Mid,2025-12-16,9828,39388,10580,2025-12-31,15,12,2026-01-12,,ELIGIBLE
FDX20251732568,CUST631221,Galvan-King,Mid,2025-12-30,32417,100407,67965,2026-01-14,15,12,2026-01-26,,ELIGIBLE
FDX20255021419,CUST825309,Ortiz-Cunningham,Small,2025-12-26,49175,267793,177415,2026-01-05,10,7,2026-01-12,2026-01-09,RESOLVED_IN_GRACE
FDX20253649663,CUST538620,"Francis, Decker and Garcia",Mid,2025-12-31,18190,51637,30402,2026-01-15,15,12,2026-01-27,,ELIGIBLE
FDX20255593203,CUST670053,Lee-Reyes,Small,2025-12-29,28580,84391,42838,2026-01-08,10,7,2026-01-15,2026-01-14,RESOLVED_IN_GRACE
FDX20255897094,CUST138551,"Martinez, Jackson and Cline",Mid,2025-12-19,58280,294731,153719,2026-01-03,15,12,2026-01-15,,IN_GRACE
FDX20252119776,CUST929130,Rodriguez-Jones,Small,2026-01-05,54895,232405,183347,2026-01-15,10,7,2026-01-22,,ELIGIBLE
FDX20254644931,CUST476993,Santiago and Sons,Small,2026-01-05,17968,65930,53625,2026-01-15,10,7,2026-01-22,2026-01-19,RESOLVED_IN_GRACE
FDX20259279347,CUST835716,Martinez-Garcia,Small,2026-01-03,9270,39689,33710,2026-01-13,10,7,2026-01-20,,ELIGIBLE
FDX20257900102,CUST951755,Scott-Beck,Small,2026-01-10,2373,11222,10630,2026-01-20,10,7,2026-01-27,,ELIGIBLE
FDX20253033912,CUST662986,Turner-Olson,Small,2026-01-10,14612,74318,30694,2026-01-20,10,7,2026-01-27,,ELIGIBLE
FDX20257186297,CUST722665,Marshall-Lopez,Large,2025-12-12,21966,59651,55918,2026-01-06,25,20,2026-01-26,2026-01-14,RESOLVED_IN_GRACE
FDX20252284021,CUST769180,Stout-Morrison,Small,2026-01-10,25682,99764,62284,2026-01-20,10,7,2026-01-27,,IN_GRACE
FDX20252765375,CUST189110,Marks Ltd,Small,2025-12-29,56576,178338,145092,2026-01-08,10,7,2026-01-15,,IN_GRACE
FDX20259462341,CUST214682,Wilkinson-Buchanan,Small,2025-12-31,43381,232662,178374,2026-01-10,10,7,2026-01-17,,ELIGIBLE
FDX20256469592,CUST906306,Vasquez-Jackson,Small,2025-12-27,36260,136901,110263,2026-01-06,10,7,2026-01-13,2026-01-11,RESOLVED_IN_GRACE
FDX20257880270,CUST360289,Bennett-Cruz,Large,2025-12-04,34919,103678,57461,2025-12-29,25,20,2026-01-18,,IN_GRACE
FDX20258565450,CUST789545,Lynn-Swanson,Mid,2025-12-19,2494,13335,12519,2026-01-03,15,12,2026-01-15,,IN_GRACE
FDX20253765541,CUST796982,Werner-Bowers,Large,2025-12-01,26605,115387,76529,2025-12-26,25,20,2026-01-15,,ELIGIBLE
FDX20255240720,CUST472253,Morales-Swanson,Small,2026-01-13,41688,155638,64989,2026-01-23,10,7,2026-01-30,2026-01-26,RESOLVED_IN_GRACE
FDX20254479126,CUST274418,Campos-Shaw,Mid,2025-12-25,45035,269323,153768,2026-01-09,15,12,2026-01-21,,ELIGIBLE
FDX20259490354,CUST778428,Lee-Casey,Mid,2025-12-17,54599,173740,114693,2026-01-01,15,12,2026-01-13,,ELIGIBLE
FDX20251748853,CUST742439,Erickson-Buck,Mid,2025-12-26,30046,165337,72836,2026-01-10,15,12,2026-01-22,,ELIGIBLE
FDX20258753883,CUST146448,Moses-Austin,Small,2026-01-11,10600,42228,24176,2026-01-21,10,7,2026-01-28,,IN_GRACE
FDX20251448251,CUST690579,Ware-Robertson,Mid,2025-12-16,36815,122964,47681,2025-12-31,15,12,2026-01-12,,ELIGIBLE
FDX20252228016,CUST776364,Hickman-Mendez,Mid,2025-12-28,54335,181454,115940,2026-01-12,15,12,2026-01-24,,ELIGIBLE
FDX20258749462,CUST810380,Phillips-Carroll,Mid,2025-12-21,23812,89767,57145,2026-01-05,15,12,2026-01-17,,IN_GRACE
FDX20257394729,CUST778159,Cooper-Briggs,Small,2026-01-13,9545,37353,29632,2026-01-23,10,7,2026-01-30,,ELIGIBLE
FDX20256765619,CUST519029,Smith-Johnston,Mid,2025-12-28,49965,284121,234440,2026-01-12,15,12,2026-01-24,,ELIGIBLE
FDX20257699844,CUST889245,Nguyen-Reynolds,Large,2025-12-04,50821,217331,139744,2025-12-29,25,20,2026-01-18,,ELIGIBLE
FDX20254261550,CUST447704,Abbott-Johnson,Small,2025-12-26,43100,231036,190168,2026-01-05,10,7,2026-01-12,,ELIGIBLE
FDX20257655090,CUST934908,Baxter-Lopez,Small,2026-01-09,55317,146868,76419,2026-01-19,10,7,2026-01-26,,IN_GRACE
FDX20251633753,CUST551365,Brown-Garcia,Large,2025-12-01,52842,167285,120202,2025-12-26,25,20,2026-01-15,,IN_GRACE
FDX20251180143,CUST211090,"Patterson, Myers and Garza",Mid,2025-12-17,2663,8097,6385,2026-01-01,15,12,2026-01-13,,ELIGIBLE
FDX20255204466,CUST111060,Bauer-Norman,Mid,2025-12-12,34080,95773,78509,2025-12-27,15,12,2026-01-08,2025-12-28,RESOLVED_IN_GRACE
FDX20252924056,CUST203396,Ayala-Carpenter,Mid,2026-01-03,29057,89674,66021,2026-01-18,15,12,2026-01-30,2026-01-23,RESOLVED_IN_GRACE
FDX20253289764,CUST371306,Bailey LLC,Mid,2025-12-25,25280,65523,34030,2026-01-09,15,12,2026-01-21,,IN_GRACE
FDX20256488001,CUST332785,Barnett-Cox,Mid,2025-12-24,50579,227785,223735,2026-01-08,15,12,2026-01-20,2026-01-18,RESOLVED_IN_GRACE
FDX20258788747,CUST635482,Jones-Robles,Mid,2025-12-16,20260,85706,50067,2025-12-31,15,12,2026-01-12,,IN_GRACE
FDX20259132910,CUST883132,Williams-Black,Small,2026-01-13,16128,91237,63937,2026-01-23,10,7,2026-01-30,,ELIGIBLE
FDX20258740286,CUST643998,Dunlap-Martinez,Small,2026-01-03,45208,169000,81590,2026-01-13,10,7,2026-01-20,,IN_GRACE
FDX20252144829,CUST685098,Williams-Hunter,Mid,2025-12-14,7757,40446,16993,2025-12-29,15,12,2026-01-10,2026-01-10,RESOLVED_IN_GRACE
FDX20252384936,CUST708717,Frederick LLC,Small,2025-12-27,17668,84886,27265,2026-01-06,10,7,2026-01-13,,ELIGIBLE
FDX20255065012,CUST821068,Thornton-Huff,Small,2025-12-22,3508,20943,10617,2026-01-01,10,7,2026-01-08,,ELIGIBLE
FDX20258343784,CUST703178,Montgomery-Horton,Mid,2025-12-25,13707,49886,21813,2026-01-09,15,12,2026-01-21,,ELIGIBLE
FDX20253353101,CUST331768,Parker-Mcdowell,Mid,2025-12-31,55697,277808,168729,2026-01-15,15,12,2026-01-27,2026-01-26,RESOLVED_IN_GRACE
FDX20258898507,CUST567432,"Nicholson, Brooks and Glenn",Small,2026-01-11,50548,238292,173404,2026-01-21,10,7,2026-01-28,2026-01-28,RESOLVED_IN_GRACE
FDX20255683223,CUST492292,"Flynn, Stanley and Wallace",Small,2025-12-29,39059,110737,94705,2026-01-08,10,7,2026-01-15,2026-01-12,RESOLVED_IN_GRACE
FDX20253707281,CUST510133,Hernandez-Parks,Small,2025-12-24,43425,236056,110797,2026-01-03,10,7,2026-01-10,2026-01-07,RESOLVED_IN_GRACE
FDX20253862010,CUST585556,Johnson-Gonzales,Small,2026-01-01,33092,167389,68676,2026-01-11,10,7,2026-01-18,,ELIGIBLE
FDX20251303099,CUST909859,Stone-Chambers,Mid,2025-12-30,50727,140380,63518,2026-01-14,15,12,2026-01-26,,ELIGIBLE
FDX20252686363,CUST812565,Bowman-Howard,Mid,2026-01-03,6708,38458,35297,2026-01-18,15,12,2026-01-30,,ELIGIBLE
FDX20253973536,CUST717181,Fuentes-Thomas,Small,2025-12-31,5531,23502,5581,2026-01-10,10,7,2026-01-17,,IN_GRACE
FDX20255934928,CUST823975,Price-Fischer,Mid,2025-12-30,37630,154489,104384,2026-01-14,15,12,2026-01-26,2026-01-19,RESOLVED_IN_GRACE
FDX20253082914,CUST624776,Davis-Jackson,Small,2026-01-01,17680,92806,79057,2026-01-11,10,7,2026-01-18,2026-01-18,RESOLVED_IN_GRACE
FDX20259970002,CUST258067,Davis-Clements,Small,2025-12-24,38056,140600,89735,2026-01-03,10,7,2026-01-10,2026-01-04,RESOLVED_IN_GRACE
FDX20257557366,CUST461724,Price-Grant,Small,2025-12-27,53427,155831,137629,2026-01-06,10,7,2026-01-13,,ELIGIBLE
FDX20253826178,CUST125755,"Griffin, Hoffman and Martin",Large,2025-12-01,37299,151831,98742,2025-12-26,25,20,2026-01-15,2026-01-11,RESOLVED_IN_GRACE
FDX20252301665,CUST606222,Marshall-Alvarado,Mid,2025-12-14,53001,295260,250378,2025-12-29,15,12,2026-01-10,,ELIGIBLE
FDX20251188082,CUST209627,Mason-Hopkins,Mid,2026-01-01,24161,144858,53218,2026-01-16,15,12,2026-01-28,,ELIGIBLE
FDX20255584412,CUST409783,Wallace-Collier,Small,2026-01-04,13846,53129,23182,2026-01-14,10,7,2026-01-21,,ELIGIBLE
FDX20253575243,CUST536181,Poole-Terrell,Small,2025-12-27,10232,46846,24108,2026-01-06,10,7,2026-01-13,2026-01-11,RESOLVED_IN_GRACE
FDX20258393014,CUST190025,"Owens, Martin and Roy",Small,2025-12-26,16309,81139,24807,2026-01-05,10,7,2026-01-12,,IN_GRACE
FDX20257007702,CUST221707,Norris-Alexander,Small,2025-12-31,10277,42972,14476,2026-01-10,10,7,2026-01-17,2026-01-13,RESOLVED_IN_GRACE
FDX20253985341,CUST971699,Kidd PLC,Small,2025-12-31,59504,349084,317736,2026-01-10,10,7,2026-01-17,2026-01-14,RESOLVED_IN_GRACE
FDX20254635160,CUST865618,Robbins-Nguyen,Small,2025-12-22,31057,178562,78625,2026-01-01,10,7,2026-01-08,,ELIGIBLE
FDX20251577888,CUST248557,"York, Chavez and Martinez",Small,2026-01-07,31383,138250,64446,2026-01-17,10,7,2026-01-24,2026-01-20,RESOLVED_IN_GRACE
FDX20259930492,CUST465249,Rose-Lopez,Small,2025-12-22,30722,165206,119608,2026-01-01,10,7,2026-01-08,2026-01-02,RESOLVED_IN_GRACE
FDX20254626672,CUST427040,Mahoney and Sons,Small,2025-12-29,12303,37746,33876,2026-01-08,10,7,2026-01-15,,ELIGIBLE
FDX20258416504,CUST459731,Wilson-Carroll,Small,2026-01-10,54225,272182,191992,2026-01-20,10,7,2026-01-27,,IN_GRACE
FDX20251801213,CUST577450,Robinson-Ruiz,Mega,2025-12-01,58992,237729,107934,2026-01-05,35,30,2026-02-04,,ELIGIBLE
FDX20259772377,CUST922366,Humphrey-Gonzalez,Small,2026-01-13,7610,22295,12229,2026-01-23,10,7,2026-01-30,2026-01-28,RESOLVED_IN_GRACE
FDX20252724585,CUST316916,"Dominguez, Robinson and Lynch",Small,2026-01-07,21751,110996,26318,2026-01-17,10,7,2026-01-24,2026-01-19,RESOLVED_IN_GRACE
FDX20257553489,CUST646428,Ritter-Greer,Mid,2025-12-12,48094,219446,97797,2025-12-27,15,12,2026-01-08,,ELIGIBLE
FDX20256172822,CUST606384,Perkins-Dawson,Small,2026-01-05,36315,120971,112656,2026-01-15,10,7,2026-01-22,,ELIGIBLE
FDX20258448860,CUST465219,Pruitt-Hunter,Small,2026-01-11,55705,243132,242221,2026-01-21,10,7,2026-01-28,,ELIGIBLE
FDX20251879382,CUST599292,Clay-Smith,Small,2026-01-03,51691,269272,179928,2026-01-13,10,7,2026-01-20,,ELIGIBLE
FDX20251078278,CUST202365,Galloway-Mitchell,Small,2026-01-07,37021,201628,169534,2026-01-17,10,7,2026-01-24,,ELIGIBLE
FDX20251816458,CUST559450,Hanson-Cortez,Mid,2025-12-16,58724,224858,104952,2025-12-31,15,12,2026-01-12,,IN_GRACE
FDX20257331646,CUST857065,Herrera-Brooks,Mid,2025-12-25,54671,140822,92073,2026-01-09,15,12,2026-01-21,,IN_GRACE
FDX20254384602,CUST830609,Thompson-Vasquez,Small,2025-12-30,31785,122876,121970,2026-01-09,10,7,2026-01-16,2026-01-15,RESOLVED_IN_GRACE
FDX20255189267,CUST574425,"Cameron, Benson and Wood",Mega,2025-12-01,46847,271217,249184,2026-01-05,35,30,2026-02-04,,ELIGIBLE
FDX20257285495,CUST434400,Ross Inc,Mid,2025-12-22,38229,160212,86529,2026-01-06,15,12,2026-01-18,,ELIGIBLE
FDX20255002042,CUST170437,Ramsey-Valdez,Mid,2025-12-20,44975,244287,200703,2026-01-04,15,12,2026-01-16,,ELIGIBLE
FDX20254355203,CUST414849,Miles-Smith,Small,2026-01-04,21886,113313,84119,2026-01-14,10,7,2026-01-21,,IN_GRACE
FDX20252533209,CUST146853,Sanders Ltd,Small,2025-12-24,5168,25480,24049,2026-01-03,10,7,2026-01-10,2026-01-09,RESOLVED_IN_GRACE
FDX20251269080,CUST949541,Anderson-Berry,Small,2026-01-07,48834,186163,95406,2026-01-17,10,7,2026-01-24,,ELIGIBLE
FDX20258074662,CUST845305,Newton-Rodriguez,Small,2026-01-01,35986,134573,67619,2026-01-11,10,7,2026-01-18,,ELIGIBLE
FDX20251468825,CUST220675,Huynh-Clark,Small,2025-12-24,10072,28756,14994,2026-01-03,10,7,2026-01-10,,IN_GRACE
FDX20251244275,CUST123682,Douglas Inc,Mid,2025-12-14,22290,96421,75675,2025-12-29,15,12,2026-01-10,,ELIGIBLE
FDX20256655878,CUST990429,Robbins-Wagner,Small,2026-01-07,6822,30807,30175,2026-01-17,10,7,2026-01-24,,ELIGIBLE
FDX20254223772,CUST459743,James Ltd,Small,2026-01-03,45092,237038,200295,2026-01-13,10,7,2026-01-20,,ELIGIBLE
FDX20252059841,CUST779445,Stark-Watts,Mid,2025-12-26,20493,105169,78833,2026-01-10,15,12,2026-01-22,,ELIGIBLE
FDX20254700514,CUST214675,Mclean-Shepard,Small,2025-12-26,43760,227956,181474,2026-01-05,10,7,2026-01-12,2026-01-11,RESOLVED_IN_GRACE
FDX20252620732,CUST810032,Ortiz-Jones,Small,2026-01-03,53477,151582,121610,2026-01-13,10,7,2026-01-20,,ELIGIBLE
FDX20253816607,CUST938913,Rhodes-Moore,Small,2026-01-07,51419,277839,186889,2026-01-17,10,7,2026-01-24,,ELIGIBLE
FDX20253802587,CUST272337,"Horne, Johnson and Raymond",Small,2026-01-11,53102,246661,109528,2026-01-21,10,7,2026-01-28,,ELIGIBLE
FDX20251738407,CUST876459,Scott-Mccarthy,Small,2026-01-01,48527,229914,69086,2026-01-11,10,7,2026-01-18,,ELIGIBLE
FDX20257973953,CUST355761,Cruz-Henry,Large,2025-12-13,58720,205736,144065,2026-01-07,25,20,2026-01-27,2026-01-27,RESOLVED_IN_GRACE
FDX20259598324,CUST641058,Gray-Williams,Mid,2026-01-01,48597,197664,134587,2026-01-16,15,12,2026-01-28,2026-01-26,RESOLVED_IN_GRACE
FDX20252806634,CUST282927,Stark-Williams,Mid,2025-12-17,10351,30113,14111,2026-01-01,15,12,2026-01-13,,ELIGIBLE
FDX20256488523,CUST678719,Jones-Ali,Mid,2025-12-19,48184,267332,136085,2026-01-03,15,12,2026-01-15,,ELIGIBLE
FDX20256413664,CUST267914,Lin Group,Mid,2025-12-31,50542,241233,95871,2026-01-15,15,12,2026-01-27,2026-01-19,RESOLVED_IN_GRACE
FDX20254180079,CUST447067,Berg PLC,Small,2026-01-11,42955,194468,56497,2026-01-21,10,7,2026-01-28,2026-01-22,RESOLVED_IN_GRACE
FDX20254474885,CUST687044,Barnes-Wilkins,Mid,2026-01-01,42051,178732,162801,2026-01-16,15,12,2026-01-28,,IN_GRACE
FDX20257628072,CUST547080,"Potts, Barker and Quinn",Mid,2026-01-01,15509,71168,47452,2026-01-16,15,12,2026-01-28,,ELIGIBLE
FDX20258178640,CUST584498,Long-Lopez,Mid,2025-12-14,38917,208053,74998,2025-12-29,15,12,2026-01-10,2026-01-05,RESOLVED_IN_GRACE
FDX20253026754,CUST343118,Arnold-Spencer,Mid,2025-12-20,45716,165854,111931,2026-01-04,15,12,2026-01-16,,IN_GRACE
FDX20254899161,CUST936507,Hunter-Russo,Small,2025-12-29,52745,284800,152116,2026-01-08,10,7,2026-01-15,2026-01-15,RESOLVED_IN_GRACE
FDX20254586633,CUST524723,Morgan-Hicks,Large,2025-12-13,24639,99877,98396,2026-01-07,25,20,2026-01-27,2026-01-27,RESOLVED_IN_GRACE
FDX20252776460,CUST760351,Duncan-Henry,Large,2025-12-04,59031,276935,237017,2025-12-29,25,20,2026-01-18,,IN_GRACE
FDX20256982358,CUST293411,Thomas-Taylor,Small,2025-12-29,31958,154631,43216,2026-01-08,10,7,2026-01-15,,ELIGIBLE
FDX20256425211,CUST295440,Harper LLC,Small,2025-12-22,47899,245232,193115,2026-01-01,10,7,2026-01-08,,IN_GRACE
FDX20253912886,CUST771590,"Ramirez, Turner and Brown",Small,2025-12-24,42593,146773,146703,2026-01-03,10,7,2026-01-10,2026-01-05,RESOLVED_IN_GRACE
FDX20251251567,CUST789237,Sanchez-Davis,Small,2025-12-24,2832,7800,7338,2026-01-03,10,7,2026-01-10,,ELIGIBLE
FDX20257746781,CUST553125,Hicks-Hubbard,Mid,2025-12-22,48561,290433,80889,2026-01-06,15,12,2026-01-18,2026-01-07,RESOLVED_IN_GRACE
FDX20256305630,CUST514798,Hawkins-Mills,Large,2025-12-01,53207,140922,65975,2025-12-26,25,20,2026-01-15,,ELIGIBLE
FDX20251201014,CUST130610,Skinner PLC,Small,2026-01-01,50150,192358,96786,2026-01-11,10,7,2026-01-18,,ELIGIBLE
FDX20257529468,CUST873207,Cook-Petersen,Small,2025-12-24,34570,193510,141472,2026-01-03,10,7,2026-01-10,,ELIGIBLE
FDX20254569653,CUST743937,"Hanson, Tanner and Moore",Small,2026-01-03,45265,222270,201542,2026-01-13,10,7,2026-01-20,,IN_GRACE
FDX20258696982,CUST306909,Martinez-Wyatt,Small,2026-01-04,5281,26149,11251,2026-01-14,10,7,2026-01-21,,ELIGIBLE
FDX20254692601,CUST571413,Gordon-Fields,Small,2025-12-26,22454,67381,43544,2026-01-05,10,7,2026-01-12,,ELIGIBLE
FDX20252107569,CUST720970,"Soto, Orr and Gonzales",Mid,2026-01-03,33510,126158,110340,2026-01-18,15,12,2026-01-30,,ELIGIBLE
FDX20255671743,CUST550418,Miller-Fowler,Small,2025-12-31,23795,73600,40399,2026-01-10,10,7,2026-01-17,,ELIGIBLE
FDX20257190456,CUST507723,Reese-Phillips,Small,2026-01-03,58322,298553,259443,2026-01-13,10,7,2026-01-20,2026-01-20,RESOLVED_IN_GRACE
FDX20251737173,CUST104666,Williams-Warner,Mid,2025-12-17,51382,139660,125445,2026-01-01,15,12,2026-01-13,,IN_GRACE
FDX20252129631,CUST838968,Alexander Group,Small,2026-01-05,47328,222532,164061,2026-01-15,10,7,2026-01-22,,IN_GRACE
FDX20254666842,CUST325230,Larson-Nash,Small,2025-12-24,7932,40554,30780,2026-01-03,10,7,2026-01-10,2026-01-10,RESOLVED_IN_GRACE
FDX20257897060,CUST315780,Kelly-Green,Small,2025-12-24,45454,117310,112464,2026-01-03,10,7,2026-01-10,2026-01-04,RESOLVED_IN_GRACE
FDX20256058905,CUST391865,Campbell-Singleton,Small,2026-01-05,1602,6177,4494,2026-01-15,10,7,2026-01-22,,ELIGIBLE
FDX20259381494,CUST888870,Bowen-Sullivan,Mid,2025-12-17,35240,179147,162051,2026-01-01,15,12,2026-01-13,2026-01-04,RESOLVED_IN_GRACE
FDX20252708148,CUST837945,Moore-Martin,Mid,2025-12-14,19384,68989,62569,2025-12-29,15,12,2026-01-10,2026-01-01,RESOLVED_IN_GRACE
FDX20259995633,CUST948014,Bowman-Good,Small,2025-12-22,33204,195444,110011,2026-01-01,10,7,2026-01-08,2026-01-07,RESOLVED_IN_GRACE
FDX20253876606,CUST934674,Huerta-Warren,Small,2026-01-13,46868,271602,150173,2026-01-23,10,7,2026-01-30,,ELIGIBLE
FDX20255226854,CUST165602,Spencer-Horton,Small,2026-01-05,29257,118960,115663,2026-01-15,10,7,2026-01-22,,ELIGIBLE
FDX20252589550,CUST705393,Osborn Group,Small,2025-12-27,9921,44293,43755,2026-01-06,10,7,2026-01-13,,IN_GRACE
FDX20256441761,CUST206694,Dixon-Olsen,Mid,2025-12-21,14500,39190,25815,2026-01-05,15,12,2026-01-17,2026-01-07,RESOLVED_IN_GRACE
FDX20257519046,CUST938338,Humphrey-Torres,Small,2025-12-27,31426,94856,69851,2026-01-06,10,7,2026-01-13,2026-01-10,RESOLVED_IN_GRACE
FDX20253230219,CUST662968,"Fuentes, Flowers and Watson",Small,2026-01-11,11676,50940,15866,2026-01-21,10,7,2026-01-28,2026-01-23,RESOLVED_IN_GRACE
FDX20256570816,CUST296041,Alexander-Ford,Small,2025-12-29,44264,167582,157594,2026-01-08,10,7,2026-01-15,,ELIGIBLE
FDX20253941566,CUST483561,Charles-Chavez,Large,2025-12-01,18278,59173,33679,2025-12-26,25,20,2026-01-15,,ELIGIBLE
FDX20256334600,CUST441819,"Jacobs, Gonzalez and Ferguson",Small,2025-12-24,22966,87825,84867,2026-01-03,10,7,2026-01-10,2026-01-07,RESOLVED_IN_GRACE
FDX20259088805,CUST306647,Stevens-Evans,Mid,2025-12-20,31862,128563,120402,2026-01-04,15,12,2026-01-16,,ELIGIBLE
FDX20252132688,CUST579776,Hall-Reyes,Large,2025-12-03,30827,166175,157720,2025-12-28,25,20,2026-01-17,,IN_GRACE
FDX20256622132,CUST219490,Clay-Robinson,Small,2026-01-05,34117,143524,61992,2026-01-15,10,7,2026-01-22,,IN_GRACE
FDX20251296097,CUST375097,Hess-Carter,Mid,2025-12-17,17929,104014,34978,2026-01-01,15,12,2026-01-13,,IN_GRACE
FDX20258531486,CUST803281,"Decker, Cannon and Miller",Small,2025-12-27,26928,111203,96662,2026-01-06,10,7,2026-01-13,,IN_GRACE
FDX20257415127,CUST613261,Conrad-Jensen,Small,2026-01-05,57481,270083,142067,2026-01-15,10,7,2026-01-22,,ELIGIBLE
FDX20259573595,CUST653349,Kline-Hodge,Large,2025-12-01,4651,15015,5791,2025-12-26,25,20,2026-01-15,2025-12-27,RESOLVED_IN_GRACE
FDX20254899452,CUST770153,Lawson-Fox,Small,2026-01-11,21131,110184,99677,2026-01-21,10,7,2026-01-28,,ELIGIBLE
FDX20259445986,CUST428628,Mcdonald-Hart,Small,2026-01-04,7539,27260,7572,2026-01-14,10,7,2026-01-21,2026-01-18,RESOLVED_IN_GRACE
FDX20251222997,CUST725969,Leblanc-Houston,Small,2026-01-05,32785,91794,74043,2026-01-15,10,7,2026-01-22,2026-01-21,RESOLVED_IN_GRACE
FDX20254902479,CUST507517,Kemp-Lee,Mid,2025-12-25,42640,154396,109487,2026-01-09,15,12,2026-01-21,2026-01-10,RESOLVED_IN_GRACE
FDX20251355901,CUST741003,Gray-Bell,Mid,2025-12-30,53174,241183,75545,2026-01-14,15,12,2026-01-26,,ELIGIBLE
FDX20253081317,CUST511612,Marsh-Bender,Large,2025-12-06,44777,263047,201101,2025-12-31,25,20,2026-01-20,,IN_GRACE
FDX20256181620,CUST715519,Sutton-Stewart,Small,2025-12-26,3808,17406,8136,2026-01-05,10,7,2026-01-12,2026-01-09,RESOLVED_IN_GRACE
FDX20254966072,CUST219781,Oconnell and Sons,Mid,2025-12-22,27258,160941,135340,2026-01-06,15,12,2026-01-18,,ELIGIBLE
FDX20258189001,CUST464825,Mendoza-Sandoval,Small,2025-12-30,41099,233173,216343,2026-01-09,10,7,2026-01-16,2026-01-12,RESOLVED_IN_GRACE
FDX20255086019,CUST469082,Finley-Moore,Small,2026-01-11,32601,101367,44410,2026-01-21,10,7,2026-01-28,2026-01-25,RESOLVED_IN_GRACE
FDX20252331937,CUST986589,Richards Inc,Small,2025-12-26,9345,47960,20504,2026-01-05,10,7,2026-01-12,2026-01-08,RESOLVED_IN_GRACE
FDX20252005341,CUST580101,Bush-Miller,Small,2025-12-24,51834,189947,148369,2026-01-03,10,7,2026-01-10,,ELIGIBLE
FDX20253307798,CUST747351,Shaffer and Sons,Large,2025-12-01,27062,123124,92657,2025-12-26,25,20,2026-01-15,,ELIGIBLE
FDX20257283463,CUST280908,Farmer LLC,Small,2026-01-13,44520,175520,147101,2026-01-23,10,7,2026-01-30,,ELIGIBLE
FDX20259367241,CUST953266,Davis-Warren,Mid,2025-12-26,49691,137443,78267,2026-01-10,15,12,2026-01-22,,IN_GRACE
FDX20255976369,CUST806309,Gonzalez-Wilson,Mid,2025-12-20,11568,51743,24493,2026-01-04,15,12,2026-01-16,2026-01-11,RESOLVED_IN_GRACE
FDX20254389195,CUST840282,"Finley, Holt and Campos",Mid,2025-12-22,57046,292776,154488,2026-01-06,15,12,2026-01-18,,ELIGIBLE
FDX20253544610,CUST939503,Scott-Blair,Large,2025-12-01,48366,158770,95867,2025-12-26,25,20,2026-01-15,2026-01-06,RESOLVED_IN_GRACE
FDX20257304004,CUST411893,Stewart-Alvarez,Large,2025-12-08,36366,149306,131740,2026-01-02,25,20,2026-01-22,2026-01-15,RESOLVED_IN_GRACE
FDX20254429016,CUST744333,Cannon-Campbell,Large,2025-12-13,33587,111083,75553,2026-01-07,25,20,2026-01-27,2026-01-08,RESOLVED_IN_GRACE
FDX20251635969,CUST718836,Terry-Davidson,Large,2025-12-12,32600,154931,132119,2026-01-06,25,20,2026-01-26,,ELIGIBLE
FDX20254994050,CUST188868,Combs-Jones,Mega,2025-12-01,7635,43535,11264,2026-01-05,35,30,2026-02-04,2026-01-27,RESOLVED_IN_GRACE
FDX20258444490,CUST804758,Elliott-Ramsey,Large,2025-12-01,34216,108590,102713,2025-12-26,25,20,2026-01-15,,ELIGIBLE
FDX20256514500,CUST240454,Jones-Roberson,Small,2025-12-22,46626,175284,132145,2026-01-01,10,7,2026-01-08,,ELIGIBLE
FDX20253252626,CUST428399,Meadows and Sons,Mega,2025-12-01,40519,179293,161433,2026-01-05,35,30,2026-02-04,,IN_GRACE
FDX20255666187,CUST223586,Sanchez-Wolf,Mid,2025-12-12,56624,242749,126886,2025-12-27,15,12,2026-01-08,2026-01-08,RESOLVED_IN_GRACE
FDX20256327414,CUST350161,Scott-Miller,Mid,2025-12-26,28710,169969,47578,2026-01-10,15,12,2026-01-22,2026-01-13,RESOLVED_IN_GRACE
FDX20251664503,CUST420214,Rodriguez-Anderson,Mega,2025-12-01,46055,214457,69167,2026-01-05,35,30,2026-02-04,,ELIGIBLE
FDX20259738796,CUST222629,Callahan-Wong,Small,2025-12-29,18559,86334,45377,2026-01-08,10,7,2026-01-15,2026-01-14,RESOLVED_IN_GRACE
FDX20257960756,CUST291936,Mays-Mcdaniel,Mid,2025-12-21,28034,157926,150197,2026-01-05,15,12,2026-01-17,2026-01-09,RESOLVED_IN_GRACE
FDX20255839473,CUST491439,Hale-Robinson,Mid,2026-01-03,8533,46594,46092,2026-01-18,15,12,2026-01-30,2026-01-25,RESOLVED_IN_GRACE
FDX20251397508,CUST827120,Curry and Sons,Small,2026-01-04,13037,61519,34909,2026-01-14,10,7,2026-01-21,,ELIGIBLE
FDX20254842150,CUST248225,Gonzalez-Barrett,Small,2026-01-13,27351,159869,105499,2026-01-23,10,7,2026-01-30,,ELIGIBLE
FDX20256557792,CUST635638,Price-Kelly,Small,2026-01-07,18255,60249,56272,2026-01-17,10,7,2026-01-24,,ELIGIBLE
FDX20256750028,CUST507333,Rosales-Coleman,Mid,2025-12-17,58351,345644,78404,2026-01-01,15,12,2026-01-13,2026-01-11,RESOLVED_IN_GRACE
FDX20255064263,CUST538555,"Morales, Cline and Hines",Mid,2025-12-22,22364,64250,63622,2026-01-06,15,12,2026-01-18,,IN_GRACE
FDX20254453043,CUST725397,Jimenez-Rodriguez,Small,2026-01-11,41159,191211,144246,2026-01-21,10,7,2026-01-28,,ELIGIBLE
FDX20251907210,CUST244564,Torres-Anthony,Small,2025-12-24,59740,254443,116811,2026-01-03,10,7,2026-01-10,2026-01-04,RESOLVED_IN_GRACE
FDX20255166421,CUST702727,Ross-Lynch,Small,2026-01-09,5541,26758,12122,2026-01-19,10,7,2026-01-26,,IN_GRACE
FDX20254731991,CUST502349,Logan-Powell,Mid,2026-01-03,27063,86674,73659,2026-01-18,15,12,2026-01-30,,ELIGIBLE
FDX20257400271,CUST543588,Brown-Hunt,Large,2025-12-04,9241,49072,12767,2025-12-29,25,20,2026-01-18,2026-01-10,RESOLVED_IN_GRACE
FDX20259748847,CUST294776,Dalton-Jordan,Large,2025-12-08,45987,135209,96953,2026-01-02,25,20,2026-01-22,,IN_GRACE
FDX20256396173,CUST610310,Mayo PLC,Small,2025-12-22,18472,49881,33064,2026-01-01,10,7,2026-01-08,,ELIGIBLE
FDX20254079382,CUST766371,"Benton, Garner and Martinez",Mid,2025-12-30,34950,147972,132069,2026-01-14,15,12,2026-01-26,,ELIGIBLE
FDX20258421584,CUST663483,"Callahan, Nguyen and Morales",Large,2025-12-07,54572,323156,83655,2026-01-01,25,20,2026-01-21,,ELIGIBLE
FDX20251101379,CUST827117,Pitts Ltd,Small,2025-12-29,58588,225233,190034,2026-01-08,10,7,2026-01-15,,IN_GRACE
FDX20252084091,CUST776604,Juarez-Preston,Mid,2025-12-12,8584,24422,11934,2025-12-27,15,12,2026-01-08,2026-01-08,RESOLVED_IN_GRACE
FDX20259248388,CUST281649,Davis-Young,Large,2025-12-04,44362,206311,95587,2025-12-29,25,20,2026-01-18,,IN_GRACE
FDX20252174152,CUST681868,Valenzuela-Bradley,Small,2026-01-11,58755,327196,308535,2026-01-21,10,7,2026-01-28,,ELIGIBLE
FDX20254229034,CUST274971,"Krause, Hays and Jones",Small,2025-12-26,50561,292022,226413,2026-01-05,10,7,2026-01-12,2026-01-11,RESOLVED_IN_GRACE
FDX20251874208,CUST613426,Thornton-Harper,Large,2025-12-14,17644,83716,72119,2026-01-08,25,20,2026-01-28,,ELIGIBLE
FDX20253374513,CUST402865,Cook-Prince,Mid,2026-01-03,25413,84515,57049,2026-01-18,15,12,2026-01-30,2026-01-29,RESOLVED_IN_GRACE
FDX20254426243,CUST247111,Barrera-Baker,Mid,2025-12-12,59619,191825,142693,2025-12-27,15,12,2026-01-08,,ELIGIBLE
FDX20253106564,CUST296187,Moore-Walters,Small,2026-01-11,39559,201806,155077,2026-01-21,10,7,2026-01-28,,ELIGIBLE
FDX20252539467,CUST429861,Ewing-Smith,Mid,2025-12-20,31699,140695,123052,2026-01-04,15,12,2026-01-16,2026-01-05,RESOLVED_IN_GRACE
FDX20253913796,CUST982885,White-Ramsey,Mid,2025-12-22,23430,105831,62515,2026-01-06,15,12,2026-01-18,2026-01-15,RESOLVED_IN_GRACE
FDX20254428815,CUST572908,Bright-May,Small,2026-01-04,40344,110541,102498,2026-01-14,10,7,2026-01-21,2026-01-15,RESOLVED_IN_GRACE
FDX20254964626,CUST749498,Cain-Reid,Small,2025-12-29,13437,79034,63792,2026-01-08,10,7,2026-01-15,,ELIGIBLE
FDX20259513171,CUST156215,Howard-Wilkins,Large,2025-12-16,41410,128716,84094,2026-01-10,25,20,2026-01-30,,ELIGIBLE
FDX20252311382,CUST476479,Salazar-Moreno,Mid,2026-01-03,20665,123632,44661,2026-01-18,15,12,2026-01-30,,ELIGIBLE
FDX20258151117,CUST110048,"Camacho, Miller and Price",Mid,2025-12-28,55376,263812,57857,2026-01-12,15,12,2026-01-24,2026-01-13,RESOLVED_IN_GRACE
FDX20258836205,CUST608149,"Dillon, Howard and Palmer",Large,2025-12-01,44547,144735,119766,2025-12-26,25,20,2026-01-15,,ELIGIBLE
FDX20256225481,CUST243167,Camacho-Peterson,Small,2025-12-30,17706,58479,24578,2026-01-09,10,7,2026-01-16,,IN_GRACE
FDX20253754127,CUST304607,Mckinney-Orozco,Mid,2025-12-14,15403,46940,28218,2025-12-29,15,12,2026-01-10,,ELIGIBLE
FDX20254314108,CUST954815,Torres-Knox,Small,2025-12-26,34878,162158,60441,2026-01-05,10,7,2026-01-12,,ELIGIBLE
FDX20255109158,CUST502594,Rivera-Brown,Mid,2025-12-19,32365,187784,100999,2026-01-03,15,12,2026-01-15,,ELIGIBLE
FDX20258113821,CUST688861,Mullen-Lopez,Small,2025-12-30,29070,75258,39333,2026-01-09,10,7,2026-01-16,,IN_GRACE
FDX20253960096,CUST629990,Johnson-Little,Small,2026-01-11,5716,22472,19955,2026-01-21,10,7,2026-01-28,,ELIGIBLE
FDX20255177013,CUST784793,Harrington-Crawford,Small,2026-01-07,51166,270789,191608,2026-01-17,10,7,2026-01-24,,ELIGIBLE
FDX20256085186,CUST619013,Stout-Frye,Small,2025-12-22,20317,60719,43890,2026-01-01,10,7,2026-01-08,,ELIGIBLE
FDX20255787427,CUST529008,Moore-Espinoza,Small,2025-12-31,34249,148802,45205,2026-01-10,10,7,2026-01-17,2026-01-16,RESOLVED_IN_GRACE
FDX20258520742,CUST817956,Lewis-Vargas,Large,2025-12-01,10374,30352,27619,2025-12-26,25,20,2026-01-15,2026-01-04,RESOLVED_IN_GRACE
FDX20254378948,CUST615611,Garcia-Ward,Small,2026-01-13,12823,73043,55168,2026-01-23,10,7,2026-01-30,,ELIGIBLE
FDX20255561067,CUST535820,Allen-Martinez,Large,2025-12-01,26037,73365,64731,2025-12-26,25,20,2026-01-15,,ELIGIBLE
FDX20259072704,CUST844638,"Collins, Walker and Thornton",Small,2026-01-07,24646,115836,35783,2026-01-17,10,7,2026-01-24,2026-01-21,RESOLVED_IN_GRACE
FDX20252342445,CUST980690,Moses-Jackson,Mid,2025-12-12,30056,162490,125630,2025-12-27,15,12,2026-01-08,,ELIGIBLE
FDX20257032783,CUST565412,Collins-Conway,Mid,2025-12-16,23519,131931,102166,2025-12-31,15,12,2026-01-12,2026-01-03,RESOLVED_IN_GRACE
FDX20257681433,CUST612438,Lopez-Garza,Mid,2025-12-12,11667,43592,34366,2025-12-27,15,12,2026-01-08,,IN_GRACE
FDX20257337047,CUST275377,"Blake, Ellis and Powell",Small,2025-12-22,25656,111526,42648,2026-01-01,10,7,2026-01-08,,ELIGIBLE
FDX20253814647,CUST186686,Fuller-Morrison,Mid,2025-12-31,46772,260269,131487,2026-01-15,15,12,2026-01-27,,ELIGIBLE
FDX20258897261,CUST692862,Green-Singleton,Mid,2025-12-14,37962,223420,213121,2025-12-29,15,12,2026-01-10,,ELIGIBLE
FDX20258405061,CUST132359,Hancock-Dean,Mid,2025-12-28,3192,15142,6386,2026-01-12,15,12,2026-01-24,,IN_GRACE
FDX20258091683,CUST934541,Zavala-Garcia,Small,2025-12-24,1876,11111,4355,2026-01-03,10,7,2026-01-10,2026-01-10,RESOLVED_IN_GRACE
FDX20259477402,CUST898025,Stafford-Robinson,Small,2026-01-10,11188,63814,62191,2026-01-20,10,7,2026-01-27,,ELIGIBLE
FDX20258271756,CUST331241,Jones-Davis,Small,2026-01-11,58501,333291,151476,2026-01-21,10,7,2026-01-28,2026-01-26,RESOLVED_IN_GRACE
FDX20253615206,CUST406278,"Lang, Torres and Wiggins",Large,2025-12-01,16101,92508,46973,2025-12-26,25,20,2026-01-15,,IN_GRACE
FDX20259086630,CUST134283,Simmons-Oneill,Small,2026-01-09,24884,81047,60481,2026-01-19,10,7,2026-01-26,2026-01-26,RESOLVED_IN_GRACE
FDX20251332374,CUST388204,"Christian, Swanson and Snyder",Mid,2025-12-14,30259,144742,110536,2025-12-29,15,12,2026-01-10,,ELIGIBLE
FDX20257399154,CUST335765,"Cross, Miller and Mckay",Mid,2025-12-22,34127,98931,58674,2026-01-06,15,12,2026-01-18,2026-01-18,RESOLVED_IN_GRACE
FDX20258170536,CUST663723,Chen-Keller,Mid,2026-01-01,14206,58501,53437,2026-01-16,15,12,2026-01-28,2026-01-27,RESOLVED_IN_GRACE
FDX20252396415,CUST402692,Nelson-Myers,Mid,2026-01-03,28365,110275,91859,2026-01-18,15,12,2026-01-30,,IN_GRACE
FDX20256037049,CUST276379,Davis-Allen,Large,2025-12-01,11766,56320,46254,2025-12-26,25,20,2026-01-15,,IN_GRACE
FDX20253563536,CUST918665,Cantrell Inc,Mid,2025-12-21,45028,193782,175795,2026-01-05,15,12,2026-01-17,2026-01-10,RESOLVED_IN_GRACE
FDX20253947745,CUST579536,"Larson, Allen and Andrews",Small,2026-01-07,28524,107614,75701,2026-01-17,10,7,2026-01-24,2026-01-20,RESOLVED_IN_GRACE
FDX20255316638,CUST693127,Valdez-Meyers,Small,2026-01-01,3716,16742,14930,2026-01-11,10,7,2026-01-18,,ELIGIBLE
FDX20257382895,CUST878586,Anderson-Andrews,Mid,2026-01-03,11388,62543,27469,2026-01-18,15,12,2026-01-30,,ELIGIBLE
FDX20258778776,CUST910074,Hill-White,Mid,2025-12-16,8231,45421,8873,2025-12-31,15,12,2026-01-12,,ELIGIBLE
FDX20256131265,CUST903124,Carr-Hill,Small,2026-01-13,9554,47046,12783,2026-01-23,10,7,2026-01-30,,ELIGIBLE
FDX20258610197,CUST619373,"Knapp, Kim and Castro",Mid,2025-12-12,35993,161590,42430,2025-12-27,15,12,2026-01-08,,ELIGIBLE
FDX20255751739,CUST676429,Perez-Hooper,Small,2025-12-24,36879,155135,78309,2026-01-03,10,7,2026-01-10,,ELIGIBLE
FDX20257293920,CUST635618,Lara and Sons,Large,2025-12-01,27918,166792,109313,2025-12-26,25,20,2026-01-15,2026-01-07,RESOLVED_IN_GRACE
FDX20259067229,CUST218710,Palmer-Vasquez,Small,2025-12-24,50662,133355,95019,2026-01-03,10,7,2026-01-10,,ELIGIBLE
FDX20252206947,CUST700534,Sutton-Bell,Large,2025-12-10,37081,107265,38650,2026-01-04,25,20,2026-01-24,,ELIGIBLE
FDX20256590741,CUST219754,Bennett-Diaz,Mid,2025-12-31,22475,125626,23856,2026-01-15,15,12,2026-01-27,,ELIGIBLE
FDX20253292713,CUST380901,Bowen-Sanchez,Small,2025-12-27,8635,21636,17843,2026-01-06,10,7,2026-01-13,2026-01-12,RESOLVED_IN_GRACE
FDX20258872850,CUST912764,Steele-Lam,Mid,2026-01-01,37941,205074,165469,2026-01-16,15,12,2026-01-28,,ELIGIBLE
FDX20254283565,CUST669488,"Chan, Frederick and Martinez",Mega,2025-12-01,40463,230085,108619,2026-01-05,35,30,2026-02-04,2026-01-14,RESOLVED_IN_GRACE
FDX20253595845,CUST963274,"Golden, Smith and Mclaughlin",Small,2026-01-11,34238,142643,44642,2026-01-21,10,7,2026-01-28,,ELIGIBLE
FDX20254181393,CUST484682,Williams-Dominguez,Small,2025-12-26,40052,155742,98580,2026-01-05,10,7,2026-01-12,,ELIGIBLE
FDX20251070138,CUST668373,Perez-Phillips,Small,2025-12-31,36325,197153,179993,2026-01-10,10,7,2026-01-17,2026-01-14,RESOLVED_IN_GRACE
FDX20251215323,CUST962570,Long-Jackson,Small,2026-01-03,26202,90914,80601,2026-01-13,10,7,2026-01-20,2026-01-17,RESOLVED_IN_GRACE
FDX20259400348,CUST893547,Martinez-Norris,Small,2025-12-24,52998,298694,130508,2026-01-03,10,7,2026-01-10,,IN_GRACE
FDX20257279004,CUST143631,Davis-Grimes,Large,2025-12-07,26971,110745,58721,2026-01-01,25,20,2026-01-21,2026-01-09,RESOLVED_IN_GRACE
FDX20259245225,CUST896922,Johnson-Burton,Mid,2025-12-26,16833,61765,45944,2026-01-10,15,12,2026-01-22,,ELIGIBLE
FDX20257787310,CUST853905,Hernandez-Marshall,Mid,2025-12-21,30511,112518,105756,2026-01-05,15,12,2026-01-17,2026-01-12,RESOLVED_IN_GRACE
FDX20257976304,CUST562806,Watkins-Wise,Small,2026-01-01,16499,54264,47924,2026-01-11,10,7,2026-01-18,2026-01-16,RESOLVED_IN_GRACE
FDX20257621123,CUST672892,Stanton-Ryan,Small,2025-12-31,57901,183522,78376,2026-01-10,10,7,2026-01-17,2026-01-17,RESOLVED_IN_GRACE
FDX20257260332,CUST329157,Bailey-Chen,Large,2025-12-02,58208,327027,283863,2025-12-27,25,20,2026-01-16,,ELIGIBLE
FDX20257443078,CUST545807,Fisher-Rogers,Mid,2025-12-16,59992,194614,191587,2025-12-31,15,12,2026-01-12,,IN_GRACE
FDX20259213304,CUST207391,Howe-Gonzales,Mid,2025-12-31,9000,42689,13867,2026-01-15,15,12,2026-01-27,,ELIGIBLE
FDX20256164208,CUST871740,Winters-Williams,Small,2026-01-04,24105,60329,35987,2026-01-14,10,7,2026-01-21,,ELIGIBLE
FDX20252195114,CUST970392,"Lamb, Douglas and Webb",Small,2026-01-03,15824,71339,34840,2026-01-13,10,7,2026-01-20,2026-01-15,RESOLVED_IN_GRACE
FDX20257858317,CUST785424,Anderson-Hull,Large,2025-12-03,37506,224505,101698,2025-12-28,25,20,2026-01-17,,ELIGIBLE
FDX20251651407,CUST887842,Smith-Reyes,Small,2026-01-09,20393,92036,26983,2026-01-19,10,7,2026-01-26,2026-01-22,RESOLVED_IN_GRACE
FDX20253088386,CUST359555,Ward-Johnson,Small,2025-12-29,12286,38271,31956,2026-01-08,10,7,2026-01-15,2026-01-11,RESOLVED_IN_GRACE
FDX20257456309,CUST412170,Brock-Cohen,Mid,2025-12-28,2068,7787,7256,2026-01-12,15,12,2026-01-24,,IN_GRACE
FDX20253723988,CUST133796,Brown-Ayers,Mid,2025-12-14,1755,6455,5631,2025-12-29,15,12,2026-01-10,,IN_GRACE
FDX20254258608,CUST571578,Williams-Adams,Mid,2026-01-01,10056,52449,11787,2026-01-16,15,12,2026-01-28,2026-01-26,RESOLVED_IN_GRACE
FDX20258319864,CUST375581,Kirby-Ward,Small,2025-12-26,32839,195382,180602,2026-01-05,10,7,2026-01-12,,ELIGIBLE
FDX20255282525,CUST465509,Johnson-Lee,Small,2025-12-22,29488,95195,39454,2026-01-01,10,7,2026-01-08,,ELIGIBLE
FDX20256848179,CUST956401,Callahan-Romero,Mid,2025-12-22,19173,94515,82980,2026-01-06,15,12,2026-01-18,,ELIGIBLE
FDX20259549809,CUST191208,Pace-Fuller,Small,2026-01-04,31049,108586,84747,2026-01-14,10,7,2026-01-21,,ELIGIBLE
FDX20259197714,CUST560398,Villarreal Group,Small,2026-01-09,26249,67728,63744,2026-01-19,10,7,2026-01-26,,ELIGIBLE
FDX20257177044,CUST223088,Watkins-Roberts,Small,2026-01-01,36406,189459,119527,2026-01-11,10,7,2026-01-18,,ELIGIBLE
FDX20251968122,CUST913308,Mueller-Torres,Mid,2026-01-01,39550,128982,119044,2026-01-16,15,12,2026-01-28,,ELIGIBLE
FDX20257464817,CUST951327,Brown-Johnson,Large,2025-12-02,37980,119364,95531,2025-12-27,25,20,2026-01-16,2026-01-06,RESOLVED_IN_GRACE
FDX20258114216,CUST348455,Mathews Inc,Small,2026-01-11,33264,177623,94041,2026-01-21,10,7,2026-01-28,,ELIGIBLE
FDX20255140479,CUST320073,Ramirez-Morton,Mid,2025-12-28,26984,124586,74804,2026-01-12,15,12,2026-01-24,2026-01-16,RESOLVED_IN_GRACE
FDX20255066006,CUST950083,Peterson-Hart,Small,2026-01-04,41738,220008,210963,2026-01-14,10,7,2026-01-21,,ELIGIBLE
FDX20259014904,CUST873443,"Howard, Ramirez and Dalton",Mid,2026-01-01,36150,159470,82034,2026-01-16,15,12,2026-01-28,,IN_GRACE
FDX20251578940,CUST716482,Garcia and Sons,Small,2026-01-09,35839,148631,141514,2026-01-19,10,7,2026-01-26,2026-01-22,RESOLVED_IN_GRACE
FDX20257063525,CUST822608,Mitchell-Evans,Small,2026-01-09,34658,184622,125452,2026-01-19,10,7,2026-01-26,,ELIGIBLE
FDX20251474058,CUST467663,Costa LLC,Small,2026-01-04,44398,205945,163066,2026-01-14,10,7,2026-01-21,2026-01-15,RESOLVED_IN_GRACE
FDX20253481086,CUST845279,Glass-Fitzpatrick,Small,2026-01-10,17539,51267,34130,2026-01-20,10,7,2026-01-27,,ELIGIBLE
FDX20255384401,CUST739905,Pham-Perez,Small,2026-01-11,18699,64044,58081,2026-01-21,10,7,2026-01-28,,ELIGIBLE
FDX20258641531,CUST763508,Anderson-Sellers,Mid,2025-12-24,27078,76151,55595,2026-01-08,15,12,2026-01-20,2026-01-12,RESOLVED_IN_GRACE
FDX20253472414,CUST548965,Frazier Inc,Mid,2025-12-30,56829,290048,140749,2026-01-14,15,12,2026-01-26,2026-01-17,RESOLVED_IN_GRACE
FDX20255266245,CUST274044,Yang-Juarez,Mega,2025-12-01,23713,122051,56608,2026-01-05,35,30,2026-02-04,,ELIGIBLE
FDX20255150931,CUST746081,Barnett PLC,Small,2026-01-01,32791,144463,96147,2026-01-11,10,7,2026-01-18,,IN_GRACE
FDX20253708302,CUST245998,Arnold-Ross,Small,2025-12-24,19697,80306,48440,2026-01-03,10,7,2026-01-10,,ELIGIBLE
FDX20251206987,CUST922974,White-Griffin,Small,2025-12-29,43456,150009,53857,2026-01-08,10,7,2026-01-15,2026-01-10,RESOLVED_IN_GRACE
FDX20252958415,CUST316656,Clark-Romero,Small,2025-12-27,16066,73430,34033,2026-01-06,10,7,2026-01-13,,ELIGIBLE
FDX20252548634,CUST953047,Marshall-Salinas,Mid,2025-12-28,35265,147813,93510,2026-01-12,15,12,2026-01-24,,IN_GRACE
FDX20257448284,CUST316995,Wolfe-Pugh,Mid,2025-12-30,25695,114501,35224,2026-01-14,15,12,2026-01-26,2026-01-24,RESOLVED_IN_GRACE
FDX20257671743,CUST944565,Miller-Bates,Mid,2025-12-22,6833,35048,31604,2026-01-06,15,12,2026-01-18,,IN_GRACE
FDX20252348021,CUST162241,Livingston-Perez,Small,2026-01-01,38382,218920,125442,2026-01-11,10,7,2026-01-18,,ELIGIBLE
FDX20259699607,CUST697766,Parker-Harris,Small,2025-12-22,25965,129501,103641,2026-01-01,10,7,2026-01-08,,ELIGIBLE
FDX20254167928,CUST467856,Conley PLC,Small,2026-01-03,58547,321692,174384,2026-01-13,10,7,2026-01-20,2026-01-15,RESOLVED_IN_GRACE
FDX20258095837,CUST658136,Grimes Ltd,Small,2025-12-24,49372,172555,156061,2026-01-03,10,7,2026-01-10,,IN_GRACE
FDX20253782058,CUST394739,Summers and Sons,Mid,2025-12-28,40470,111789,44201,2026-01-12,15,12,2026-01-24,,IN_GRACE
FDX20258161714,CUST725850,Jackson-Christian,Mid,2025-12-22,5414,24141,5816,2026-01-06,15,12,2026-01-18,2026-01-12,RESOLVED_IN_GRACE
FDX20255242475,CUST664939,Chambers-Lee,Small,2025-12-24,20286,96679,35137,2026-01-03,10,7,2026-01-10,2026-01-07,RESOLVED_IN_GRACE
FDX20256070402,CUST276556,Johns-Brown,Small,2026-01-05,16580,66339,37688,2026-01-15,10,7,2026-01-22,,ELIGIBLE
FDX20259399459,CUST439375,Rodriguez-Morales,Mega,2025-12-01,37579,189451,112128,2026-01-05,35,30,2026-02-04,,ELIGIBLE
FDX20259945633,CUST838253,Whitney-Howe,Mid,2025-12-20,3624,14344,12918,2026-01-04,15,12,2026-01-16,,ELIGIBLE
FDX20257422127,CUST406849,"Burke, Hall and Cummings",Mid,2025-12-26,5901,33483,13244,2026-01-10,15,12,2026-01-22,2026-01-15,RESOLVED_IN_GRACE
FDX20256167027,CUST403387,Robertson PLC,Mega,2025-12-01,21351,77612,40385,2026-01-05,35,30,2026-02-04,,ELIGIBLE
FDX20257905652,CUST700556,Sandoval-Mason,Large,2025-12-13,28287,87190,84630,2026-01-07,25,20,2026-01-27,,ELIGIBLE
FDX20252491048,CUST380329,Oconnor-Ramirez,Mid,2025-12-25,44603,234543,71642,2026-01-09,15,12,2026-01-21,2026-01-12,RESOLVED_IN_GRACE
FDX20252833314,CUST999695,Rodriguez-Cain,Small,2026-01-04,13849,74603,29203,2026-01-14,10,7,2026-01-21,,IN_GRACE
FDX20256777952,CUST639403,Maldonado-Young,Small,2026-01-13,17684,105665,24935,2026-01-23,10,7,2026-01-30,,ELIGIBLE
FDX20253394334,CUST812296,"Pennington, Murray and Chan",Large,2025-12-03,52275,237227,140416,2025-12-28,25,20,2026-01-17,2026-01-05,RESOLVED_IN_GRACE
FDX20255513429,CUST954779,Wolf-Welch,Large,2025-12-01,14749,61242,27512,2025-12-26,25,20,2026-01-15,,IN_GRACE
FDX20254515255,CUST199850,Gilbert-Kaiser,Large,2025-12-01,58960,334487,252122,2025-12-26,25,20,2026-01-15,2026-01-15,RESOLVED_IN_GRACE
FDX20257676832,CUST242175,Shaffer-Lee,Small,2025-12-29,32452,122256,109170,2026-01-08,10,7,2026-01-15,,ELIGIBLE
FDX20256169066,CUST886530,"Garza, Malone and Jones",Mid,2025-12-31,45444,255613,50722,2026-01-15,15,12,2026-01-27,2026-01-25,RESOLVED_IN_GRACE
FDX20251107714,CUST923856,Jenkins-Ray,Large,2025-12-01,27449,89125,60464,2025-12-26,25,20,2026-01-15,,ELIGIBLE
FDX20253825261,CUST531589,Lee-Cuevas,Large,2025-12-14,13683,82063,29416,2026-01-08,25,20,2026-01-28,,ELIGIBLE
FDX20259249747,CUST162165,Hernandez-Kennedy,Mid,2025-12-24,40455,206869,40479,2026-01-08,15,12,2026-01-20,,ELIGIBLE
FDX20251026484,CUST390794,"Gibson, Eaton and Forbes",Small,2025-12-26,35929,154058,109347,2026-01-05,10,7,2026-01-12,,ELIGIBLE
FDX20252625220,CUST787757,"Love, Martinez and Thompson",Mid,2025-12-19,33533,183958,118786,2026-01-03,15,12,2026-01-15,,IN_GRACE
FDX20252171745,CUST233051,Bass-Davis,Mega,2025-12-01,42977,230830,175162,2026-01-05,35,30,2026-02-04,,ELIGIBLE
FDX20258010185,CUST835499,Jensen-Gilbert,Mid,2025-12-22,44205,255223,82556,2026-01-06,15,12,2026-01-18,2026-01-18,RESOLVED_IN_GRACE
FDX20259807400,CUST239136,"Fischer, Smith and Glass",Mid,2025-12-19,53061,257456,102958,2026-01-03,15,12,2026-01-15,2026-01-11,RESOLVED_IN_GRACE
FDX20257993453,CUST361805,Anderson-Thompson,Small,2025-12-29,57332,254721,122225,2026-01-08,10,7,2026-01-15,2026-01-09,RESOLVED_IN_GRACE
FDX20255837546,CUST253347,Mcclain-Mitchell,Large,2025-12-01,40034,222994,159481,2025-12-26,25,20,2026-01-15,,ELIGIBLE
FDX20258230134,CUST845951,Huynh-Cruz,Small,2025-12-27,15884,77789,57907,2026-01-06,10,7,2026-01-13,,IN_GRACE
FDX20253862767,CUST437742,Lester-Swanson,Small,2025-12-31,54777,272069,244761,2026-01-10,10,7,2026-01-17,,ELIGIBLE
FDX20253959522,CUST968726,Stanton-Scott,Mid,2026-01-03,17704,101121,75027,2026-01-18,15,12,2026-01-30,,ELIGIBLE
FDX20257285607,CUST359579,Rogers-Nielsen,Small,2026-01-09,56913,243160,164894,2026-01-19,10,7,2026-01-26,,ELIGIBLE
FDX20254127273,CUST898462,Thompson-Hall,Mid,2025-12-12,3284,17536,11468,2025-12-27,15,12,2026-01-08,2026-01-07,RESOLVED_IN_GRACE
FDX20253253718,CUST984532,"Silva, Mccoy and Brown",Small,2026-01-07,38815,227739,170737,2026-01-17,10,7,2026-01-24,2026-01-24,RESOLVED_IN_GRACE
FDX20254322233,CUST809083,Williams-Watkins,Small,2026-01-07,22858,101051,24317,2026-01-17,10,7,2026-01-24,,IN_GRACE
FDX20259161633,CUST511776,Warner-Washington,Mid,2025-12-21,53336,147823,143266,2026-01-05,15,12,2026-01-17,,ELIGIBLE
FDX20254053190,CUST613234,Berg-Walker,Small,2026-01-10,43612,185664,116341,2026-01-20,10,7,2026-01-27,,ELIGIBLE
FDX20259432459,CUST249077,"Stevenson, Jennings and Padilla",Small,2025-12-29,25341,150090,31418,2026-01-08,10,7,2026-01-15,2026-01-12,RESOLVED_IN_GRACE
FDX20252849490,CUST705474,Hudson-Roberts,Mid,2025-12-21,47654,155965,126376,2026-01-05,15,12,2026-01-17,2026-01-12,RESOLVED_IN_GRACE
FDX20258560833,CUST763121,Moreno and Sons,Mid,2025-12-12,11794,69448,59591,2025-12-27,15,12,2026-01-08,,IN_GRACE
FDX20254566389,CUST381770,Sims-Wilson,Mid,2025-12-12,52184,137590,62891,2025-12-27,15,12,2026-01-08,,IN_GRACE
FDX20254114489,CUST758309,Pena-Werner,Mid,2025-12-24,2628,13802,12657,2026-01-08,15,12,2026-01-20,,ELIGIBLE
FDX20254371228,CUST534346,Richardson-Mercer,Mid,2025-12-26,16659,88221,40509,2026-01-10,15,12,2026-01-22,2026-01-22,RESOLVED_IN_GRACE
FDX20251989554,CUST493396,Cooke-Adkins,Small,2025-12-26,11170,54451,34480,2026-01-05,10,7,2026-01-12,2026-01-07,RESOLVED_IN_GRACE
FDX20254065690,CUST573947,Brooks and Sons,Small,2026-01-09,30902,144992,51655,2026-01-19,10,7,2026-01-26,,IN_GRACE
FDX20254219293,CUST179184,Buchanan-Case,Small,2026-01-04,24151,98341,74720,2026-01-14,10,7,2026-01-21,,IN_GRACE
FDX20255351203,CUST764406,Bowen-Krueger,Large,2025-12-13,17071,43705,27968,2026-01-07,25,20,2026-01-27,,ELIGIBLE
FDX20257858398,CUST933197,Wood Inc,Mid,2025-12-19,42207,185284,62761,2026-01-03,15,12,2026-01-15,,ELIGIBLE
FDX20258394229,CUST906233,Gibson-Benton,Small,2025-12-27,49854,216707,161358,2026-01-06,10,7,2026-01-13,,ELIGIBLE
FDX20252831995,CUST197616,"Burton, Moore and Kaiser",Mid,2025-12-31,34259,101515,43130,2026-01-15,15,12,2026-01-27,2026-01-23,RESOLVED_IN_GRACE
FDX20253787134,CUST522419,Holt-Sullivan,Large,2025-12-01,30471,118052,57117,2025-12-26,25,20,2026-01-15,,ELIGIBLE
FDX20252338986,CUST640659,Hernandez-Mclean,Small,2025-12-27,39776,215386,82922,2026-01-06,10,7,2026-01-13,,ELIGIBLE
FDX20255917831,CUST886224,Parrish-Burns,Small,2026-01-03,19716,90673,31585,2026-01-13,10,7,2026-01-20,2026-01-19,RESOLVED_IN_GRACE
FDX20252437925,CUST391740,Torres-Bautista,Mega,2025-12-01,59123,302553,265305,2026-01-05,35,30,2026-02-04,,ELIGIBLE
FDX20257337233,CUST828449,Joseph-Anderson,Small,2026-01-09,56964,287393,177642,2026-01-19,10,7,2026-01-26,,IN_GRACE
FDX20253091809,CUST486999,Skinner-Allison,Small,2026-01-04,45448,122611,111773,2026-01-14,10,7,2026-01-21,,ELIGIBLE
FDX20255643299,CUST576782,Simmons-Roberts,Small,2025-12-30,45491,245012,125224,2026-01-09,10,7,2026-01-16,2026-01-10,RESOLVED_IN_GRACE
FDX20252078144,CUST611751,Dixon-Pierce,Small,2026-01-01,33930,127991,127232,2026-01-11,10,7,2026-01-18,,ELIGIBLE
FDX20256740356,CUST443187,Cook-Ramirez,Large,2025-12-06,22171,81704,67435,2025-12-31,25,20,2026-01-20,2026-01-18,RESOLVED_IN_GRACE
FDX20251497723,CUST710224,Kim-Juarez,Mid,2025-12-22,54349,136453,102133,2026-01-06,15,12,2026-01-18,2026-01-10,RESOLVED_IN_GRACE
FDX20254938956,CUST102593,Williams-Blake,Small,2026-01-13,50105,227991,138901,2026-01-23,10,7,2026-01-30,2026-01-28,RESOLVED_IN_GRACE
FDX20259017783,CUST911739,Stanton-Garcia,Large,2025-12-01,42568,231520,79775,2025-12-26,25,20,2026-01-15,,ELIGIBLE
FDX20259140210,CUST988319,Garner-Woods,Small,2025-12-30,30164,143773,58596,2026-01-09,10,7,2026-01-16,,IN_GRACE
FDX20252691296,CUST868316,Wall-Carroll,Small,2025-12-30,58544,308683,306415,2026-01-09,10,7,2026-01-16,,ELIGIBLE
FDX20251159493,CUST197666,Cannon-Winters,Large,2025-12-01,25811,68883,55527,2025-12-26,25,20,2026-01-15,,IN_GRACE
FDX20252024357,CUST866437,Jacobs-Wilkerson,Small,2026-01-07,50046,131415,95816,2026-01-17,10,7,2026-01-24,2026-01-18,RESOLVED_IN_GRACE
FDX20255464094,CUST580718,Cox-Rangel,Mid,2025-12-14,53765,184188,165445,2025-12-29,15,12,2026-01-10,2025-12-30,RESOLVED_IN_GRACE
FDX20251121243,CUST765678,Jackson-Miller,Mid,2025-12-25,28287,150147,82735,2026-01-09,15,12,2026-01-21,,IN_GRACE
FDX20251702283,CUST796405,Patton-Erickson,Small,2026-01-09,30888,101032,39384,2026-01-19,10,7,2026-01-26,2026-01-26,RESOLVED_IN_GRACE
FDX20252624736,CUST831160,Wheeler-Duncan,Mid,2025-12-16,9920,31796,20326,2025-12-31,15,12,2026-01-12,,ELIGIBLE
FDX20254541139,CUST475623,Petty-Butler,Small,2026-01-10,26936,139103,58698,2026-01-20,10,7,2026-01-27,,ELIGIBLE
FDX20259763319,CUST991401,"Michael, Tate and Roberts",Small,2026-01-07,37727,212256,45091,2026-01-17,10,7,2026-01-24,,ELIGIBLE
FDX20251121835,CUST166407,Williams-Sanchez,Large,2025-12-01,55760,187414,182507,2025-12-26,25,20,2026-01-15,,ELIGIBLE
FDX20257302626,CUST934328,Avery-Dyer,Mid,2025-12-17,58192,281976,145643,2026-01-01,15,12,2026-01-13,,ELIGIBLE
FDX20259725395,CUST660384,Berry-Martinez,Mid,2025-12-14,16205,69989,53505,2025-12-29,15,12,2026-01-10,2026-01-07,RESOLVED_IN_GRACE
FDX20255459984,CUST517035,Mcintyre LLC,Small,2025-12-31,52022,170842,66654,2026-01-10,10,7,2026-01-17,2026-01-13,RESOLVED_IN_GRACE
FDX20259152488,CUST328411,Conley-Harrison,Small,2026-01-07,49016,272880,93750,2026-01-17,10,7,2026-01-24,,IN_GRACE
FDX20258939511,CUST550513,Hernandez Ltd,Mid,2025-12-14,21827,65638,36421,2025-12-29,15,12,2026-01-10,,ELIGIBLE
FDX20256654424,CUST964915,Reese-Blackburn,Large,2025-12-10,32507,94823,63927,2026-01-04,25,20,2026-01-24,,ELIGIBLE
FDX20258205036,CUST322142,Becker Inc,Mid,2025-12-26,17316,43455,31278,2026-01-10,15,12,2026-01-22,2026-01-22,RESOLVED_IN_GRACE
FDX20256646375,CUST618746,Austin-Mcdonald,Mega,2025-12-01,14097,72358,16413,2026-01-05,35,30,2026-02-04,2026-02-01,RESOLVED_IN_GRACE
FDX20257220742,CUST381581,Blake Inc,Mid,2025-12-17,36180,139206,105739,2026-01-01,15,12,2026-01-13,,ELIGIBLE
FDX20256755884,CUST438548,"Santana, Brown and Schultz",Large,2025-12-10,15639,41281,29008,2026-01-04,25,20,2026-01-24,,ELIGIBLE
FDX20256288577,CUST968581,Becker-Davis,Small,2026-01-03,38152,163748,127735,2026-01-13,10,7,2026-01-20,,ELIGIBLE
FDX20255019771,CUST397368,Middleton-Perkins,Small,2026-01-03,34389,112735,90101,2026-01-13,10,7,2026-01-20,2026-01-20,RESOLVED_IN_GRACE
FDX20257060108,CUST454161,Griffith PLC,Small,2025-12-26,51501,263989,83907,2026-01-05,10,7,2026-01-12,,IN_GRACE
FDX20257685239,CUST673896,"French, Mitchell and Brown",Small,2025-12-22,29246,131185,50464,2026-01-01,10,7,2026-01-08,2026-01-03,RESOLVED_IN_GRACE
FDX20257349097,CUST706007,Rhodes-Osborn,Mid,2025-12-20,36609,143251,92388,2026-01-04,15,12,2026-01-16,,ELIGIBLE
FDX20251960353,CUST236937,Marshall-Fox,Mid,2025-12-14,23518,113027,29537,2025-12-29,15,12,2026-01-10,,ELIGIBLE
FDX20256973179,CUST693643,Day-Barr,Large,2025-12-04,27654,131368,90666,2025-12-29,25,20,2026-01-18,,ELIGIBLE
FDX20256540763,CUST993829,"Harrington, Strickland and Thomas",Small,2025-12-30,25839,110458,99779,2026-01-09,10,7,2026-01-16,2026-01-12,RESOLVED_IN_GRACE
FDX20252680697,CUST608913,"Ramsey, Hubbard and Jackson",Mid,2025-12-25,30919,180144,94754,2026-01-09,15,12,2026-01-21,,IN_GRACE
FDX20251051752,CUST926596,Henderson-Davis,Small,2025-12-30,49669,209930,125850,2026-01-09,10,7,2026-01-16,,ELIGIBLE
FDX20258665833,CUST460437,Thompson-Evans,Mid,2025-12-14,8085,46783,8281,2025-12-29,15,12,2026-01-10,2026-01-04,RESOLVED_IN_GRACE
FDX20257741225,CUST815707,Clark-Martinez,Mid,2025-12-25,50327,293275,225724,2026-01-09,15,12,2026-01-21,2026-01-17,RESOLVED_IN_GRACE
FDX20253329735,CUST899281,Levy-Becker,Mid,2025-12-14,33048,168988,67346,2025-12-29,15,12,2026-01-10,,IN_GRACE
FDX20251430846,CUST150760,Kennedy-Juarez,Small,2026-01-07,24686,63279,43931,2026-01-17,10,7,2026-01-24,2026-01-18,RESOLVED_IN_GRACE
FDX20253061828,CUST148174,Smith-Burnett,Small,2026-01-05,13220,54559,48163,2026-01-15,10,7,2026-01-22,,IN_GRACE
FDX20259902483,CUST204411,Stephens-Davies,Mid,2025-12-31,44163,242053,187850,2026-01-15,15,12,2026-01-27,,ELIGIBLE
FDX20255688687,CUST756596,Price-Kemp,Mega,2025-12-01,5739,15192,14595,2026-01-05,35,30,2026-02-04,,ELIGIBLE
FDX20255169769,CUST921967,Davis-Vazquez,Small,2026-01-04,22481,98844,91765,2026-01-14,10,7,2026-01-21,,ELIGIBLE
FDX20257181227,CUST977345,Perry-Sanchez,Small,2025-12-30,30830,96899,58516,2026-01-09,10,7,2026-01-16,,ELIGIBLE
FDX20258581927,CUST581906,Huffman-Wright,Small,2026-01-10,23953,123377,89993,2026-01-20,10,7,2026-01-27,2026-01-23,RESOLVED_IN_GRACE
FDX20258972523,CUST117072,Anderson-Perry,Mega,2025-12-01,51049,221938,174946,2026-01-05,35,30,2026-02-04,,IN_GRACE
FDX20259638823,CUST230272,Wong-Holt,Large,2025-12-06,42740,145903,48830,2025-12-31,25,20,2026-01-20,,ELIGIBLE
FDX20257931114,CUST999312,Knight-Ruiz,Small,2025-12-22,35997,92781,46018,2026-01-01,10,7,2026-01-08,2026-01-04,RESOLVED_IN_GRACE
FDX20254153025,CUST265657,Yates-Williams,Mid,2025-12-26,8980,22987,21972,2026-01-10,15,12,2026-01-22,,ELIGIBLE
FDX20251052497,CUST562721,Blanchard-Ferguson,Mid,2025-12-22,20260,61875,44498,2026-01-06,15,12,2026-01-18,,ELIGIBLE
FDX20256405343,CUST578693,Guzman PLC,Large,2025-12-01,5384,28759,15311,2025-12-26,25,20,2026-01-15,2026-01-14,RESOLVED_IN_GRACE
FDX20251279010,CUST100708,"Fitzgerald, Jones and Davis",Small,2026-01-11,17536,51503,44148,2026-01-21,10,7,2026-01-28,,ELIGIBLE
FDX20257043247,CUST548580,Hatfield Inc,Mid,2025-12-19,26336,67645,60611,2026-01-03,15,12,2026-01-15,,ELIGIBLE
FDX20251767629,CUST312146,"Douglas, Thompson and Petersen",Large,2025-12-03,45482,144869,101596,2025-12-28,25,20,2026-01-17,2026-01-01,RESOLVED_IN_GRACE
FDX20256461406,CUST822040,Steele PLC,Large,2025-12-14,7135,29085,27949,2026-01-08,25,20,2026-01-28,,ELIGIBLE
FDX20258454220,CUST238320,Thomas-Anderson,Small,2025-12-29,25533,146366,75655,2026-01-08,10,7,2026-01-15,2026-01-12,RESOLVED_IN_GRACE
FDX20254918463,CUST781571,Gallegos-Long,Mid,2025-12-17,7354,25953,16677,2026-01-01,15,12,2026-01-13,,ELIGIBLE
FDX20259129167,CUST416528,"Pena, Pennington and Ross",Small,2026-01-13,2590,10988,9806,2026-01-23,10,7,2026-01-30,,ELIGIBLE
FDX20257713657,CUST266699,Morris-Fitzpatrick,Small,2025-12-31,44987,205867,56793,2026-01-10,10,7,2026-01-17,,ELIGIBLE
FDX20252365149,CUST387330,"Andrews, Jones and Hudson",Large,2025-12-12,4258,11323,11051,2026-01-06,25,20,2026-01-26,,ELIGIBLE
FDX20256844074,CUST197874,Zamora Inc,Small,2026-01-13,21939,98849,94290,2026-01-23,10,7,2026-01-30,,ELIGIBLE
FDX20258179243,CUST786385,Aguilar-Taylor,Small,2026-01-05,21217,57487,30246,2026-01-15,10,7,2026-01-22,,ELIGIBLE
FDX20258988000,CUST477943,"Howe, Vaughan and Gilmore",Mega,2025-12-01,10027,56364,11541,2026-01-05,35,30,2026-02-04,2026-01-18,RESOLVED_IN_GRACE
FDX20252685367,CUST362552,Campbell-Hamilton,Small,2025-12-27,58787,296567,222094,2026-01-06,10,7,2026-01-13,2026-01-12,RESOLVED_IN_GRACE
FDX20257456854,CUST186424,Cantrell-Hall,Small,2025-12-24,3933,20494,16529,2026-01-03,10,7,2026-01-10,,IN_GRACE
FDX20255930202,CUST489906,"Moran, Drake and Diaz",Mid,2025-12-24,21827,94904,53545,2026-01-08,15,12,2026-01-20,,ELIGIBLE
FDX20254272848,CUST796787,Rice-Perez,Small,2025-12-22,23260,115440,108342,2026-01-01,10,7,2026-01-08,,ELIGIBLE
FDX20253401850,CUST780432,Johnson-Bradley,Small,2026-01-01,24325,145940,132379,2026-01-11,10,7,2026-01-18,2026-01-16,RESOLVED_IN_GRACE
FDX20259725065,CUST273565,Whitehead-Stewart,Mid,2025-12-30,4168,21524,11549,2026-01-14,15,12,2026-01-26,2026-01-25,RESOLVED_IN_GRACE
FDX20259466397,CUST154302,Jones-Maddox,Mega,2025-12-01,27304,95937,55816,2026-01-05,35,30,2026-02-04,2026-01-18,RESOLVED_IN_GRACE
FDX20251532605,CUST515594,"Petty, Edwards and Simmons",Small,2025-12-22,20694,115598,39057,2026-01-01,10,7,2026-01-08,,ELIGIBLE
FDX20253145157,CUST755993,Walter Inc,Small,2025-12-27,58570,189611,98468,2026-01-06,10,7,2026-01-13,2026-01-09,RESOLVED_IN_GRACE
FDX20259353796,CUST420349,Cooper-Graves,Small,2026-01-03,22812,123875,120303,2026-01-13,10,7,2026-01-20,,ELIGIBLE
FDX20252461125,CUST861253,Foley-Peters,Small,2026-01-10,7875,35563,9132,2026-01-20,10,7,2026-01-27,,ELIGIBLE
FDX20256055785,CUST833417,Smith-Peterson,Small,2026-01-01,35839,185220,93754,2026-01-11,10,7,2026-01-18,,ELIGIBLE
FDX20258831655,CUST891918,Powers-Howell,Mid,2025-12-21,16947,65270,21182,2026-01-05,15,12,2026-01-17,2026-01-10,RESOLVED_IN_GRACE
FDX20253819458,CUST345517,Lopez-Haas,Mid,2025-12-16,58593,314994,233674,2025-12-31,15,12,2026-01-12,,ELIGIBLE
FDX20258487448,CUST550081,Villarreal-Singh,Small,2026-01-05,13557,50972,31392,2026-01-15,10,7,2026-01-22,,ELIGIBLE
FDX20252940765,CUST787326,Prince-Simmons,Mega,2025-12-01,43895,216422,149113,2026-01-05,35,30,2026-02-04,2026-01-28,RESOLVED_IN_GRACE
FDX20259089445,CUST195629,Howard LLC,Mega,2025-12-01,17738,88332,22354,2026-01-05,35,30,2026-02-04,2026-01-30,RESOLVED_IN_GRACE
FDX20255041658,CUST837880,Davis-Fletcher,Small,2026-01-05,4162,22359,5304,2026-01-15,10,7,2026-01-22,,ELIGIBLE
FDX20255082836,CUST199807,Nguyen-Griffin,Mega,2025-12-01,18529,69716,32404,2026-01-05,35,30,2026-02-04,,IN_GRACE
FDX20254550743,CUST101139,Bishop-Wilson,Large,2025-12-04,40277,105457,58183,2025-12-29,25,20,2026-01-18,,IN_GRACE
FDX20253859391,CUST323788,"Orr, Robinson and Martinez",Mid,2025-12-12,47471,262892,246858,2025-12-27,15,12,2026-01-08,,ELIGIBLE
FDX20252500416,CUST599968,Hill-Griffin,Mid,2025-12-31,37134,197565,146479,2026-01-15,15,12,2026-01-27,2026-01-23,RESOLVED_IN_GRACE
FDX20252769487,CUST181724,Clark-Mason,Mid,2025-12-31,42916,150731,84358,2026-01-15,15,12,2026-01-27,2026-01-17,RESOLVED_IN_GRACE
FDX20258296300,CUST239145,Hendrix Group,Small,2025-12-26,21265,54504,45937,2026-01-05,10,7,2026-01-12,,ELIGIBLE
FDX20251490260,CUST722518,Lane-Dixon,Large,2025-12-06,8675,45894,37348,2025-12-31,25,20,2026-01-20,2026-01-02,RESOLVED_IN_GRACE
FDX20253688301,CUST337178,Terrell-Diaz,Small,2026-01-11,38503,227843,155895,2026-01-21,10,7,2026-01-28,2026-01-23,RESOLVED_IN_GRACE
FDX20256477774,CUST644676,"Osborne, Gardner and Jones",Small,2025-12-26,6317,32104,6772,2026-01-05,10,7,2026-01-12,,ELIGIBLE
FDX20257433891,CUST813013,Becker-English,Large,2025-12-01,40165,231768,70496,2025-12-26,25,20,2026-01-15,,ELIGIBLE
FDX20255703624,CUST566686,"Crosby, Smith and Serrano",Mid,2025-12-14,59665,253495,166170,2025-12-29,15,12,2026-01-10,2026-01-07,RESOLVED_IN_GRACE
FDX20254697296,CUST109738,"Farmer, Knight and Hancock",Small,2025-12-27,38262,122563,67475,2026-01-06,10,7,2026-01-13,,IN_GRACE
FDX20255322289,CUST108454,Lawrence-Rhodes,Small,2026-01-05,2667,10432,9695,2026-01-15,10,7,2026-01-22,,IN_GRACE
FDX20258991026,CUST829386,"Gross, Wilson and Bailey",Mid,2025-12-24,42571,249445,119656,2026-01-08,15,12,2026-01-20,,ELIGIBLE
FDX20253065243,CUST460263,Moore-Wise,Large,2025-12-07,26385,144964,40617,2026-01-01,25,20,2026-01-21,,IN_GRACE
FDX20253277614,CUST956800,Manning LLC,Mid,2025-12-21,46022,162406,118048,2026-01-05,15,12,2026-01-17,,ELIGIBLE
FDX20259968148,CUST226451,York and Sons,Small,2026-01-10,7786,31419,9576,2026-01-20,10,7,2026-01-27,,ELIGIBLE
FDX20259253698,CUST542828,Jacobson-Goodwin,Mid,2025-12-19,8128,32805,16398,2026-01-03,15,12,2026-01-15,,ELIGIBLE
FDX20252517360,CUST827744,Floyd-Harrison,Small,2026-01-07,22832,91304,76421,2026-01-17,10,7,2026-01-24,,IN_GRACE
FDX20256583476,CUST238595,Harvey-Norris,Mid,2025-12-26,26734,86949,50962,2026-01-10,15,12,2026-01-22,,ELIGIBLE
FDX20254754845,CUST600905,Lozano-Osborne,Small,2026-01-03,30282,106065,44923,2026-01-13,10,7,2026-01-20,,IN_GRACE
FDX20252084932,CUST174268,Diaz-Palmer,Mid,2025-12-12,11644,51993,25998,2025-12-27,15,12,2026-01-08,,IN_GRACE
FDX20256758373,CUST340068,Scott-Nelson,Large,2025-12-01,29136,86996,37474,2025-12-26,25,20,2026-01-15,,ELIGIBLE
FDX20257325183,CUST501677,Riley-Anderson,Mid,2025-12-25,30425,128809,108216,2026-01-09,15,12,2026-01-21,,IN_GRACE
FDX20257403032,CUST193670,Mcdaniel-Garcia,Mega,2025-12-01,34305,145062,86034,2026-01-05,35,30,2026-02-04,2026-01-11,RESOLVED_IN_GRACE
FDX20258331010,CUST866260,"Miranda, Chambers and Guerra",Large,2025-12-01,51980,172364,155085,2025-12-26,25,20,2026-01-15,,ELIGIBLE
FDX20254915256,CUST945106,Cook Ltd,Large,2025-12-08,51039,280689,144009,2026-01-02,25,20,2026-01-22,,IN_GRACE
FDX20254750560,CUST207402,Lopez-Taylor,Large,2025-12-16,34148,189150,187334,2026-01-10,25,20,2026-01-30,,IN_GRACE
FDX20255346875,CUST208214,Benson-Vasquez,Mid,2025-12-31,21755,118387,58467,2026-01-15,15,12,2026-01-27,,ELIGIBLE
FDX20252940955,CUST428572,"Maldonado, Duncan and Lawrence",Small,2025-12-22,25345,68228,61741,2026-01-01,10,7,2026-01-08,2026-01-02,RESOLVED_IN_GRACE
FDX20255881775,CUST485416,Deleon-Stewart,Mid,2025-12-21,42844,254977,212598,2026-01-05,15,12,2026-01-17,2026-01-14,RESOLVED_IN_GRACE
FDX20252471032,CUST413791,Matthews-Wilson,Small,2025-12-26,41928,223139,73315,2026-01-05,10,7,2026-01-12,2026-01-09,RESOLVED_IN_GRACE
FDX20252868688,CUST243790,Buchanan-Morris,Large,2025-12-10,16674,84416,45571,2026-01-04,25,20,2026-01-24,2026-01-07,RESOLVED_IN_GRACE
FDX20252495511,CUST501312,West-Reynolds,Small,2026-01-11,51205,216315,181237,2026-01-21,10,7,2026-01-28,,ELIGIBLE
FDX20256708243,CUST911032,Williams-Norton,Mid,2025-12-31,7663,33060,8869,2026-01-15,15,12,2026-01-27,,ELIGIBLE
FDX20254156740,CUST952878,Scott-Simmons,Large,2025-12-01,19702,71863,44779,2025-12-26,25,20,2026-01-15,,ELIGIBLE
FDX20252947939,CUST889743,Vaughan Inc,Large,2025-12-06,55696,160863,90437,2025-12-31,25,20,2026-01-20,2026-01-09,RESOLVED_IN_GRACE
FDX20257169603,CUST239613,Quinn-Wilson,Mid,2025-12-25,30846,88592,58200,2026-01-09,15,12,2026-01-21,,ELIGIBLE
FDX20253137710,CUST772741,Richards-Carroll,Mid,2025-12-28,23321,63137,40682,2026-01-12,15,12,2026-01-24,,ELIGIBLE
FDX20256257514,CUST810029,Keller LLC,Small,2026-01-11,18702,96959,32436,2026-01-21,10,7,2026-01-28,2026-01-24,RESOLVED_IN_GRACE
FDX20257378615,CUST249792,Cooper-Howard,Small,2025-12-22,13647,62306,30767,2026-01-01,10,7,2026-01-08,2026-01-04,RESOLVED_IN_GRACE
FDX20251028160,CUST171734,Ewing-Cook,Small,2025-12-30,24110,125840,121084,2026-01-09,10,7,2026-01-16,,ELIGIBLE
FDX20256214340,CUST656278,Williams-Pugh,Mid,2025-12-30,42975,145037,121565,2026-01-14,15,12,2026-01-26,,IN_GRACE
FDX20252038256,CUST690653,Washington-Long,Small,2025-12-24,53375,241987,209630,2026-01-03,10,7,2026-01-10,,ELIGIBLE
FDX20259985927,CUST108886,Stein-Gilbert,Small,2026-01-13,20230,98955,53909,2026-01-23,10,7,2026-01-30,2026-01-24,RESOLVED_IN_GRACE
FDX20254185283,CUST739966,Fuller-Ramirez,Small,2026-01-10,44744,262162,253977,2026-01-20,10,7,2026-01-27,,IN_GRACE
FDX20257512001,CUST781595,Klein-Jones,Mega,2025-12-01,59399,178513,168873,2026-01-05,35,30,2026-02-04,2026-01-13,RESOLVED_IN_GRACE
FDX20258108481,CUST272088,"Valdez, Campbell and Rodriguez",Small,2026-01-01,49360,244748,195558,2026-01-11,10,7,2026-01-18,,ELIGIBLE
FDX20256362719,CUST561477,Turner LLC,Large,2025-12-10,4418,15211,14165,2026-01-04,25,20,2026-01-24,2026-01-21,RESOLVED_IN_GRACE
FDX20257124083,CUST468247,Richmond Ltd,Small,2025-12-30,33291,191818,145638,2026-01-09,10,7,2026-01-16,,ELIGIBLE
FDX20253119085,CUST857524,Miller-Morgan,Small,2025-12-29,10349,27242,16553,2026-01-08,10,7,2026-01-15,,ELIGIBLE
FDX20259719981,CUST323404,Martinez-Anderson,Mid,2025-12-22,54622,280100,266427,2026-01-06,15,12,2026-01-18,2026-01-10,RESOLVED_IN_GRACE
FDX20254726916,CUST758589,Whitaker and Sons,Small,2025-12-22,30613,108845,108499,2026-01-01,10,7,2026-01-08,,IN_GRACE
FDX20252788215,CUST884616,Gonzalez-Benitez,Small,2026-01-01,27201,110634,48799,2026-01-11,10,7,2026-01-18,2026-01-14,RESOLVED_IN_GRACE
FDX20257632241,CUST258727,Garcia-Flores,Small,2026-01-04,12878,63339,56794,2026-01-14,10,7,2026-01-21,,ELIGIBLE
FDX20251154157,CUST531709,Ramsey-Day,Small,2025-12-22,28821,72370,60661,2026-01-01,10,7,2026-01-08,2026-01-04,RESOLVED_IN_GRACE
FDX20258727632,CUST746002,Hicks-Lara,Small,2026-01-09,44746,143601,85508,2026-01-19,10,7,2026-01-26,2026-01-23,RESOLVED_IN_GRACE
FDX20256300362,CUST819916,Phillips-Spencer,Small,2026-01-11,18639,101965,54062,2026-01-21,10,7,2026-01-28,,ELIGIBLE
FDX20253427676,CUST563873,Lopez-White,Small,2025-12-27,1722,5700,3505,2026-01-06,10,7,2026-01-13,,ELIGIBLE
FDX20255979872,CUST327797,Garner-Melendez,Mid,2025-12-16,46968,149919,71915,2025-12-31,15,12,2026-01-12,,ELIGIBLE
FDX20254672603,CUST190898,Woods-Bauer,Mid,2025-12-16,24588,86541,43096,2025-12-31,15,12,2026-01-12,,ELIGIBLE
FDX20259385800,CUST205345,Thompson-Herrera,Small,2025-12-31,11652,50465,34800,2026-01-10,10,7,2026-01-17,,ELIGIBLE
FDX20258646795,CUST246814,"Ford, Wheeler and Wilson",Mid,2025-12-28,23879,110210,35192,2026-01-12,15,12,2026-01-24,,IN_GRACE
FDX20253473387,CUST888996,Chavez-Barton,Large,2025-12-04,38002,146767,56794,2025-12-29,25,20,2026-01-18,2026-01-12,RESOLVED_IN_GRACE
FDX20255754542,CUST229139,Cowan-Ford,Small,2025-12-30,48677,161652,157613,2026-01-09,10,7,2026-01-16,,ELIGIBLE
FDX20253447304,CUST718213,Salazar Ltd,Small,2026-01-11,7285,25021,24762,2026-01-21,10,7,2026-01-28,,IN_GRACE
FDX20251576194,CUST865470,Mann Ltd,Small,2025-12-29,18266,107193,34372,2026-01-08,10,7,2026-01-15,,ELIGIBLE
FDX20256371047,CUST502686,Griffin-Allen,Mid,2025-12-25,58063,325493,246851,2026-01-09,15,12,2026-01-21,,ELIGIBLE
FDX20256182338,CUST468611,Bishop-Rodriguez,Small,2025-12-22,24088,69708,24670,2026-01-01,10,7,2026-01-08,,ELIGIBLE
FDX20259428504,CUST550246,Ramos-Hernandez,Large,2025-12-02,39225,190224,110834,2025-12-27,25,20,2026-01-16,,ELIGIBLE
FDX20253071382,CUST429780,Thompson-White,Small,2026-01-03,10185,49187,19449,2026-01-13,10,7,2026-01-20,2026-01-20,RESOLVED_IN_GRACE
FDX20255587772,CUST929504,Mitchell-Mullins,Mega,2025-12-01,33038,127063,33906,2026-01-05,35,30,2026-02-04,,ELIGIBLE
FDX20259024252,CUST246622,Simpson-Graham,Mid,2025-12-28,25603,116693,96534,2026-01-12,15,12,2026-01-24,,IN_GRACE
FDX20254618930,CUST359822,Rodgers-Bailey,Mid,2025-12-30,34485,169916,50674,2026-01-14,15,12,2026-01-26,2026-01-23,RESOLVED_IN_GRACE
FDX20259305150,CUST390421,Green-Anderson,Small,2026-01-03,19448,71154,65134,2026-01-13,10,7,2026-01-20,2026-01-14,RESOLVED_IN_GRACE
FDX20255890476,CUST775933,"Guzman, Odonnell and Burgess",Mid,2025-12-21,30244,96103,91954,2026-01-05,15,12,2026-01-17,,ELIGIBLE
FDX20257320122,CUST188341,"Johns, Jackson and Hughes",Small,2025-12-30,6206,20472,12616,2026-01-09,10,7,2026-01-16,,ELIGIBLE
FDX20251986711,CUST360221,Hoover-Oconnor,Large,2025-12-03,13830,48044,33939,2025-12-28,25,20,2026-01-17,2025-12-30,RESOLVED_IN_GRACE
FDX20256589238,CUST680278,Martin-Tapia,Large,2025-12-01,46868,165491,132926,2025-12-26,25,20,2026-01-15,,ELIGIBLE
FDX20253561918,CUST730193,Hansen-Garcia,Large,2025-12-08,42021,160598,106077,2026-01-02,25,20,2026-01-22,2026-01-19,RESOLVED_IN_GRACE
FDX20254533501,CUST729153,West-Richardson,Large,2025-12-01,8402,45033,24670,2025-12-26,25,20,2026-01-15,,ELIGIBLE
FDX20254776077,CUST856211,Ortiz-Warner,Small,2026-01-01,11425,55216,42217,2026-01-11,10,7,2026-01-18,2026-01-13,RESOLVED_IN_GRACE
FDX20251881916,CUST737107,Harris-Newton,Large,2025-12-10,31076,110124,63036,2026-01-04,25,20,2026-01-24,,IN_GRACE
FDX20254003461,CUST398761,Burgess-Neal,Small,2025-12-31,11635,55919,19851,2026-01-10,10,7,2026-01-17,2026-01-14,RESOLVED_IN_GRACE
FDX20259178970,CUST916808,Bass-Combs,Small,2025-12-31,30804,171513,143406,2026-01-10,10,7,2026-01-17,,ELIGIBLE
FDX20257573445,CUST824016,Mccall-Owens,Mid,2025-12-21,30268,113867,87207,2026-01-05,15,12,2026-01-17,,ELIGIBLE
FDX20256018095,CUST128127,Hughes-Smith,Large,2025-12-06,59308,309333,147321,2025-12-31,25,20,2026-01-20,,ELIGIBLE
FDX20253670819,CUST989079,"Carlson, Ponce and Hoover",Mid,2025-12-22,34701,190756,168053,2026-01-06,15,12,2026-01-18,,IN_GRACE
FDX20251361814,CUST988217,Brown-Stevenson,Small,2025-12-24,57855,177043,133959,2026-01-03,10,7,2026-01-10,,ELIGIBLE
FDX20257581459,CUST790388,Robinson-Vega,Mid,2025-12-21,43086,184496,143959,2026-01-05,15,12,2026-01-17,,ELIGIBLE
FDX20256660802,CUST416302,Wilkerson-Ramos,Small,2025-12-30,36720,218878,153727,2026-01-09,10,7,2026-01-16,,IN_GRACE
FDX20258087324,CUST315425,Parker-Clark,Large,2025-12-07,43453,228642,120581,2026-01-01,25,20,2026-01-21,,ELIGIBLE
FDX20258942696,CUST642899,Booth PLC,Small,2025-12-26,39744,138956,115133,2026-01-05,10,7,2026-01-12,2026-01-08,RESOLVED_IN_GRACE
FDX20256843624,CUST736408,Mccall-Bradley,Mega,2025-12-01,19095,73149,70695,2026-01-05,35,30,2026-02-04,,ELIGIBLE
FDX20257565976,CUST634273,"Bates, Johnson and Lowe",Mid,2026-01-03,6279,22291,13112,2026-01-18,15,12,2026-01-30,2026-01-26,RESOLVED_IN_GRACE
FDX20257560950,CUST297810,Small Ltd,Small,2025-12-29,24213,144051,140188,2026-01-08,10,7,2026-01-15,2026-01-12,RESOLVED_IN_GRACE
FDX20252204993,CUST884170,Martinez Ltd,Small,2025-12-29,11788,55899,38583,2026-01-08,10,7,2026-01-15,,ELIGIBLE
FDX20259855760,CUST510780,Gallagher Inc,Small,2025-12-27,34571,120588,113677,2026-01-06,10,7,2026-01-13,2026-01-07,RESOLVED_IN_GRACE
FDX20255748621,CUST409898,Hendrix-Hawkins,Small,2026-01-11,46506,202860,106775,2026-01-21,10,7,2026-01-28,,ELIGIBLE
FDX20255737283,CUST777558,Larsen-Dunlap,Mid,2025-12-26,27998,155078,83401,2026-01-10,15,12,2026-01-22,2026-01-18,RESOLVED_IN_GRACE
FDX20254273103,CUST157219,Gallegos Inc,Small,2025-12-29,43847,241054,98697,2026-01-08,10,7,2026-01-15,,ELIGIBLE
FDX20257606405,CUST921875,Schneider-Fitzgerald,Small,2026-01-05,51520,177748,55681,2026-01-15,10,7,2026-01-22,2026-01-17,RESOLVED_IN_GRACE
FDX20252632751,CUST932336,"Tucker, Sullivan and Kelley",Mid,2025-12-25,6457,29145,10501,2026-01-09,15,12,2026-01-21,,ELIGIBLE
FDX20253196149,CUST350967,Rice and Sons,Small,2026-01-09,48237,174696,162832,2026-01-19,10,7,2026-01-26,,IN_GRACE
FDX20256426063,CUST618927,Young-Garcia,Mid,2025-12-21,8532,37178,23283,2026-01-05,15,12,2026-01-17,2026-01-15,RESOLVED_IN_GRACE
FDX20251908038,CUST504630,Carey-Perez,Mid,2026-01-01,2470,11770,6456,2026-01-16,15,12,2026-01-28,2026-01-21,RESOLVED_IN_GRACE
FDX20256101515,CUST218220,Pham Ltd,Small,2026-01-03,4202,13902,13288,2026-01-13,10,7,2026-01-20,,ELIGIBLE
FDX20258676121,CUST352792,Tate-Moore,Small,2026-01-09,46103,255244,104196,2026-01-19,10,7,2026-01-26,,IN_GRACE
FDX20253746337,CUST623850,Leonard-Brown,Mid,2025-12-20,13913,47869,20585,2026-01-04,15,12,2026-01-16,2026-01-15,RESOLVED_IN_GRACE
FDX20253307889,CUST769077,Russell-Miller,Small,2026-01-10,22399,68558,55959,2026-01-20,10,7,2026-01-27,,ELIGIBLE
FDX20258413578,CUST722780,"Daniel, Leon and Mcclure",Mid,2026-01-01,2530,8051,5790,2026-01-16,15,12,2026-01-28,2026-01-23,RESOLVED_IN_GRACE
FDX20259094028,CUST174461,"Boone, Jones and Harvey",Small,2025-12-27,19820,51035,24981,2026-01-06,10,7,2026-01-13,,ELIGIBLE
FDX20255883538,CUST653948,Rodriguez PLC,Small,2026-01-11,17853,72378,26711,2026-01-21,10,7,2026-01-28,,ELIGIBLE
FDX20253429724,CUST112653,Adams Inc,Large,2025-12-04,36741,99496,93673,2025-12-29,25,20,2026-01-18,2026-01-02,RESOLVED_IN_GRACE
FDX20254519295,CUST478638,Day-Summers,Small,2026-01-13,58601,302999,116818,2026-01-23,10,7,2026-01-30,2026-01-28,RESOLVED_IN_GRACE
FDX20254659722,CUST431845,Rogers-Park,Mid,2026-01-03,36136,199988,197250,2026-01-18,15,12,2026-01-30,,ELIGIBLE
FDX20254282547,CUST238394,Stout-Vazquez,Small,2026-01-04,43734,205113,94576,2026-01-14,10,7,2026-01-21,,ELIGIBLE
FDX20251153218,CUST505629,Jordan-Nguyen,Small,2026-01-04,6216,19155,12009,2026-01-14,10,7,2026-01-21,,ELIGIBLE
FDX20257077140,CUST979727,Goodman-Thompson,Small,2026-01-04,19589,80556,56509,2026-01-14,10,7,2026-01-21,,ELIGIBLE
FDX20252710400,CUST695990,Wood-Lutz,Small,2025-12-22,33221,154378,152377,2026-01-01,10,7,2026-01-08,2026-01-02,RESOLVED_IN_GRACE
FDX20253476408,CUST541307,Smith LLC,Mid,2026-01-01,25058,126173,57310,2026-01-16,15,12,2026-01-28,,ELIGIBLE
FDX20257317557,CUST483162,Bonilla-Bonilla,Mid,2025-12-19,18545,99388,29894,2026-01-03,15,12,2026-01-15,,IN_GRACE
FDX20258165734,CUST672896,Cooper Group,Large,2025-12-01,57877,227928,209868,2025-12-26,25,20,2026-01-15,2025-12-29,RESOLVED_IN_GRACE
FDX20253822312,CUST816116,Smith-Adams,Small,2025-12-31,2908,13456,9892,2026-01-10,10,7,2026-01-17,2026-01-11,RESOLVED_IN_GRACE
FDX20251945085,CUST281162,Jones-Bennett,Small,2026-01-11,34275,140768,58307,2026-01-21,10,7,2026-01-28,,ELIGIBLE
FDX20252611413,CUST899776,Campbell-Frank,Small,2025-12-30,16945,89267,66759,2026-01-09,10,7,2026-01-16,,IN_GRACE
FDX20256965707,CUST593894,Walker-Chavez,Small,2026-01-07,24648,69432,43634,2026-01-17,10,7,2026-01-24,2026-01-21,RESOLVED_IN_GRACE
FDX20258950315,CUST907788,Tucker-Newman,Mid,2026-01-01,3982,12267,10705,2026-01-16,15,12,2026-01-28,,IN_GRACE
FDX20254013739,CUST176537,Alvarez-George,Small,2025-12-30,44296,156507,150430,2026-01-09,10,7,2026-01-16,,IN_GRACE
FDX20251880336,CUST117500,Gardner-Rodriguez,Mid,2025-12-25,10907,47644,43311,2026-01-09,15,12,2026-01-21,2026-01-18,RESOLVED_IN_GRACE
FDX20252968753,CUST715895,Mcgee Group,Small,2026-01-03,43383,143014,62336,2026-01-13,10,7,2026-01-20,2026-01-16,RESOLVED_IN_GRACE
FDX20259647567,CUST170813,"Townsend, Terry and Snyder",Mid,2025-12-17,8365,41828,17960,2026-01-01,15,12,2026-01-13,2026-01-08,RESOLVED_IN_GRACE
FDX20256678849,CUST114463,Beasley Ltd,Mid,2025-12-14,43523,134837,75598,2025-12-29,15,12,2026-01-10,2026-01-04,RESOLVED_IN_GRACE
FDX20258278315,CUST374921,Torres-Simmons,Small,2026-01-03,4325,17624,6379,2026-01-13,10,7,2026-01-20,,ELIGIBLE
FDX20253492562,CUST326222,Marks-Jones,Small,2025-12-26,5763,16384,14436,2026-01-05,10,7,2026-01-12,2026-01-08,RESOLVED_IN_GRACE
FDX20257777894,CUST141761,Delacruz-Johnson,Mid,2025-12-12,3673,10449,6319,2025-12-27,15,12,2026-01-08,,ELIGIBLE
FDX20255110434,CUST163406,Hunt-Brown,Mid,2025-12-30,58283,271553,219121,2026-01-14,15,12,2026-01-26,,ELIGIBLE
FDX20251570305,CUST927630,Moore-Smith,Large,2025-12-16,59827,302117,189960,2026-01-10,25,20,2026-01-30,,ELIGIBLE
FDX20252993175,CUST517307,Abbott PLC,Small,2025-12-30,44203,115136,95934,2026-01-09,10,7,2026-01-16,2026-01-11,RESOLVED_IN_GRACE
FDX20255040883,CUST631219,"Peterson, Gonzalez and Moore",Small,2026-01-07,47971,281179,279778,2026-01-17,10,7,2026-01-24,,ELIGIBLE
FDX20257654595,CUST400404,"Mendez, Wiggins and Stokes",Small,2026-01-09,35805,97939,38240,2026-01-19,10,7,2026-01-26,2026-01-24,RESOLVED_IN_GRACE
FDX20259197782,CUST759104,Moore-Wright,Mega,2025-12-01,41594,229188,210039,2026-01-05,35,30,2026-02-04,,ELIGIBLE
FDX20256078288,CUST847245,"Rollins, Cline and Green",Mega,2025-12-01,24687,85825,81523,2026-01-05,35,30,2026-02-04,,IN_GRACE
FDX20253893851,CUST625387,Gonzales-Wright,Mid,2026-01-01,29198,142590,81057,2026-01-16,15,12,2026-01-28,2026-01-23,RESOLVED_IN_GRACE
FDX20257297691,CUST904373,Conley-Gomez,Small,2025-12-22,26021,71555,60977,2026-01-01,10,7,2026-01-08,,ELIGIBLE
FDX20252503425,CUST535612,Hayes-Gomez,Mid,2025-12-24,15552,66323,51750,2026-01-08,15,12,2026-01-20,,ELIGIBLE
FDX20258779155,CUST544150,Cooper-Morales,Mid,2025-12-22,7591,43972,33237,2026-01-06,15,12,2026-01-18,,ELIGIBLE
FDX20257410589,CUST835901,"Lyons, Matthews and Graham",Mid,2025-12-28,38013,138012,52917,2026-01-12,15,12,2026-01-24,2026-01-17,RESOLVED_IN_GRACE
FDX20255617358,CUST521818,"Rodgers, Hall and Choi",Mid,2025-12-25,4250,17875,7953,2026-01-09,15,12,2026-01-21,,ELIGIBLE
FDX20258467845,CUST186431,Burke Group,Mid,2025-12-28,32370,106610,39436,2026-01-12,15,12,2026-01-24,,IN_GRACE
FDX20257162658,CUST771652,Johnson-Parsons,Mid,2025-12-26,35936,179742,154786,2026-01-10,15,12,2026-01-22,,ELIGIBLE
FDX20251194656,CUST662628,Huber-Ibarra,Small,2026-01-01,6923,26500,13400,2026-01-11,10,7,2026-01-18,,ELIGIBLE
FDX20253013272,CUST663772,"Floyd, Bartlett and Young",Mid,2025-12-19,39416,103229,52196,2026-01-03,15,12,2026-01-15,,ELIGIBLE
FDX20252956687,CUST745972,Riley-Warren,Small,2025-12-24,42074,107809,62397,2026-01-03,10,7,2026-01-10,2026-01-04,RESOLVED_IN_GRACE
FDX20252386418,CUST260097,Huang LLC,Mid,2025-12-28,4911,23460,17728,2026-01-12,15,12,2026-01-24,2026-01-15,RESOLVED_IN_GRACE
FDX20253047685,CUST390946,"Armstrong, Murillo and Castillo",Mid,2025-12-21,27570,74110,59182,2026-01-05,15,12,2026-01-17,2026-01-06,RESOLVED_IN_GRACE
FDX20259207723,CUST187657,Gibson-Carroll,Mid,2025-12-31,42950,153845,128405,2026-01-15,15,12,2026-01-27,,ELIGIBLE
FDX20259552160,CUST424960,Beck-Ramos,Mid,2025-12-16,20147,114911,57557,2025-12-31,15,12,2026-01-12,,ELIGIBLE
FDX20254773783,CUST182860,Patterson-Rose,Mid,2025-12-24,35163,196083,120717,2026-01-08,15,12,2026-01-20,,ELIGIBLE
FDX20251386324,CUST636141,Powell-Baker,Mega,2025-12-01,44313,228454,207812,2026-01-05,35,30,2026-02-04,,ELIGIBLE
FDX20259044647,CUST313068,Moore-Diaz,Small,2026-01-11,35803,183389,175856,2026-01-21,10,7,2026-01-28,,ELIGIBLE
FDX20255592340,CUST947312,Henry-Allen,Large,2025-12-13,56754,280729,218246,2026-01-07,25,20,2026-01-27,,ELIGIBLE
FDX20252586340,CUST262924,Roberts-Hatfield,Small,2026-01-07,12758,36031,20328,2026-01-17,10,7,2026-01-24,,ELIGIBLE
FDX20254038296,CUST662445,Rivera-Conner,Mid,2025-12-24,12525,61579,27494,2026-01-08,15,12,2026-01-20,2026-01-17,RESOLVED_IN_GRACE
FDX20257441777,CUST442622,Terry-Flores,Small,2026-01-07,9181,52107,30819,2026-01-17,10,7,2026-01-24,,IN_GRACE
FDX20259123384,CUST509711,Cooke PLC,Small,2026-01-10,12910,42280,32441,2026-01-20,10,7,2026-01-27,2026-01-27,RESOLVED_IN_GRACE
FDX20258275548,CUST714923,Juarez-Hanson,Mega,2025-12-01,55644,193429,100974,2026-01-05,35,30,2026-02-04,2026-01-10,RESOLVED_IN_GRACE
FDX20256005706,CUST765105,Fletcher PLC,Small,2026-01-09,39176,216825,214975,2026-01-19,10,7,2026-01-26,2026-01-25,RESOLVED_IN_GRACE
FDX20253101118,CUST900298,Flores-Scott,Small,2025-12-24,12946,53859,29718,2026-01-03,10,7,2026-01-10,,IN_GRACE
FDX20252668347,CUST975064,Dunlap-Lee,Small,2026-01-07,3936,11677,6366,2026-01-17,10,7,2026-01-24,,ELIGIBLE
FDX20256456436,CUST781406,Miller-Martin,Small,2026-01-10,40340,166077,112517,2026-01-20,10,7,2026-01-27,,ELIGIBLE
FDX20252065324,CUST814138,"Mcintosh, Thomas and Perkins",Mid,2025-12-28,46322,193331,174589,2026-01-12,15,12,2026-01-24,,ELIGIBLE
FDX20254101936,CUST774396,Stephens Group,Small,2026-01-04,52018,226468,128469,2026-01-14,10,7,2026-01-21,,ELIGIBLE
FDX20257800317,CUST169326,Wood-Waters,Mid,2025-12-21,16882,84205,28064,2026-01-05,15,12,2026-01-17,2026-01-14,RESOLVED_IN_GRACE
FDX20251331289,CUST425236,Roach-Becker,Mega,2025-12-01,36693,144399,139900,2026-01-05,35,30,2026-02-04,2026-01-15,RESOLVED_IN_GRACE
FDX20257606809,CUST832614,"Sanchez, Gregory and Miranda",Small,2025-12-26,25158,141558,60320,2026-01-05,10,7,2026-01-12,2026-01-09,RESOLVED_IN_GRACE
FDX20259999580,CUST558737,Goodman-Smith,Small,2025-12-22,37287,100047,41050,2026-01-01,10,7,2026-01-08,,ELIGIBLE
FDX20259893395,CUST865416,Sheppard-Lamb,Small,2026-01-09,32665,188353,183132,2026-01-19,10,7,2026-01-26,,ELIGIBLE
FDX20259196731,CUST987586,"Hancock, Dunn and Freeman",Small,2026-01-13,12883,49875,40965,2026-01-23,10,7,2026-01-30,,ELIGIBLE
FDX20252072595,CUST350229,"Cobb, Brown and Cooke",Mid,2025-12-21,15700,65450,42641,2026-01-05,15,12,2026-01-17,,IN_GRACE
FDX20259705716,CUST160718,Nielsen-Matthews,Large,2025-12-01,40733,238996,104219,2025-12-26,25,20,2026-01-15,,ELIGIBLE
FDX20253081873,CUST356355,"Best, Gonzalez and Arnold",Small,2026-01-03,32828,192468,124679,2026-01-13,10,7,2026-01-20,,ELIGIBLE
FDX20254480664,CUST190400,Camacho and Sons,Small,2025-12-30,25058,146337,110198,2026-01-09,10,7,2026-01-16,2026-01-12,RESOLVED_IN_GRACE
FDX20252968404,CUST555589,Turner-James,Mega,2025-12-01,43988,114444,80706,2026-01-05,35,30,2026-02-04,,ELIGIBLE
FDX20254031041,CUST221620,Johnson-Castro,Small,2025-12-30,55998,228123,198644,2026-01-09,10,7,2026-01-16,2026-01-11,RESOLVED_IN_GRACE
FDX20254018851,CUST575394,Howell-Smith,Mid,2025-12-21,36867,156764,84166,2026-01-05,15,12,2026-01-17,,ELIGIBLE
FDX20251089321,CUST742039,Nelson-Fox,Large,2025-12-08,4035,10310,10110,2026-01-02,25,20,2026-01-22,,ELIGIBLE
FDX20258503322,CUST738407,Black-Hughes,Small,2025-12-29,34254,183634,156091,2026-01-08,10,7,2026-01-15,,ELIGIBLE
FDX20256273013,CUST157701,Taylor-Yang,Mid,2025-12-30,3554,18995,13074,2026-01-14,15,12,2026-01-26,2026-01-15,RESOLVED_IN_GRACE
FDX20253064357,CUST424314,Rodriguez-Cole,Mega,2025-12-01,49455,172994,64602,2026-01-05,35,30,2026-02-04,,ELIGIBLE
FDX20251656713,CUST798435,Davis-Rodriguez,Small,2025-12-27,30584,179947,68545,2026-01-06,10,7,2026-01-13,2026-01-07,RESOLVED_IN_GRACE
FDX20253161173,CUST877722,Hammond-Johnson,Small,2026-01-13,42797,127387,72553,2026-01-23,10,7,2026-01-30,,ELIGIBLE
FDX20254459963,CUST790017,Moreno-Malone,Small,2025-12-29,51693,224277,205718,2026-01-08,10,7,2026-01-15,,IN_GRACE
FDX20253704659,CUST876636,Rowe-Brown,Mid,2025-12-20,47808,250676,48427,2026-01-04,15,12,2026-01-16,,ELIGIBLE
FDX20252473390,CUST284178,Thomas-Howell,Mega,2025-12-01,20030,75364,33758,2026-01-05,35,30,2026-02-04,,ELIGIBLE
FDX20255307726,CUST225245,King-Chase,Small,2025-12-24,16997,49700,43414,2026-01-03,10,7,2026-01-10,2026-01-10,RESOLVED_IN_GRACE
FDX20251587291,CUST113280,"Pace, Rodriguez and Richards",Small,2026-01-10,26060,153404,81190,2026-01-20,10,7,2026-01-27,,ELIGIBLE
FDX20252419525,CUST842287,Franklin-Lawson,Mid,2025-12-20,39555,209124,108929,2026-01-04,15,12,2026-01-16,2026-01-05,RESOLVED_IN_GRACE
FDX20253092406,CUST243876,Duncan-Strong,Small,2025-12-31,9071,24274,10437,2026-01-10,10,7,2026-01-17,,ELIGIBLE
FDX20259491759,CUST835575,Sims and Sons,Large,2025-12-08,21972,108106,26034,2026-01-02,25,20,2026-01-22,,ELIGIBLE
FDX20256009306,CUST111901,Baker-Finley,Mid,2025-12-16,7439,38850,29628,2025-12-31,15,12,2026-01-12,2026-01-04,RESOLVED_IN_GRACE
FDX20257099518,CUST271790,Riley-Hanson,Mid,2025-12-30,15183,59379,27345,2026-01-14,15,12,2026-01-26,2026-01-15,RESOLVED_IN_GRACE
FDX20253879023,CUST620526,Henderson-Wilkinson,Small,2026-01-09,57153,256856,100768,2026-01-19,10,7,2026-01-26,,IN_GRACE
FDX20258097623,CUST463546,Guzman-Brown,Mid,2025-12-21,12913,57396,16488,2026-01-05,15,12,2026-01-17,2026-01-16,RESOLVED_IN_GRACE
FDX20251001435,CUST648410,Hubbard Group,Mid,2025-12-21,38661,150933,48787,2026-01-05,15,12,2026-01-17,,IN_GRACE
FDX20255166404,CUST642347,Jackson-Rhodes,Small,2026-01-11,26910,103493,44008,2026-01-21,10,7,2026-01-28,,ELIGIBLE
FDX20256043230,CUST921021,"Wilcox, Bennett and Mcintosh",Small,2026-01-04,51342,229628,155834,2026-01-14,10,7,2026-01-21,,ELIGIBLE
FDX20251774541,CUST962460,Hernandez-Orozco,Mega,2025-12-01,56411,200459,116993,2026-01-05,35,30,2026-02-04,2026-01-09,RESOLVED_IN_GRACE
FDX20259714808,CUST855777,"Sosa, Armstrong and Mcneil",Small,2026-01-09,26347,78252,45538,2026-01-19,10,7,2026-01-26,,ELIGIBLE
FDX20255922381,CUST371840,Pratt LLC,Large,2025-12-04,4939,17464,8056,2025-12-29,25,20,2026-01-18,,ELIGIBLE
FDX20259960751,CUST275073,Kim-Wilson,Mid,2026-01-01,8407,21272,9452,2026-01-16,15,12,2026-01-28,,ELIGIBLE
FDX20258464523,CUST489933,Johnson-Jones,Large,2025-12-01,32653,92866,77944,2025-12-26,25,20,2026-01-15,2026-01-10,RESOLVED_IN_GRACE
FDX20253346378,CUST233096,Kirk-Brown,Mega,2025-12-01,9434,42924,30171,2026-01-05,35,30,2026-02-04,,ELIGIBLE
FDX20259228265,CUST886197,Alvarado-Vincent,Large,2025-12-01,31981,176744,97529,2025-12-26,25,20,2026-01-15,2025-12-28,RESOLVED_IN_GRACE
FDX20256250195,CUST919067,Williams-Landry,Large,2025-12-04,23418,72980,62983,2025-12-29,25,20,2026-01-18,,ELIGIBLE
FDX20259768884,CUST381819,Horne-Wright,Mega,2025-12-01,45138,262963,140028,2026-01-05,35,30,2026-02-04,2026-01-06,RESOLVED_IN_GRACE
FDX20256907545,CUST868538,Davis-Knight,Large,2025-12-01,37812,113824,39334,2025-12-26,25,20,2026-01-15,,ELIGIBLE
FDX20259566284,CUST223791,Calhoun PLC,Small,2026-01-05,1872,10882,7323,2026-01-15,10,7,2026-01-22,2026-01-19,RESOLVED_IN_GRACE
FDX20254520522,CUST908903,Gray-Lee,Small,2026-01-10,52051,245726,113065,2026-01-20,10,7,2026-01-27,,ELIGIBLE
FDX20252661097,CUST130782,Robinson-Anderson,Mid,2025-12-22,43291,202103,84525,2026-01-06,15,12,2026-01-18,,IN_GRACE
FDX20251750538,CUST451284,"Berry, Butler and Ford",Mid,2025-12-12,54097,244607,113297,2025-12-27,15,12,2026-01-08,,IN_GRACE
FDX20254977883,CUST946313,Barajas-King,Small,2026-01-09,25407,141911,73783,2026-01-19,10,7,2026-01-26,,ELIGIBLE
FDX20251616293,CUST550179,Adams-Price,Mid,2025-12-24,7203,33468,33410,2026-01-08,15,12,2026-01-20,,ELIGIBLE
FDX20254155352,CUST385192,Frank-Smith,Large,2025-12-08,29824,105837,77207,2026-01-02,25,20,2026-01-22,,ELIGIBLE
FDX20253376783,CUST649300,"Huang, Rollins and Hill",Small,2026-01-07,13435,50871,20606,2026-01-17,10,7,2026-01-24,,ELIGIBLE
FDX20256028286,CUST166974,Francis Group,Mid,2025-12-24,17216,85779,20903,2026-01-08,15,12,2026-01-20,,ELIGIBLE
FDX20254610673,CUST375722,"Mclaughlin, Gonzales and Hodge",Small,2025-12-24,11335,40508,37755,2026-01-03,10,7,2026-01-10,,IN_GRACE
FDX20253251636,CUST846925,"Johnson, Nicholson and Brown",Mid,2025-12-28,36054,192814,134717,2026-01-12,15,12,2026-01-24,,IN_GRACE
FDX20254624549,CUST704663,"Huff, Taylor and Butler",Small,2026-01-09,32887,95037,36447,2026-01-19,10,7,2026-01-26,2026-01-23,RESOLVED_IN_GRACE
FDX20257024113,CUST758015,Miller-Mooney,Small,2025-12-24,28645,114411,84144,2026-01-03,10,7,2026-01-10,,ELIGIBLE
FDX20255653927,CUST180813,Davis-Martin,Mid,2025-12-30,2922,10066,5337,2026-01-14,15,12,2026-01-26,,ELIGIBLE
FDX20253155739,CUST620248,Faulkner-Andrews,Small,2026-01-01,39584,142897,64916,2026-01-11,10,7,2026-01-18,,ELIGIBLE
FDX20258080237,CUST577309,Patterson-Mitchell,Small,2026-01-09,25507,122192,83218,2026-01-19,10,7,2026-01-26,2026-01-23,RESOLVED_IN_GRACE
FDX20252247548,CUST635593,Powers-Hurst,Small,2026-01-01,20344,61496,40071,2026-01-11,10,7,2026-01-18,,IN_GRACE
FDX20255277642,CUST477617,Lopez-Woods,Small,2026-01-07,39509,110265,87639,2026-01-17,10,7,2026-01-24,,IN_GRACE
FDX20255373391,CUST158132,"Allen, Morgan and Schwartz",Large,2025-12-07,32355,92087,65016,2026-01-01,25,20,2026-01-21,,ELIGIBLE
FDX20257405244,CUST623879,Cordova-West,Small,2025-12-29,23594,84104,33500,2026-01-08,10,7,2026-01-15,,ELIGIBLE
FDX20253740044,CUST694423,Goodman and Sons,Small,2025-12-26,9921,57307,54634,2026-01-05,10,7,2026-01-12,,ELIGIBLE
FDX20257711882,CUST274987,Richardson-Conway,Small,2026-01-07,42397,235281,224350,2026-01-17,10,7,2026-01-24,,ELIGIBLE
FDX20258651547,CUST485548,Johnson-Valdez,Mid,2025-12-20,53429,311224,254869,2026-01-04,15,12,2026-01-16,2026-01-10,RESOLVED_IN_GRACE
FDX20252396771,CUST264951,Adams-Perry,Mid,2025-12-20,12196,56295,20192,2026-01-04,15,12,2026-01-16,,ELIGIBLE
FDX20255264422,CUST367508,"Hodges, Bradshaw and Johnson",Small,2026-01-03,22203,124571,83097,2026-01-13,10,7,2026-01-20,,ELIGIBLE
FDX20258136077,CUST910894,Scott-Edwards,Small,2026-01-01,35751,171224,65988,2026-01-11,10,7,2026-01-18,2026-01-15,RESOLVED_IN_GRACE
FDX20253403234,CUST207903,Myers-Tucker,Mid,2025-12-22,54955,328410,185646,2026-01-06,15,12,2026-01-18,,IN_GRACE
FDX20259990982,CUST701790,Anderson-Erickson,Mid,2025-12-21,7964,35551,11433,2026-01-05,15,12,2026-01-17,,ELIGIBLE
FDX20254418574,CUST806866,Thompson-Cruz,Mega,2025-12-01,22291,70580,28426,2026-01-05,35,30,2026-02-04,2026-01-08,RESOLVED_IN_GRACE
FDX20252183767,CUST857888,"Baird, Campos and Ford",Mid,2025-12-25,18412,56678,35654,2026-01-09,15,12,2026-01-21,2026-01-11,RESOLVED_IN_GRACE
FDX20255519776,CUST220936,Higgins-Silva,Small,2025-12-27,11803,48693,44620,2026-01-06,10,7,2026-01-13,,IN_GRACE
FDX20254231751,CUST339499,Jones-Hogan,Small,2026-01-13,21931,102571,61954,2026-01-23,10,7,2026-01-30,,IN_GRACE
FDX20257243511,CUST876764,Perry-Barnett,Small,2025-12-27,28793,129601,57213,2026-01-06,10,7,2026-01-13,2026-01-07,RESOLVED_IN_GRACE
FDX20259580328,CUST633541,Parker-Smith,Mid,2025-12-26,45592,167428,103744,2026-01-10,15,12,2026-01-22,2026-01-12,RESOLVED_IN_GRACE
FDX20253752186,CUST102693,Potts-Lopez,Small,2026-01-01,50066,248362,237225,2026-01-11,10,7,2026-01-18,,IN_GRACE
FDX20258041170,CUST146177,Webster-Lawrence,Mid,2025-12-12,18781,59064,56357,2025-12-27,15,12,2026-01-08,2025-12-28,RESOLVED_IN_GRACE
FDX20253575158,CUST112884,Gray-Kirk,Small,2025-12-29,46221,222996,151678,2026-01-08,10,7,2026-01-15,,ELIGIBLE
FDX20256307645,CUST356430,Williams-Stokes,Mid,2025-12-12,40632,185774,121966,2025-12-27,15,12,2026-01-08,2026-01-02,RESOLVED_IN_GRACE
FDX20258275056,CUST148215,Espinoza-Watts,Mid,2025-12-21,44403,125032,115542,2026-01-05,15,12,2026-01-17,2026-01-11,RESOLVED_IN_GRACE
FDX20257357590,CUST594681,Parker PLC,Small,2025-12-31,32668,178699,33956,2026-01-10,10,7,2026-01-17,,ELIGIBLE
FDX20251434695,CUST481657,Silva-Walker,Small,2026-01-07,14086,51872,14573,2026-01-17,10,7,2026-01-24,2026-01-18,RESOLVED_IN_GRACE
FDX20255152322,CUST501583,Ortiz-Pope,Mega,2025-12-01,44067,133959,108675,2026-01-05,35,30,2026-02-04,,IN_GRACE
FDX20252300646,CUST257375,Taylor-Williams,Small,2026-01-09,27931,81536,58176,2026-01-19,10,7,2026-01-26,,ELIGIBLE
FDX20255531949,CUST287654,Wolf-Harris,Small,2026-01-04,3395,14826,5103,2026-01-14,10,7,2026-01-21,,IN_GRACE
FDX20253090797,CUST999138,Chen-Richardson,Small,2026-01-04,15019,80161,72483,2026-01-14,10,7,2026-01-21,,ELIGIBLE
FDX20259916589,CUST137081,Wolf PLC,Large,2025-12-07,3909,11629,4757,2026-01-01,25,20,2026-01-21,2026-01-06,RESOLVED_IN_GRACE
FDX20252845328,CUST679720,"Odonnell, Hale and Newton",Small,2025-12-27,31118,105741,100882,2026-01-06,10,7,2026-01-13,2026-01-08,RESOLVED_IN_GRACE
FDX20257824657,CUST942127,Fisher-Pierce,Small,2025-12-30,57669,167889,144788,2026-01-09,10,7,2026-01-16,,ELIGIBLE
FDX20252106614,CUST848705,Villarreal-Rogers,Large,2025-12-01,35732,172097,58760,2025-12-26,25,20,2026-01-15,,ELIGIBLE
FDX20256525702,CUST876644,Ray-Smith,Small,2025-12-22,31323,99584,35204,2026-01-01,10,7,2026-01-08,,ELIGIBLE
FDX20252492738,CUST787554,Reilly-Henderson,Small,2025-12-26,17516,64623,48326,2026-01-05,10,7,2026-01-12,,ELIGIBLE
FDX20257087100,CUST539740,Cruz-Rowe,Large,2025-12-01,39978,199738,133735,2025-12-26,25,20,2026-01-15,2026-01-09,RESOLVED_IN_GRACE
FDX20256595492,CUST335421,Murray-Kerr,Mid,2025-12-14,18508,47070,19512,2025-12-29,15,12,2026-01-10,2025-12-31,RESOLVED_IN_GRACE
FDX20255584424,CUST437433,Delgado-Hernandez,Mid,2025-12-24,38838,113826,80413,2026-01-08,15,12,2026-01-20,2026-01-13,RESOLVED_IN_GRACE
FDX20253455003,CUST360322,Richardson-Rosales,Small,2026-01-05,57584,178007,159970,2026-01-15,10,7,2026-01-22,2026-01-19,RESOLVED_IN_GRACE
FDX20254787716,CUST536476,"Ingram, Donaldson and Vincent",Mid,2025-12-21,48869,137179,106237,2026-01-05,15,12,2026-01-17,,ELIGIBLE
FDX20255591031,CUST855276,Ramirez-Ortiz,Large,2025-12-01,37738,133287,75867,2025-12-26,25,20,2026-01-15,2025-12-29,RESOLVED_IN_GRACE
FDX20251165479,CUST435476,Ibarra-Barnes,Small,2026-01-04,9559,51497,27919,2026-01-14,10,7,2026-01-21,,ELIGIBLE
FDX20252643275,CUST384434,Ellis-Melendez,Mega,2025-12-01,14985,55237,26291,2026-01-05,35,30,2026-02-04,,IN_GRACE
FDX20257327627,CUST966120,Jones-Hampton,Large,2025-12-12,21354,62522,29356,2026-01-06,25,20,2026-01-26,,ELIGIBLE
FDX20254728326,CUST181670,Moses-Leon,Small,2025-12-22,18111,102852,80111,2026-01-01,10,7,2026-01-08,,IN_GRACE
FDX20257352396,CUST699298,Higgins-Tyler,Small,2025-12-22,22281,93928,74153,2026-01-01,10,7,2026-01-08,2026-01-05,RESOLVED_IN_GRACE
FDX20252761653,CUST490917,Garcia-Russo,Mid,2026-01-01,10969,45428,20527,2026-01-16,15,12,2026-01-28,,ELIGIBLE
FDX20253072044,CUST225200,"Zamora, Bell and Butler",Mid,2025-12-24,9818,39541,37440,2026-01-08,15,12,2026-01-20,,ELIGIBLE
FDX20253948283,CUST626428,Lawrence-Olsen,Small,2025-12-22,5592,27920,15220,2026-01-01,10,7,2026-01-08,,ELIGIBLE
FDX20259832796,CUST806033,Mercado-Miller,Small,2025-12-22,9776,29242,12372,2026-01-01,10,7,2026-01-08,,IN_GRACE
FDX20256143048,CUST155230,Allen-Rosario,Mid,2025-12-17,29203,140012,63506,2026-01-01,15,12,2026-01-13,2026-01-08,RESOLVED_IN_GRACE
FDX20259214437,CUST288056,"Sampson, Arias and Phillips",Large,2025-12-02,5092,20080,13587,2025-12-27,25,20,2026-01-16,,IN_GRACE
FDX20252602904,CUST334026,Anderson-Williamson,Small,2026-01-03,54367,292573,266428,2026-01-13,10,7,2026-01-20,,ELIGIBLE
FDX20259874478,CUST943409,Morales-Thomas,Small,2025-12-22,24287,73535,65437,2026-01-01,10,7,2026-01-08,,ELIGIBLE
FDX20256853574,CUST640828,"Newton, Wilcox and Wagner",Mid,2025-12-17,47486,207303,86495,2026-01-01,15,12,2026-01-13,2026-01-05,RESOLVED_IN_GRACE
FDX20255731119,CUST148159,Castro-Hernandez,Large,2025-12-14,19789,104859,71026,2026-01-08,25,20,2026-01-28,,ELIGIBLE
FDX20255547530,CUST520400,Chavez-Melendez,Mid,2026-01-01,22379,75196,26614,2026-01-16,15,12,2026-01-28,,ELIGIBLE
FDX20252662054,CUST172274,Paul-Torres,Large,2025-12-07,56910,339817,316561,2026-01-01,25,20,2026-01-21,,IN_GRACE
FDX20251804690,CUST587686,Torres-Bailey,Large,2025-12-12,20284,106374,53985,2026-01-06,25,20,2026-01-26,,ELIGIBLE
FDX20253864666,CUST396020,Powell-Gilbert,Mid,2025-12-25,22782,81639,72671,2026-01-09,15,12,2026-01-21,,IN_GRACE
FDX20256335094,CUST911102,Gibson-Bryant,Mid,2025-12-17,16810,48483,47826,2026-01-01,15,12,2026-01-13,,ELIGIBLE
FDX20257535788,CUST985885,Gentry Ltd,Small,2026-01-10,29887,173291,100754,2026-01-20,10,7,2026-01-27,2026-01-25,RESOLVED_IN_GRACE
FDX20254031181,CUST425790,Bowen-Evans,Small,2026-01-09,53437,216029,55940,2026-01-19,10,7,2026-01-26,,ELIGIBLE
FDX20256791040,CUST443199,Lawson-Gallegos,Mid,2025-12-16,29690,78646,50896,2025-12-31,15,12,2026-01-12,,IN_GRACE
FDX20259920146,CUST190581,Travis-Velasquez,Small,2025-12-31,43808,185015,70913,2026-01-10,10,7,2026-01-17,2026-01-11,RESOLVED_IN_GRACE
FDX20257755367,CUST679958,"Holden, Cabrera and Ellison",Large,2025-12-01,46787,172854,109151,2025-12-26,25,20,2026-01-15,2025-12-30,RESOLVED_IN_GRACE
FDX20259000414,CUST578933,Fox-Jones,Small,2026-01-04,16164,82474,54253,2026-01-14,10,7,2026-01-21,2026-01-20,RESOLVED_IN_GRACE
FDX20253140306,CUST108356,Miller-Williams,Mid,2026-01-01,29371,170791,92835,2026-01-16,15,12,2026-01-28,,IN_GRACE
FDX20255346322,CUST486839,Mccarthy-Martinez,Small,2026-01-11,42967,134990,132567,2026-01-21,10,7,2026-01-28,2026-01-22,RESOLVED_IN_GRACE
FDX20251159341,CUST310418,Massey-Floyd,Small,2025-12-22,34029,156286,112491,2026-01-01,10,7,2026-01-08,,IN_GRACE
FDX20259616197,CUST405759,Moyer-Walker,Large,2025-12-08,57063,321948,80924,2026-01-02,25,20,2026-01-22,2026-01-18,RESOLVED_IN_GRACE
FDX20253608710,CUST691194,Robinson-Morales,Large,2025-12-01,36596,147619,112172,2025-12-26,25,20,2026-01-15,,IN_GRACE
FDX20253120109,CUST922615,Medina PLC,Mid,2025-12-22,56262,320092,224678,2026-01-06,15,12,2026-01-18,,IN_GRACE
FDX20253393607,CUST418672,Barron Inc,Mid,2025-12-30,31179,175948,129677,2026-01-14,15,12,2026-01-26,,ELIGIBLE
FDX20257355220,CUST875501,Miller-Ross,Small,2025-12-22,5007,16169,14139,2026-01-01,10,7,2026-01-08,,ELIGIBLE
FDX20255485722,CUST752966,Stephenson-Bernard,Small,2025-12-26,53976,273060,113593,2026-01-05,10,7,2026-01-12,2026-01-06,RESOLVED_IN_GRACE
FDX20251886921,CUST354367,Hernandez-Greene,Small,2026-01-10,19475,62643,40624,2026-01-20,10,7,2026-01-27,,ELIGIBLE
FDX20257210098,CUST586462,"Herrera, Jackson and Bell",Small,2025-12-22,43049,180579,117361,2026-01-01,10,7,2026-01-08,,ELIGIBLE
FDX20255179399,CUST486162,Bailey-Myers,Mid,2026-01-03,33511,123942,98825,2026-01-18,15,12,2026-01-30,,ELIGIBLE
FDX20258016965,CUST720432,Howell-Peck,Mid,2025-12-20,17257,58747,34785,2026-01-04,15,12,2026-01-16,,IN_GRACE
FDX20258680384,CUST617326,Gray-Fernandez,Small,2025-12-27,47515,177217,96158,2026-01-06,10,7,2026-01-13,,IN_GRACE
FDX20254071984,CUST910143,Johnson-Wang,Mid,2026-01-03,44386,233857,109557,2026-01-18,15,12,2026-01-30,,IN_GRACE
FDX20258364526,CUST913575,Thomas LLC,Small,2026-01-05,29812,174021,155068,2026-01-15,10,7,2026-01-22,,ELIGIBLE
FDX20256939158,CUST304915,Gutierrez-Moore,Small,2025-12-31,3756,10926,9202,2026-01-10,10,7,2026-01-17,,ELIGIBLE
FDX20258862907,CUST868043,Avila-Martinez,Small,2026-01-07,29455,139430,130611,2026-01-17,10,7,2026-01-24,,ELIGIBLE
FDX20259426008,CUST673108,Hill-Gonzalez,Small,2026-01-05,25109,83250,79903,2026-01-15,10,7,2026-01-22,,ELIGIBLE
FDX20255812035,CUST897423,Colon-Williams,Mid,2026-01-01,25277,94835,35304,2026-01-16,15,12,2026-01-28,,ELIGIBLE
FDX20255627541,CUST934638,Wallace-Frey,Mid,2025-12-26,45131,239622,128956,2026-01-10,15,12,2026-01-22,,IN_GRACE
FDX20258176707,CUST357034,Kramer-Myers,Mid,2025-12-20,4696,20066,4763,2026-01-04,15,12,2026-01-16,2026-01-14,RESOLVED_IN_GRACE
FDX20259734129,CUST257880,Richardson-Price,Small,2025-12-30,15542,69903,16757,2026-01-09,10,7,2026-01-16,2026-01-10,RESOLVED_IN_GRACE
FDX20254838024,CUST106687,Baker-Smith,Small,2026-01-07,50496,156537,118435,2026-01-17,10,7,2026-01-24,,ELIGIBLE
FDX20256120195,CUST529954,Young-Harris,Mid,2025-12-30,22961,109546,95969,2026-01-14,15,12,2026-01-26,,IN_GRACE
FDX20252458649,CUST125071,Hunter-Perez,Mid,2025-12-20,39006,214873,109435,2026-01-04,15,12,2026-01-16,,ELIGIBLE
FDX20256128149,CUST344315,Ramirez-Diaz,Small,2025-12-31,43722,113984,90707,2026-01-10,10,7,2026-01-17,2026-01-12,RESOLVED_IN_GRACE
FDX20257820186,CUST667851,"Lynn, Reese and Mclaughlin",Small,2025-12-27,38505,101831,59971,2026-01-06,10,7,2026-01-13,,IN_GRACE
FDX20256246854,CUST463251,Smith-Mercado,Small,2025-12-22,48965,215291,57487,2026-01-01,10,7,2026-01-08,,ELIGIBLE
FDX20252512308,CUST766833,Gregory-Mason,Small,2025-12-26,40753,193658,167392,2026-01-05,10,7,2026-01-12,2026-01-10,RESOLVED_IN_GRACE
FDX20252333367,CUST980357,Shaw-Jimenez,Large,2025-12-01,11537,61753,15955,2025-12-26,25,20,2026-01-15,,ELIGIBLE
FDX20252286698,CUST827146,Casey-Hodges,Mega,2025-12-01,36275,125670,94852,2026-01-05,35,30,2026-02-04,2026-01-29,RESOLVED_IN_GRACE
FDX20255027148,CUST110060,Barrera Ltd,Small,2026-01-07,11547,54463,37644,2026-01-17,10,7,2026-01-24,2026-01-22,RESOLVED_IN_GRACE
FDX20252570911,CUST451291,Guzman-Davis,Mid,2025-12-20,4752,24879,11485,2026-01-04,15,12,2026-01-16,2026-01-16,RESOLVED_IN_GRACE
FDX20253770138,CUST101533,Parker-Ochoa,Small,2025-12-26,59090,306674,217845,2026-01-05,10,7,2026-01-12,2026-01-11,RESOLVED_IN_GRACE
FDX20251963205,CUST895794,Carpenter-Mosley,Small,2026-01-09,59940,194915,135442,2026-01-19,10,7,2026-01-26,,ELIGIBLE
FDX20252419102,CUST789233,Ramirez-Powers,Mega,2025-12-01,6543,30316,27365,2026-01-05,35,30,2026-02-04,2026-01-09,RESOLVED_IN_GRACE
FDX20255795781,CUST494552,Huynh and Sons,Small,2025-12-26,7423,38113,18771,2026-01-05,10,7,2026-01-12,,ELIGIBLE
FDX20259268659,CUST990247,Sharp-Bridges,Mid,2025-12-17,57981,215575,67217,2026-01-01,15,12,2026-01-13,2026-01-13,RESOLVED_IN_GRACE
FDX20251179426,CUST873935,Mccoy and Sons,Small,2026-01-13,48755,288678,266126,2026-01-23,10,7,2026-01-30,2026-01-30,RESOLVED_IN_GRACE
FDX20258113264,CUST862540,Harris-Johnson,Small,2025-12-29,26484,89475,74959,2026-01-08,10,7,2026-01-15,2026-01-12,RESOLVED_IN_GRACE
FDX20259534273,CUST422448,Soto-Parker,Large,2025-12-08,35106,172448,41903,2026-01-02,25,20,2026-01-22,2026-01-19,RESOLVED_IN_GRACE
FDX20253288888,CUST208998,Shea-Russell,Large,2025-12-14,36413,187462,50549,2026-01-08,25,20,2026-01-28,,ELIGIBLE
FDX20259047291,CUST315161,Bell-Stokes,Small,2026-01-03,27304,134097,132038,2026-01-13,10,7,2026-01-20,2026-01-15,RESOLVED_IN_GRACE
FDX20259351785,CUST655550,Reed-Sharp,Small,2026-01-03,7334,43308,15377,2026-01-13,10,7,2026-01-20,,ELIGIBLE
FDX20259640458,CUST349736,Hunt-Barton,Mid,2025-12-14,11336,36056,26420,2025-12-29,15,12,2026-01-10,,ELIGIBLE
FDX20259932346,CUST540208,Long-Klein,Small,2025-12-27,39679,186290,76259,2026-01-06,10,7,2026-01-13,,ELIGIBLE
FDX20253091977,CUST615929,Schultz-Moran,Small,2026-01-11,59053,292967,97986,2026-01-21,10,7,2026-01-28,2026-01-28,RESOLVED_IN_GRACE
FDX20257802682,CUST162804,Patel-Stone,Mid,2025-12-30,55632,181072,83113,2026-01-14,15,12,2026-01-26,,ELIGIBLE
FDX20251233207,CUST249289,"Tapia, Olson and Brewer",Small,2026-01-10,17321,48630,23395,2026-01-20,10,7,2026-01-27,2026-01-23,RESOLVED_IN_GRACE
FDX20254190758,CUST846221,Hernandez-Valdez,Mid,2025-12-14,27070,131381,92392,2025-12-29,15,12,2026-01-10,,IN_GRACE
FDX20251122310,CUST393418,Hughes-Cooper,Mid,2025-12-26,10478,48884,10629,2026-01-10,15,12,2026-01-22,2026-01-22,RESOLVED_IN_GRACE
FDX20258129962,CUST197545,Dominguez-Frey,Small,2025-12-22,47928,175968,115967,2026-01-01,10,7,2026-01-08,,IN_GRACE
FDX20259964482,CUST146032,Hurst-Burton,Small,2025-12-27,57291,233413,169729,2026-01-06,10,7,2026-01-13,2026-01-07,RESOLVED_IN_GRACE
FDX20256789156,CUST342716,Harper-Short,Mid,2025-12-26,29327,96236,89684,2026-01-10,15,12,2026-01-22,,ELIGIBLE
FDX20255097436,CUST986575,"Costa, Miles and Wood",Small,2025-12-31,47329,148764,81565,2026-01-10,10,7,2026-01-17,,ELIGIBLE
FDX20259860239,CUST645007,Becker-Davenport,Small,2026-01-07,7524,25018,16675,2026-01-17,10,7,2026-01-24,,ELIGIBLE
FDX20251710615,CUST533121,Hughes-Lopez,Small,2026-01-04,53349,179107,118466,2026-01-14,10,7,2026-01-21,2026-01-20,RESOLVED_IN_GRACE
FDX20258527132,CUST834891,Powell-Jimenez,Small,2025-12-22,47925,249458,97372,2026-01-01,10,7,2026-01-08,,IN_GRACE
FDX20253827503,CUST490586,Sanchez-Hicks,Mid,2025-12-19,10935,40545,21274,2026-01-03,15,12,2026-01-15,2026-01-14,RESOLVED_IN_GRACE
FDX20259783147,CUST580728,Smith-Anderson,Small,2025-12-26,33737,114819,97972,2026-01-05,10,7,2026-01-12,,ELIGIBLE
FDX20254776024,CUST884229,Carter-Case,Small,2025-12-31,58052,211814,105211,2026-01-10,10,7,2026-01-17,2026-01-17,RESOLVED_IN_GRACE
FDX20253932895,CUST189026,Bradford-Wilson,Small,2025-12-29,8134,42493,28418,2026-01-08,10,7,2026-01-15,2026-01-14,RESOLVED_IN_GRACE
FDX20252260344,CUST708982,Gordon-Jimenez,Mega,2025-12-01,11399,29274,19677,2026-01-05,35,30,2026-02-04,,ELIGIBLE
FDX20257158092,CUST200219,Fields-Sanchez,Large,2025-12-02,13633,36355,28027,2025-12-27,25,20,2026-01-16,2026-01-16,RESOLVED_IN_GRACE
FDX20253236718,CUST629979,Bird Inc,Small,2026-01-01,17127,101562,80192,2026-01-11,10,7,2026-01-18,,IN_GRACE
FDX20259618195,CUST239999,Frederick-West,Small,2026-01-09,18598,53830,42821,2026-01-19,10,7,2026-01-26,,IN_GRACE
FDX20256927248,CUST768169,Mccormick-Valentine,Small,2026-01-04,44064,243377,163429,2026-01-14,10,7,2026-01-21,2026-01-15,RESOLVED_IN_GRACE
FDX20251854070,CUST959793,Chavez-Riley,Mid,2025-12-14,41975,180300,79585,2025-12-29,15,12,2026-01-10,,ELIGIBLE
FDX20258092102,CUST513507,Goodwin-Anderson,Mega,2025-12-01,23938,66452,45518,2026-01-05,35,30,2026-02-04,,ELIGIBLE
FDX20259313242,CUST178465,Price-Pierce,Small,2026-01-05,38631,132213,125543,2026-01-15,10,7,2026-01-22,2026-01-22,RESOLVED_IN_GRACE
FDX20257360154,CUST720647,Gomez-Smith,Small,2025-12-31,53508,220279,112811,2026-01-10,10,7,2026-01-17,2026-01-17,RESOLVED_IN_GRACE
FDX20253860246,CUST695403,Mitchell-Washington,Mega,2025-12-01,43508,109342,91236,2026-01-05,35,30,2026-02-04,,ELIGIBLE
FDX20257262661,CUST165308,Woods-Schneider,Small,2026-01-10,25020,134298,89467,2026-01-20,10,7,2026-01-27,,IN_GRACE
FDX20252899743,CUST556112,Hayes-Smith,Small,2026-01-07,33899,164411,138851,2026-01-17,10,7,2026-01-24,,ELIGIBLE
FDX20256670004,CUST794622,Blackburn-Cox,Small,2026-01-11,47777,278531,106428,2026-01-21,10,7,2026-01-28,2026-01-25,RESOLVED_IN_GRACE
FDX20255190365,CUST237057,Estes LLC,Small,2026-01-07,20858,76017,52876,2026-01-17,10,7,2026-01-24,,ELIGIBLE
FDX20252977453,CUST348273,Johnson-Hamilton,Small,2025-12-31,15318,68463,53654,2026-01-10,10,7,2026-01-17,,ELIGIBLE
FDX20255866478,CUST405844,Jensen-Sanchez,Small,2026-01-07,24321,120286,43845,2026-01-17,10,7,2026-01-24,2026-01-19,RESOLVED_IN_GRACE
FDX20256019373,CUST373668,Wallace Ltd,Small,2026-01-10,35616,183629,61711,2026-01-20,10,7,2026-01-27,,ELIGIBLE
FDX20259105487,CUST992247,Johnson-Johns,Small,2025-12-29,29174,162197,47902,2026-01-08,10,7,2026-01-15,2026-01-10,RESOLVED_IN_GRACE
FDX20255924868,CUST430310,Fischer-Cox,Mid,2025-12-21,39707,138218,50856,2026-01-05,15,12,2026-01-17,2026-01-09,RESOLVED_IN_GRACE
FDX20255441781,CUST939717,"Le, Perkins and Harris",Mid,2025-12-21,22512,69868,29195,2026-01-05,15,12,2026-01-17,,ELIGIBLE
FDX20254574653,CUST512040,Rodriguez-Jackson,Small,2025-12-26,44734,131142,76109,2026-01-05,10,7,2026-01-12,,ELIGIBLE
FDX20251037485,CUST834764,Lowe PLC,Small,2025-12-26,44465,165550,51113,2026-01-05,10,7,2026-01-12,2026-01-06,RESOLVED_IN_GRACE
FDX20257603872,CUST972310,Oneal-Myers,Small,2025-12-27,3425,16351,8801,2026-01-06,10,7,2026-01-13,2026-01-08,RESOLVED_IN_GRACE
FDX20254648426,CUST871073,Crawford-Taylor,Small,2026-01-13,25942,153511,31755,2026-01-23,10,7,2026-01-30,,IN_GRACE
FDX20256114027,CUST442099,Pratt-Banks,Small,2026-01-01,13173,49980,39715,2026-01-11,10,7,2026-01-18,2026-01-16,RESOLVED_IN_GRACE
FDX20259649141,CUST433507,Schultz-Harris,Small,2026-01-03,19779,118295,57573,2026-01-13,10,7,2026-01-20,,ELIGIBLE
FDX20251594402,CUST574751,Webster-Walters,Large,2025-12-16,48126,147469,70477,2026-01-10,25,20,2026-01-30,,ELIGIBLE
FDX20258768806,CUST385166,Smith-Abbott,Mid,2025-12-25,15336,47477,42296,2026-01-09,15,12,2026-01-21,,ELIGIBLE
FDX20259191751,CUST344959,Lopez-Lam,Small,2025-12-24,49294,156291,73065,2026-01-03,10,7,2026-01-10,2026-01-05,RESOLVED_IN_GRACE
FDX20251964635,CUST178315,Nelson-Long,Mid,2025-12-25,57605,188609,176401,2026-01-09,15,12,2026-01-21,,ELIGIBLE
FDX20256968395,CUST312559,Murray-Lewis,Small,2025-12-31,3687,18354,11618,2026-01-10,10,7,2026-01-17,,IN_GRACE
FDX20251098836,CUST242723,Russell-Clark,Large,2025-12-10,52968,197764,190258,2026-01-04,25,20,2026-01-24,,IN_GRACE
FDX20258723456,CUST917823,Hartman-Marshall,Small,2026-01-11,50822,211400,175212,2026-01-21,10,7,2026-01-28,,IN_GRACE
FDX20256512184,CUST907557,Flores-Long,Mid,2026-01-03,5381,23426,12170,2026-01-18,15,12,2026-01-30,,IN_GRACE
FDX20256005493,CUST713110,Bates-Bell,Small,2026-01-13,39823,127036,72401,2026-01-23,10,7,2026-01-30,,ELIGIBLE
FDX20256937335,CUST214266,Baxter-Stanley,Large,2025-12-04,32959,83961,67482,2025-12-29,25,20,2026-01-18,,IN_GRACE
FDX20252797914,CUST262959,Bush-Jones,Mid,2026-01-03,24651,135270,82271,2026-01-18,15,12,2026-01-30,,ELIGIBLE
FDX20251086476,CUST210790,Fields-Browning,Mid,2025-12-21,35524,115693,98402,2026-01-05,15,12,2026-01-17,,IN_GRACE
FDX20256867356,CUST272359,Smith-Wise,Small,2026-01-13,41999,149418,58238,2026-01-23,10,7,2026-01-30,,ELIGIBLE
FDX20254123208,CUST571404,Clark-Clark,Mid,2025-12-14,16258,47959,30159,2025-12-29,15,12,2026-01-10,2026-01-10,RESOLVED_IN_GRACE
FDX20257745583,CUST588694,Newton-Wells,Large,2025-12-14,37799,143204,56222,2026-01-08,25,20,2026-01-28,,ELIGIBLE
FDX20256948065,CUST429287,Walker-Rodriguez,Small,2025-12-26,26127,150448,33215,2026-01-05,10,7,2026-01-12,,ELIGIBLE
FDX20251148708,CUST526259,Harrington-Obrien,Large,2025-12-01,35307,89122,75760,2025-12-26,25,20,2026-01-15,,IN_GRACE
FDX20252700165,CUST226601,Schultz-Meyer,Small,2026-01-07,54565,292664,109389,2026-01-17,10,7,2026-01-24,2026-01-21,RESOLVED_IN_GRACE
FDX20258227688,CUST661957,Morrison-Cohen,Small,2025-12-29,5930,27027,9426,2026-01-08,10,7,2026-01-15,,IN_GRACE
FDX20259255164,CUST475691,Smith-Cook,Mid,2025-12-12,42433,166869,52199,2025-12-27,15,12,2026-01-08,,ELIGIBLE
FDX20254314245,CUST907756,Smith-Owen,Mid,2025-12-17,30934,148566,70464,2026-01-01,15,12,2026-01-13,2026-01-06,RESOLVED_IN_GRACE
FDX20252421764,CUST317722,Kennedy-Mason,Mega,2025-12-01,48316,277701,191044,2026-01-05,35,30,2026-02-04,2026-01-23,RESOLVED_IN_GRACE
FDX20259876767,CUST573869,Mcbride-Simmons,Small,2026-01-09,53059,197226,194698,2026-01-19,10,7,2026-01-26,,ELIGIBLE
FDX20259628834,CUST423284,Adkins-Sweeney,Small,2026-01-07,1704,5876,5343,2026-01-17,10,7,2026-01-24,2026-01-23,RESOLVED_IN_GRACE
FDX20253578837,CUST585854,"Mckenzie, Black and Blake",Mid,2026-01-03,19739,106713,50057,2026-01-18,15,12,2026-01-30,,IN_GRACE
FDX20257890722,CUST377880,Kirk-Valenzuela,Small,2026-01-05,37133,108993,49678,2026-01-15,10,7,2026-01-22,,IN_GRACE
FDX20253077734,CUST993892,Leach-Crane,Mid,2025-12-26,16136,92308,43512,2026-01-10,15,12,2026-01-22,2026-01-18,RESOLVED_IN_GRACE
FDX20259177419,CUST225738,Huang-Knight,Small,2025-12-22,5510,21973,14245,2026-01-01,10,7,2026-01-08,2026-01-05,RESOLVED_IN_GRACE
FDX20251115938,CUST194813,Turner-Butler,Mid,2026-01-01,12578,51512,36580,2026-01-16,15,12,2026-01-28,,ELIGIBLE
FDX20253611044,CUST265271,Mccarthy-Tucker,Mid,2025-12-14,22023,95504,26108,2025-12-29,15,12,2026-01-10,,ELIGIBLE
FDX20255196564,CUST946826,Grant-Mitchell,Mid,2025-12-19,30311,139776,32310,2026-01-03,15,12,2026-01-15,,ELIGIBLE
FDX20254793248,CUST819380,"Hughes, Torres and Green",Small,2026-01-01,2516,11547,6327,2026-01-11,10,7,2026-01-18,,ELIGIBLE
FDX20258897013,CUST418992,Bennett-King,Large,2025-12-04,24835,104280,91380,2025-12-29,25,20,2026-01-18,2026-01-15,RESOLVED_IN_GRACE
FDX20257633020,CUST966529,Norris-Parks,Small,2026-01-10,10030,38474,18674,2026-01-20,10,7,2026-01-27,,IN_GRACE
FDX20257279870,CUST838936,"Hodge, Williams and Singleton",Small,2026-01-13,37660,120657,53954,2026-01-23,10,7,2026-01-30,2026-01-30,RESOLVED_IN_GRACE
FDX20256021168,CUST830729,Weeks-Larsen,Small,2026-01-11,35000,91095,78761,2026-01-21,10,7,2026-01-28,,ELIGIBLE
FDX20257115223,CUST732608,Montoya-Stokes,Large,2025-12-04,37899,141722,111908,2025-12-29,25,20,2026-01-18,2026-01-06,RESOLVED_IN_GRACE
FDX20258186377,CUST142288,Vargas Group,Small,2025-12-29,35413,130738,43009,2026-01-08,10,7,2026-01-15,,ELIGIBLE
FDX20254056507,CUST325465,Edwards-David,Large,2025-12-13,54320,171525,149892,2026-01-07,25,20,2026-01-27,,ELIGIBLE
FDX20259999758,CUST976530,Gould PLC,Mid,2025-12-14,36557,128135,101064,2025-12-29,15,12,2026-01-10,,IN_GRACE
FDX20255521152,CUST998182,Atkinson-Gomez,Large,2025-12-06,33038,160131,105564,2025-12-31,25,20,2026-01-20,,ELIGIBLE
FDX20252823599,CUST443716,Davis-Ball,Large,2025-12-13,51554,172393,96198,2026-01-07,25,20,2026-01-27,,ELIGIBLE
FDX20258358018,CUST255528,Chapman-Skinner,Small,2025-12-29,35280,151943,131791,2026-01-08,10,7,2026-01-15,,IN_GRACE
FDX20258371182,CUST195643,Hutchinson and Sons,Mid,2025-12-22,24706,90493,85588,2026-01-06,15,12,2026-01-18,,IN_GRACE
FDX20253715129,CUST845702,Richardson-Campbell,Small,2026-01-04,6097,27402,20061,2026-01-14,10,7,2026-01-21,,ELIGIBLE
FDX20253346703,CUST360276,"Fletcher, Gallagher and Nelson",Small,2026-01-13,51972,207206,78268,2026-01-23,10,7,2026-01-30,,ELIGIBLE
FDX20256934735,CUST473023,Sims-Lyons,Mid,2025-12-12,22545,87145,36724,2025-12-27,15,12,2026-01-08,,ELIGIBLE
FDX20258280643,CUST515492,Jones-Newman,Small,2026-01-09,50226,134299,108716,2026-01-19,10,7,2026-01-26,,ELIGIBLE
FDX20251097479,CUST638401,"Alvarado, Walls and Tyler",Small,2026-01-04,52081,134432,102062,2026-01-14,10,7,2026-01-21,,ELIGIBLE
FDX20257026992,CUST151328,Morris-Burns,Small,2025-12-31,28433,125620,117701,2026-01-10,10,7,2026-01-17,,ELIGIBLE
FDX20254329683,CUST810078,Gibson-Moore,Mid,2025-12-28,59938,279191,75890,2026-01-12,15,12,2026-01-24,,IN_GRACE
FDX20252856661,CUST413357,Mckinney and Sons,Small,2026-01-13,43746,214639,99625,2026-01-23,10,7,2026-01-30,,ELIGIBLE
FDX20254180407,CUST372804,Young-Sweeney,Small,2026-01-07,51671,190237,75424,2026-01-17,10,7,2026-01-24,2026-01-18,RESOLVED_IN_GRACE
FDX20255779824,CUST959926,Church-Garrett,Large,2025-12-02,39056,115751,95515,2025-12-27,25,20,2026-01-16,2025-12-30,RESOLVED_IN_GRACE
FDX20251675388,CUST282313,Wilson-Wright,Small,2025-12-22,8338,40187,19229,2026-01-01,10,7,2026-01-08,2026-01-04,RESOLVED_IN_GRACE
FDX20253242783,CUST132591,Torres-Clark,Mid,2025-12-31,50230,183303,56930,2026-01-15,15,12,2026-01-27,2026-01-25,RESOLVED_IN_GRACE
FDX20257619383,CUST524035,Medina-Pearson,Mid,2025-12-14,17549,75989,31020,2025-12-29,15,12,2026-01-10,,ELIGIBLE
FDX20258064143,CUST996114,"Mitchell, Smith and Powers",Small,2026-01-05,49105,152669,74049,2026-01-15,10,7,2026-01-22,,ELIGIBLE
FDX20256556840,CUST574167,Rodriguez-Ortiz,Small,2026-01-01,18253,90535,25733,2026-01-11,10,7,2026-01-18,,ELIGIBLE
FDX20251530269,CUST682959,"Robbins, Wilson and Price",Small,2026-01-10,16597,73451,48899,2026-01-20,10,7,2026-01-27,2026-01-25,RESOLVED_IN_GRACE
FDX20253689597,CUST884417,Moreno-Baxter,Mid,2025-12-14,6557,31678,6832,2025-12-29,15,12,2026-01-10,2026-01-02,RESOLVED_IN_GRACE
FDX20254338530,CUST676843,Romero-Garrett,Mid,2025-12-20,33327,158321,116036,2026-01-04,15,12,2026-01-16,,ELIGIBLE
FDX20259041235,CUST361989,Howard-Saunders,Mid,2025-12-20,44238,165961,47840,2026-01-04,15,12,2026-01-16,,ELIGIBLE
FDX20255459377,CUST199326,Thompson-Mullins,Mid,2025-12-17,28642,84387,81775,2026-01-01,15,12,2026-01-13,,ELIGIBLE
FDX20252993004,CUST584487,Salazar-Day,Small,2026-01-01,36788,168084,72734,2026-01-11,10,7,2026-01-18,,ELIGIBLE
FDX20258064807,CUST206857,Knapp and Sons,Mega,2025-12-01,59113,161110,61022,2026-01-05,35,30,2026-02-04,,IN_GRACE
FDX20259205196,CUST942946,Prince-Hernandez,Small,2025-12-31,20295,99373,88106,2026-01-10,10,7,2026-01-17,,ELIGIBLE
FDX20259314244,CUST932369,Thomas-Wright,Mid,2025-12-12,9992,27934,25616,2025-12-27,15,12,2026-01-08,,ELIGIBLE
FDX20253137987,CUST246583,Fuller-Arnold,Mega,2025-12-01,10929,33646,23746,2026-01-05,35,30,2026-02-04,,IN_GRACE
FDX20256450711,CUST227352,"Sandoval, Santos and Spencer",Mid,2025-12-28,13461,51366,42871,2026-01-12,15,12,2026-01-24,,ELIGIBLE
FDX20257708806,CUST112537,Pacheco-Patterson,Mega,2025-12-01,46901,195520,80187,2026-01-05,35,30,2026-02-04,,IN_GRACE
FDX20259419789,CUST164664,Olson-Thompson,Mid,2025-12-16,21066,109235,94319,2025-12-31,15,12,2026-01-12,,ELIGIBLE
FDX20257523795,CUST970708,"Burch, Davis and Brown",Mid,2025-12-30,19195,110663,51154,2026-01-14,15,12,2026-01-26,2026-01-17,RESOLVED_IN_GRACE
FDX20253204822,CUST918895,Prince-Coleman,Mid,2025-12-21,25105,104871,33050,2026-01-05,15,12,2026-01-17,2026-01-12,RESOLVED_IN_GRACE
FDX20252841010,CUST333086,"Mcconnell, Davis and Camacho",Small,2025-12-24,23026,75181,60744,2026-01-03,10,7,2026-01-10,,ELIGIBLE
FDX20252809919,CUST237064,Garza-Mejia,Mid,2026-01-01,44791,118288,88737,2026-01-16,15,12,2026-01-28,,ELIGIBLE
FDX20251354875,CUST307757,Wolfe-Hart,Mid,2025-12-17,48456,178508,98864,2026-01-01,15,12,2026-01-13,,ELIGIBLE
FDX20253116002,CUST963684,Parker-Carson,Mid,2025-12-26,54392,251626,218041,2026-01-10,15,12,2026-01-22,,ELIGIBLE
FDX20253609561,CUST520040,Williams-Kelley,Large,2025-12-03,43163,139271,60121,2025-12-28,25,20,2026-01-17,,ELIGIBLE
FDX20256773384,CUST490321,Tran LLC,Mega,2025-12-01,3087,15094,5690,2026-01-05,35,30,2026-02-04,2026-02-04,RESOLVED_IN_GRACE
FDX20259388623,CUST819622,Preston-Clark,Small,2026-01-01,50523,135273,131970,2026-01-11,10,7,2026-01-18,,ELIGIBLE
FDX20251228991,CUST760914,Mckenzie-Moore,Large,2025-12-03,24148,122850,96071,2025-12-28,25,20,2026-01-17,2026-01-17,RESOLVED_IN_GRACE
FDX20254967894,CUST776001,"Garner, Riddle and Brooks",Large,2025-12-13,2987,11303,8127,2026-01-07,25,20,2026-01-27,,ELIGIBLE
FDX20251873083,CUST188121,Jenkins-Craig,Mid,2026-01-01,47068,201771,49997,2026-01-16,15,12,2026-01-28,2026-01-25,RESOLVED_IN_GRACE
FDX20256740173,CUST710610,Aguilar-Ruiz,Mega,2025-12-01,7969,38546,27776,2026-01-05,35,30,2026-02-04,,ELIGIBLE
FDX20258208583,CUST714590,Taylor Group,Mid,2025-12-22,50883,235842,192337,2026-01-06,15,12,2026-01-18,2026-01-18,RESOLVED_IN_GRACE
FDX20251134702,CUST371393,Davis-Mendoza,Small,2025-12-29,18739,83242,39830,2026-01-08,10,7,2026-01-15,2026-01-12,RESOLVED_IN_GRACE
FDX20258286823,CUST952227,Price-Reed,Large,2025-12-01,22906,115814,114266,2025-12-26,25,20,2026-01-15,,ELIGIBLE
FDX20259056301,CUST178629,Mitchell-Murphy,Small,2025-12-22,48638,262793,253055,2026-01-01,10,7,2026-01-08,,ELIGIBLE
FDX20255856444,CUST122859,Garza-Smith,Mid,2025-12-14,6706,31420,15341,2025-12-29,15,12,2026-01-10,,IN_GRACE
FDX20255734922,CUST167603,Romero-Scott,Mid,2025-12-19,20795,76294,22998,2026-01-03,15,12,2026-01-15,,IN_GRACE
FDX20259152539,CUST307356,Murray-Lopez,Small,2025-12-22,22117,89410,29395,2026-01-01,10,7,2026-01-08,,ELIGIBLE
FDX20252386047,CUST777366,Rojas-Bailey,Mega,2025-12-01,43170,202706,65431,2026-01-05,35,30,2026-02-04,,IN_GRACE
FDX20258196619,CUST564971,Warren PLC,Mid,2025-12-26,25742,151646,68449,2026-01-10,15,12,2026-01-22,2026-01-17,RESOLVED_IN_GRACE
FDX20255156509,CUST948611,Newman-Porter,Small,2025-12-22,33242,187643,106801,2026-01-01,10,7,2026-01-08,,IN_GRACE
FDX20253558453,CUST235047,Garcia-Bell,Mid,2025-12-16,2130,9945,8577,2025-12-31,15,12,2026-01-12,2026-01-03,RESOLVED_IN_GRACE
FDX20259577181,CUST196446,Hawkins-Castaneda,Large,2025-12-01,4678,13612,11126,2025-12-26,25,20,2026-01-15,,ELIGIBLE
FDX20254134994,CUST988432,Henderson-Wood,Mid,2025-12-21,43835,240243,126661,2026-01-05,15,12,2026-01-17,,ELIGIBLE
FDX20255185358,CUST969642,Baxter-Estrada,Mid,2025-12-26,40914,165916,45558,2026-01-10,15,12,2026-01-22,,IN_GRACE
FDX20255716726,CUST948179,Hickman Ltd,Small,2025-12-27,3075,8859,4910,2026-01-06,10,7,2026-01-13,,ELIGIBLE
FDX20252929715,CUST447655,Jenkins-Miller,Small,2026-01-11,59451,216127,80013,2026-01-21,10,7,2026-01-28,2026-01-24,RESOLVED_IN_GRACE
FDX20255421311,CUST228479,"Gaines, Norton and Campbell",Small,2025-12-30,58721,155523,104480,2026-01-09,10,7,2026-01-16,2026-01-15,RESOLVED_IN_GRACE
FDX20255149917,CUST144770,Everett PLC,Mid,2025-12-20,42731,248081,56405,2026-01-04,15,12,2026-01-16,,ELIGIBLE
FDX20258200092,CUST583388,Sanchez Inc,Mid,2025-12-24,26901,149837,89652,2026-01-08,15,12,2026-01-20,,ELIGIBLE
FDX20254328808,CUST153097,Mcclain-Francis,Mega,2025-12-01,2752,16233,3934,2026-01-05,35,30,2026-02-04,2026-02-01,RESOLVED_IN_GRACE
FDX20258950602,CUST276149,White-Mitchell,Mid,2025-12-19,18201,96844,53822,2026-01-03,15,12,2026-01-15,2026-01-10,RESOLVED_IN_GRACE
FDX20252729141,CUST701761,Nguyen-Smith,Small,2025-12-22,25050,103169,93095,2026-01-01,10,7,2026-01-08,,ELIGIBLE
FDX20259427765,CUST554197,Tran-Holden,Mid,2025-12-30,18367,46281,19973,2026-01-14,15,12,2026-01-26,2026-01-15,RESOLVED_IN_GRACE
FDX20254039834,CUST961599,Alvarez-Smith,Small,2026-01-13,4134,15148,4746,2026-01-23,10,7,2026-01-30,2026-01-24,RESOLVED_IN_GRACE
FDX20254165340,CUST859620,May-Wallace,Large,2025-12-01,20694,105781,54100,2025-12-26,25,20,2026-01-15,2026-01-07,RESOLVED_IN_GRACE
FDX20253495209,CUST514186,"Key, Johnson and Freeman",Small,2026-01-01,18009,85868,78559,2026-01-11,10,7,2026-01-18,2026-01-15,RESOLVED_IN_GRACE
FDX20254848428,CUST620226,Howard-Rodriguez,Mid,2025-12-17,36130,194125,91457,2026-01-01,15,12,2026-01-13,2026-01-06,RESOLVED_IN_GRACE
FDX20253021003,CUST130914,Richardson-Jordan,Small,2026-01-05,49459,264022,261724,2026-01-15,10,7,2026-01-22,,ELIGIBLE
FDX20253219555,CUST501320,Austin Group,Small,2025-12-24,30383,121964,52717,2026-01-03,10,7,2026-01-10,,ELIGIBLE
FDX20257732414,CUST816400,"Mathews, Wang and Romero",Mid,2025-12-14,25176,116192,27656,2025-12-29,15,12,2026-01-10,2026-01-03,RESOLVED_IN_GRACE
FDX20251643681,CUST547389,Webb-Davis,Mega,2025-12-01,37649,131338,74614,2026-01-05,35,30,2026-02-04,,ELIGIBLE
FDX20255594635,CUST281201,Wilson-Kemp,Small,2025-12-24,27472,124385,45107,2026-01-03,10,7,2026-01-10,,IN_GRACE
FDX20254224201,CUST471136,Clark-Bailey,Large,2025-12-06,22226,113693,77545,2025-12-31,25,20,2026-01-20,,ELIGIBLE
FDX20253452982,CUST325146,Gomez-Mcmillan,Small,2025-12-26,5466,16389,8618,2026-01-05,10,7,2026-01-12,,ELIGIBLE
FDX20258152177,CUST296242,Crawford-Jones,Small,2025-12-31,36256,95820,81913,2026-01-10,10,7,2026-01-17,,ELIGIBLE
FDX20251296308,CUST388339,Lynch LLC,Small,2025-12-27,32335,159799,75772,2026-01-06,10,7,2026-01-13,,IN_GRACE
FDX20254349462,CUST393448,"Hamilton, Perez and Garrett",Mid,2025-12-20,49896,145480,61584,2026-01-04,15,12,2026-01-16,,ELIGIBLE
FDX20252525643,CUST567676,Turner-Lopez,Mid,2025-12-24,34736,101533,57101,2026-01-08,15,12,2026-01-20,2026-01-19,RESOLVED_IN_GRACE
FDX20251854889,CUST255851,May Ltd,Mid,2025-12-28,59987,177955,163877,2026-01-12,15,12,2026-01-24,,ELIGIBLE
FDX20257381258,CUST136332,"Hudson, Davis and Bennett",Small,2026-01-13,54874,237863,147385,2026-01-23,10,7,2026-01-30,,ELIGIBLE
FDX20257833312,CUST743937,"Hahn, Stevenson and Williams",Mid,2025-12-25,13092,77377,56206,2026-01-09,15,12,2026-01-21,,IN_GRACE
FDX20259807554,CUST749253,"Chandler, Myers and White",Small,2025-12-22,25936,72688,62431,2026-01-01,10,7,2026-01-08,2026-01-07,RESOLVED_IN_GRACE
FDX20256141309,CUST746947,Hamilton-Bradley,Mid,2025-12-28,9200,35063,27751,2026-01-12,15,12,2026-01-24,2026-01-18,RESOLVED_IN_GRACE
FDX20254882711,CUST357724,Harrison-Prince,Large,2025-12-08,40930,108222,81336,2026-01-02,25,20,2026-01-22,2026-01-10,RESOLVED_IN_GRACE
FDX20254720771,CUST778720,Cruz-Morris,Mid,2025-12-26,8633,32664,9338,2026-01-10,15,12,2026-01-22,2026-01-18,RESOLVED_IN_GRACE
FDX20256640128,CUST409440,Smith-Davis,Small,2025-12-24,58386,164482,160082,2026-01-03,10,7,2026-01-10,,ELIGIBLE
FDX20258148366,CUST623125,Crosby-Phillips,Small,2026-01-11,34088,118869,43414,2026-01-21,10,7,2026-01-28,,ELIGIBLE
FDX20259039562,CUST532005,Lewis-Boyd,Large,2025-12-04,42915,220752,114879,2025-12-29,25,20,2026-01-18,2026-01-14,RESOLVED_IN_GRACE
FDX20252029277,CUST677438,Carter-Hayes,Large,2025-12-08,54187,262395,255052,2026-01-02,25,20,2026-01-22,,ELIGIBLE
FDX20259554093,CUST602300,Mcdowell-Hooper,Small,2025-12-30,48799,223519,98263,2026-01-09,10,7,2026-01-16,,ELIGIBLE
FDX20258165093,CUST163941,Frost-Moore,Mid,2025-12-25,55145,164475,137175,2026-01-09,15,12,2026-01-21,2026-01-10,RESOLVED_IN_GRACE
FDX20251866635,CUST191982,Conrad Ltd,Small,2025-12-31,46771,176879,148599,2026-01-10,10,7,2026-01-17,,ELIGIBLE
FDX20256105138,CUST393366,Zuniga-Barrett,Mega,2025-12-01,55435,179562,147262,2026-01-05,35,30,2026-02-04,,IN_GRACE
FDX20252846415,CUST501620,Hernandez-Miller,Small,2026-01-10,17720,52271,47772,2026-01-20,10,7,2026-01-27,,ELIGIBLE
FDX20255517199,CUST243902,"Clarke, Carter and Davis",Mid,2025-12-31,27845,131453,35435,2026-01-15,15,12,2026-01-27,,ELIGIBLE
FDX20257099795,CUST539599,Bolton PLC,Small,2025-12-27,12127,54055,32265,2026-01-06,10,7,2026-01-13,,IN_GRACE
FDX20255706947,CUST309146,Garcia-Martin,Mid,2025-12-24,26125,78372,53210,2026-01-08,15,12,2026-01-20,,ELIGIBLE
FDX20256889214,CUST773870,Stone-Johnson,Small,2026-01-09,34916,120579,73257,2026-01-19,10,7,2026-01-26,2026-01-22,RESOLVED_IN_GRACE
FDX20258014121,CUST935922,Grant-Smith,Small,2026-01-03,26385,143781,81359,2026-01-13,10,7,2026-01-20,2026-01-16,RESOLVED_IN_GRACE
FDX20255143446,CUST651356,Osborne Ltd,Mid,2025-12-19,25451,147989,91652,2026-01-03,15,12,2026-01-15,,ELIGIBLE
FDX20256366039,CUST361250,Bradshaw-Davis,Small,2026-01-03,41276,150379,74213,2026-01-13,10,7,2026-01-20,2026-01-19,RESOLVED_IN_GRACE
FDX20251797863,CUST761393,"Horton, Morgan and Joseph",Small,2025-12-26,21705,65271,65239,2026-01-05,10,7,2026-01-12,,ELIGIBLE
FDX20254049286,CUST941134,Ford-Adams,Small,2025-12-30,37036,122465,61313,2026-01-09,10,7,2026-01-16,,ELIGIBLE
FDX20251686005,CUST670065,"Ponce, Harris and Gay",Small,2025-12-24,34824,204334,52469,2026-01-03,10,7,2026-01-10,,ELIGIBLE
FDX20251008991,CUST933456,Contreras-Suarez,Large,2025-12-07,58307,168840,163037,2026-01-01,25,20,2026-01-21,,ELIGIBLE
FDX20251874606,CUST120478,Schmidt-Hall,Small,2025-12-30,53611,197486,169985,2026-01-09,10,7,2026-01-16,2026-01-15,RESOLVED_IN_GRACE
FDX20256396217,CUST501078,Lee-Carter,Mega,2025-12-01,9822,42371,40680,2026-01-05,35,30,2026-02-04,,ELIGIBLE
FDX20254556393,CUST919898,Crawford-Grimes,Small,2026-01-01,50382,199105,179648,2026-01-11,10,7,2026-01-18,,ELIGIBLE
FDX20255786824,CUST848023,"Krueger, Ford and Garcia",Mid,2025-12-19,48186,276623,262363,2026-01-03,15,12,2026-01-15,,IN_GRACE
FDX20258919821,CUST476556,Wagner-Holmes,Mid,2025-12-22,48046,161302,150431,2026-01-06,15,12,2026-01-18,,IN_GRACE
FDX20255700293,CUST602985,Sellers-Reed,Mid,2025-12-31,39397,218438,124492,2026-01-15,15,12,2026-01-27,2026-01-25,RESOLVED_IN_GRACE
FDX20252690500,CUST670968,Kelly-Singleton,Small,2025-12-31,7550,42388,24992,2026-01-10,10,7,2026-01-17,,ELIGIBLE
FDX20258229428,CUST919394,Mora PLC,Small,2026-01-04,56184,218929,195191,2026-01-14,10,7,2026-01-21,,ELIGIBLE
FDX20254101100,CUST608223,Adams-Ochoa,Small,2026-01-04,39199,178147,44445,2026-01-14,10,7,2026-01-21,,ELIGIBLE
FDX20255232271,CUST460745,"Henson, Summers and Thompson",Mid,2025-12-26,59766,150716,135058,2026-01-10,15,12,2026-01-22,,ELIGIBLE
FDX20259242417,CUST693128,Cummings-Camacho,Mid,2025-12-19,44789,193115,145580,2026-01-03,15,12,2026-01-15,2026-01-09,RESOLVED_IN_GRACE
FDX20257099881,CUST626797,Porter-Murphy,Small,2025-12-31,57253,342555,190982,2026-01-10,10,7,2026-01-17,,ELIGIBLE
FDX20256608323,CUST437226,Young-Juarez,Small,2025-12-30,28053,100885,48325,2026-01-09,10,7,2026-01-16,2026-01-15,RESOLVED_IN_GRACE
FDX20256106258,CUST507247,"Murphy, Ingram and Sullivan",Small,2026-01-01,50571,202238,197463,2026-01-11,10,7,2026-01-18,,ELIGIBLE
FDX20252871139,CUST383572,"Hopkins, Morgan and Holland",Large,2025-12-12,50091,257121,179677,2026-01-06,25,20,2026-01-26,,ELIGIBLE
FDX20252625497,CUST288550,Clark-Barnes,Small,2026-01-01,38209,100315,80415,2026-01-11,10,7,2026-01-18,2026-01-15,RESOLVED_IN_GRACE
FDX20251229203,CUST127329,Cannon-Pierce,Mid,2025-12-19,50779,190885,176193,2026-01-03,15,12,2026-01-15,,ELIGIBLE
FDX20253186206,CUST434367,"Branch, Patel and Alexander",Small,2025-12-26,27537,156146,111239,2026-01-05,10,7,2026-01-12,2026-01-11,RESOLVED_IN_GRACE
FDX20256556810,CUST726121,"Roy, Walker and Jones",Small,2025-12-22,54292,260862,163884,2026-01-01,10,7,2026-01-08,,IN_GRACE
FDX20257049339,CUST329659,Dalton-Miller,Large,2025-12-01,54112,202033,177325,2025-12-26,25,20,2026-01-15,,ELIGIBLE
FDX20257063033,CUST130726,Le-Hatfield,Small,2025-12-30,14985,67134,49793,2026-01-09,10,7,2026-01-16,,ELIGIBLE
FDX20259872833,CUST950069,Fox Ltd,Mid,2025-12-25,4467,16436,8534,2026-01-09,15,12,2026-01-21,,IN_GRACE
FDX20257234284,CUST916356,"Vazquez, Thompson and Dodson",Mid,2025-12-28,19469,68072,42446,2026-01-12,15,12,2026-01-24,,ELIGIBLE
FDX20254997208,CUST394579,Sparks Ltd,Small,2026-01-05,8808,40465,12072,2026-01-15,10,7,2026-01-22,,ELIGIBLE
FDX20255629621,CUST161437,Gaines-Logan,Mid,2025-12-21,57533,284870,176698,2026-01-05,15,12,2026-01-17,2026-01-07,RESOLVED_IN_GRACE
FDX20254523774,CUST947935,Yates-Lee,Mid,2025-12-16,29251,89746,84739,2025-12-31,15,12,2026-01-12,2026-01-09,RESOLVED_IN_GRACE
FDX20257443279,CUST594596,Evans-Mathis,Small,2025-12-24,38963,214419,119339,2026-01-03,10,7,2026-01-10,,ELIGIBLE
FDX20252463496,CUST655149,Ross-Parker,Small,2025-12-31,30436,133134,90431,2026-01-10,10,7,2026-01-17,,ELIGIBLE
FDX20252784517,CUST474795,Benjamin PLC,Large,2025-12-06,29846,130334,120836,2025-12-31,25,20,2026-01-20,,ELIGIBLE
FDX20253189181,CUST904092,Bray-Graham,Large,2025-12-01,27732,76849,73087,2025-12-26,25,20,2026-01-15,,ELIGIBLE
FDX20253019210,CUST712356,Williams-Scott,Small,2025-12-26,41517,125186,118630,2026-01-05,10,7,2026-01-12,,ELIGIBLE
FDX20251688519,CUST344068,Myers-Vargas,Mega,2025-12-01,9396,35923,21349,2026-01-05,35,30,2026-02-04,,ELIGIBLE
FDX20254194945,CUST267378,Day-Heath,Large,2025-12-01,12227,55506,28815,2025-12-26,25,20,2026-01-15,,ELIGIBLE
FDX20254236786,CUST204998,Moore-Thomas,Large,2025-12-14,9769,46868,23570,2026-01-08,25,20,2026-01-28,2026-01-12,RESOLVED_IN_GRACE
FDX20258478776,CUST359896,Hill-Rodriguez,Small,2025-12-27,30881,134248,106820,2026-01-06,10,7,2026-01-13,,ELIGIBLE
FDX20252654861,CUST788772,Strickland LLC,Small,2025-12-24,34020,195866,38082,2026-01-03,10,7,2026-01-10,,IN_GRACE
FDX20252256271,CUST352867,Crosby-Sanchez,Small,2025-12-26,36296,194752,129366,2026-01-05,10,7,2026-01-12,2026-01-09,RESOLVED_IN_GRACE
FDX20256752873,CUST379473,Maynard Inc,Mid,2025-12-17,50784,244269,134292,2026-01-01,15,12,2026-01-13,2026-01-11,RESOLVED_IN_GRACE
FDX20256057934,CUST659614,Richardson-Hunter,Small,2025-12-27,9153,23739,19447,2026-01-06,10,7,2026-01-13,,ELIGIBLE
FDX20258955730,CUST955937,"Serrano, Barnes and Rivera",Mid,2025-12-20,26060,150687,83216,2026-01-04,15,12,2026-01-16,,ELIGIBLE
FDX20254388982,CUST929672,Savage-Nguyen,Small,2025-12-29,49581,179672,153980,2026-01-08,10,7,2026-01-15,,IN_GRACE
FDX20259951610,CUST872863,Moore-Fields,Mega,2025-12-01,59895,342068,277825,2026-01-05,35,30,2026-02-04,,ELIGIBLE
FDX20253578194,CUST158624,Compton-Adams,Small,2025-12-22,33280,89282,76636,2026-01-01,10,7,2026-01-08,,IN_GRACE
FDX20251735028,CUST901164,Duncan-Houston,Large,2025-12-07,21358,89763,79728,2026-01-01,25,20,2026-01-21,2026-01-17,RESOLVED_IN_GRACE
FDX20253144664,CUST330069,Cox-Lewis,Small,2025-12-24,33043,190726,62136,2026-01-03,10,7,2026-01-10,,ELIGIBLE
FDX20254216305,CUST703656,Chandler LLC,Small,2025-12-24,19305,52724,42598,2026-01-03,10,7,2026-01-10,,ELIGIBLE
FDX20258016442,CUST987624,Hayes-Young,Mid,2025-12-16,54253,253670,176954,2025-12-31,15,12,2026-01-12,,IN_GRACE
FDX20255236674,CUST936124,Hines-Flores,Small,2025-12-22,5131,17243,11114,2026-01-01,10,7,2026-01-08,,IN_GRACE
FDX20256827390,CUST507290,Lee-Cooper,Mid,2025-12-25,50643,131396,61856,2026-01-09,15,12,2026-01-21,,ELIGIBLE
FDX20257140662,CUST472039,Christian-Parker,Large,2025-12-04,25091,111030,62066,2025-12-29,25,20,2026-01-18,2026-01-07,RESOLVED_IN_GRACE
FDX20258524283,CUST979988,Berg-Williams,Small,2026-01-11,41981,178922,51360,2026-01-21,10,7,2026-01-28,,IN_GRACE
FDX20252970130,CUST986278,Kerr-Wheeler,Mid,2025-12-21,43436,249683,127507,2026-01-05,15,12,2026-01-17,2026-01-13,RESOLVED_IN_GRACE
FDX20258316976,CUST282150,Ochoa PLC,Mid,2025-12-25,54731,221701,89382,2026-01-09,15,12,2026-01-21,,ELIGIBLE
FDX20252135960,CUST284654,Collier and Sons,Small,2025-12-27,25761,115447,108327,2026-01-06,10,7,2026-01-13,,IN_GRACE
FDX20259100385,CUST348041,Evans-Riggs,Small,2025-12-22,15686,71367,32616,2026-01-01,10,7,2026-01-08,,IN_GRACE
FDX20258029723,CUST721301,Welch-Thomas,Mega,2025-12-01,19005,82781,42397,2026-01-05,35,30,2026-02-04,,ELIGIBLE
FDX20259787280,CUST433451,Ruiz Group,Mid,2025-12-19,23561,103050,85610,2026-01-03,15,12,2026-01-15,2026-01-10,RESOLVED_IN_GRACE
FDX20259453526,CUST945372,Martin-Lane,Mid,2025-12-21,56120,316752,163599,2026-01-05,15,12,2026-01-17,2026-01-09,RESOLVED_IN_GRACE
FDX20251366999,CUST873959,Parker-Nicholson,Small,2026-01-11,17361,97670,61697,2026-01-21,10,7,2026-01-28,2026-01-27,RESOLVED_IN_GRACE
FDX20253800706,CUST831514,Ward-Macdonald,Small,2025-12-26,19292,72313,19503,2026-01-05,10,7,2026-01-12,2026-01-11,RESOLVED_IN_GRACE
FDX20255599450,CUST476211,Nichols-Browning,Mega,2025-12-01,23386,61923,60433,2026-01-05,35,30,2026-02-04,2026-02-03,RESOLVED_IN_GRACE
FDX20253163157,CUST720298,Adams-Ortiz,Small,2026-01-01,23878,87982,75018,2026-01-11,10,7,2026-01-18,,ELIGIBLE
FDX20255859627,CUST129576,Brown-Perez,Small,2025-12-22,2146,10983,9507,2026-01-01,10,7,2026-01-08,,ELIGIBLE
FDX20251762444,CUST837623,Sanchez-Martin,Small,2026-01-05,12021,60881,60106,2026-01-15,10,7,2026-01-22,,ELIGIBLE
FDX20252019943,CUST834591,"Parsons, White and Patel",Large,2025-12-07,32311,97913,51042,2026-01-01,25,20,2026-01-21,,ELIGIBLE
FDX20254190874,CUST468765,Lamb-Ho,Small,2026-01-01,32616,132536,107560,2026-01-11,10,7,2026-01-18,,ELIGIBLE
FDX20257668839,CUST695225,Young-Figueroa,Mid,2025-12-20,22929,123842,95845,2026-01-04,15,12,2026-01-16,2026-01-12,RESOLVED_IN_GRACE
FDX20259305156,CUST690984,Grant-Washington,Mid,2025-12-21,5444,31806,24484,2026-01-05,15,12,2026-01-17,2026-01-10,RESOLVED_IN_GRACE
FDX20259933361,CUST249005,Smith-Meadows,Mid,2025-12-12,56648,182931,153035,2025-12-27,15,12,2026-01-08,,ELIGIBLE
FDX20259614893,CUST690462,Hernandez-Reynolds,Small,2026-01-13,59263,317269,316823,2026-01-23,10,7,2026-01-30,,ELIGIBLE
FDX20252258048,CUST297377,Dyer-Wade,Small,2025-12-30,29443,126439,32438,2026-01-09,10,7,2026-01-16,,ELIGIBLE
FDX20253776934,CUST977340,"Gordon, Macias and Walker",Small,2025-12-26,16884,69063,44649,2026-01-05,10,7,2026-01-12,,ELIGIBLE
FDX20258344141,CUST949767,Williams-Johnson,Small,2026-01-09,54646,296556,196284,2026-01-19,10,7,2026-01-26,,ELIGIBLE
FDX20259544273,CUST616137,Jackson-Mosley,Mid,2025-12-14,3539,19270,6609,2025-12-29,15,12,2026-01-10,,ELIGIBLE
FDX20257444974,CUST668458,Conley-Palmer,Large,2025-12-10,52478,253009,166557,2026-01-04,25,20,2026-01-24,,ELIGIBLE
FDX20257547256,CUST424065,Lynch-Rich,Large,2025-12-03,46152,195656,115411,2025-12-28,25,20,2026-01-17,,ELIGIBLE
FDX20257725129,CUST284084,Smith-Gill,Large,2025-12-06,36952,114987,74369,2025-12-31,25,20,2026-01-20,,ELIGIBLE
FDX20255554916,CUST614259,Long-Sanchez,Small,2025-12-22,14380,81298,61612,2026-01-01,10,7,2026-01-08,2026-01-02,RESOLVED_IN_GRACE
FDX20254471618,CUST139807,Sanchez-Yates,Large,2025-12-01,5211,28819,24975,2025-12-26,25,20,2026-01-15,,IN_GRACE
FDX20254088120,CUST194641,Graham-Smith,Large,2025-12-07,55963,244267,82861,2026-01-01,25,20,2026-01-21,,ELIGIBLE
FDX20251060407,CUST158896,Fernandez-Taylor,Mid,2025-12-20,29834,121100,59185,2026-01-04,15,12,2026-01-16,,ELIGIBLE
FDX20253684405,CUST343923,Mitchell-Dennis,Small,2026-01-03,32839,147073,146959,2026-01-13,10,7,2026-01-20,,ELIGIBLE
FDX20254654207,CUST730889,Parks-Williams,Small,2026-01-01,52678,254125,231135,2026-01-11,10,7,2026-01-18,2026-01-16,RESOLVED_IN_GRACE
FDX20251148668,CUST329437,Robinson-Houston,Large,2025-12-02,18280,54846,36511,2025-12-27,25,20,2026-01-16,2026-01-12,RESOLVED_IN_GRACE
FDX20259603283,CUST120896,"Gallegos, Taylor and Brown",Small,2026-01-10,8458,34910,17892,2026-01-20,10,7,2026-01-27,2026-01-25,RESOLVED_IN_GRACE
FDX20258641031,CUST652021,Perez-Sellers,Small,2025-12-29,5735,33552,9395,2026-01-08,10,7,2026-01-15,,ELIGIBLE
FDX20259452659,CUST601207,Patel and Sons,Mid,2025-12-14,27032,92882,83173,2025-12-29,15,12,2026-01-10,,ELIGIBLE
FDX20259809266,CUST100716,Smith-Doyle,Small,2026-01-11,39638,186565,45328,2026-01-21,10,7,2026-01-28,2026-01-28,RESOLVED_IN_GRACE
FDX20255342524,CUST447848,Weber-Young,Small,2026-01-05,56311,320763,303112,2026-01-15,10,7,2026-01-22,2026-01-22,RESOLVED_IN_GRACE
FDX20256090377,CUST743966,"Greene, Wyatt and Phillips",Small,2026-01-07,12877,54677,52682,2026-01-17,10,7,2026-01-24,,ELIGIBLE
FDX20254696630,CUST311250,Flores-Burton,Small,2025-12-26,13029,55133,15393,2026-01-05,10,7,2026-01-12,2026-01-06,RESOLVED_IN_GRACE
FDX20255972157,CUST945619,Ali-Reed,Small,2026-01-01,26940,146837,36633,2026-01-11,10,7,2026-01-18,,IN_GRACE
FDX20255504928,CUST236828,Flores-Rodriguez,Small,2025-12-30,24351,116856,104704,2026-01-09,10,7,2026-01-16,,ELIGIBLE
FDX20252998223,CUST457311,Simmons-Newton,Large,2025-12-16,32723,151296,40846,2026-01-10,25,20,2026-01-30,,IN_GRACE
FDX20253870734,CUST851763,Mullins-Brown,Small,2025-12-29,32980,164354,70184,2026-01-08,10,7,2026-01-15,2026-01-10,RESOLVED_IN_GRACE
FDX20254756912,CUST286080,"Terrell, Riddle and Davis",Small,2025-12-27,5004,28181,26954,2026-01-06,10,7,2026-01-13,,ELIGIBLE
FDX20251765250,CUST941403,Yates PLC,Small,2026-01-04,4519,11643,8810,2026-01-14,10,7,2026-01-21,,ELIGIBLE
FDX20259951748,CUST985296,Lopez-Pena,Mid,2026-01-03,5649,20566,9183,2026-01-18,15,12,2026-01-30,2026-01-30,RESOLVED_IN_GRACE
FDX20254996614,CUST439307,Reynolds-Lane,Small,2026-01-04,21676,56599,30944,2026-01-14,10,7,2026-01-21,2026-01-16,RESOLVED_IN_GRACE
FDX20255896318,CUST162448,Flores-Peters,Small,2026-01-05,52014,255949,130565,2026-01-15,10,7,2026-01-22,2026-01-17,RESOLVED_IN_GRACE
FDX20251655832,CUST122977,Gray-Carter,Mid,2025-12-12,13155,61211,50786,2025-12-27,15,12,2026-01-08,2026-01-08,RESOLVED_IN_GRACE
FDX20253485367,CUST254887,Gonzalez-Roberts,Mega,2025-12-01,13007,50782,31449,2026-01-05,35,30,2026-02-04,2026-01-09,RESOLVED_IN_GRACE
FDX20255659980,CUST715104,Lawson-Turner,Small,2025-12-26,37689,95213,43606,2026-01-05,10,7,2026-01-12,,ELIGIBLE
FDX20253230889,CUST838927,Hopkins Inc,Mid,2025-12-31,47159,217337,198473,2026-01-15,15,12,2026-01-27,,ELIGIBLE
FDX20255537143,CUST248533,"Padilla, Stein and Fritz",Small,2026-01-11,43358,200789,74244,2026-01-21,10,7,2026-01-28,,IN_GRACE
FDX20251864361,CUST911982,"Gentry, Ray and Anderson",Small,2025-12-24,9232,44210,20670,2026-01-03,10,7,2026-01-10,,ELIGIBLE
FDX20255177662,CUST216308,Jones-Phillips,Small,2026-01-13,39010,176306,149249,2026-01-23,10,7,2026-01-30,,ELIGIBLE
FDX20254522752,CUST987599,Sullivan-Jones,Mid,2025-12-16,18725,51979,34930,2025-12-31,15,12,2026-01-12,,IN_GRACE
FDX20259969014,CUST651860,Carr-Meza,Mega,2025-12-01,5967,18422,14853,2026-01-05,35,30,2026-02-04,,ELIGIBLE
FDX20252949258,CUST482614,Thomas-Morgan,Small,2025-12-24,11703,65517,41990,2026-01-03,10,7,2026-01-10,,ELIGIBLE
FDX20251023487,CUST176054,Mitchell-Brown,Large,2025-12-08,40792,126734,75285,2026-01-02,25,20,2026-01-22,,IN_GRACE
FDX20256829443,CUST491738,"Petersen, Moore and Schaefer",Large,2025-12-01,29984,121782,107332,2025-12-26,25,20,2026-01-15,2026-01-07,RESOLVED_IN_GRACE
FDX20257192640,CUST838761,Morales-Garcia,Small,2025-12-26,7784,22150,18491,2026-01-05,10,7,2026-01-12,2026-01-07,RESOLVED_IN_GRACE
FDX20256445244,CUST794303,"Blevins, Torres and Rodgers",Mid,2025-12-17,3301,11341,10070,2026-01-01,15,12,2026-01-13,2026-01-05,RESOLVED_IN_GRACE
FDX20252396638,CUST514812,Reid-Morales,Small,2026-01-13,38389,111585,86550,2026-01-23,10,7,2026-01-30,2026-01-28,RESOLVED_IN_GRACE
FDX20255429825,CUST714483,Rodriguez-Solis,Mid,2025-12-19,26716,123442,115841,2026-01-03,15,12,2026-01-15,2026-01-10,RESOLVED_IN_GRACE
FDX20253241630,CUST205939,Beltran-Henderson,Small,2026-01-13,43856,261595,110390,2026-01-23,10,7,2026-01-30,,ELIGIBLE
FDX20257850856,CUST452909,Wall LLC,Small,2025-12-22,11604,43221,30411,2026-01-01,10,7,2026-01-08,,ELIGIBLE
FDX20255947522,CUST416423,Reed-Lee,Mid,2025-12-28,20510,76032,57054,2026-01-12,15,12,2026-01-24,,ELIGIBLE
FDX20256446473,CUST438273,Wright-Bryant,Mega,2025-12-01,45780,168925,140284,2026-01-05,35,30,2026-02-04,,IN_GRACE
FDX20251960720,CUST243079,Sharp-Romero,Mid,2026-01-01,33066,129490,121662,2026-01-16,15,12,2026-01-28,,ELIGIBLE
FDX20251174620,CUST265154,Castro-Dudley,Mid,2025-12-22,50380,201183,92065,2026-01-06,15,12,2026-01-18,,ELIGIBLE
FDX20256964017,CUST867926,Macdonald Group,Mid,2025-12-17,36227,156222,75536,2026-01-01,15,12,2026-01-13,2026-01-08,RESOLVED_IN_GRACE
FDX20254678901,CUST558089,Barker-Hernandez,Mid,2025-12-28,17381,74518,64534,2026-01-12,15,12,2026-01-24,,ELIGIBLE
FDX20255692416,CUST930307,Huff and Sons,Large,2025-12-01,32914,113915,73086,2025-12-26,25,20,2026-01-15,,ELIGIBLE
FDX20253965125,CUST770318,Powell-Lowe,Mid,2026-01-01,42644,250761,207773,2026-01-16,15,12,2026-01-28,2026-01-22,RESOLVED_IN_GRACE
FDX20255294752,CUST610866,Williams-Williams,Small,2026-01-09,5019,20530,5178,2026-01-19,10,7,2026-01-26,2026-01-26,RESOLVED_IN_GRACE
FDX20251262370,CUST780714,Mercado-Rodriguez,Small,2026-01-04,49408,170525,163991,2026-01-14,10,7,2026-01-21,2026-01-18,RESOLVED_IN_GRACE
FDX20252785812,CUST432695,Bush and Sons,Small,2025-12-27,32622,185146,68441,2026-01-06,10,7,2026-01-13,,ELIGIBLE
FDX20257408577,CUST282664,Mullins-Gray,Mid,2025-12-21,46312,136573,105811,2026-01-05,15,12,2026-01-17,2026-01-15,RESOLVED_IN_GRACE
FDX20255317535,CUST841535,Durham and Sons,Mid,2025-12-20,14892,42120,28032,2026-01-04,15,12,2026-01-16,,ELIGIBLE
FDX20254458774,CUST689275,Joseph-Heath,Mid,2025-12-22,11879,53142,14931,2026-01-06,15,12,2026-01-18,2026-01-12,RESOLVED_IN_GRACE
FDX20258418631,CUST827250,Paul-Cox,Small,2025-12-29,24601,87436,34951,2026-01-08,10,7,2026-01-15,,ELIGIBLE
FDX20254701708,CUST743520,"Yates, Clark and Adams",Large,2025-12-01,29321,131434,110243,2025-12-26,25,20,2026-01-15,,ELIGIBLE
FDX20256440230,CUST925220,Thompson-Lucas,Large,2025-12-02,41236,141281,77663,2025-12-27,25,20,2026-01-16,2026-01-06,RESOLVED_IN_GRACE
FDX20255509606,CUST474158,"Small, Burgess and Thomas",Mid,2025-12-24,45774,248397,110282,2026-01-08,15,12,2026-01-20,,ELIGIBLE
FDX20254421186,CUST334081,Ramos-Dixon,Large,2025-12-01,46783,239077,84422,2025-12-26,25,20,2026-01-15,2026-01-08,RESOLVED_IN_GRACE
FDX20257634775,CUST797860,Jones-Howell,Mid,2025-12-16,38092,216174,165865,2025-12-31,15,12,2026-01-12,2026-01-10,RESOLVED_IN_GRACE
FDX20253611230,CUST717558,Martinez-Cameron,Small,2026-01-01,59502,211824,193247,2026-01-11,10,7,2026-01-18,2026-01-17,RESOLVED_IN_GRACE
FDX20258483576,CUST954017,Hunter-Harper,Mega,2025-12-01,36004,164641,145070,2026-01-05,35,30,2026-02-04,,ELIGIBLE
FDX20254887669,CUST283869,Cortez Inc,Large,2025-12-08,19089,58110,30326,2026-01-02,25,20,2026-01-22,,ELIGIBLE
FDX20258279693,CUST496764,Cox-Harris,Mid,2025-12-20,57535,281873,171882,2026-01-04,15,12,2026-01-16,,ELIGIBLE
FDX20257184753,CUST421727,Henderson-Mitchell,Small,2025-12-27,30495,97961,96873,2026-01-06,10,7,2026-01-13,2026-01-10,RESOLVED_IN_GRACE
FDX20253488634,CUST869649,Cordova Ltd,Mid,2025-12-16,32965,116112,98220,2025-12-31,15,12,2026-01-12,,IN_GRACE
FDX20259036402,CUST821942,Hebert-Jackson,Mid,2025-12-12,53172,274061,153717,2025-12-27,15,12,2026-01-08,2026-01-06,RESOLVED_IN_GRACE
FDX20252571875,CUST408823,Perry-Edwards,Small,2025-12-24,6969,19126,11795,2026-01-03,10,7,2026-01-10,,ELIGIBLE
FDX20259320847,CUST233534,"Browning, Torres and Smith",Large,2025-12-03,2680,13959,8896,2025-12-28,25,20,2026-01-17,,ELIGIBLE
FDX20254045291,CUST286340,Davis-Roberts,Small,2025-12-26,47700,162607,125924,2026-01-05,10,7,2026-01-12,,ELIGIBLE
FDX20258707287,CUST864234,Owen-Townsend,Mid,2025-12-22,26217,146862,130337,2026-01-06,15,12,2026-01-18,,IN_GRACE
FDX20254104255,CUST101885,West-Chan,Mid,2025-12-20,26462,107245,50401,2026-01-04,15,12,2026-01-16,,IN_GRACE
FDX20253954644,CUST836109,"Reynolds, Johnson and Hale",Mega,2025-12-01,56212,336967,203903,2026-01-05,35,30,2026-02-04,,ELIGIBLE
FDX20254168543,CUST700660,Craig PLC,Large,2025-12-14,8075,44555,28833,2026-01-08,25,20,2026-01-28,2026-01-24,RESOLVED_IN_GRACE
FDX20259229532,CUST510623,Dennis Inc,Small,2025-12-24,15944,44729,37758,2026-01-03,10,7,2026-01-10,,IN_GRACE
FDX20254026721,CUST992083,Lucas LLC,Mid,2025-12-28,35171,94506,44393,2026-01-12,15,12,2026-01-24,2026-01-13,RESOLVED_IN_GRACE
FDX20255731917,CUST908274,"Barry, Bender and Burns",Mid,2025-12-17,20221,53198,37514,2026-01-01,15,12,2026-01-13,2026-01-03,RESOLVED_IN_GRACE
FDX20251353115,CUST695048,Ruiz-Mcdowell,Small,2026-01-09,47661,121236,107979,2026-01-19,10,7,2026-01-26,2026-01-26,RESOLVED_IN_GRACE
FDX20256203625,CUST133955,Dyer-Hurley,Small,2025-12-26,8203,39079,10466,2026-01-05,10,7,2026-01-12,,IN_GRACE
FDX20253733321,CUST290926,Wise-Taylor,Large,2025-12-04,10324,44148,26665,2025-12-29,25,20,2026-01-18,2026-01-06,RESOLVED_IN_GRACE
FDX20253981886,CUST731650,Mathis-Huff,Mid,2025-12-26,31410,85895,43208,2026-01-10,15,12,2026-01-22,,ELIGIBLE
FDX20257613533,CUST433674,Klein Ltd,Large,2025-12-12,29178,120709,86561,2026-01-06,25,20,2026-01-26,,IN_GRACE
FDX20254151566,CUST948095,Hopkins-Rice,Small,2025-12-31,36175,211437,62308,2026-01-10,10,7,2026-01-17,,ELIGIBLE
FDX20252165246,CUST741079,Miller-Lee,Mid,2026-01-01,20577,103301,49677,2026-01-16,15,12,2026-01-28,2026-01-22,RESOLVED_IN_GRACE
FDX20253407905,CUST331625,Fletcher-Cox,Small,2025-12-30,22330,59752,27503,2026-01-09,10,7,2026-01-16,,IN_GRACE
FDX20252208776,CUST770718,Austin-Brown,Mid,2026-01-01,39670,154097,88170,2026-01-16,15,12,2026-01-28,,ELIGIBLE
FDX20258153721,CUST693022,Zavala-Sweeney,Small,2025-12-24,15198,42130,36881,2026-01-03,10,7,2026-01-10,2026-01-04,RESOLVED_IN_GRACE
FDX20255114676,CUST209167,Wilson Group,Small,2025-12-31,3489,10586,9381,2026-01-10,10,7,2026-01-17,2026-01-13,RESOLVED_IN_GRACE
FDX20258634038,CUST620287,"Fisher, Smith and White",Mid,2025-12-31,34999,127099,83414,2026-01-15,15,12,2026-01-27,2026-01-22,RESOLVED_IN_GRACE
FDX20257752901,CUST247475,Howard-Davis,Mega,2025-12-01,30527,105840,42536,2026-01-05,35,30,2026-02-04,2026-02-01,RESOLVED_IN_GRACE
FDX20252681644,CUST447255,Dickerson-Moore,Small,2026-01-07,15845,70882,19615,2026-01-17,10,7,2026-01-24,,ELIGIBLE
FDX20259837877,CUST881549,Melton PLC,Large,2025-12-14,47008,129662,55606,2026-01-08,25,20,2026-01-28,2026-01-23,RESOLVED_IN_GRACE
FDX20253303365,CUST181586,Deleon-Randolph,Small,2026-01-10,19537,73818,25584,2026-01-20,10,7,2026-01-27,,ELIGIBLE
FDX20251197778,CUST349556,Cooper-Williams,Small,2026-01-11,31057,124757,85432,2026-01-21,10,7,2026-01-28,2026-01-22,RESOLVED_IN_GRACE
FDX20252673190,CUST463656,Wood-Valentine,Small,2026-01-05,54053,266117,115189,2026-01-15,10,7,2026-01-22,2026-01-16,RESOLVED_IN_GRACE
FDX20257339692,CUST435039,Cooke-Hardin,Small,2025-12-24,13616,40833,36738,2026-01-03,10,7,2026-01-10,2026-01-09,RESOLVED_IN_GRACE
FDX20257442292,CUST276042,Hatfield-Cruz,Mid,2025-12-30,57202,259738,113067,2026-01-14,15,12,2026-01-26,2026-01-22,RESOLVED_IN_GRACE
FDX20251347555,CUST767090,Perry-Hawkins,Mid,2025-12-20,15464,54129,46991,2026-01-04,15,12,2026-01-16,2026-01-15,RESOLVED_IN_GRACE
FDX20252846089,CUST193035,Jones-Patterson,Large,2025-12-01,44685,123322,55619,2025-12-26,25,20,2026-01-15,,ELIGIBLE
FDX20251227365,CUST961574,Martin-Allison,Small,2025-12-26,56645,143104,69451,2026-01-05,10,7,2026-01-12,,IN_GRACE
FDX20251733836,CUST843404,Wilson-Lawson,Small,2026-01-09,44788,187840,89825,2026-01-19,10,7,2026-01-26,2026-01-23,RESOLVED_IN_GRACE
FDX20253217596,CUST802571,Ball-Johnson,Mid,2026-01-03,11755,34416,29829,2026-01-18,15,12,2026-01-30,2026-01-28,RESOLVED_IN_GRACE
FDX20255166503,CUST770147,Calderon Inc,Large,2025-12-01,57391,184912,177890,2025-12-26,25,20,2026-01-15,2026-01-01,RESOLVED_IN_GRACE
FDX20252402500,CUST864711,Reese-Roach,Mega,2025-12-01,49077,191131,53153,2026-01-05,35,30,2026-02-04,,IN_GRACE
FDX20255490530,CUST452058,Kemp-Brewer,Small,2025-12-31,1505,7169,2138,2026-01-10,10,7,2026-01-17,2026-01-12,RESOLVED_IN_GRACE
FDX20253393028,CUST568325,Johnson-Lang,Small,2026-01-11,35855,139610,79716,2026-01-21,10,7,2026-01-28,,ELIGIBLE
FDX20251226440,CUST111949,Hinton-Kim,Small,2026-01-05,19189,103855,71992,2026-01-15,10,7,2026-01-22,2026-01-16,RESOLVED_IN_GRACE
FDX20251157641,CUST378095,Hudson-Price,Small,2025-12-27,12711,74396,33229,2026-01-06,10,7,2026-01-13,,IN_GRACE
FDX20252784071,CUST319869,Allen-Davis,Small,2025-12-31,57544,166144,93044,2026-01-10,10,7,2026-01-17,,IN_GRACE
FDX20256677240,CUST361662,Zimmerman-Adams,Small,2025-12-22,17854,67008,53406,2026-01-01,10,7,2026-01-08,2026-01-07,RESOLVED_IN_GRACE
FDX20252425479,CUST826847,Smith-Clark,Mid,2025-12-17,4214,24208,13282,2026-01-01,15,12,2026-01-13,,ELIGIBLE
FDX20254394393,CUST171087,"Sweeney, Wagner and Vincent",Mid,2025-12-28,55807,262976,77685,2026-01-12,15,12,2026-01-24,2026-01-14,RESOLVED_IN_GRACE
FDX20253335893,CUST467506,Rhodes-Copeland,Small,2025-12-26,55898,285788,242340,2026-01-05,10,7,2026-01-12,2026-01-12,RESOLVED_IN_GRACE
FDX20259060201,CUST369125,Allison-Chapman,Mid,2025-12-14,3527,9350,6007,2025-12-29,15,12,2026-01-10,,ELIGIBLE
FDX20258454556,CUST925250,Evans-Mitchell,Mid,2025-12-17,23714,66178,29147,2026-01-01,15,12,2026-01-13,,IN_GRACE
FDX20253737109,CUST213282,Russo-Ferguson,Small,2026-01-01,22198,87269,82669,2026-01-11,10,7,2026-01-18,,ELIGIBLE
FDX20256157064,CUST855408,Fritz-Henry,Small,2025-12-29,6090,18911,15464,2026-01-08,10,7,2026-01-15,2026-01-11,RESOLVED_IN_GRACE
FDX20256565947,CUST101343,Schroeder-Robinson,Mid,2025-12-28,41558,210441,56793,2026-01-12,15,12,2026-01-24,2026-01-15,RESOLVED_IN_GRACE
FDX20259034749,CUST150486,Glenn-Carroll,Mid,2025-12-31,33083,135952,111781,2026-01-15,15,12,2026-01-27,,ELIGIBLE
FDX20253592303,CUST504684,Cabrera-Aguilar,Small,2026-01-09,52648,181569,157353,2026-01-19,10,7,2026-01-26,2026-01-25,RESOLVED_IN_GRACE
FDX20255090433,CUST559507,Glenn and Sons,Mid,2025-12-20,58018,216880,187620,2026-01-04,15,12,2026-01-16,,IN_GRACE
FDX20251937435,CUST868170,Watson-Castillo,Mid,2026-01-03,33267,162721,90548,2026-01-18,15,12,2026-01-30,,ELIGIBLE
FDX20255487177,CUST540038,Juarez-Rodgers,Small,2026-01-13,28837,78604,50289,2026-01-23,10,7,2026-01-30,2026-01-26,RESOLVED_IN_GRACE
FDX20253064864,CUST274418,Dixon-Hart,Mega,2025-12-01,34426,196516,121533,2026-01-05,35,30,2026-02-04,,IN_GRACE
FDX20251355809,CUST534130,Bowman LLC,Mid,2025-12-21,26143,84974,46906,2026-01-05,15,12,2026-01-17,,ELIGIBLE
FDX20251747019,CUST617033,Shah-Miller,Large,2025-12-02,32445,126979,33523,2025-12-27,25,20,2026-01-16,2026-01-05,RESOLVED_IN_GRACE
FDX20252724954,CUST497108,Benson-Hamilton,Small,2026-01-13,12584,43221,22729,2026-01-23,10,7,2026-01-30,,ELIGIBLE
FDX20255978445,CUST468292,Heath-Duncan,Large,2025-12-13,27761,103603,35218,2026-01-07,25,20,2026-01-27,,ELIGIBLE
FDX20252720773,CUST672547,Dixon-Gordon,Mid,2025-12-26,26848,144539,141762,2026-01-10,15,12,2026-01-22,,ELIGIBLE
FDX20259582257,CUST493580,"Barnett, Griffin and Smith",Mid,2026-01-03,18765,112478,73163,2026-01-18,15,12,2026-01-30,,ELIGIBLE
FDX20257967320,CUST206355,Francis-Scott,Small,2026-01-04,51102,156493,153385,2026-01-14,10,7,2026-01-21,2026-01-20,RESOLVED_IN_GRACE
FDX20253379596,CUST969067,"Montes, Owens and Williams",Small,2026-01-03,51312,257261,139788,2026-01-13,10,7,2026-01-20,2026-01-20,RESOLVED_IN_GRACE
FDX20251020307,CUST602780,Burns-Heath,Mid,2025-12-26,18398,103654,32277,2026-01-10,15,12,2026-01-22,2026-01-22,RESOLVED_IN_GRACE
FDX20254763343,CUST927043,Garner-Hendricks,Small,2025-12-22,35462,109542,100820,2026-01-01,10,7,2026-01-08,2026-01-08,RESOLVED_IN_GRACE
FDX20251402667,CUST706135,"Weiss, Malone and Blair",Large,2025-12-16,34202,99840,49381,2026-01-10,25,20,2026-01-30,,ELIGIBLE
FDX20254802977,CUST782591,Dawson-Ramirez,Mega,2025-12-01,21167,126547,94315,2026-01-05,35,30,2026-02-04,,ELIGIBLE
FDX20258166143,CUST895075,Gill-Hernandez,Mid,2026-01-03,55720,164763,105878,2026-01-18,15,12,2026-01-30,2026-01-19,RESOLVED_IN_GRACE
FDX20257465654,CUST820539,Smith-Brown,Large,2025-12-04,25688,137140,28448,2025-12-29,25,20,2026-01-18,,ELIGIBLE
FDX20253472567,CUST336540,Jones-Cordova,Small,2026-01-05,6457,34738,22815,2026-01-15,10,7,2026-01-22,,ELIGIBLE
FDX20256927556,CUST270557,Shaw-Thomas,Large,2025-12-04,45485,200303,138315,2025-12-29,25,20,2026-01-18,,ELIGIBLE
FDX20255812480,CUST573209,Taylor-Diaz,Small,2026-01-01,33619,89557,70100,2026-01-11,10,7,2026-01-18,2026-01-13,RESOLVED_IN_GRACE
FDX20254789711,CUST177289,Pugh-Cox,Small,2025-12-24,27812,134004,124545,2026-01-03,10,7,2026-01-10,,ELIGIBLE
FDX20257454929,CUST938016,Stafford Inc,Large,2025-12-06,37440,143593,80182,2025-12-31,25,20,2026-01-20,2026-01-02,RESOLVED_IN_GRACE
FDX20252885904,CUST986846,Oliver-Murillo,Mid,2025-12-21,18713,64531,37698,2026-01-05,15,12,2026-01-17,,ELIGIBLE
FDX20259251380,CUST135035,Hanson-Lambert,Large,2025-12-02,7490,28522,16632,2025-12-27,25,20,2026-01-16,,ELIGIBLE
FDX20253844728,CUST409234,Clayton-Rivera,Small,2025-12-24,50429,162090,132235,2026-01-03,10,7,2026-01-10,,IN_GRACE
FDX20252847769,CUST121053,"Roberson, Wall and David",Small,2026-01-07,18577,96626,37575,2026-01-17,10,7,2026-01-24,,ELIGIBLE
FDX20254766861,CUST434198,Martinez-Cuevas,Large,2025-12-01,50568,232432,179984,2025-12-26,25,20,2026-01-15,2025-12-27,RESOLVED_IN_GRACE
FDX20252706851,CUST373812,Carlson-Barker,Small,2025-12-22,36236,161213,44177,2026-01-01,10,7,2026-01-08,2026-01-07,RESOLVED_IN_GRACE
FDX20255728058,CUST209812,Brown-Cruz,Mid,2025-12-14,24211,66245,28457,2025-12-29,15,12,2026-01-10,2026-01-04,RESOLVED_IN_GRACE
FDX20256994631,CUST177804,Robinson-Miller,Large,2025-12-01,55183,170425,84979,2025-12-26,25,20,2026-01-15,,ELIGIBLE
FDX20252279932,CUST458411,Li-Lopez,Mid,2025-12-17,30221,163249,139024,2026-01-01,15,12,2026-01-13,,ELIGIBLE
FDX20256598972,CUST278368,"Carr, Carter and Warren",Mid,2026-01-03,52022,176396,105854,2026-01-18,15,12,2026-01-30,2026-01-27,RESOLVED_IN_GRACE
FDX20252985599,CUST493696,"Mcmahon, Rivera and Montoya",Mid,2025-12-20,18019,102572,98945,2026-01-04,15,12,2026-01-16,,IN_GRACE
FDX20257048077,CUST268720,Kerr-Yates,Small,2025-12-29,30614,82171,49836,2026-01-08,10,7,2026-01-15,,ELIGIBLE
FDX20252422780,CUST867541,Lewis-Mills,Mid,2025-12-22,10870,43872,14983,2026-01-06,15,12,2026-01-18,,ELIGIBLE
FDX20251727239,CUST178645,Bush-Rodriguez,Large,2025-12-01,28434,166193,160792,2025-12-26,25,20,2026-01-15,,IN_GRACE
FDX20253535087,CUST673619,Whitehead Inc,Mid,2025-12-16,9128,32480,14038,2025-12-31,15,12,2026-01-12,,ELIGIBLE
FDX20253987481,CUST197627,Vargas-Richmond,Small,2025-12-27,58784,148422,117148,2026-01-06,10,7,2026-01-13,,IN_GRACE
FDX20258191191,CUST454366,Terrell-Smith,Small,2025-12-27,26544,152797,97188,2026-01-06,10,7,2026-01-13,2026-01-07,RESOLVED_IN_GRACE
FDX20259899988,CUST722886,King-Thomas,Small,2026-01-07,30279,161336,31669,2026-01-17,10,7,2026-01-24,,IN_GRACE
FDX20256617751,CUST743453,Wright-English,Mid,2025-12-31,4389,18003,13152,2026-01-15,15,12,2026-01-27,2026-01-17,RESOLVED_IN_GRACE
FDX20254042807,CUST606186,Hunter-Morales,Small,2026-01-13,18845,75943,46759,2026-01-23,10,7,2026-01-30,2026-01-26,RESOLVED_IN_GRACE
FDX20258134419,CUST838726,"Arellano, Travis and Maldonado",Mid,2026-01-03,39299,222085,79711,2026-01-18,15,12,2026-01-30,,ELIGIBLE
FDX20253520273,CUST132498,Blankenship and Sons,Mid,2025-12-28,45520,172947,123634,2026-01-12,15,12,2026-01-24,,IN_GRACE
FDX20256059400,CUST552275,Mcneil and Sons,Small,2025-12-22,50536,296879,256793,2026-01-01,10,7,2026-01-08,2026-01-05,RESOLVED_IN_GRACE
FDX20255815154,CUST785386,Blevins-Hinton,Mid,2025-12-19,27153,121767,40885,2026-01-03,15,12,2026-01-15,,ELIGIBLE
FDX20256844941,CUST273012,"Bishop, Walters and Mcknight",Mid,2025-12-28,46272,128098,87282,2026-01-12,15,12,2026-01-24,,IN_GRACE
FDX20252743531,CUST736818,Long PLC,Small,2026-01-10,17987,52929,48067,2026-01-20,10,7,2026-01-27,,IN_GRACE
FDX20255548190,CUST555292,Thomas-Trevino,Small,2025-12-26,52842,154004,95105,2026-01-05,10,7,2026-01-12,2026-01-06,RESOLVED_IN_GRACE
FDX20259376038,CUST264735,Vasquez-Walters,Small,2026-01-04,3419,16645,10503,2026-01-14,10,7,2026-01-21,,IN_GRACE
FDX20257192680,CUST156157,Reynolds-Bennett,Small,2026-01-10,2411,7343,6156,2026-01-20,10,7,2026-01-27,,ELIGIBLE
FDX20255452689,CUST206176,"Dyer, Chavez and Graham",Small,2026-01-03,24297,75275,70851,2026-01-13,10,7,2026-01-20,2026-01-19,RESOLVED_IN_GRACE
FDX20252281267,CUST447177,Carter LLC,Mega,2025-12-01,36685,207131,38249,2026-01-05,35,30,2026-02-04,,ELIGIBLE
FDX20251036553,CUST315535,Miller-White,Mid,2026-01-03,1856,8316,5732,2026-01-18,15,12,2026-01-30,2026-01-27,RESOLVED_IN_GRACE
FDX20253493814,CUST299212,"Hale, Hawkins and Moore",Small,2026-01-10,17911,56509,51131,2026-01-20,10,7,2026-01-27,,ELIGIBLE
FDX20253459356,CUST529161,Olsen-Wilson,Small,2025-12-26,20108,98468,67633,2026-01-05,10,7,2026-01-12,,ELIGIBLE
FDX20256373004,CUST831063,Owen-Miller,Small,2025-12-22,31420,135802,44874,2026-01-01,10,7,2026-01-08,,IN_GRACE
FDX20253479340,CUST681028,"Ruiz, Miller and Richard",Mid,2025-12-21,36199,172434,148368,2026-01-05,15,12,2026-01-17,2026-01-13,RESOLVED_IN_GRACE
FDX20257553173,CUST857111,Torres-Harper,Small,2025-12-24,33102,187500,45092,2026-01-03,10,7,2026-01-10,2026-01-07,RESOLVED_IN_GRACE
FDX20258494305,CUST865433,Escobar-Scott,Small,2025-12-31,29540,137826,46740,2026-01-10,10,7,2026-01-17,2026-01-16,RESOLVED_IN_GRACE
FDX20259026757,CUST666362,"Sharp, Avery and Singleton",Small,2025-12-24,7551,38672,31344,2026-01-03,10,7,2026-01-10,2026-01-05,RESOLVED_IN_GRACE
FDX20252129335,CUST378150,Bennett-Gonzalez,Large,2025-12-12,53822,180922,126335,2026-01-06,25,20,2026-01-26,2026-01-14,RESOLVED_IN_GRACE
FDX20252898577,CUST792687,Gibson Ltd,Large,2025-12-02,21121,68179,38091,2025-12-27,25,20,2026-01-16,2026-01-03,RESOLVED_IN_GRACE
FDX20258171473,CUST395198,Gibbs-Oconnor,Mid,2025-12-19,2199,10699,4673,2026-01-03,15,12,2026-01-15,2026-01-05,RESOLVED_IN_GRACE
FDX20255672054,CUST411847,Wise-Durham,Small,2025-12-29,25248,83887,54901,2026-01-08,10,7,2026-01-15,,IN_GRACE
FDX20253427123,CUST349087,Rodriguez-Garcia,Mid,2025-12-28,13080,56525,53853,2026-01-12,15,12,2026-01-24,2026-01-20,RESOLVED_IN_GRACE
FDX20252517449,CUST200575,Anderson-Garcia,Small,2026-01-07,36544,120464,62270,2026-01-17,10,7,2026-01-24,,ELIGIBLE
FDX20256419936,CUST152046,Craig-Hernandez,Small,2026-01-09,29210,133824,65961,2026-01-19,10,7,2026-01-26,2026-01-26,RESOLVED_IN_GRACE
FDX20253139694,CUST511987,Marshall-Olson,Small,2026-01-07,46596,130746,115261,2026-01-17,10,7,2026-01-24,2026-01-23,RESOLVED_IN_GRACE
FDX20254051311,CUST699544,Hatfield-Dyer,Large,2025-12-13,39263,124963,61620,2026-01-07,25,20,2026-01-27,,IN_GRACE
FDX20257459520,CUST676363,Monroe-Reyes,Mid,2025-12-26,46521,128082,91779,2026-01-10,15,12,2026-01-22,,IN_GRACE
FDX20256915793,CUST980651,Romero-Zimmerman,Mega,2025-12-01,40363,171058,146286,2026-01-05,35,30,2026-02-04,,ELIGIBLE
FDX20256357229,CUST614796,Spencer-Martinez,Mid,2025-12-24,20280,111690,102599,2026-01-08,15,12,2026-01-20,,ELIGIBLE
FDX20259291408,CUST261050,Silva-Horne,Small,2025-12-24,59057,350345,264095,2026-01-03,10,7,2026-01-10,,IN_GRACE
FDX20258110722,CUST157152,Sosa-Cantrell,Small,2026-01-04,40225,240390,181651,2026-01-14,10,7,2026-01-21,,IN_GRACE
FDX20259074681,CUST478356,Edwards-Griffin,Small,2025-12-31,3417,10026,4861,2026-01-10,10,7,2026-01-17,2026-01-16,RESOLVED_IN_GRACE
FDX20257944833,CUST104000,Mendoza-Cooper,Small,2026-01-03,52238,173893,97096,2026-01-13,10,7,2026-01-20,2026-01-20,RESOLVED_IN_GRACE
FDX20256594616,CUST548377,"Jarvis, Shields and Watkins",Mid,2025-12-31,28042,87020,32028,2026-01-15,15,12,2026-01-27,,IN_GRACE
FDX20253318968,CUST191884,Cooke-Dominguez,Small,2026-01-09,36372,119264,90759,2026-01-19,10,7,2026-01-26,,ELIGIBLE
FDX20255125653,CUST408857,Turner-Hill,Mid,2025-12-25,7793,43828,8747,2026-01-09,15,12,2026-01-21,2026-01-18,RESOLVED_IN_GRACE
FDX20257428781,CUST963918,Murphy-Taylor,Mid,2025-12-14,36870,97195,46616,2025-12-29,15,12,2026-01-10,,ELIGIBLE
FDX20258023943,CUST794178,Austin-Macias,Small,2026-01-01,24940,126691,111208,2026-01-11,10,7,2026-01-18,,IN_GRACE
FDX20259339992,CUST755455,King-Anderson,Large,2025-12-02,4022,23033,6311,2025-12-27,25,20,2026-01-16,,IN_GRACE
FDX20259955185,CUST729371,Bell-Mccarthy,Small,2026-01-03,57199,248754,227312,2026-01-13,10,7,2026-01-20,,ELIGIBLE
FDX20259264480,CUST603660,Olson-Snyder,Small,2025-12-24,12536,34437,33958,2026-01-03,10,7,2026-01-10,,ELIGIBLE
FDX20259933438,CUST309374,Oconnell-Taylor,Small,2025-12-24,27597,163137,90762,2026-01-03,10,7,2026-01-10,2026-01-07,RESOLVED_IN_GRACE
FDX20259996153,CUST201698,Miller Inc,Mega,2025-12-01,5580,21371,20350,2026-01-05,35,30,2026-02-04,,ELIGIBLE
FDX20254860680,CUST126985,Huber-Olson,Large,2025-12-01,25857,108819,106997,2025-12-26,25,20,2026-01-15,,ELIGIBLE
FDX20257452974,CUST317005,"Lucero, Rich and Anderson",Small,2025-12-27,24551,143001,38393,2026-01-06,10,7,2026-01-13,,ELIGIBLE
FDX20252402872,CUST279130,Rodriguez-Miles,Small,2025-12-22,22343,72011,47995,2026-01-01,10,7,2026-01-08,2026-01-05,RESOLVED_IN_GRACE
FDX20258077313,CUST769191,Elliott-Schmidt,Small,2026-01-05,26324,75887,54871,2026-01-15,10,7,2026-01-22,,ELIGIBLE
FDX20259840685,CUST405986,Gilmore Ltd,Small,2025-12-31,47721,227659,87481,2026-01-10,10,7,2026-01-17,,ELIGIBLE
FDX20254679813,CUST185916,Anderson-Henry,Small,2025-12-31,39022,203951,130043,2026-01-10,10,7,2026-01-17,,ELIGIBLE
FDX20252463815,CUST596574,Carroll-Mathis,Small,2026-01-04,37000,205176,140957,2026-01-14,10,7,2026-01-21,,ELIGIBLE
FDX20254945884,CUST984756,Nguyen-Wilson,Large,2025-12-06,58743,342471,159858,2025-12-31,25,20,2026-01-20,,ELIGIBLE
FDX20257068477,CUST221119,Peck-Castro,Small,2025-12-31,26781,74075,35481,2026-01-10,10,7,2026-01-17,2026-01-17,RESOLVED_IN_GRACE
FDX20251048085,CUST423331,Burke-Gamble,Small,2026-01-05,25076,94602,74321,2026-01-15,10,7,2026-01-22,2026-01-20,RESOLVED_IN_GRACE
FDX20254410466,CUST923002,Jones-Jackson,Mid,2025-12-24,33493,108374,52405,2026-01-08,15,12,2026-01-20,,IN_GRACE
FDX20251287807,CUST516774,Haley-Miller,Small,2026-01-09,54543,152246,135654,2026-01-19,10,7,2026-01-26,2026-01-21,RESOLVED_IN_GRACE
FDX20257080036,CUST593821,Perkins-White,Large,2025-12-03,13151,54256,31232,2025-12-28,25,20,2026-01-17,,ELIGIBLE
FDX20258951164,CUST612855,Henderson-Jenkins,Small,2025-12-26,25065,68691,61082,2026-01-05,10,7,2026-01-12,,IN_GRACE
FDX20253241313,CUST793150,Palmer-Lester,Small,2026-01-10,2785,13306,12852,2026-01-20,10,7,2026-01-27,,ELIGIBLE
FDX20252848116,CUST377877,Perry-Gonzalez,Mega,2025-12-01,19078,50099,39149,2026-01-05,35,30,2026-02-04,2026-01-20,RESOLVED_IN_GRACE
FDX20251999542,CUST195563,Henson PLC,Mid,2025-12-22,38144,216755,91701,2026-01-06,15,12,2026-01-18,2026-01-17,RESOLVED_IN_GRACE
FDX20256861079,CUST773045,"Morgan, Lynch and Robbins",Large,2025-12-13,57998,291493,188550,2026-01-07,25,20,2026-01-27,,IN_GRACE
FDX20257054201,CUST670557,Hughes-Caldwell,Mid,2025-12-14,7850,46403,42965,2025-12-29,15,12,2026-01-10,2026-01-02,RESOLVED_IN_GRACE
FDX20253337892,CUST506351,Hoffman-Dennis,Small,2026-01-03,43180,183318,73919,2026-01-13,10,7,2026-01-20,,ELIGIBLE
FDX20255944200,CUST293862,Peterson-Cross,Large,2025-12-14,50958,142055,57628,2026-01-08,25,20,2026-01-28,2026-01-09,RESOLVED_IN_GRACE
FDX20258724035,CUST489043,Rubio-Smith,Small,2026-01-05,30140,126403,72425,2026-01-15,10,7,2026-01-22,,ELIGIBLE
FDX20253418271,CUST499974,Williams-Kennedy,Small,2026-01-05,36883,130594,104421,2026-01-15,10,7,2026-01-22,2026-01-18,RESOLVED_IN_GRACE
FDX20258064499,CUST487345,"Tate, Barker and Montgomery",Mid,2025-12-14,17284,99023,91151,2025-12-29,15,12,2026-01-10,,ELIGIBLE
FDX20255068431,CUST295646,Gilbert-Estrada,Small,2025-12-27,16667,43457,41454,2026-01-06,10,7,2026-01-13,2026-01-07,RESOLVED_IN_GRACE
FDX20254535586,CUST567429,Nelson-Peters,Mid,2025-12-25,19630,105513,27753,2026-01-09,15,12,2026-01-21,,IN_GRACE
FDX20254767947,CUST146784,Hall-Rivas,Small,2026-01-01,16255,86614,57304,2026-01-11,10,7,2026-01-18,,ELIGIBLE
FDX20251937270,CUST376085,"Ortega, Davis and Ingram",Small,2026-01-07,56323,311228,243642,2026-01-17,10,7,2026-01-24,,ELIGIBLE
FDX20253311922,CUST561101,Davis-Kennedy,Small,2025-12-27,28637,71763,63612,2026-01-06,10,7,2026-01-13,2026-01-11,RESOLVED_IN_GRACE
FDX20252966890,CUST587648,Howell-Lee,Small,2025-12-31,47133,282646,177287,2026-01-10,10,7,2026-01-17,2026-01-11,RESOLVED_IN_GRACE
FDX20253400426,CUST376195,Morris-Boyle,Small,2025-12-26,26653,102797,100739,2026-01-05,10,7,2026-01-12,,IN_GRACE
FDX20257332741,CUST337232,Munoz Inc,Small,2026-01-03,58005,324119,186443,2026-01-13,10,7,2026-01-20,,ELIGIBLE
FDX20251442027,CUST977740,Whitaker-Ortega,Large,2025-12-06,32322,129690,114087,2025-12-31,25,20,2026-01-20,2026-01-01,RESOLVED_IN_GRACE
FDX20258125430,CUST381607,Hodge Group,Mid,2025-12-20,20153,87429,81426,2026-01-04,15,12,2026-01-16,,ELIGIBLE
FDX20257235826,CUST691655,Fisher-Clark,Mega,2025-12-01,59406,308580,72759,2026-01-05,35,30,2026-02-04,,ELIGIBLE
FDX20251907367,CUST164633,"Wood, Bartlett and Lopez",Small,2026-01-04,43145,190406,188490,2026-01-14,10,7,2026-01-21,,ELIGIBLE
FDX20252778549,CUST258471,Martin-Kim,Mid,2025-12-12,55333,201923,70454,2025-12-27,15,12,2026-01-08,2026-01-01,RESOLVED_IN_GRACE
FDX20252237660,CUST888775,Mason-Hansen,Small,2025-12-26,32294,82669,40583,2026-01-05,10,7,2026-01-12,,IN_GRACE
FDX20258999822,CUST830302,Montgomery-Robinson,Large,2025-12-01,33519,169629,39705,2025-12-26,25,20,2026-01-15,,ELIGIBLE
FDX20253653705,CUST799891,"Valentine, Henderson and Miller",Mid,2025-12-25,11973,59780,39855,2026-01-09,15,12,2026-01-21,,IN_GRACE
FDX20251506432,CUST201400,Dennis-Anderson,Large,2025-12-08,18728,95097,33615,2026-01-02,25,20,2026-01-22,,IN_GRACE
FDX20253464349,CUST189870,White-Hayes,Mid,2025-12-26,13825,34849,15390,2026-01-10,15,12,2026-01-22,,ELIGIBLE
FDX20257127781,CUST800596,Evans-Spears,Small,2026-01-13,22513,62826,30263,2026-01-23,10,7,2026-01-30,,IN_GRACE
FDX20253370243,CUST460491,Jackson-Hart,Mid,2025-12-31,42340,248828,128263,2026-01-15,15,12,2026-01-27,,ELIGIBLE
FDX20252325287,CUST947438,Anderson-Leonard,Small,2025-12-26,33674,127229,72835,2026-01-05,10,7,2026-01-12,2026-01-09,RESOLVED_IN_GRACE
FDX20255111186,CUST667750,Dean-Thompson,Small,2026-01-10,15246,73643,48534,2026-01-20,10,7,2026-01-27,2026-01-27,RESOLVED_IN_GRACE
FDX20252292941,CUST534096,Galvan LLC,Small,2025-12-31,1515,8226,3831,2026-01-10,10,7,2026-01-17,2026-01-12,RESOLVED_IN_GRACE
FDX20251209341,CUST893202,Herring Inc,Mid,2025-12-19,33266,123463,36459,2026-01-03,15,12,2026-01-15,,ELIGIBLE
FDX20257987624,CUST718372,Davis-Wilkins,Mid,2025-12-19,26587,87427,60044,2026-01-03,15,12,2026-01-15,2026-01-06,RESOLVED_IN_GRACE
FDX20253511838,CUST338564,Shaw-Hogan,Mid,2025-12-21,34358,128559,34707,2026-01-05,15,12,2026-01-17,,IN_GRACE
FDX20254060575,CUST680493,George PLC,Large,2025-12-14,30625,98031,75775,2026-01-08,25,20,2026-01-28,,ELIGIBLE
FDX20258881344,CUST163946,Phelps-Robbins,Mid,2025-12-26,22126,84635,34170,2026-01-10,15,12,2026-01-22,2026-01-11,RESOLVED_IN_GRACE
FDX20253350695,CUST981639,Alexander-Calderon,Small,2025-12-29,25777,82796,60920,2026-01-08,10,7,2026-01-15,,ELIGIBLE
FDX20259849143,CUST505910,Davis-Ramos,Mid,2025-12-26,25140,72413,46085,2026-01-10,15,12,2026-01-22,,ELIGIBLE
FDX20256024905,CUST958160,Dickson Group,Large,2025-12-01,56695,238676,71397,2025-12-26,25,20,2026-01-15,2025-12-30,RESOLVED_IN_GRACE
FDX20258888386,CUST647967,"Barrera, Rich and Miller",Small,2025-12-24,13855,56229,24144,2026-01-03,10,7,2026-01-10,,ELIGIBLE
FDX20257904201,CUST538967,Huffman-Harrison,Mega,2025-12-01,18073,75860,23356,2026-01-05,35,30,2026-02-04,,IN_GRACE
FDX20256659575,CUST661527,Miller-Ramirez,Large,2025-12-16,7520,45046,36206,2026-01-10,25,20,2026-01-30,2026-01-28,RESOLVED_IN_GRACE
FDX20258448641,CUST820442,"Bryant, Moses and Bailey",Mid,2025-12-25,34932,149455,123076,2026-01-09,15,12,2026-01-21,,ELIGIBLE
FDX20251221617,CUST597889,"Benjamin, Rogers and Roth",Small,2026-01-03,51357,218969,54885,2026-01-13,10,7,2026-01-20,,ELIGIBLE
FDX20255811186,CUST700534,Barr-Ramos,Small,2026-01-13,48656,216390,80659,2026-01-23,10,7,2026-01-30,,ELIGIBLE
FDX20252866744,CUST347088,Bishop-Martin,Mid,2025-12-31,15148,78657,64049,2026-01-15,15,12,2026-01-27,,ELIGIBLE
FDX20253615355,CUST599397,Fernandez-Dougherty,Mega,2025-12-01,46826,148617,116372,2026-01-05,35,30,2026-02-04,2026-01-26,RESOLVED_IN_GRACE
FDX20252006646,CUST413369,Peterson PLC,Small,2026-01-10,19013,59039,52625,2026-01-20,10,7,2026-01-27,,ELIGIBLE
FDX20251538869,CUST182790,Stone-Reed,Small,2026-01-10,3106,13644,4622,2026-01-20,10,7,2026-01-27,,ELIGIBLE
FDX20253912192,CUST513982,Matthews-Jones,Mid,2025-12-17,55352,214268,82045,2026-01-01,15,12,2026-01-13,,ELIGIBLE
FDX20259443896,CUST995420,Cross-Allen,Mid,2025-12-20,9834,26031,25690,2026-01-04,15,12,2026-01-16,2026-01-16,RESOLVED_IN_GRACE
FDX20253690206,CUST849003,Ellis-Smith,Small,2025-12-30,55555,139736,120122,2026-01-09,10,7,2026-01-16,,ELIGIBLE
FDX20251182327,CUST136415,Dickerson-Evans,Small,2025-12-30,18427,87482,23894,2026-01-09,10,7,2026-01-16,,IN_GRACE
FDX20257650332,CUST626491,White-Gould,Small,2025-12-22,19512,97759,28391,2026-01-01,10,7,2026-01-08,,ELIGIBLE
FDX20258107177,CUST698967,Garcia-Moreno,Small,2025-12-30,23206,114090,99290,2026-01-09,10,7,2026-01-16,,ELIGIBLE
FDX20258621830,CUST641922,Hart-Sullivan,Mid,2025-12-28,41064,158454,69410,2026-01-12,15,12,2026-01-24,,IN_GRACE
FDX20255329433,CUST939333,"Barajas, Marks and Jordan",Small,2025-12-24,54074,175561,116047,2026-01-03,10,7,2026-01-10,,ELIGIBLE
FDX20259420022,CUST699245,Miranda-Davis,Large,2025-12-16,28184,162231,66299,2026-01-10,25,20,2026-01-30,,ELIGIBLE
FDX20256134397,CUST810446,Rocha-Wilson,Mid,2025-12-22,52919,232612,200179,2026-01-06,15,12,2026-01-18,,ELIGIBLE
FDX20254813710,CUST750403,Robbins and Sons,Small,2025-12-22,38969,166950,97698,2026-01-01,10,7,2026-01-08,,ELIGIBLE
FDX20258108007,CUST254610,Reyes-Cervantes,Mid,2026-01-03,16319,74281,46823,2026-01-18,15,12,2026-01-30,,ELIGIBLE
FDX20253630678,CUST226124,Patterson-Scott,Large,2025-12-01,56377,301309,109609,2025-12-26,25,20,2026-01-15,,ELIGIBLE
FDX20255560510,CUST893969,Garcia-Peters,Small,2026-01-04,4255,19932,19585,2026-01-14,10,7,2026-01-21,,ELIGIBLE
FDX20252542438,CUST570852,Chase-Hamilton,Mid,2025-12-30,11386,52689,23062,2026-01-14,15,12,2026-01-26,,ELIGIBLE
FDX20259749335,CUST281276,Zimmerman-Andrade,Mid,2025-12-22,57256,196526,69953,2026-01-06,15,12,2026-01-18,,IN_GRACE
FDX20257334410,CUST275284,Jones-Robbins,Mid,2025-12-14,26107,71982,50156,2025-12-29,15,12,2026-01-10,,IN_GRACE
FDX20253099389,CUST322182,Clark-Weber,Large,2025-12-01,28551,97420,82482,2025-12-26,25,20,2026-01-15,,IN_GRACE
FDX20254554492,CUST947732,Morris-Duran,Mid,2025-12-12,54662,148547,112194,2025-12-27,15,12,2026-01-08,,ELIGIBLE
FDX20257717637,CUST302087,Leonard-Coleman,Small,2026-01-09,6805,21884,11747,2026-01-19,10,7,2026-01-26,,ELIGIBLE
FDX20251939470,CUST232315,Turner-Moore,Small,2026-01-04,55858,171914,82542,2026-01-14,10,7,2026-01-21,,ELIGIBLE
FDX20254672640,CUST144748,Barrera-Carpenter,Mid,2025-12-21,32772,108823,71710,2026-01-05,15,12,2026-01-17,2026-01-15,RESOLVED_IN_GRACE
FDX20257581550,CUST543940,"Parks, Baldwin and Boyd",Large,2025-12-01,7172,22416,17742,2025-12-26,25,20,2026-01-15,,ELIGIBLE
FDX20254081870,CUST182175,Watson-Burke,Mid,2026-01-01,22008,125170,31119,2026-01-16,15,12,2026-01-28,2026-01-26,RESOLVED_IN_GRACE
FDX20252295356,CUST816308,Guerrero Group,Large,2025-12-02,16037,68289,41554,2025-12-27,25,20,2026-01-16,,IN_GRACE
FDX20258859053,CUST556542,Parker-Jennings,Mid,2025-12-19,39419,173825,89145,2026-01-03,15,12,2026-01-15,,ELIGIBLE
FDX20259009715,CUST311727,Johnson-Shields,Large,2025-12-08,29724,113301,56929,2026-01-02,25,20,2026-01-22,,ELIGIBLE
FDX20256254450,CUST962520,Rivera-Miller,Small,2026-01-05,29518,119662,118383,2026-01-15,10,7,2026-01-22,,IN_GRACE
FDX20257796448,CUST757694,Davis-Arnold,Small,2025-12-22,46938,168452,57953,2026-01-01,10,7,2026-01-08,2026-01-07,RESOLVED_IN_GRACE
FDX20257383228,CUST255061,Middleton-Curtis,Mega,2025-12-01,21569,95225,58262,2026-01-05,35,30,2026-02-04,,ELIGIBLE
FDX20253765293,CUST974625,Elliott-Shelton,Small,2026-01-11,25933,119975,98274,2026-01-21,10,7,2026-01-28,2026-01-28,RESOLVED_IN_GRACE
FDX20251917238,CUST723952,Smith-Scott,Small,2026-01-10,9190,35038,10229,2026-01-20,10,7,2026-01-27,2026-01-27,RESOLVED_IN_GRACE
FDX20257232368,CUST370413,Price-Chavez,Small,2026-01-11,37089,169223,120874,2026-01-21,10,7,2026-01-28,2026-01-22,RESOLVED_IN_GRACE
FDX20258117262,CUST435281,Webb Group,Mid,2025-12-24,20737,101842,51238,2026-01-08,15,12,2026-01-20,2026-01-19,RESOLVED_IN_GRACE
FDX20254267037,CUST862422,Koch-Freeman,Mid,2025-12-20,8564,38911,23235,2026-01-04,15,12,2026-01-16,,IN_GRACE
FDX20255528498,CUST946561,"Morrow, Mckinney and Wiggins",Small,2025-12-26,41959,249231,193724,2026-01-05,10,7,2026-01-12,,ELIGIBLE
FDX20252818665,CUST170267,Duncan-Dennis,Small,2026-01-07,32886,197218,140588,2026-01-17,10,7,2026-01-24,,IN_GRACE
FDX20252751542,CUST191254,"Leblanc, Flores and Lynch",Small,2025-12-24,52687,191555,115563,2026-01-03,10,7,2026-01-10,2026-01-09,RESOLVED_IN_GRACE
FDX20252305411,CUST506951,Davenport Inc,Large,2025-12-06,51284,140365,68156,2025-12-31,25,20,2026-01-20,,IN_GRACE
FDX20257085123,CUST683390,"Bennett, Miranda and Buckley",Mega,2025-12-01,14507,36780,23721,2026-01-05,35,30,2026-02-04,,ELIGIBLE
FDX20256628280,CUST516656,Miller-Moon,Large,2025-12-03,11700,43025,19586,2025-12-28,25,20,2026-01-17,,ELIGIBLE
FDX20251470581,CUST678870,Mcdonald-Bryant,Mid,2025-12-24,54776,195140,190604,2026-01-08,15,12,2026-01-20,2026-01-17,RESOLVED_IN_GRACE
FDX20255018645,CUST441968,Fowler-Smith,Large,2025-12-04,42876,169925,56460,2025-12-29,25,20,2026-01-18,,IN_GRACE
FDX20255734646,CUST998235,Weiss-Singh,Small,2025-12-29,44846,261536,146186,2026-01-08,10,7,2026-01-15,,IN_GRACE
FDX20253730666,CUST389617,Nelson-Pineda,Mid,2025-12-25,1766,5604,3094,2026-01-09,15,12,2026-01-21,,ELIGIBLE
FDX20252786178,CUST644932,Thomas-Thomas,Mid,2025-12-28,3275,18190,15174,2026-01-12,15,12,2026-01-24,,ELIGIBLE
FDX20252095873,CUST580412,Miller-Mclaughlin,Small,2026-01-07,48273,160936,113240,2026-01-17,10,7,2026-01-24,,ELIGIBLE
FDX20254555258,CUST112964,Mclean-Bauer,Large,2025-12-01,2558,10630,2605,2025-12-26,25,20,2026-01-15,2025-12-27,RESOLVED_IN_GRACE
FDX20251184163,CUST924758,Clark-Cisneros,Large,2025-12-14,52500,212602,116766,2026-01-08,25,20,2026-01-28,,ELIGIBLE
FDX20256186174,CUST834435,Nichols-Robinson,Mid,2025-12-17,52276,273891,166444,2026-01-01,15,12,2026-01-13,2026-01-08,RESOLVED_IN_GRACE
FDX20254149818,CUST753323,Wright-Tucker,Mid,2025-12-25,29597,141506,69339,2026-01-09,15,12,2026-01-21,,ELIGIBLE
FDX20254384399,CUST716118,"Ball, King and Perez",Small,2025-12-30,32125,85568,85325,2026-01-09,10,7,2026-01-16,,ELIGIBLE
FDX20251543024,CUST647945,Johnson-Williams,Small,2026-01-10,34244,171110,74307,2026-01-20,10,7,2026-01-27,,ELIGIBLE
FDX20255032154,CUST919656,Rich-Bryant,Small,2026-01-09,26973,73045,37471,2026-01-19,10,7,2026-01-26,,ELIGIBLE
FDX20255515889,CUST539976,Nelson-Brown,Large,2025-12-06,31915,121006,94388,2025-12-31,25,20,2026-01-20,2026-01-17,RESOLVED_IN_GRACE
FDX20252426723,CUST217984,Marsh-Franco,Mid,2025-12-21,41213,212730,153049,2026-01-05,15,12,2026-01-17,2026-01-09,RESOLVED_IN_GRACE
FDX20251752869,CUST534574,Richards-Brown,Small,2026-01-13,28587,137457,32380,2026-01-23,10,7,2026-01-30,2026-01-26,RESOLVED_IN_GRACE
FDX20259116934,CUST256911,Russell-Smith,Large,2025-12-03,14945,69181,27628,2025-12-28,25,20,2026-01-17,,ELIGIBLE
FDX20251766393,CUST255398,Harper-Barnes,Large,2025-12-01,36228,98156,91483,2025-12-26,25,20,2026-01-15,,ELIGIBLE
FDX20251806126,CUST694116,Sellers-Fernandez,Mid,2025-12-30,37856,133236,64233,2026-01-14,15,12,2026-01-26,,ELIGIBLE
FDX20256277781,CUST716493,Bryant LLC,Mega,2025-12-01,13945,37690,32434,2026-01-05,35,30,2026-02-04,,ELIGIBLE
FDX20252563819,CUST710981,"Franco, Jackson and Adams",Small,2025-12-29,31672,83052,37790,2026-01-08,10,7,2026-01-15,,IN_GRACE
FDX20256177530,CUST895216,Myers-Rivas,Mid,2026-01-03,41392,245564,85884,2026-01-18,15,12,2026-01-30,,ELIGIBLE
FDX20251142249,CUST205071,Dyer-Boone,Small,2025-12-26,20807,112852,86341,2026-01-05,10,7,2026-01-12,2026-01-06,RESOLVED_IN_GRACE
FDX20256983579,CUST210766,Spence Ltd,Mid,2025-12-25,42846,229460,137725,2026-01-09,15,12,2026-01-21,,ELIGIBLE
FDX20255737922,CUST690016,Smith-Jackson,Small,2026-01-05,8006,37173,30694,2026-01-15,10,7,2026-01-22,,ELIGIBLE
FDX20257679620,CUST917411,"Clark, Brown and Lewis",Small,2026-01-01,27463,86824,34299,2026-01-11,10,7,2026-01-18,,ELIGIBLE
FDX20259392233,CUST205896,Hester-Romero,Mid,2025-12-31,1708,8885,5861,2026-01-15,15,12,2026-01-27,,ELIGIBLE
FDX20254269606,CUST923914,Macias-Foster,Mid,2025-12-22,44768,220455,94083,2026-01-06,15,12,2026-01-18,,ELIGIBLE
FDX20256275972,CUST399990,Tucker-Padilla,Small,2025-12-31,27961,130246,97088,2026-01-10,10,7,2026-01-17,,IN_GRACE
FDX20257553873,CUST661652,Johnson-Cabrera,Small,2026-01-04,46431,161655,112686,2026-01-14,10,7,2026-01-21,2026-01-20,RESOLVED_IN_GRACE
FDX20256969959,CUST460572,Barnes-Mcbride,Large,2025-12-08,44109,128103,99633,2026-01-02,25,20,2026-01-22,2026-01-20,RESOLVED_IN_GRACE
FDX20253172932,CUST530849,Bird-Middleton,Large,2025-12-06,39116,199294,42071,2025-12-31,25,20,2026-01-20,,ELIGIBLE
FDX20252633762,CUST376967,Wright-Preston,Mega,2025-12-01,2402,12204,8938,2026-01-05,35,30,2026-02-04,2026-02-02,RESOLVED_IN_GRACE
FDX20256558596,CUST501650,Moore-Day,Small,2026-01-13,53449,265794,231951,2026-01-23,10,7,2026-01-30,2026-01-28,RESOLVED_IN_GRACE
FDX20257833134,CUST786594,Mcmahon-Hester,Mid,2025-12-20,5648,19350,13616,2026-01-04,15,12,2026-01-16,,ELIGIBLE
FDX20259448643,CUST609172,Green-Howell,Small,2026-01-03,40034,112392,80873,2026-01-13,10,7,2026-01-20,2026-01-19,RESOLVED_IN_GRACE
FDX20252694547,CUST699809,Ward-White,Small,2026-01-11,58227,188409,106656,2026-01-21,10,7,2026-01-28,2026-01-23,RESOLVED_IN_GRACE
FDX20259425133,CUST738543,Boyd-Mcgee,Mid,2025-12-19,37171,181005,106969,2026-01-03,15,12,2026-01-15,,ELIGIBLE
FDX20253519714,CUST596025,Munoz-Ford,Mid,2025-12-21,26235,107861,92240,2026-01-05,15,12,2026-01-17,,IN_GRACE
FDX20251397373,CUST139285,Lewis Ltd,Small,2025-12-27,3022,14473,11966,2026-01-06,10,7,2026-01-13,,ELIGIBLE
FDX20257410771,CUST280564,Butler-Huff,Small,2025-12-29,52371,150608,141187,2026-01-08,10,7,2026-01-15,2026-01-12,RESOLVED_IN_GRACE
FDX20259001944,CUST388792,Meyer-Jones,Small,2026-01-04,40610,136695,61159,2026-01-14,10,7,2026-01-21,,IN_GRACE
FDX20251627606,CUST522548,Wright-Mcclure,Large,2025-12-07,42872,182018,69312,2026-01-01,25,20,2026-01-21,2026-01-21,RESOLVED_IN_GRACE
FDX20255867395,CUST250840,Rivas-Ward,Small,2026-01-04,41453,223258,199920,2026-01-14,10,7,2026-01-21,2026-01-18,RESOLVED_IN_GRACE
FDX20253704873,CUST748276,Jackson LLC,Mid,2025-12-28,2049,6899,3059,2026-01-12,15,12,2026-01-24,,IN_GRACE
FDX20253542382,CUST738221,Smith-Curry,Small,2026-01-03,4205,19647,5225,2026-01-13,10,7,2026-01-20,2026-01-18,RESOLVED_IN_GRACE
FDX20258769633,CUST813884,Boyer-Walker,Small,2026-01-11,15402,55832,52021,2026-01-21,10,7,2026-01-28,,IN_GRACE
FDX20252321253,CUST827356,Robertson-Rice,Small,2025-12-24,49005,123661,120579,2026-01-03,10,7,2026-01-10,2026-01-10,RESOLVED_IN_GRACE
FDX20252565160,CUST521233,Cook-Wyatt,Mid,2025-12-12,24158,94274,57897,2025-12-27,15,12,2026-01-08,,ELIGIBLE
FDX20254885101,CUST140666,Cox-Morrison,Mid,2025-12-12,36280,150475,108498,2025-12-27,15,12,2026-01-08,,ELIGIBLE
FDX20254617959,CUST515018,Gay-Gomez,Small,2025-12-31,39085,109384,74700,2026-01-10,10,7,2026-01-17,,ELIGIBLE
FDX20253363282,CUST447596,"Moore, Johnson and Miller",Small,2025-12-24,36495,123570,61712,2026-01-03,10,7,2026-01-10,,ELIGIBLE
FDX20253701920,CUST824056,Carney-Ferrell,Large,2025-12-12,18210,72819,70371,2026-01-06,25,20,2026-01-26,,ELIGIBLE
FDX20259415785,CUST349119,Sosa and Sons,Mid,2025-12-12,22361,126574,71794,2025-12-27,15,12,2026-01-08,,ELIGIBLE
FDX20259662089,CUST151685,Hicks-Rodriguez,Small,2026-01-07,46854,237162,213158,2026-01-17,10,7,2026-01-24,,ELIGIBLE
FDX20259779300,CUST881975,Rivera-Jensen,Small,2026-01-01,10379,51302,14303,2026-01-11,10,7,2026-01-18,,ELIGIBLE
FDX20256727998,CUST598302,Roy-Wilson,Small,2026-01-10,13479,40247,20574,2026-01-20,10,7,2026-01-27,2026-01-21,RESOLVED_IN_GRACE
FDX20258507472,CUST381631,Hancock-Cochran,Small,2025-12-27,45406,245728,225693,2026-01-06,10,7,2026-01-13,,IN_GRACE
FDX20253201130,CUST490532,Hughes-Murray,Small,2026-01-10,3436,15509,14957,2026-01-20,10,7,2026-01-27,2026-01-24,RESOLVED_IN_GRACE
FDX20256687823,CUST121215,Moses Ltd,Small,2026-01-10,50500,235045,128525,2026-01-20,10,7,2026-01-27,2026-01-21,RESOLVED_IN_GRACE
FDX20255879512,CUST454278,Acevedo-Lowe,Small,2026-01-09,22483,131961,84943,2026-01-19,10,7,2026-01-26,,ELIGIBLE
FDX20257045105,CUST957091,Stewart-Roberts,Mid,2025-12-17,43142,187466,101487,2026-01-01,15,12,2026-01-13,2026-01-12,RESOLVED_IN_GRACE
FDX20258229326,CUST932204,"Koch, Berry and Decker",Mid,2025-12-28,3092,16433,11262,2026-01-12,15,12,2026-01-24,,ELIGIBLE
FDX20251671305,CUST417776,Murray-Shepherd,Small,2026-01-07,49000,268194,51258,2026-01-17,10,7,2026-01-24,2026-01-24,RESOLVED_IN_GRACE
FDX20257503423,CUST426053,Harris-Moss,Mid,2026-01-03,47552,174362,105896,2026-01-18,15,12,2026-01-30,,ELIGIBLE
FDX20255011610,CUST393964,"Turner, Morris and Robinson",Small,2025-12-26,35843,112279,79677,2026-01-05,10,7,2026-01-12,2026-01-11,RESOLVED_IN_GRACE
FDX20254503428,CUST983788,Donaldson-Jones,Mid,2025-12-31,56612,204761,171644,2026-01-15,15,12,2026-01-27,,ELIGIBLE
FDX20252258262,CUST615500,"Stout, Grant and Faulkner",Small,2026-01-10,8506,25417,22211,2026-01-20,10,7,2026-01-27,2026-01-26,RESOLVED_IN_GRACE
FDX20253556871,CUST999924,Sellers-Avila,Small,2026-01-11,58965,285269,197246,2026-01-21,10,7,2026-01-28,2026-01-25,RESOLVED_IN_GRACE
FDX20259347047,CUST830000,Williamson-Buchanan,Small,2025-12-26,3015,12244,4330,2026-01-05,10,7,2026-01-12,,IN_GRACE
FDX20252634202,CUST818119,Ortega Inc,Mid,2025-12-30,23365,100359,87146,2026-01-14,15,12,2026-01-26,,IN_GRACE
FDX20251250681,CUST202988,Johnson-Lyons,Small,2026-01-09,36923,216885,203804,2026-01-19,10,7,2026-01-26,,IN_GRACE
FDX20253392808,CUST339030,Ferguson-Key,Mid,2025-12-16,7950,27573,22355,2025-12-31,15,12,2026-01-12,,IN_GRACE
FDX20256193258,CUST240913,Wade-Steele,Large,2025-12-02,14625,83381,24825,2025-12-27,25,20,2026-01-16,2026-01-06,RESOLVED_IN_GRACE
FDX20252462431,CUST415076,"Clements, Henry and Richard",Large,2025-12-01,55144,181661,70799,2025-12-26,25,20,2026-01-15,2026-01-11,RESOLVED_IN_GRACE
FDX20259370358,CUST879850,Henderson-White,Mid,2025-12-22,45320,201962,146952,2026-01-06,15,12,2026-01-18,,ELIGIBLE
FDX20252578970,CUST564635,Chang-Mcmillan,Small,2025-12-24,10512,43981,42000,2026-01-03,10,7,2026-01-10,,ELIGIBLE
FDX20258630409,CUST911630,Lopez-Kim,Small,2025-12-27,40441,173334,106509,2026-01-06,10,7,2026-01-13,2026-01-08,RESOLVED_IN_GRACE
FDX20256263326,CUST965938,Moore-Contreras,Mid,2026-01-03,14370,43213,30648,2026-01-18,15,12,2026-01-30,,ELIGIBLE
FDX20253847389,CUST436454,King-Lewis,Small,2025-12-31,37192,113826,96119,2026-01-10,10,7,2026-01-17,,ELIGIBLE
FDX20255959482,CUST382507,Reynolds-Johnson,Small,2026-01-13,16313,88125,21427,2026-01-23,10,7,2026-01-30,,ELIGIBLE
FDX20253709058,CUST864201,Mccann Ltd,Large,2025-12-01,24559,146499,137808,2025-12-26,25,20,2026-01-15,,ELIGIBLE
FDX20252143565,CUST537017,Brady-Coleman,Small,2026-01-11,41913,229980,148999,2026-01-21,10,7,2026-01-28,,ELIGIBLE
FDX20255699588,CUST734366,Velasquez-Reyes,Large,2025-12-01,29988,92646,32086,2025-12-26,25,20,2026-01-15,,ELIGIBLE
FDX20257095636,CUST776913,Hoffman-Pitts,Mega,2025-12-01,36094,130724,37933,2026-01-05,35,30,2026-02-04,,ELIGIBLE
FDX20256928539,CUST193624,Day-Hunter,Small,2026-01-10,30370,144194,66315,2026-01-20,10,7,2026-01-27,2026-01-26,RESOLVED_IN_GRACE
FDX20252497018,CUST297064,Golden-Mitchell,Small,2025-12-26,27778,102614,29554,2026-01-05,10,7,2026-01-12,2026-01-12,RESOLVED_IN_GRACE
FDX20252193429,CUST563173,Grant-Carroll,Mid,2025-12-19,9032,33460,23522,2026-01-03,15,12,2026-01-15,,ELIGIBLE
FDX20254006246,CUST321659,Mays-Cole,Large,2025-12-12,30927,115891,84179,2026-01-06,25,20,2026-01-26,,ELIGIBLE
FDX20258729953,CUST963994,Edwards-Lam,Mid,2025-12-25,26809,85229,34466,2026-01-09,15,12,2026-01-21,,ELIGIBLE
FDX20255327583,CUST526949,Graves-Richards,Small,2026-01-07,40814,229379,174769,2026-01-17,10,7,2026-01-24,,IN_GRACE
FDX20258940001,CUST876936,Boyer-Rivera,Large,2025-12-01,44898,195242,156947,2025-12-26,25,20,2026-01-15,2026-01-06,RESOLVED_IN_GRACE
FDX20255295408,CUST607993,Mcgrath-Martin,Mid,2025-12-17,42861,139976,84292,2026-01-01,15,12,2026-01-13,,ELIGIBLE
FDX20258416290,CUST896386,Martin-Sharp,Mid,2026-01-01,24018,99458,43638,2026-01-16,15,12,2026-01-28,,ELIGIBLE
FDX20253356313,CUST641590,Wong and Sons,Small,2026-01-11,18740,90641,74040,2026-01-21,10,7,2026-01-28,,ELIGIBLE
FDX20253079808,CUST492073,Goodman-Rodriguez,Mid,2025-12-16,27838,129156,50713,2025-12-31,15,12,2026-01-12,,IN_GRACE
FDX20259191626,CUST960899,Mckee-Jackson,Mid,2025-12-20,41485,150545,116530,2026-01-04,15,12,2026-01-16,2026-01-14,RESOLVED_IN_GRACE
FDX20251664254,CUST158936,Miller-Allen,Large,2025-12-03,5093,27910,10401,2025-12-28,25,20,2026-01-17,,ELIGIBLE
FDX20257098050,CUST640299,Johnson-Harvey,Mid,2025-12-14,10365,53438,41309,2025-12-29,15,12,2026-01-10,,ELIGIBLE
FDX20255808770,CUST929937,Smith-Reese,Small,2026-01-10,41863,175778,53311,2026-01-20,10,7,2026-01-27,,ELIGIBLE
FDX20257726643,CUST266694,Becker-Mcneil,Small,2026-01-04,29906,162086,36058,2026-01-14,10,7,2026-01-21,,ELIGIBLE
FDX20257862438,CUST168804,Guerra-Terry,Small,2026-01-04,7981,30255,16493,2026-01-14,10,7,2026-01-21,,ELIGIBLE
FDX20253163996,CUST426236,Cox-Rush,Small,2026-01-13,8329,28282,25262,2026-01-23,10,7,2026-01-30,,ELIGIBLE
FDX20258395861,CUST844037,Hull-Harrison,Large,2025-12-01,12224,59283,59230,2025-12-26,25,20,2026-01-15,2026-01-03,RESOLVED_IN_GRACE
FDX20257152746,CUST631413,Pittman-Hayden,Mid,2025-12-30,38009,201755,178923,2026-01-14,15,12,2026-01-26,2026-01-23,RESOLVED_IN_GRACE
FDX20259597975,CUST522979,Brock-Gonzales,Mid,2025-12-17,15828,55075,24672,2026-01-01,15,12,2026-01-13,,ELIGIBLE
FDX20256262096,CUST242239,Matthews-Flores,Small,2025-12-27,54157,188578,156465,2026-01-06,10,7,2026-01-13,,IN_GRACE
FDX20257269362,CUST918430,Bruce-Duncan,Mid,2025-12-20,10532,36496,22267,2026-01-04,15,12,2026-01-16,2026-01-15,RESOLVED_IN_GRACE
FDX20252400738,CUST992647,Mason Ltd,Small,2026-01-01,59248,214412,170188,2026-01-11,10,7,2026-01-18,,ELIGIBLE
FDX20257932248,CUST649753,Russell-Washington,Large,2025-12-01,44044,241442,237936,2025-12-26,25,20,2026-01-15,2026-01-09,RESOLVED_IN_GRACE
FDX20259488305,CUST696296,Carroll-Frazier,Small,2026-01-03,13736,71236,40755,2026-01-13,10,7,2026-01-20,,ELIGIBLE
FDX20258551295,CUST130354,"Alexander, Warner and Williams",Small,2025-12-31,29728,85707,33686,2026-01-10,10,7,2026-01-17,,ELIGIBLE
FDX20255409512,CUST282176,Pope LLC,Mid,2025-12-26,16354,64504,42663,2026-01-10,15,12,2026-01-22,2026-01-16,RESOLVED_IN_GRACE
FDX20251715977,CUST302127,Vaughan-Smith,Small,2025-12-26,34086,120432,118158,2026-01-05,10,7,2026-01-12,2026-01-10,RESOLVED_IN_GRACE
FDX20251957285,CUST973390,Kennedy-Duffy,Small,2026-01-11,4895,22465,11473,2026-01-21,10,7,2026-01-28,,ELIGIBLE
FDX20255107344,CUST310477,Walker-Bray,Small,2025-12-24,33652,169565,54414,2026-01-03,10,7,2026-01-10,2026-01-09,RESOLVED_IN_GRACE
FDX20251133260,CUST977633,Bell-West,Small,2025-12-31,21515,74880,48412,2026-01-10,10,7,2026-01-17,2026-01-12,RESOLVED_IN_GRACE
FDX20253593123,CUST160426,Cochran Inc,Small,2025-12-30,33025,112946,80949,2026-01-09,10,7,2026-01-16,,ELIGIBLE
FDX20252766607,CUST361609,Holland LLC,Mid,2025-12-22,1766,9719,5032,2026-01-06,15,12,2026-01-18,2026-01-07,RESOLVED_IN_GRACE
FDX20255876475,CUST134677,Delgado-Rollins,Small,2025-12-27,4926,14843,7361,2026-01-06,10,7,2026-01-13,,ELIGIBLE
FDX20257305241,CUST578621,Carney-Fernandez,Mid,2025-12-22,55365,250598,163523,2026-01-06,15,12,2026-01-18,,IN_GRACE
FDX20253654252,CUST153015,Jackson-Kaiser,Small,2025-12-27,57977,219749,160307,2026-01-06,10,7,2026-01-13,2026-01-12,RESOLVED_IN_GRACE
FDX20257698813,CUST477880,Garrison-Thompson,Small,2025-12-22,55760,148935,132498,2026-01-01,10,7,2026-01-08,2026-01-08,RESOLVED_IN_GRACE
FDX20252224379,CUST838862,Sweeney-Murphy,Mid,2025-12-19,29938,84736,48598,2026-01-03,15,12,2026-01-15,,IN_GRACE
FDX20254742179,CUST308781,Burnett-Boyd,Small,2025-12-24,41140,112355,52095,2026-01-03,10,7,2026-01-10,2026-01-04,RESOLVED_IN_GRACE
FDX20257513301,CUST387286,Tyler Ltd,Mid,2025-12-25,4577,21228,8062,2026-01-09,15,12,2026-01-21,,IN_GRACE
FDX20258755747,CUST486244,Davies Ltd,Small,2025-12-24,29660,125560,76271,2026-01-03,10,7,2026-01-10,,ELIGIBLE
FDX20252568722,CUST963508,Davenport-Francis,Small,2025-12-22,56191,315066,211610,2026-01-01,10,7,2026-01-08,,ELIGIBLE
FDX20256854207,CUST586768,Walker-Nicholson,Mid,2025-12-12,58713,231474,139690,2025-12-27,15,12,2026-01-08,2026-01-02,RESOLVED_IN_GRACE
FDX20258816129,CUST629663,Davila LLC,Small,2025-12-27,21880,87286,24419,2026-01-06,10,7,2026-01-13,2026-01-07,RESOLVED_IN_GRACE
FDX20258859936,CUST516224,Levy and Sons,Small,2025-12-27,7797,35042,24801,2026-01-06,10,7,2026-01-13,,ELIGIBLE
FDX20259977752,CUST766275,Olson-Macdonald,Large,2025-12-12,58469,216627,163362,2026-01-06,25,20,2026-01-26,,ELIGIBLE
FDX20258798939,CUST229890,Cox-Lucas,Mid,2026-01-03,10038,57267,29575,2026-01-18,15,12,2026-01-30,2026-01-29,RESOLVED_IN_GRACE
FDX20252830713,CUST814263,Chambers-Gonzalez,Large,2025-12-06,46777,157907,152210,2025-12-31,25,20,2026-01-20,,ELIGIBLE
FDX20252439863,CUST132047,Brady-Hampton,Small,2026-01-11,55387,139580,96647,2026-01-21,10,7,2026-01-28,,ELIGIBLE
FDX20254024485,CUST353690,Brooks-Myers,Small,2026-01-04,13355,41941,24492,2026-01-14,10,7,2026-01-21,,ELIGIBLE
FDX20252817783,CUST490559,Brooks-Gonzales,Mega,2025-12-01,45095,256896,194677,2026-01-05,35,30,2026-02-04,,IN_GRACE
FDX20257659629,CUST612530,"Wilkerson, Alexander and Nelson",Small,2026-01-13,34690,203761,154686,2026-01-23,10,7,2026-01-30,,ELIGIBLE
FDX20258266453,CUST722899,Wilkins Group,Large,2025-12-04,46491,168001,53896,2025-12-29,25,20,2026-01-18,2026-01-14,RESOLVED_IN_GRACE
FDX20254346568,CUST567773,Evans-White,Mid,2025-12-22,52207,182498,72896,2026-01-06,15,12,2026-01-18,,ELIGIBLE
FDX20257736395,CUST286209,"Gomez, Strong and Blake",Small,2026-01-05,8643,35096,21646,2026-01-15,10,7,2026-01-22,,ELIGIBLE
FDX20256515017,CUST597635,George-Swanson,Mid,2025-12-28,25978,117355,100630,2026-01-12,15,12,2026-01-24,2026-01-14,RESOLVED_IN_GRACE
FDX20252081652,CUST715388,Williams-Wilson,Large,2025-12-16,4504,23539,19165,2026-01-10,25,20,2026-01-30,,ELIGIBLE
FDX20256323156,CUST678115,Torres-Reed,Small,2026-01-13,5374,30874,27615,2026-01-23,10,7,2026-01-30,2026-01-29,RESOLVED_IN_GRACE
FDX20256744913,CUST466749,Perez-Villarreal,Small,2025-12-31,27977,78556,35706,2026-01-10,10,7,2026-01-17,2026-01-17,RESOLVED_IN_GRACE
FDX20259158676,CUST460971,"Cuevas, Smith and Villarreal",Small,2026-01-01,33919,97013,47904,2026-01-11,10,7,2026-01-18,,ELIGIBLE
FDX20254567426,CUST271456,Graves-Young,Small,2025-12-29,45340,179627,45583,2026-01-08,10,7,2026-01-15,2026-01-14,RESOLVED_IN_GRACE
FDX20258989636,CUST978343,Matthews and Sons,Large,2025-12-08,11122,51240,13319,2026-01-02,25,20,2026-01-22,,ELIGIBLE
FDX20252918079,CUST371224,Cole-Harris,Mega,2025-12-01,2971,14097,7390,2026-01-05,35,30,2026-02-04,,ELIGIBLE
FDX20255670358,CUST885342,Benjamin-Jimenez,Mid,2025-12-14,13043,42286,28063,2025-12-29,15,12,2026-01-10,2026-01-05,RESOLVED_IN_GRACE
FDX20258626564,CUST971230,Joyce-Wilson,Mid,2025-12-17,53211,200459,117488,2026-01-01,15,12,2026-01-13,,ELIGIBLE
FDX20251642271,CUST822312,Barnes-Lee,Small,2026-01-09,21823,129963,106542,2026-01-19,10,7,2026-01-26,,ELIGIBLE
FDX20253612902,CUST194782,Johnson and Sons,Small,2026-01-03,21593,108232,65951,2026-01-13,10,7,2026-01-20,,IN_GRACE
FDX20258884747,CUST398916,Swanson-Chambers,Mid,2025-12-28,10684,54959,54835,2026-01-12,15,12,2026-01-24,2026-01-23,RESOLVED_IN_GRACE
FDX20253441316,CUST128783,"Carroll, Newman and Chen",Mid,2025-12-12,24839,70075,45802,2025-12-27,15,12,2026-01-08,2025-12-31,RESOLVED_IN_GRACE
FDX20254581434,CUST505343,Jackson-Jenkins,Small,2025-12-30,20141,115768,84411,2026-01-09,10,7,2026-01-16,,ELIGIBLE
FDX20256371840,CUST152062,Henderson-Bishop,Mid,2025-12-17,45534,182879,66382,2026-01-01,15,12,2026-01-13,,IN_GRACE
FDX20251525516,CUST270820,Leonard-Johnson,Mid,2025-12-31,6853,30607,7340,2026-01-15,15,12,2026-01-27,,ELIGIBLE
FDX20257380120,CUST995296,Miller-Cox,Small,2025-12-31,11786,62779,36297,2026-01-10,10,7,2026-01-17,,ELIGIBLE
FDX20252046902,CUST700056,Lee-Williams,Small,2026-01-09,47448,268832,139816,2026-01-19,10,7,2026-01-26,2026-01-21,RESOLVED_IN_GRACE
FDX20257064842,CUST917711,"Rangel, Robles and Browning",Large,2025-12-01,48492,265260,189390,2025-12-26,25,20,2026-01-15,,ELIGIBLE
FDX20258216043,CUST324729,Hurley Inc,Large,2025-12-01,48763,252594,138773,2025-12-26,25,20,2026-01-15,2026-01-07,RESOLVED_IN_GRACE
FDX20258942495,CUST998746,Harmon-Taylor,Small,2026-01-03,40789,231351,123738,2026-01-13,10,7,2026-01-20,,ELIGIBLE
FDX20254580607,CUST332103,Cobb-Clark,Large,2025-12-16,38447,145215,46224,2026-01-10,25,20,2026-01-30,,ELIGIBLE
FDX20251907270,CUST778827,Ryan-Arnold,Small,2025-12-24,18560,93824,27702,2026-01-03,10,7,2026-01-10,,IN_GRACE
FDX20254548261,CUST336047,Bolton-Patton,Large,2025-12-13,45612,204277,130323,2026-01-07,25,20,2026-01-27,,IN_GRACE
FDX20251384915,CUST810614,"Fleming, Reyes and Andersen",Small,2026-01-04,12225,65257,60574,2026-01-14,10,7,2026-01-21,,IN_GRACE
FDX20258095426,CUST316773,Frazier-Jones,Small,2026-01-09,52915,175459,152883,2026-01-19,10,7,2026-01-26,,ELIGIBLE
FDX20255527300,CUST382154,Aguirre-Zimmerman,Small,2025-12-24,16469,44431,42874,2026-01-03,10,7,2026-01-10,,ELIGIBLE
FDX20255229054,CUST783238,Doyle-Henderson,Small,2025-12-22,58007,170961,110352,2026-01-01,10,7,2026-01-08,2026-01-04,RESOLVED_IN_GRACE
FDX20253954562,CUST529399,Gonzalez-Middleton,Small,2026-01-11,49245,183665,54611,2026-01-21,10,7,2026-01-28,,IN_GRACE
FDX20252402429,CUST638214,Weaver-Herman,Mid,2025-12-24,44679,176210,79779,2026-01-08,15,12,2026-01-20,,ELIGIBLE
FDX20253377967,CUST121026,"Jones, Becker and Gonzales",Small,2026-01-11,41024,232323,161081,2026-01-21,10,7,2026-01-28,2026-01-27,RESOLVED_IN_GRACE
FDX20252161974,CUST918207,"Hebert, Montgomery and Bond",Small,2025-12-22,19800,88154,57452,2026-01-01,10,7,2026-01-08,,ELIGIBLE
FDX20255595368,CUST904858,Cummings-Mays,Large,2025-12-06,16393,55917,25927,2025-12-31,25,20,2026-01-20,2026-01-19,RESOLVED_IN_GRACE
FDX20257795921,CUST815338,Reed-Roth,Mid,2025-12-16,47520,199824,137973,2025-12-31,15,12,2026-01-12,2026-01-11,RESOLVED_IN_GRACE
FDX20252370851,CUST109330,Oconnor-York,Small,2026-01-03,31420,147402,87595,2026-01-13,10,7,2026-01-20,2026-01-17,RESOLVED_IN_GRACE
FDX20256005260,CUST597126,"Blair, Anderson and Ellis",Small,2025-12-24,46931,191348,61032,2026-01-03,10,7,2026-01-10,,IN_GRACE
FDX20258573586,CUST238741,Benitez-Gardner,Small,2025-12-26,20828,113994,80389,2026-01-05,10,7,2026-01-12,,ELIGIBLE
FDX20258041764,CUST778818,Gonzalez-Miles,Small,2026-01-03,9985,42121,30834,2026-01-13,10,7,2026-01-20,2026-01-19,RESOLVED_IN_GRACE
FDX20259804312,CUST281614,Moore-Rodriguez,Large,2025-12-02,51603,232119,123416,2025-12-27,25,20,2026-01-16,2026-01-16,RESOLVED_IN_GRACE
FDX20254592084,CUST730343,Davis-Sullivan,Small,2026-01-07,33011,102232,99849,2026-01-17,10,7,2026-01-24,2026-01-19,RESOLVED_IN_GRACE
FDX20255352802,CUST939767,Boyle and Sons,Small,2025-12-31,44851,189674,71792,2026-01-10,10,7,2026-01-17,,IN_GRACE
FDX20254088321,CUST108874,"Davidson, Martinez and Stephens",Small,2026-01-01,38391,98643,65265,2026-01-11,10,7,2026-01-18,,IN_GRACE
FDX20251901645,CUST334639,Solomon Ltd,Small,2026-01-05,31035,159876,148723,2026-01-15,10,7,2026-01-22,,ELIGIBLE
FDX20252550906,CUST364650,King-Campbell,Small,2025-12-27,53420,306330,281563,2026-01-06,10,7,2026-01-13,,ELIGIBLE
FDX20258189612,CUST737894,Jones-Horne,Mid,2025-12-12,6380,16663,6907,2025-12-27,15,12,2026-01-08,2026-01-06,RESOLVED_IN_GRACE
FDX20256738129,CUST944193,Perkins Group,Small,2026-01-03,39006,213459,185554,2026-01-13,10,7,2026-01-20,,ELIGIBLE
FDX20255981239,CUST420297,Hatfield-Barry,Small,2026-01-01,20608,89736,43380,2026-01-11,10,7,2026-01-18,,ELIGIBLE
FDX20253760410,CUST847362,Cuevas PLC,Mid,2025-12-17,41713,237414,84978,2026-01-01,15,12,2026-01-13,,IN_GRACE
FDX20254332044,CUST843826,Anderson-Hughes,Large,2025-12-10,39441,163516,48095,2026-01-04,25,20,2026-01-24,,ELIGIBLE
FDX20256859883,CUST773962,Turner-Williams,Small,2025-12-30,26355,149255,60390,2026-01-09,10,7,2026-01-16,2026-01-11,RESOLVED_IN_GRACE
FDX20258031349,CUST388755,"Walsh, Lawrence and Sanchez",Small,2026-01-11,9436,32022,25910,2026-01-21,10,7,2026-01-28,,ELIGIBLE
FDX20259080330,CUST544393,"Cantu, White and Velasquez",Small,2026-01-10,9799,52262,33096,2026-01-20,10,7,2026-01-27,,ELIGIBLE
FDX20258977556,CUST494763,Cooley and Sons,Small,2025-12-29,34656,132338,113881,2026-01-08,10,7,2026-01-15,,ELIGIBLE
FDX20259984304,CUST992952,Ryan-Peterson,Mid,2025-12-19,32291,182283,45480,2026-01-03,15,12,2026-01-15,,ELIGIBLE
FDX20253695916,CUST465648,James-Aguirre,Small,2026-01-05,58295,346671,152632,2026-01-15,10,7,2026-01-22,,IN_GRACE
FDX20258328019,CUST581294,Hanson-Deleon,Small,2025-12-29,20124,117906,97736,2026-01-08,10,7,2026-01-15,,ELIGIBLE
FDX20256950750,CUST364239,"Bautista, Brady and Hicks",Small,2025-12-30,6181,15509,11790,2026-01-09,10,7,2026-01-16,,ELIGIBLE
FDX20257528651,CUST328808,Romero-Lopez,Mid,2025-12-24,43656,204488,166751,2026-01-08,15,12,2026-01-20,2026-01-18,RESOLVED_IN_GRACE
FDX20251166623,CUST589368,Velez Inc,Small,2025-12-27,39050,120849,86453,2026-01-06,10,7,2026-01-13,2026-01-13,RESOLVED_IN_GRACE
FDX20254331283,CUST416822,Porter-Walker,Mega,2025-12-01,57115,281406,251987,2026-01-05,35,30,2026-02-04,2026-01-14,RESOLVED_IN_GRACE
FDX20252305413,CUST810091,Savage and Sons,Large,2025-12-01,16481,58536,39467,2025-12-26,25,20,2026-01-15,,IN_GRACE
FDX20253426274,CUST645928,Walker-Perez,Small,2025-12-31,59973,249259,151796,2026-01-10,10,7,2026-01-17,,IN_GRACE
FDX20256431331,CUST964352,Stevens PLC,Mega,2025-12-01,9166,44235,18825,2026-01-05,35,30,2026-02-04,2026-01-30,RESOLVED_IN_GRACE
FDX20256310245,CUST753898,Murphy-Herrera,Mega,2025-12-01,16111,59074,29518,2026-01-05,35,30,2026-02-04,,IN_GRACE
FDX20251238014,CUST516444,Watson-Watson,Small,2025-12-30,18882,83280,22543,2026-01-09,10,7,2026-01-16,,ELIGIBLE
FDX20253525076,CUST712879,Marshall-Sanchez,Small,2025-12-30,48471,243702,229816,2026-01-09,10,7,2026-01-16,,ELIGIBLE
FDX20258695022,CUST207282,Leonard-Mcintyre,Small,2026-01-10,3258,16568,15909,2026-01-20,10,7,2026-01-27,,IN_GRACE
FDX20253474414,CUST107704,Bailey-Wyatt,Small,2025-12-30,2817,13831,13504,2026-01-09,10,7,2026-01-16,2026-01-11,RESOLVED_IN_GRACE
FDX20259379307,CUST636361,White-Barnett,Small,2026-01-13,6160,23242,16933,2026-01-23,10,7,2026-01-30,,ELIGIBLE
FDX20256308442,CUST794530,Warner and Sons,Small,2025-12-29,41499,180413,104059,2026-01-08,10,7,2026-01-15,,ELIGIBLE
FDX20252906007,CUST984247,Bradley-Hunter,Small,2025-12-22,22647,115573,93409,2026-01-01,10,7,2026-01-08,2026-01-07,RESOLVED_IN_GRACE
FDX20257818036,CUST980152,Williams-Grant,Small,2025-12-27,52842,304024,293065,2026-01-06,10,7,2026-01-13,,ELIGIBLE
FDX20255409097,CUST492408,Thompson-Wolfe,Large,2025-12-03,19160,90648,21853,2025-12-28,25,20,2026-01-17,,IN_GRACE
FDX20259735757,CUST688730,Mejia-Cox,Mid,2025-12-21,50155,249272,105014,2026-01-05,15,12,2026-01-17,,ELIGIBLE
FDX20251061687,CUST778787,"Lowe, Byrd and Hubbard",Small,2025-12-26,46783,149334,67236,2026-01-05,10,7,2026-01-12,,ELIGIBLE
FDX20258559125,CUST722615,"Stephens, Brown and Little",Mid,2025-12-16,35778,110880,45388,2025-12-31,15,12,2026-01-12,,ELIGIBLE
FDX20253109184,CUST738635,Brown-Moon,Mid,2025-12-19,43257,134554,52611,2026-01-03,15,12,2026-01-15,,ELIGIBLE
FDX20258538483,CUST396408,Garcia-Gardner,Small,2025-12-27,13459,59432,33681,2026-01-06,10,7,2026-01-13,2026-01-12,RESOLVED_IN_GRACE
FDX20252634873,CUST412974,Carter-Brown,Small,2025-12-24,11473,34885,33100,2026-01-03,10,7,2026-01-10,2026-01-08,RESOLVED_IN_GRACE
FDX20251612133,CUST817659,Williams-Lee,Mid,2026-01-03,6659,27111,15048,2026-01-18,15,12,2026-01-30,2026-01-23,RESOLVED_IN_GRACE
FDX20254667881,CUST213355,Kelly-Miranda,Small,2025-12-31,51842,259572,196971,2026-01-10,10,7,2026-01-17,,ELIGIBLE
FDX20254148361,CUST605139,Heath Group,Mega,2025-12-01,34610,163021,63106,2026-01-05,35,30,2026-02-04,2026-01-30,RESOLVED_IN_GRACE
FDX20258049385,CUST166938,Sutton-Dawson,Large,2025-12-10,31934,163150,151400,2026-01-04,25,20,2026-01-24,2026-01-06,RESOLVED_IN_GRACE
FDX20253786712,CUST452618,Collins-Warren,Mid,2025-12-26,33454,91268,57697,2026-01-10,15,12,2026-01-22,2026-01-11,RESOLVED_IN_GRACE
FDX20257334348,CUST389913,Fitzgerald-Brooks,Mid,2025-12-21,30594,79779,71338,2026-01-05,15,12,2026-01-17,,ELIGIBLE
FDX20254626181,CUST771712,Simmons-Hernandez,Small,2025-12-29,25815,149119,120387,2026-01-08,10,7,2026-01-15,,ELIGIBLE
FDX20256839906,CUST440930,Petersen-Johnson,Large,2025-12-01,2808,13609,4940,2025-12-26,25,20,2026-01-15,,ELIGIBLE
FDX20254519240,CUST390334,Flores-Ingram,Large,2025-12-01,26720,154451,55203,2025-12-26,25,20,2026-01-15,,ELIGIBLE
FDX20254207115,CUST373832,Zimmerman-Hall,Large,2025-12-06,13657,63225,40177,2025-12-31,25,20,2026-01-20,,ELIGIBLE
FDX20251241105,CUST787991,Orr-Rodriguez,Large,2025-12-04,13250,49860,26498,2025-12-29,25,20,2026-01-18,,ELIGIBLE
FDX20257211871,CUST845635,Reed-Jones,Large,2025-12-08,10019,53057,31954,2026-01-02,25,20,2026-01-22,,ELIGIBLE
FDX20257103458,CUST783112,Brown-Martin,Small,2025-12-27,31188,98013,31622,2026-01-06,10,7,2026-01-13,,ELIGIBLE
FDX20251271644,CUST413305,Stephens-Barber,Small,2026-01-10,51896,259771,210851,2026-01-20,10,7,2026-01-27,,ELIGIBLE
FDX20256065787,CUST297509,Garcia-Mendoza,Small,2026-01-01,35924,96701,52657,2026-01-11,10,7,2026-01-18,2026-01-17,RESOLVED_IN_GRACE
FDX20256150025,CUST257212,"Wilson, Edwards and Bass",Small,2026-01-13,33683,89462,65223,2026-01-23,10,7,2026-01-30,2026-01-28,RESOLVED_IN_GRACE
FDX20259423591,CUST642421,Wilkins-Howard,Small,2025-12-27,42231,168915,100024,2026-01-06,10,7,2026-01-13,,ELIGIBLE
FDX20253092879,CUST902658,Harrison LLC,Small,2025-12-31,41101,238310,171847,2026-01-10,10,7,2026-01-17,,ELIGIBLE
FDX20259374022,CUST351974,Collins Group,Large,2025-12-14,33916,171764,120111,2026-01-08,25,20,2026-01-28,,ELIGIBLE
FDX20258650368,CUST159532,Anderson-Burgess,Small,2026-01-07,12187,42972,32513,2026-01-17,10,7,2026-01-24,,ELIGIBLE
FDX20257946668,CUST944554,Morris Ltd,Small,2025-12-22,40095,214180,91256,2026-01-01,10,7,2026-01-08,,IN_GRACE
FDX20257885148,CUST998960,Vega-Lowery,Small,2026-01-03,26980,141599,132563,2026-01-13,10,7,2026-01-20,,ELIGIBLE
FDX20256901033,CUST941339,Conway Group,Small,2025-12-24,8632,48147,42656,2026-01-03,10,7,2026-01-10,,ELIGIBLE
FDX20256909123,CUST949376,George-Erickson,Small,2026-01-03,21196,100431,57517,2026-01-13,10,7,2026-01-20,,ELIGIBLE
FDX20258144563,CUST729180,Dixon-Carey,Mega,2025-12-01,19044,61717,57463,2026-01-05,35,30,2026-02-04,,ELIGIBLE
FDX20259777333,CUST523727,Rios-Michael,Mid,2026-01-01,37239,181390,96098,2026-01-16,15,12,2026-01-28,,IN_GRACE
FDX20256634235,CUST792616,Murray-Elliott,Small,2026-01-11,34722,206667,129702,2026-01-21,10,7,2026-01-28,,ELIGIBLE
FDX20252902200,CUST435109,Parks-Dominguez,Small,2025-12-22,31146,172002,71414,2026-01-01,10,7,2026-01-08,2026-01-06,RESOLVED_IN_GRACE
FDX20253949666,CUST813824,Cruz-Hamilton,Small,2026-01-01,12351,57076,21972,2026-01-11,10,7,2026-01-18,2026-01-17,RESOLVED_IN_GRACE
FDX20258697782,CUST246726,Massey-Schwartz,Small,2026-01-05,41129,107502,54315,2026-01-15,10,7,2026-01-22,2026-01-19,RESOLVED_IN_GRACE
FDX20258187084,CUST856320,Cruz-Thomas,Small,2026-01-09,54143,227606,81578,2026-01-19,10,7,2026-01-26,,ELIGIBLE
FDX20257259939,CUST126691,"Henderson, Rogers and Brown",Small,2025-12-27,22188,131136,63299,2026-01-06,10,7,2026-01-13,,ELIGIBLE
FDX20253967808,CUST787237,Chambers-Brown,Large,2025-12-13,12375,62503,30991,2026-01-07,25,20,2026-01-27,2026-01-22,RESOLVED_IN_GRACE
FDX20253728933,CUST621533,"Meadows, Baker and Mann",Small,2026-01-01,57353,285829,275240,2026-01-11,10,7,2026-01-18,2026-01-17,RESOLVED_IN_GRACE
FDX20258312788,CUST409963,"Gilmore, Johnson and Ramirez",Mid,2026-01-01,33883,97664,57549,2026-01-16,15,12,2026-01-28,2026-01-27,RESOLVED_IN_GRACE
FDX20257401570,CUST372028,"Arnold, Shepherd and Dudley",Small,2025-12-22,23224,87404,35876,2026-01-01,10,7,2026-01-08,2026-01-03,RESOLVED_IN_GRACE
FDX20255781975,CUST538897,Garcia-Vance,Small,2025-12-22,6131,36547,20744,2026-01-01,10,7,2026-01-08,,ELIGIBLE
FDX20258339925,CUST524252,Anderson-Pacheco,Mid,2025-12-16,39126,157510,48462,2025-12-31,15,12,2026-01-12,,ELIGIBLE
FDX20255752118,CUST507135,Williams-Trujillo,Mid,2025-12-26,53468,308033,109347,2026-01-10,15,12,2026-01-22,2026-01-21,RESOLVED_IN_GRACE
FDX20252664720,CUST872519,Todd Group,Large,2025-12-07,21079,117591,64263,2026-01-01,25,20,2026-01-21,2026-01-14,RESOLVED_IN_GRACE
FDX20252470022,CUST137034,Campos-Long,Mid,2026-01-03,59162,164570,139936,2026-01-18,15,12,2026-01-30,2026-01-25,RESOLVED_IN_GRACE
FDX20252741677,CUST711344,Waller-Garcia,Mid,2025-12-19,50615,151379,111536,2026-01-03,15,12,2026-01-15,,ELIGIBLE
FDX20252503875,CUST842464,Barnes-Poole,Mid,2025-12-31,26368,113207,109002,2026-01-15,15,12,2026-01-27,,ELIGIBLE
FDX20251275590,CUST699829,Gonzalez-Trujillo,Mid,2025-12-31,4815,16706,6659,2026-01-15,15,12,2026-01-27,2026-01-16,RESOLVED_IN_GRACE
FDX20257900127,CUST955653,White-Smith,Mid,2025-12-12,54044,140457,59724,2025-12-27,15,12,2026-01-08,2025-12-30,RESOLVED_IN_GRACE
FDX20252739382,CUST299140,Allen-Taylor,Small,2026-01-13,34183,154708,89777,2026-01-23,10,7,2026-01-30,,IN_GRACE
FDX20259328292,CUST459836,Boyd-Hill,Mid,2025-12-21,21664,127960,68427,2026-01-05,15,12,2026-01-17,,ELIGIBLE
FDX20252672723,CUST861842,Anderson-Gaines,Mid,2025-12-21,59683,285994,235404,2026-01-05,15,12,2026-01-17,2026-01-13,RESOLVED_IN_GRACE
FDX20258450817,CUST848021,Calderon-Dunn,Small,2025-12-31,5196,13153,8071,2026-01-10,10,7,2026-01-17,2026-01-11,RESOLVED_IN_GRACE
FDX20259445004,CUST333164,Fischer and Sons,Small,2025-12-26,43213,140861,85888,2026-01-05,10,7,2026-01-12,2026-01-07,RESOLVED_IN_GRACE
FDX20251547533,CUST819656,Pierce-Moran,Small,2026-01-01,35102,205388,49102,2026-01-11,10,7,2026-01-18,,IN_GRACE
FDX20255863789,CUST660605,Chen-Powers,Mid,2025-12-14,58816,317345,264749,2025-12-29,15,12,2026-01-10,2026-01-05,RESOLVED_IN_GRACE
FDX20258057182,CUST769320,Krueger-Ortiz,Small,2026-01-10,14166,41677,34287,2026-01-20,10,7,2026-01-27,,ELIGIBLE
FDX20254554607,CUST923024,Escobar-Diaz,Mid,2025-12-24,47386,119198,90758,2026-01-08,15,12,2026-01-20,,ELIGIBLE
FDX20254739295,CUST598844,Bell-Rivera,Mid,2025-12-19,15640,71602,70341,2026-01-03,15,12,2026-01-15,,ELIGIBLE
FDX20258627423,CUST804505,Edwards-Edwards,Mid,2026-01-03,26605,144903,53893,2026-01-18,15,12,2026-01-30,,IN_GRACE
FDX20257393458,CUST475911,Michael PLC,Small,2025-12-22,12680,68156,43328,2026-01-01,10,7,2026-01-08,2026-01-07,RESOLVED_IN_GRACE
FDX20252921009,CUST631958,"Jackson, Sanchez and Mullins",Large,2025-12-01,39218,142023,132137,2025-12-26,25,20,2026-01-15,2026-01-11,RESOLVED_IN_GRACE
FDX20254280956,CUST414777,"Lawrence, Avila and Reed",Mid,2025-12-16,20307,101203,44857,2025-12-31,15,12,2026-01-12,,ELIGIBLE
FDX20258878148,CUST986486,Shelton LLC,Mid,2025-12-30,13230,58976,47021,2026-01-14,15,12,2026-01-26,,ELIGIBLE
FDX20253087766,CUST278243,Greer and Sons,Small,2025-12-22,45823,274732,170532,2026-01-01,10,7,2026-01-08,,ELIGIBLE
FDX20256882321,CUST981473,Nelson-Hart,Small,2025-12-22,22291,81211,28113,2026-01-01,10,7,2026-01-08,,ELIGIBLE
FDX20258783741,CUST789558,Montgomery-Gray,Small,2025-12-30,6527,27717,11885,2026-01-09,10,7,2026-01-16,,ELIGIBLE
FDX20257927895,CUST685365,Patrick-Ford,Small,2026-01-03,45299,181443,99407,2026-01-13,10,7,2026-01-20,,ELIGIBLE
FDX20257640565,CUST289934,"Ramos, Frazier and Giles",Small,2026-01-13,36827,156554,54390,2026-01-23,10,7,2026-01-30,2026-01-30,RESOLVED_IN_GRACE
FDX20251127592,CUST408054,Mendoza-Spears,Small,2025-12-29,44513,118173,102770,2026-01-08,10,7,2026-01-15,,ELIGIBLE
FDX20257285479,CUST202344,Owens-King,Small,2025-12-26,22810,115491,101792,2026-01-05,10,7,2026-01-12,2026-01-07,RESOLVED_IN_GRACE
FDX20254757032,CUST593649,Castro-Henry,Mid,2025-12-19,49531,149261,90226,2026-01-03,15,12,2026-01-15,,IN_GRACE
FDX20259515457,CUST234159,Wells-Buck,Mid,2026-01-01,57934,315492,136521,2026-01-16,15,12,2026-01-28,,ELIGIBLE
FDX20255758092,CUST876909,Lopez-Hernandez,Small,2026-01-11,17955,87756,53037,2026-01-21,10,7,2026-01-28,2026-01-28,RESOLVED_IN_GRACE
FDX20255489736,CUST371216,Holder-Shepherd,Large,2025-12-01,52814,162192,130633,2025-12-26,25,20,2026-01-15,2026-01-14,RESOLVED_IN_GRACE
FDX20255437558,CUST860413,Elliott and Sons,Mega,2025-12-01,26115,151763,61526,2026-01-05,35,30,2026-02-04,,IN_GRACE
FDX20256157260,CUST947609,"Wang, Luna and White",Small,2026-01-09,22181,130777,121763,2026-01-19,10,7,2026-01-26,,ELIGIBLE
FDX20257957788,CUST686187,"Stafford, Bell and Wright",Small,2025-12-26,51495,299563,152253,2026-01-05,10,7,2026-01-12,,ELIGIBLE
FDX20255052611,CUST899977,Martin-Barry,Mega,2025-12-01,13021,74035,30237,2026-01-05,35,30,2026-02-04,,IN_GRACE
FDX20251069752,CUST291961,Ellis-Jacobs,Small,2026-01-04,45352,166466,117816,2026-01-14,10,7,2026-01-21,2026-01-17,RESOLVED_IN_GRACE
FDX20257955106,CUST812730,Myers-Scott,Mid,2025-12-26,1915,9494,7785,2026-01-10,15,12,2026-01-22,,ELIGIBLE
FDX20251548189,CUST451936,"Cooper, Hahn and Allen",Small,2026-01-01,55808,176510,156329,2026-01-11,10,7,2026-01-18,2026-01-15,RESOLVED_IN_GRACE
FDX20251260551,CUST786224,"Johnston, Whitaker and Pratt",Large,2025-12-01,30778,164086,50297,2025-12-26,25,20,2026-01-15,,ELIGIBLE
FDX20251440348,CUST193637,Savage-Walsh,Mid,2025-12-28,56799,234991,174886,2026-01-12,15,12,2026-01-24,2026-01-16,RESOLVED_IN_GRACE
FDX20253573211,CUST333049,Mason-Cole,Small,2026-01-01,45131,221362,183527,2026-01-11,10,7,2026-01-18,2026-01-14,RESOLVED_IN_GRACE
FDX20257281485,CUST472541,Shepard LLC,Small,2026-01-03,1863,9957,5505,2026-01-13,10,7,2026-01-20,2026-01-14,RESOLVED_IN_GRACE
FDX20259706758,CUST334176,"Mcgrath, Mason and Flores",Mid,2025-12-31,22503,70649,57999,2026-01-15,15,12,2026-01-27,2026-01-18,RESOLVED_IN_GRACE
FDX20256326278,CUST880360,Robinson-Young,Mid,2025-12-24,24409,72644,66765,2026-01-08,15,12,2026-01-20,,ELIGIBLE
FDX20256621876,CUST422002,Huffman-Lozano,Mid,2025-12-31,9271,49073,11271,2026-01-15,15,12,2026-01-27,2026-01-19,RESOLVED_IN_GRACE
FDX20253859017,CUST540897,Phillips Inc,Small,2026-01-03,7375,39835,24783,2026-01-13,10,7,2026-01-20,2026-01-17,RESOLVED_IN_GRACE
FDX20258214533,CUST926372,Clark-May,Mid,2025-12-22,31183,95072,32424,2026-01-06,15,12,2026-01-18,,ELIGIBLE
FDX20255057252,CUST447411,Copeland-Harmon,Small,2026-01-07,32751,128424,108648,2026-01-17,10,7,2026-01-24,,ELIGIBLE
FDX20257565971,CUST489737,Marshall-Duncan,Mid,2025-12-20,8408,29994,17511,2026-01-04,15,12,2026-01-16,2026-01-16,RESOLVED_IN_GRACE
FDX20254232305,CUST373216,Miller-Carson,Large,2025-12-01,25963,119203,82276,2025-12-26,25,20,2026-01-15,,IN_GRACE
FDX20257598776,CUST714015,Morgan-Tran,Small,2025-12-31,6557,36683,19932,2026-01-10,10,7,2026-01-17,,ELIGIBLE
FDX20251865385,CUST408334,Thornton-Davis,Large,2025-12-01,54323,241299,174678,2025-12-26,25,20,2026-01-15,2026-01-08,RESOLVED_IN_GRACE
FDX20258199144,CUST586288,Campbell Ltd,Small,2026-01-09,53679,136701,65769,2026-01-19,10,7,2026-01-26,2026-01-25,RESOLVED_IN_GRACE
FDX20253162087,CUST992562,Meyer-Jarvis,Large,2025-12-01,23316,65445,41031,2025-12-26,25,20,2026-01-15,,IN_GRACE
FDX20257550021,CUST223502,King-Nunez,Large,2025-12-01,16874,60018,16970,2025-12-26,25,20,2026-01-15,2025-12-29,RESOLVED_IN_GRACE
FDX20253914492,CUST593393,Wilson-Johnson,Mega,2025-12-01,1566,5433,3172,2026-01-05,35,30,2026-02-04,2026-01-26,RESOLVED_IN_GRACE
FDX20257763214,CUST156284,Castillo-Lambert,Small,2026-01-13,25881,109550,85335,2026-01-23,10,7,2026-01-30,,IN_GRACE
FDX20256337250,CUST765213,Li PLC,Small,2025-12-26,26304,156774,66162,2026-01-05,10,7,2026-01-12,,IN_GRACE
FDX20259678469,CUST711922,Barrett-Love,Small,2026-01-10,31740,127865,86692,2026-01-20,10,7,2026-01-27,,ELIGIBLE
FDX20253658243,CUST708502,Mitchell Group,Small,2025-12-26,56822,310455,278593,2026-01-05,10,7,2026-01-12,,IN_GRACE
FDX20258338380,CUST750803,"Nielsen, Solomon and Kane",Large,2025-12-01,51946,233361,147039,2025-12-26,25,20,2026-01-15,2026-01-10,RESOLVED_IN_GRACE
FDX20254875025,CUST174675,Mullen PLC,Large,2025-12-01,59329,198805,95837,2025-12-26,25,20,2026-01-15,,ELIGIBLE
FDX20252670640,CUST595158,Robles-Hernandez,Small,2026-01-09,40031,225016,165779,2026-01-19,10,7,2026-01-26,,ELIGIBLE
FDX20253119470,CUST303993,Peterson-Johnson,Small,2025-12-29,21217,63998,25061,2026-01-08,10,7,2026-01-15,2026-01-11,RESOLVED_IN_GRACE
FDX20259460029,CUST624788,Rangel PLC,Large,2025-12-07,1677,7740,5933,2026-01-01,25,20,2026-01-21,,ELIGIBLE
FDX20252985964,CUST225636,"Mcdowell, Wood and Brown",Mid,2026-01-01,22761,59656,32715,2026-01-16,15,12,2026-01-28,2026-01-20,RESOLVED_IN_GRACE
FDX20257576872,CUST813763,"Oconnell, Jones and Baker",Mid,2025-12-20,17468,47242,37520,2026-01-04,15,12,2026-01-16,2026-01-09,RESOLVED_IN_GRACE
FDX20255365936,CUST500209,Nolan-Parker,Mid,2025-12-24,59905,261494,259332,2026-01-08,15,12,2026-01-20,2026-01-20,RESOLVED_IN_GRACE
FDX20253668469,CUST655575,Collins-Garcia,Mid,2026-01-01,13677,41878,23855,2026-01-16,15,12,2026-01-28,,ELIGIBLE
FDX20256409052,CUST412848,Decker-Andrade,Small,2025-12-31,47570,246125,214416,2026-01-10,10,7,2026-01-17,,IN_GRACE
FDX20254418568,CUST533174,Jackson-Stout,Large,2025-12-10,3035,14438,4635,2026-01-04,25,20,2026-01-24,,ELIGIBLE
FDX20252564549,CUST156688,"Russo, Garcia and Wang",Large,2025-12-07,56399,239355,144063,2026-01-01,25,20,2026-01-21,2026-01-09,RESOLVED_IN_GRACE
FDX20252564733,CUST995735,Rodriguez-Black,Mid,2025-12-12,57190,264309,114790,2025-12-27,15,12,2026-01-08,,IN_GRACE
FDX20251430171,CUST258102,Turner-Espinoza,Mega,2025-12-01,56311,144104,98513,2026-01-05,35,30,2026-02-04,2026-01-12,RESOLVED_IN_GRACE
FDX20258338707,CUST244037,Berry-Carter,Small,2026-01-03,52357,208575,95588,2026-01-13,10,7,2026-01-20,2026-01-18,RESOLVED_IN_GRACE
FDX20251193577,CUST310026,Armstrong and Sons,Small,2025-12-29,40586,101483,72747,2026-01-08,10,7,2026-01-15,2026-01-14,RESOLVED_IN_GRACE
FDX20253567729,CUST459315,Smith-Rodriguez,Mid,2025-12-12,36115,99501,77726,2025-12-27,15,12,2026-01-08,,IN_GRACE
FDX20251466714,CUST529068,Brown-Hall,Mid,2025-12-12,59890,259264,98931,2025-12-27,15,12,2026-01-08,,ELIGIBLE
FDX20252321583,CUST697062,Ward-Martin,Mid,2025-12-12,39431,151633,47611,2025-12-27,15,12,2026-01-08,,IN_GRACE
FDX20257415688,CUST579798,"Barber, Fernandez and Horne",Mid,2025-12-19,39216,197086,68427,2026-01-03,15,12,2026-01-15,,IN_GRACE
FDX20251424293,CUST250181,Jenkins-Richards,Mega,2025-12-01,24543,68718,55934,2026-01-05,35,30,2026-02-04,2026-01-09,RESOLVED_IN_GRACE
FDX20253190232,CUST431752,Bell-Fields,Mid,2025-12-24,57770,157658,114370,2026-01-08,15,12,2026-01-20,,ELIGIBLE
FDX20258611927,CUST850432,Marshall-Evans,Large,2025-12-03,27588,84928,53625,2025-12-28,25,20,2026-01-17,,IN_GRACE
FDX20257008279,CUST289117,Hicks-Carpenter,Large,2025-12-01,41077,117000,69946,2025-12-26,25,20,2026-01-15,,IN_GRACE
FDX20254129876,CUST916779,Bishop-Garcia,Small,2025-12-31,29907,135012,37467,2026-01-10,10,7,2026-01-17,,ELIGIBLE
FDX20255021865,CUST184736,Jimenez and Sons,Small,2026-01-01,23235,133608,30916,2026-01-11,10,7,2026-01-18,,ELIGIBLE
FDX20254720435,CUST611265,Garza-Parker,Small,2026-01-11,19141,63372,26980,2026-01-21,10,7,2026-01-28,,ELIGIBLE
FDX20255981533,CUST448787,Tran-Olson,Large,2025-12-04,31654,165238,154673,2025-12-29,25,20,2026-01-18,,ELIGIBLE
FDX20254251909,CUST761685,Villa-Davis,Mid,2026-01-03,30536,156134,86994,2026-01-18,15,12,2026-01-30,,ELIGIBLE
FDX20259982810,CUST285413,"Bryan, Sanders and Aguilar",Mid,2025-12-17,45719,167441,59338,2026-01-01,15,12,2026-01-13,2026-01-11,RESOLVED_IN_GRACE
FDX20255114686,CUST428638,Duffy-Stewart,Small,2026-01-04,39199,172732,147309,2026-01-14,10,7,2026-01-21,2026-01-18,RESOLVED_IN_GRACE
FDX20257343582,CUST765320,"Bridges, Mckee and Perkins",Mid,2026-01-03,3615,18338,13804,2026-01-18,15,12,2026-01-30,,ELIGIBLE
FDX20255370124,CUST160831,Valdez-Thornton,Small,2026-01-01,26878,155419,33259,2026-01-11,10,7,2026-01-18,,IN_GRACE
FDX20251868201,CUST104942,Salazar-Pearson,Large,2025-12-03,37512,214677,108591,2025-12-28,25,20,2026-01-17,,ELIGIBLE
FDX20255613144,CUST574012,"Delgado, Clark and Alexander",Small,2026-01-13,41862,214805,60009,2026-01-23,10,7,2026-01-30,,ELIGIBLE
FDX20252391894,CUST386814,Webster-Phillips,Mid,2025-12-12,58057,184127,77662,2025-12-27,15,12,2026-01-08,2026-01-06,RESOLVED_IN_GRACE
FDX20253412052,CUST319553,Simpson-Morris,Small,2026-01-05,58045,279138,115451,2026-01-15,10,7,2026-01-22,,ELIGIBLE
FDX20251388238,CUST898169,King Group,Small,2026-01-11,2705,15168,13674,2026-01-21,10,7,2026-01-28,,IN_GRACE
FDX20252735086,CUST911117,Espinoza-Mason,Mid,2025-12-28,50714,255258,192548,2026-01-12,15,12,2026-01-24,,ELIGIBLE
FDX20252861122,CUST276795,Molina Group,Small,2026-01-03,35387,129226,128729,2026-01-13,10,7,2026-01-20,2026-01-17,RESOLVED_IN_GRACE
FDX20258702884,CUST704272,"Luna, Mccormick and Rodriguez",Small,2025-12-30,31143,151674,101811,2026-01-09,10,7,2026-01-16,,ELIGIBLE
FDX20253058301,CUST901619,Kim-Warren,Large,2025-12-07,34821,205845,167136,2026-01-01,25,20,2026-01-21,2026-01-06,RESOLVED_IN_GRACE
FDX20252796448,CUST266131,Schultz LLC,Large,2025-12-06,18274,96651,46689,2025-12-31,25,20,2026-01-20,,ELIGIBLE
FDX20253379602,CUST613358,Lyons-Bryant,Mid,2025-12-21,31336,123981,112826,2026-01-05,15,12,2026-01-17,2026-01-12,RESOLVED_IN_GRACE
FDX20255738943,CUST923353,Baker-Baker,Mid,2025-12-28,36301,187851,138985,2026-01-12,15,12,2026-01-24,2026-01-21,RESOLVED_IN_GRACE
FDX20255395541,CUST900660,"Juarez, Gonzales and Zimmerman",Small,2026-01-09,46494,229167,92884,2026-01-19,10,7,2026-01-26,,ELIGIBLE
FDX20254030429,CUST917629,Parks Ltd,Mega,2025-12-01,30794,110229,96621,2026-01-05,35,30,2026-02-04,,ELIGIBLE
FDX20252556542,CUST192318,Wiley-Castro,Mega,2025-12-01,13781,80066,44495,2026-01-05,35,30,2026-02-04,,ELIGIBLE
FDX20252298244,CUST235691,"Patrick, Lee and Smith",Small,2026-01-05,2300,12899,2885,2026-01-15,10,7,2026-01-22,,IN_GRACE
FDX20259292055,CUST744328,Bowman-Owens,Large,2025-12-14,38847,212532,55834,2026-01-08,25,20,2026-01-28,,ELIGIBLE
FDX20257063240,CUST554779,Mccoy-Reed,Mid,2025-12-19,22763,90637,86742,2026-01-03,15,12,2026-01-15,2026-01-09,RESOLVED_IN_GRACE
FDX20254489198,CUST764259,Cole-Robinson,Small,2026-01-01,40193,193525,44375,2026-01-11,10,7,2026-01-18,2026-01-12,RESOLVED_IN_GRACE
FDX20257556539,CUST550268,Robertson-Carroll,Small,2026-01-10,54742,187815,111386,2026-01-20,10,7,2026-01-27,,ELIGIBLE
FDX20252688991,CUST522988,Reynolds-Paul,Mid,2025-12-28,26708,126057,46550,2026-01-12,15,12,2026-01-24,,ELIGIBLE
FDX20259238233,CUST549865,Willis and Sons,Small,2026-01-05,49133,145861,57736,2026-01-15,10,7,2026-01-22,,ELIGIBLE
FDX20251368376,CUST600590,Williams-Preston,Small,2026-01-11,56241,226461,156342,2026-01-21,10,7,2026-01-28,,ELIGIBLE
FDX20257941491,CUST501936,Mcintosh Ltd,Mid,2025-12-19,30734,177068,167542,2026-01-03,15,12,2026-01-15,,ELIGIBLE
FDX20252234399,CUST104895,Mullins-Keith,Large,2025-12-01,5834,23662,6416,2025-12-26,25,20,2026-01-15,,ELIGIBLE
FDX20259162405,CUST139557,"Buck, Clark and Fernandez",Small,2026-01-05,36607,112407,106692,2026-01-15,10,7,2026-01-22,2026-01-17,RESOLVED_IN_GRACE
FDX20252280314,CUST659711,"Kramer, Phillips and James",Small,2025-12-29,20752,105057,61198,2026-01-08,10,7,2026-01-15,,ELIGIBLE
FDX20254528180,CUST309100,"Clay, Ryan and Huerta",Mid,2025-12-26,41419,134747,125398,2026-01-10,15,12,2026-01-22,,ELIGIBLE
FDX20258044872,CUST866151,Lee-Smith,Small,2026-01-10,17227,72517,22452,2026-01-20,10,7,2026-01-27,,ELIGIBLE
FDX20257295723,CUST491225,Wolf-Hammond,Small,2026-01-09,29034,115321,36365,2026-01-19,10,7,2026-01-26,,ELIGIBLE
FDX20256261082,CUST114760,Williamson Ltd,Mid,2025-12-20,38717,169813,82670,2026-01-04,15,12,2026-01-16,2026-01-15,RESOLVED_IN_GRACE
FDX20258564486,CUST437864,Barker-Campbell,Mid,2025-12-24,54599,193281,82342,2026-01-08,15,12,2026-01-20,,ELIGIBLE
FDX20253702870,CUST893612,Harrington-Lara,Large,2025-12-14,25990,139693,79508,2026-01-08,25,20,2026-01-28,2026-01-16,RESOLVED_IN_GRACE
FDX20254016651,CUST973703,Hammond LLC,Mid,2025-12-22,32248,151226,43493,2026-01-06,15,12,2026-01-18,2026-01-10,RESOLVED_IN_GRACE
FDX20256012276,CUST656829,"Whitaker, Ferrell and Harvey",Small,2025-12-31,9243,52007,49302,2026-01-10,10,7,2026-01-17,,IN_GRACE
FDX20251170125,CUST299834,Guzman-Moore,Large,2025-12-02,5611,25973,9091,2025-12-27,25,20,2026-01-16,2026-01-13,RESOLVED_IN_GRACE
FDX20253997703,CUST118786,Odonnell PLC,Small,2025-12-31,49152,142425,142103,2026-01-10,10,7,2026-01-17,2026-01-12,RESOLVED_IN_GRACE
FDX20251527651,CUST809621,Harmon and Sons,Small,2025-12-31,26482,142254,131775,2026-01-10,10,7,2026-01-17,,IN_GRACE
FDX20252966409,CUST104324,"Watkins, Richardson and Weber",Mid,2025-12-26,3035,8018,5294,2026-01-10,15,12,2026-01-22,,ELIGIBLE
FDX20256751404,CUST757128,Anderson-Johnson,Mid,2025-12-31,30342,153730,36654,2026-01-15,15,12,2026-01-27,,ELIGIBLE
FDX20256818065,CUST869238,"Trujillo, Riggs and Barnes",Mid,2025-12-30,21414,110185,61427,2026-01-14,15,12,2026-01-26,,IN_GRACE
FDX20259118679,CUST360909,Rice-Butler,Small,2025-12-24,19943,84161,23874,2026-01-03,10,7,2026-01-10,,IN_GRACE
FDX20251084130,CUST337256,Patton-Cruz,Mid,2025-12-16,51961,220896,195178,2025-12-31,15,12,2026-01-12,2026-01-02,RESOLVED_IN_GRACE
FDX20253657314,CUST827213,Moyer and Sons,Mid,2025-12-19,23035,70463,62674,2026-01-03,15,12,2026-01-15,,ELIGIBLE
FDX20259753488,CUST461076,Allen-Garcia,Mega,2025-12-01,51345,186751,118181,2026-01-05,35,30,2026-02-04,2026-02-04,RESOLVED_IN_GRACE
FDX20255269818,CUST427252,"Higgins, Morgan and Clark",Large,2025-12-01,11704,61668,48386,2025-12-26,25,20,2026-01-15,,ELIGIBLE
FDX20253040002,CUST235193,Moses-Woodard,Small,2026-01-04,38503,120668,120550,2026-01-14,10,7,2026-01-21,2026-01-15,RESOLVED_IN_GRACE
FDX20254235406,CUST207697,Sparks-Clark,Mid,2025-12-22,42279,147780,99166,2026-01-06,15,12,2026-01-18,,IN_GRACE
FDX20251495854,CUST502181,Bowers-Edwards,Small,2025-12-30,53247,273339,209622,2026-01-09,10,7,2026-01-16,,IN_GRACE
FDX20259991819,CUST627786,Edwards-Soto,Mid,2025-12-17,5061,13343,13261,2026-01-01,15,12,2026-01-13,2026-01-08,RESOLVED_IN_GRACE
FDX20251386516,CUST717265,Castro-Edwards,Small,2025-12-26,45943,127959,101353,2026-01-05,10,7,2026-01-12,,ELIGIBLE
FDX20259690512,CUST420984,Russell-Alexander,Small,2026-01-04,55689,276227,74724,2026-01-14,10,7,2026-01-21,,ELIGIBLE
FDX20259585651,CUST275133,"Stone, Wu and Reynolds",Large,2025-12-06,59993,226397,140812,2025-12-31,25,20,2026-01-20,,ELIGIBLE
FDX20253555942,CUST168458,Liu-Wiley,Small,2026-01-05,57869,165832,114085,2026-01-15,10,7,2026-01-22,,ELIGIBLE
FDX20254629021,CUST963862,"Jordan, Thompson and Miller",Mid,2025-12-24,43356,220231,145261,2026-01-08,15,12,2026-01-20,,ELIGIBLE
FDX20257121849,CUST147939,Terry LLC,Small,2026-01-01,7792,22849,15605,2026-01-11,10,7,2026-01-18,,ELIGIBLE
FDX20252925830,CUST412687,Cook-Crane,Small,2026-01-11,51257,250457,230782,2026-01-21,10,7,2026-01-28,,ELIGIBLE
FDX20254639947,CUST404955,Morales Inc,Small,2026-01-13,11468,68602,29707,2026-01-23,10,7,2026-01-30,,ELIGIBLE
FDX20251494887,CUST578073,Marquez-Bolton,Mid,2026-01-03,12194,30613,25603,2026-01-18,15,12,2026-01-30,2026-01-26,RESOLVED_IN_GRACE
FDX20256495204,CUST863187,Reilly Inc,Small,2026-01-07,4786,12941,7590,2026-01-17,10,7,2026-01-24,2026-01-23,RESOLVED_IN_GRACE
FDX20253324735,CUST645561,"Gould, Taylor and Johnson",Small,2026-01-03,35505,186284,125850,2026-01-13,10,7,2026-01-20,,ELIGIBLE
FDX20254686979,CUST725339,Williams-Riley,Mid,2025-12-31,37831,134836,74548,2026-01-15,15,12,2026-01-27,,ELIGIBLE
FDX20252399937,CUST649577,Castaneda PLC,Large,2025-12-13,45955,117940,79371,2026-01-07,25,20,2026-01-27,,ELIGIBLE
FDX20253123664,CUST454245,Cobb-Howard,Mid,2025-12-22,42333,231561,169348,2026-01-06,15,12,2026-01-18,,ELIGIBLE
FDX20255489424,CUST554730,Brown-Steele,Small,2026-01-05,48141,274861,232226,2026-01-15,10,7,2026-01-22,,ELIGIBLE
FDX20255591361,CUST820141,Rodriguez-Pace,Mid,2026-01-03,22622,120015,45774,2026-01-18,15,12,2026-01-30,2026-01-23,RESOLVED_IN_GRACE
FDX20259079485,CUST240288,Wagner-Price,Small,2026-01-10,1943,5131,2887,2026-01-20,10,7,2026-01-27,2026-01-21,RESOLVED_IN_GRACE
FDX20254342651,CUST459381,Dillon LLC,Mid,2025-12-21,14429,41545,26405,2026-01-05,15,12,2026-01-17,,ELIGIBLE
FDX20252542997,CUST613989,Snyder-Johnson,Small,2025-12-22,5727,31353,19280,2026-01-01,10,7,2026-01-08,,IN_GRACE
FDX20256847755,CUST476701,Frey-Snyder,Mid,2025-12-17,7553,33539,18941,2026-01-01,15,12,2026-01-13,,ELIGIBLE
FDX20255937884,CUST886553,Butler-Johnson,Large,2025-12-06,40132,214416,86812,2025-12-31,25,20,2026-01-20,2026-01-05,RESOLVED_IN_GRACE
FDX20258835693,CUST297579,Clark-Smith,Mid,2026-01-03,46474,197479,126100,2026-01-18,15,12,2026-01-30,,ELIGIBLE
FDX20259318172,CUST272892,Smith-Gray,Small,2025-12-22,43028,230317,152956,2026-01-01,10,7,2026-01-08,,ELIGIBLE
FDX20258315906,CUST951452,Payne-Harris,Small,2025-12-29,18799,60175,58777,2026-01-08,10,7,2026-01-15,2026-01-11,RESOLVED_IN_GRACE
FDX20259600949,CUST522986,Lee-Thompson,Small,2026-01-01,40152,191143,172811,2026-01-11,10,7,2026-01-18,,IN_GRACE
FDX20257709915,CUST120053,Brennan-Davis,Mid,2025-12-21,15385,50333,39167,2026-01-05,15,12,2026-01-17,,ELIGIBLE
FDX20254238912,CUST339513,Ramirez-Solis,Small,2026-01-13,6433,35712,25195,2026-01-23,10,7,2026-01-30,,ELIGIBLE
FDX20255195866,CUST335217,Perez-Hall,Mid,2025-12-26,3983,11312,4065,2026-01-10,15,12,2026-01-22,2026-01-13,RESOLVED_IN_GRACE
FDX20253901779,CUST862491,Coleman-Stokes,Large,2025-12-01,57918,250574,118841,2025-12-26,25,20,2026-01-15,,IN_GRACE
FDX20254319815,CUST237579,Watkins-Austin,Small,2025-12-26,15410,55718,24184,2026-01-05,10,7,2026-01-12,2026-01-07,RESOLVED_IN_GRACE
FDX20255715786,CUST321449,Vang-Whitney,Mid,2025-12-16,30536,174894,158023,2025-12-31,15,12,2026-01-12,2026-01-12,RESOLVED_IN_GRACE
FDX20257590525,CUST869735,Stone-Dixon,Mid,2025-12-26,51293,252350,65675,2026-01-10,15,12,2026-01-22,2026-01-19,RESOLVED_IN_GRACE
FDX20252726284,CUST122977,Jensen-Yates,Large,2025-12-02,22954,133046,63054,2025-12-27,25,20,2026-01-16,,ELIGIBLE
FDX20256227531,CUST718337,"Bell, Pearson and Harris",Small,2025-12-29,57227,321061,143957,2026-01-08,10,7,2026-01-15,,ELIGIBLE
FDX20253779198,CUST629146,Hull and Sons,Small,2026-01-05,29198,139337,51782,2026-01-15,10,7,2026-01-22,,ELIGIBLE
FDX20254453284,CUST277193,Henderson-Mcbride,Mid,2025-12-14,16887,82652,64126,2025-12-29,15,12,2026-01-10,,ELIGIBLE
FDX20259184459,CUST229144,Soto PLC,Small,2025-12-26,50088,222404,119272,2026-01-05,10,7,2026-01-12,,IN_GRACE
FDX20258272447,CUST484398,Johnson-Owens,Small,2026-01-11,14509,81762,50980,2026-01-21,10,7,2026-01-28,,ELIGIBLE
FDX20258485284,CUST845652,Hardin Inc,Small,2026-01-11,18281,80974,69912,2026-01-21,10,7,2026-01-28,,ELIGIBLE
FDX20258109132,CUST782141,Davidson-Wilson,Small,2026-01-10,13416,39530,21314,2026-01-20,10,7,2026-01-27,,ELIGIBLE
FDX20255557932,CUST930605,Huerta-Flores,Small,2026-01-01,35748,172415,36844,2026-01-11,10,7,2026-01-18,,ELIGIBLE
FDX20256347715,CUST139178,Olson-Smith,Small,2026-01-01,9180,26905,19447,2026-01-11,10,7,2026-01-18,,ELIGIBLE
FDX20252804542,CUST493417,Baird-Lee,Large,2025-12-06,43964,198743,169082,2025-12-31,25,20,2026-01-20,2026-01-13,RESOLVED_IN_GRACE
FDX20257426442,CUST771425,Clark-Valencia,Mid,2026-01-01,40954,174858,67077,2026-01-16,15,12,2026-01-28,,ELIGIBLE
FDX20258202676,CUST368214,Wright LLC,Small,2025-12-22,45553,211047,72464,2026-01-01,10,7,2026-01-08,2026-01-03,RESOLVED_IN_GRACE
FDX20254350758,CUST908713,"Hicks, Saunders and Nelson",Mid,2025-12-22,42300,248793,242265,2026-01-06,15,12,2026-01-18,,ELIGIBLE
FDX20256920939,CUST660708,"Marquez, Simmons and Turner",Small,2026-01-01,25256,111428,57816,2026-01-11,10,7,2026-01-18,,IN_GRACE
FDX20257274015,CUST753404,Jenkins-Hudson,Mid,2025-12-26,11795,42907,27214,2026-01-10,15,12,2026-01-22,,ELIGIBLE
FDX20252078208,CUST150947,Stanton Group,Small,2026-01-13,25198,64820,58243,2026-01-23,10,7,2026-01-30,,ELIGIBLE
FDX20258539737,CUST722774,Dunlap-Garner,Mega,2025-12-01,51182,184501,180935,2026-01-05,35,30,2026-02-04,,IN_GRACE
FDX20253805973,CUST150290,"Joyce, Garcia and Ballard",Mega,2025-12-01,17373,51126,47706,2026-01-05,35,30,2026-02-04,,IN_GRACE
FDX20251566398,CUST794125,Hoffman-Johnson,Mid,2025-12-25,22446,77982,75910,2026-01-09,15,12,2026-01-21,2026-01-15,RESOLVED_IN_GRACE
FDX20259579143,CUST213365,Lopez-Suarez,Small,2026-01-04,11307,42708,16130,2026-01-14,10,7,2026-01-21,2026-01-17,RESOLVED_IN_GRACE
FDX20255245703,CUST785315,Holloway-Cherry,Small,2026-01-13,16883,58664,26369,2026-01-23,10,7,2026-01-30,2026-01-24,RESOLVED_IN_GRACE
FDX20257875441,CUST976735,Donaldson-Robinson,Mid,2025-12-25,49915,178399,124486,2026-01-09,15,12,2026-01-21,2026-01-15,RESOLVED_IN_GRACE
FDX20255923669,CUST120700,Campbell-Wallace,Small,2025-12-27,53776,260938,204798,2026-01-06,10,7,2026-01-13,2026-01-10,RESOLVED_IN_GRACE
FDX20259900282,CUST150578,Hernandez-Lopez,Small,2026-01-10,22857,114443,44586,2026-01-20,10,7,2026-01-27,,ELIGIBLE
FDX20256909830,CUST823255,Melendez-Romero,Small,2025-12-22,37656,95840,69823,2026-01-01,10,7,2026-01-08,2026-01-03,RESOLVED_IN_GRACE
FDX20257682477,CUST221414,Mullins and Sons,Mega,2025-12-01,59596,207367,157581,2026-01-05,35,30,2026-02-04,,ELIGIBLE
FDX20251502309,CUST537020,Atkins-Kim,Small,2025-12-22,2745,7063,6188,2026-01-01,10,7,2026-01-08,,ELIGIBLE
FDX20252923507,CUST565897,"Solis, Randolph and Myers",Small,2025-12-29,47995,187889,133374,2026-01-08,10,7,2026-01-15,2026-01-15,RESOLVED_IN_GRACE
FDX20254018292,CUST498724,Orozco-Brown,Mega,2025-12-01,22869,125749,28675,2026-01-05,35,30,2026-02-04,,ELIGIBLE
FDX20256413691,CUST229598,Morris-Maxwell,Mid,2025-12-31,21476,121653,43848,2026-01-15,15,12,2026-01-27,2026-01-25,RESOLVED_IN_GRACE
FDX20258203915,CUST673867,Randall-Pugh,Mid,2025-12-16,59978,226649,70900,2025-12-31,15,12,2026-01-12,2026-01-08,RESOLVED_IN_GRACE
FDX20254119134,CUST365015,Graves-Nixon,Small,2026-01-01,57724,322237,141209,2026-01-11,10,7,2026-01-18,2026-01-16,RESOLVED_IN_GRACE
FDX20257001957,CUST597440,White-Owen,Small,2026-01-04,26340,90384,50281,2026-01-14,10,7,2026-01-21,2026-01-20,RESOLVED_IN_GRACE
FDX20255115755,CUST835962,Brown-Oliver,Large,2025-12-04,24260,129012,82021,2025-12-29,25,20,2026-01-18,,ELIGIBLE
FDX20252218702,CUST260565,Vazquez-Ward,Small,2026-01-11,50553,173489,126121,2026-01-21,10,7,2026-01-28,2026-01-23,RESOLVED_IN_GRACE
FDX20254610191,CUST315477,Boone LLC,Small,2025-12-24,58338,337876,295215,2026-01-03,10,7,2026-01-10,,IN_GRACE
FDX20257235425,CUST828961,Watts LLC,Mega,2025-12-01,3026,14573,5602,2026-01-05,35,30,2026-02-04,,ELIGIBLE
FDX20257240525,CUST819050,"Mendoza, Morgan and Sloan",Small,2025-12-29,42790,201661,175602,2026-01-08,10,7,2026-01-15,2026-01-12,RESOLVED_IN_GRACE
FDX20253433361,CUST760929,Hamilton-Mccormick,Large,2025-12-13,48944,179398,98820,2026-01-07,25,20,2026-01-27,2026-01-08,RESOLVED_IN_GRACE
FDX20256275644,CUST109756,Arnold-Aguilar,Mega,2025-12-01,35813,97460,59877,2026-01-05,35,30,2026-02-04,2026-01-17,RESOLVED_IN_GRACE
FDX20253051914,CUST415743,Figueroa-Jackson,Small,2025-12-30,36790,109404,54600,2026-01-09,10,7,2026-01-16,,IN_GRACE
FDX20251161614,CUST541315,Moody-Zimmerman,Mid,2025-12-20,28898,91067,78425,2026-01-04,15,12,2026-01-16,,IN_GRACE
FDX20256345038,CUST793805,Henry-Silva,Mega,2025-12-01,14794,83301,25632,2026-01-05,35,30,2026-02-04,2026-01-19,RESOLVED_IN_GRACE
FDX20251182888,CUST205885,Davis-Dorsey,Mid,2026-01-01,31658,128070,34290,2026-01-16,15,12,2026-01-28,,IN_GRACE
FDX20256517512,CUST794663,Campbell-Tucker,Small,2026-01-07,5662,16919,11725,2026-01-17,10,7,2026-01-24,2026-01-19,RESOLVED_IN_GRACE
FDX20254586506,CUST645583,Henry-Williams,Large,2025-12-08,57213,178599,140563,2026-01-02,25,20,2026-01-22,,ELIGIBLE
FDX20258807724,CUST383091,Nolan-Sanchez,Small,2026-01-01,30941,175297,37351,2026-01-11,10,7,2026-01-18,,ELIGIBLE
FDX20256394902,CUST753050,Hernandez-Garza,Small,2025-12-30,52319,187165,131156,2026-01-09,10,7,2026-01-16,,ELIGIBLE
FDX20254903198,CUST735053,Wright-Sexton,Small,2026-01-01,51764,154432,89197,2026-01-11,10,7,2026-01-18,,ELIGIBLE
FDX20252111241,CUST834764,Miller-Wolfe,Small,2025-12-31,30586,138960,74818,2026-01-10,10,7,2026-01-17,2026-01-17,RESOLVED_IN_GRACE
FDX20257469141,CUST243826,Hill-Banks,Small,2025-12-30,26385,157445,97795,2026-01-09,10,7,2026-01-16,2026-01-14,RESOLVED_IN_GRACE
FDX20255758257,CUST539170,Daniel LLC,Small,2025-12-22,47152,228355,102606,2026-01-01,10,7,2026-01-08,,IN_GRACE
FDX20254559708,CUST971002,Murphy-Adams,Small,2025-12-30,49741,252161,73268,2026-01-09,10,7,2026-01-16,,ELIGIBLE
FDX20259845994,CUST210010,Lara-Johnson,Small,2025-12-27,16990,71283,55663,2026-01-06,10,7,2026-01-13,,ELIGIBLE
FDX20254648430,CUST636435,Contreras and Sons,Large,2025-12-01,40025,223935,42096,2025-12-26,25,20,2026-01-15,,ELIGIBLE
FDX20252726714,CUST853681,Diaz-Bell,Small,2025-12-27,35907,93833,92381,2026-01-06,10,7,2026-01-13,,IN_GRACE
FDX20255664879,CUST747703,Peters-Murray,Mid,2025-12-26,54504,317216,228971,2026-01-10,15,12,2026-01-22,,ELIGIBLE
FDX20252255341,CUST223453,Smith-Bell,Small,2025-12-29,17764,77563,29843,2026-01-08,10,7,2026-01-15,2026-01-13,RESOLVED_IN_GRACE
FDX20258075793,CUST396439,Moore-Rios,Mid,2025-12-19,39728,119047,62775,2026-01-03,15,12,2026-01-15,,ELIGIBLE
FDX20258301537,CUST219550,Rice-Keller,Mid,2025-12-14,47667,158497,133482,2025-12-29,15,12,2026-01-10,,ELIGIBLE
FDX20256331518,CUST922880,Wang Ltd,Large,2025-12-07,52802,190464,155128,2026-01-01,25,20,2026-01-21,,ELIGIBLE
FDX20256370746,CUST211425,Davis-Buchanan,Small,2026-01-01,53997,221524,172722,2026-01-11,10,7,2026-01-18,2026-01-17,RESOLVED_IN_GRACE
FDX20254324412,CUST621917,James-Pham,Mega,2025-12-01,50504,221619,101688,2026-01-05,35,30,2026-02-04,,ELIGIBLE
FDX20254307179,CUST308296,Baker-Miller,Mid,2025-12-17,51272,297304,178862,2026-01-01,15,12,2026-01-13,,IN_GRACE
FDX20251833152,CUST738584,Schroeder-Franklin,Small,2026-01-13,53411,235480,124145,2026-01-23,10,7,2026-01-30,,ELIGIBLE
FDX20259286841,CUST309452,Jackson-Mcdaniel,Small,2025-12-26,54350,211411,141427,2026-01-05,10,7,2026-01-12,,ELIGIBLE
FDX20259365975,CUST915749,Frazier-Baxter,Mid,2025-12-28,8956,27584,19693,2026-01-12,15,12,2026-01-24,,ELIGIBLE
FDX20251785036,CUST375769,Medina-Estrada,Small,2025-12-22,26629,86847,37706,2026-01-01,10,7,2026-01-08,,ELIGIBLE
FDX20255603927,CUST971889,Zhang LLC,Mid,2025-12-22,11539,29635,29287,2026-01-06,15,12,2026-01-18,,ELIGIBLE
FDX20258067188,CUST648558,"Hooper, Reed and Green",Large,2025-12-01,58960,319576,112833,2025-12-26,25,20,2026-01-15,,ELIGIBLE
FDX20253000834,CUST311469,"Freeman, Pitts and Larsen",Mid,2025-12-26,52940,205914,159854,2026-01-10,15,12,2026-01-22,2026-01-15,RESOLVED_IN_GRACE
FDX20253081929,CUST475308,"Kent, Daniels and Stevens",Small,2025-12-22,45842,185076,80316,2026-01-01,10,7,2026-01-08,,IN_GRACE
FDX20258596473,CUST837606,"Blackwell, Harmon and Walker",Mid,2025-12-31,40040,201456,72027,2026-01-15,15,12,2026-01-27,,ELIGIBLE
FDX20253871248,CUST529660,Williams-Baker,Small,2026-01-04,15242,72039,18969,2026-01-14,10,7,2026-01-21,,ELIGIBLE
FDX20256484048,CUST409698,Patterson-Young,Large,2025-12-12,30831,86929,67465,2026-01-06,25,20,2026-01-26,2026-01-19,RESOLVED_IN_GRACE
FDX20257423283,CUST268163,"Mercer, Grant and Wilson",Small,2025-12-27,4407,26021,18579,2026-01-06,10,7,2026-01-13,,ELIGIBLE
FDX20254966501,CUST141319,Warren-Lopez,Mid,2026-01-01,38875,150249,118201,2026-01-16,15,12,2026-01-28,,ELIGIBLE
FDX20251356829,CUST674765,Conley-Bass,Large,2025-12-01,40744,170802,85291,2025-12-26,25,20,2026-01-15,,ELIGIBLE
FDX20255782125,CUST620465,Reyes-Carter,Large,2025-12-01,6365,17122,12661,2025-12-26,25,20,2026-01-15,,ELIGIBLE
FDX20251299243,CUST317782,Sheppard-Rodriguez,Small,2025-12-30,44624,250307,96969,2026-01-09,10,7,2026-01-16,2026-01-14,RESOLVED_IN_GRACE
FDX20251077963,CUST821634,"Yoder, Gillespie and Clark",Mid,2025-12-21,48714,161621,129500,2026-01-05,15,12,2026-01-17,,ELIGIBLE
FDX20258747246,CUST604012,Benton-Swanson,Mid,2025-12-16,10733,31459,23221,2025-12-31,15,12,2026-01-12,,ELIGIBLE
FDX20255770866,CUST446663,Martinez-Gilmore,Mid,2025-12-25,11048,65776,44884,2026-01-09,15,12,2026-01-21,,ELIGIBLE
FDX20253198789,CUST345896,"Robles, Lynch and Mason",Mid,2025-12-12,49382,222470,53238,2025-12-27,15,12,2026-01-08,2026-01-01,RESOLVED_IN_GRACE
FDX20257758043,CUST102871,Chavez-Sanders,Mid,2025-12-12,46983,166095,110519,2025-12-27,15,12,2026-01-08,2026-01-05,RESOLVED_IN_GRACE
FDX20251620894,CUST113368,Hawkins-Sanders,Small,2025-12-22,25961,129830,39829,2026-01-01,10,7,2026-01-08,2026-01-08,RESOLVED_IN_GRACE
FDX20259950091,CUST804258,Wilson-Mcclure,Mid,2025-12-25,5250,21168,12156,2026-01-09,15,12,2026-01-21,,ELIGIBLE
FDX20259850211,CUST193326,Knox Group,Large,2025-12-07,44159,160374,127255,2026-01-01,25,20,2026-01-21,,ELIGIBLE
FDX20251656328,CUST215795,Garcia-Villa,Small,2026-01-11,2317,8743,5402,2026-01-21,10,7,2026-01-28,,ELIGIBLE
FDX20256660462,CUST975804,Vincent-Black,Small,2025-12-27,40723,189115,149556,2026-01-06,10,7,2026-01-13,2026-01-08,RESOLVED_IN_GRACE
FDX20251273003,CUST702042,Valdez Inc,Large,2025-12-02,22207,60047,47328,2025-12-27,25,20,2026-01-16,2026-01-16,RESOLVED_IN_GRACE
FDX20252165246,CUST801520,Randall-Snyder,Small,2025-12-24,21166,62524,30352,2026-01-03,10,7,2026-01-10,,ELIGIBLE
FDX20258883502,CUST618105,Dominguez-Jensen,Small,2026-01-11,15541,59764,26558,2026-01-21,10,7,2026-01-28,,IN_GRACE
FDX20252595845,CUST256389,Carey Group,Small,2025-12-22,37355,162684,108959,2026-01-01,10,7,2026-01-08,2026-01-06,RESOLVED_IN_GRACE
FDX20257963867,CUST194458,"Lucas, Lozano and Jones",Small,2026-01-01,39670,99613,84061,2026-01-11,10,7,2026-01-18,,ELIGIBLE
FDX20256049913,CUST917392,Martinez-Jackson,Large,2025-12-01,37441,210201,172293,2025-12-26,25,20,2026-01-15,,IN_GRACE
FDX20255608257,CUST636561,Clark-White,Small,2026-01-07,51287,264267,151845,2026-01-17,10,7,2026-01-24,2026-01-24,RESOLVED_IN_GRACE
FDX20256321559,CUST178693,King-West,Small,2025-12-27,3535,17443,4658,2026-01-06,10,7,2026-01-13,2026-01-07,RESOLVED_IN_GRACE
FDX20256801971,CUST858711,Nelson-Reyes,Small,2026-01-11,59459,149597,119803,2026-01-21,10,7,2026-01-28,,ELIGIBLE
FDX20257716663,CUST858724,Mccormick LLC,Small,2026-01-01,8018,29296,27542,2026-01-11,10,7,2026-01-18,2026-01-17,RESOLVED_IN_GRACE
FDX20252338271,CUST206210,Lynch-Martinez,Small,2025-12-27,12930,45716,39161,2026-01-06,10,7,2026-01-13,,ELIGIBLE
FDX20256254198,CUST368322,Harris-Burton,Small,2026-01-13,3182,11960,9964,2026-01-23,10,7,2026-01-30,,ELIGIBLE
FDX20259284901,CUST775636,"Potter, Carrillo and Morgan",Small,2025-12-31,35011,91373,68276,2026-01-10,10,7,2026-01-17,,ELIGIBLE
FDX20251789750,CUST342389,Estrada-Baker,Small,2025-12-31,44108,197745,190476,2026-01-10,10,7,2026-01-17,2026-01-16,RESOLVED_IN_GRACE
FDX20257598940,CUST578938,Mcbride LLC,Mid,2025-12-24,34634,124098,68853,2026-01-08,15,12,2026-01-20,2026-01-13,RESOLVED_IN_GRACE
FDX20256007056,CUST410401,Owens-Gray,Mid,2025-12-24,15224,90634,79183,2026-01-08,15,12,2026-01-20,,IN_GRACE
FDX20258626616,CUST376955,Paul-Peterson,Large,2025-12-01,10303,33157,16804,2025-12-26,25,20,2026-01-15,2026-01-01,RESOLVED_IN_GRACE
FDX20259276815,CUST586830,Branch Ltd,Mid,2025-12-31,29780,178033,159371,2026-01-15,15,12,2026-01-27,2026-01-23,RESOLVED_IN_GRACE
FDX20253036971,CUST152512,"Buckley, Meadows and Taylor",Mid,2025-12-19,57446,252844,113129,2026-01-03,15,12,2026-01-15,,ELIGIBLE
FDX20257273103,CUST204657,Nelson-Pearson,Mid,2026-01-01,58122,291861,262945,2026-01-16,15,12,2026-01-28,,IN_GRACE
FDX20252723751,CUST952679,Moore-Robinson,Mid,2025-12-26,16157,91233,25680,2026-01-10,15,12,2026-01-22,,ELIGIBLE
FDX20251491374,CUST283188,Singh and Sons,Small,2025-12-22,48365,274879,68267,2026-01-01,10,7,2026-01-08,,ELIGIBLE
FDX20254758337,CUST141360,Peters Group,Mid,2025-12-16,46323,248006,60694,2025-12-31,15,12,2026-01-12,,ELIGIBLE
FDX20251802525,CUST993647,"Mathis, Whitaker and Hernandez",Mid,2026-01-01,53996,214794,115058,2026-01-16,15,12,2026-01-28,,ELIGIBLE
FDX20251174416,CUST404681,Williams-Hobbs,Mid,2025-12-22,35085,204616,112951,2026-01-06,15,12,2026-01-18,,ELIGIBLE
FDX20253327577,CUST477712,Gutierrez-Hernandez,Large,2025-12-07,47272,181275,59502,2026-01-01,25,20,2026-01-21,,ELIGIBLE
FDX20252763884,CUST940534,Carey-Grant,Small,2025-12-24,52037,285090,174976,2026-01-03,10,7,2026-01-10,,ELIGIBLE
FDX20256416675,CUST809641,Williams-Frank,Mid,2025-12-28,38855,225118,125218,2026-01-12,15,12,2026-01-24,,ELIGIBLE
FDX20258309538,CUST427897,"Walters, White and Montoya",Mega,2025-12-01,52051,228640,186429,2026-01-05,35,30,2026-02-04,2026-01-28,RESOLVED_IN_GRACE
FDX20254797376,CUST546688,Spears-Harris,Large,2025-12-01,53083,201237,99371,2025-12-26,25,20,2026-01-15,,ELIGIBLE
FDX20253855338,CUST874415,Chang-Johnson,Small,2025-12-31,9183,41153,13165,2026-01-10,10,7,2026-01-17,2026-01-15,RESOLVED_IN_GRACE
FDX20252476675,CUST221531,Wagner-Horton,Small,2026-01-04,51257,136778,59869,2026-01-14,10,7,2026-01-21,2026-01-21,RESOLVED_IN_GRACE
FDX20254207127,CUST199613,Cordova-Jones,Small,2026-01-05,35946,201044,159815,2026-01-15,10,7,2026-01-22,,ELIGIBLE
FDX20257188771,CUST992596,Burns-Pineda,Mid,2025-12-30,19802,110145,41577,2026-01-14,15,12,2026-01-26,,ELIGIBLE
FDX20251082902,CUST895034,Gibson-Collins,Small,2025-12-29,40715,125772,70651,2026-01-08,10,7,2026-01-15,,ELIGIBLE
FDX20251880652,CUST148118,Bowen-Maldonado,Large,2025-12-13,8367,24948,13593,2026-01-07,25,20,2026-01-27,,IN_GRACE
FDX20255356836,CUST110142,Ford-Hughes,Mid,2025-12-26,26826,113832,107974,2026-01-10,15,12,2026-01-22,2026-01-22,RESOLVED_IN_GRACE
FDX20251722698,CUST993385,"Matthews, Hudson and Griffin",Mega,2025-12-01,30385,116485,81194,2026-01-05,35,30,2026-02-04,,ELIGIBLE
FDX20252858975,CUST245117,Anderson-Stanley,Small,2026-01-05,1983,6736,2452,2026-01-15,10,7,2026-01-22,,ELIGIBLE
FDX20251805363,CUST795578,Floyd-Anderson,Large,2025-12-12,10094,39162,13596,2026-01-06,25,20,2026-01-26,,ELIGIBLE
FDX20256105140,CUST778636,"Calderon, Charles and Baker",Large,2025-12-01,10211,30256,26245,2025-12-26,25,20,2026-01-15,,ELIGIBLE
FDX20252258998,CUST278795,Duncan-Moran,Small,2026-01-01,36091,105080,94781,2026-01-11,10,7,2026-01-18,,ELIGIBLE
FDX20255424607,CUST444625,Douglas-Stewart,Small,2026-01-13,53047,137063,93472,2026-01-23,10,7,2026-01-30,,ELIGIBLE
FDX20256525223,CUST474894,Williams-Davis,Small,2025-12-29,13147,48890,22358,2026-01-08,10,7,2026-01-15,,ELIGIBLE
FDX20257367900,CUST558976,Wallace-Alvarado,Small,2025-12-22,33870,196874,116370,2026-01-01,10,7,2026-01-08,2026-01-06,RESOLVED_IN_GRACE
FDX20255528372,CUST752011,Serrano Ltd,Mid,2026-01-01,37180,165223,49224,2026-01-16,15,12,2026-01-28,2026-01-18,RESOLVED_IN_GRACE
FDX20253857807,CUST381342,Rojas-Pitts,Small,2026-01-09,36434,132695,116523,2026-01-19,10,7,2026-01-26,,IN_GRACE
FDX20253311285,CUST868677,Lee-Clark,Mid,2025-12-17,54709,180486,57877,2026-01-01,15,12,2026-01-13,,ELIGIBLE
FDX20258729158,CUST197466,Robinson-Martinez,Mid,2025-12-24,28665,100320,31850,2026-01-08,15,12,2026-01-20,,ELIGIBLE
FDX20253011612,CUST490722,Mason-Zamora,Mid,2025-12-24,57666,212771,88166,2026-01-08,15,12,2026-01-20,,IN_GRACE
FDX20253118772,CUST954551,"Zuniga, Alvarado and Compton",Small,2025-12-30,26472,111277,43549,2026-01-09,10,7,2026-01-16,2026-01-16,RESOLVED_IN_GRACE
FDX20256357513,CUST459370,Hughes-Lara,Small,2025-12-24,31222,100004,83158,2026-01-03,10,7,2026-01-10,2026-01-04,RESOLVED_IN_GRACE
FDX20253483052,CUST291752,Hansen-Torres,Small,2025-12-26,37756,121370,39025,2026-01-05,10,7,2026-01-12,,ELIGIBLE
FDX20257933921,CUST219361,Maddox-Willis,Mega,2025-12-01,39169,188132,98216,2026-01-05,35,30,2026-02-04,,ELIGIBLE
FDX20258495720,CUST520245,Fisher-Brady,Mid,2025-12-24,7848,21013,8152,2026-01-08,15,12,2026-01-20,,ELIGIBLE
FDX20253053083,CUST519692,Hawkins-Pratt,Small,2026-01-03,55606,157219,115857,2026-01-13,10,7,2026-01-20,,IN_GRACE
FDX20259753742,CUST578715,Velazquez-Raymond,Mid,2025-12-21,40950,149789,140268,2026-01-05,15,12,2026-01-17,,ELIGIBLE
FDX20259851473,CUST385037,"Morris, Wagner and Lyons",Small,2025-12-27,22724,65255,37502,2026-01-06,10,7,2026-01-13,,ELIGIBLE
FDX20255035313,CUST976303,Green-Moore,Mid,2025-12-16,27514,152308,49782,2025-12-31,15,12,2026-01-12,,IN_GRACE
FDX20259018281,CUST504452,Powers-Kim,Small,2025-12-26,11730,42102,29530,2026-01-05,10,7,2026-01-12,,ELIGIBLE
FDX20259222577,CUST823415,Allen-Ward,Small,2025-12-29,44251,115346,54102,2026-01-08,10,7,2026-01-15,,IN_GRACE
FDX20255706707,CUST991993,Michael-Cortez,Small,2025-12-29,15611,82444,74433,2026-01-08,10,7,2026-01-15,,ELIGIBLE
FDX20256400776,CUST601476,Hoffman LLC,Mid,2025-12-28,3596,11883,4085,2026-01-12,15,12,2026-01-24,,ELIGIBLE
FDX20259098468,CUST938754,"Wong, Robbins and Jones",Mid,2025-12-30,57243,291397,228337,2026-01-14,15,12,2026-01-26,2026-01-23,RESOLVED_IN_GRACE
FDX20254788807,CUST542226,"Mosley, Taylor and Villanueva",Large,2025-12-02,59673,173029,168793,2025-12-27,25,20,2026-01-16,,ELIGIBLE
FDX20252540137,CUST780364,"Gay, Rice and Hughes",Small,2026-01-09,40608,183239,41888,2026-01-19,10,7,2026-01-26,,ELIGIBLE
FDX20255426031,CUST935620,Morgan-Gould,Mega,2025-12-01,6398,25079,19117,2026-01-05,35,30,2026-02-04,,IN_GRACE
FDX20255969984,CUST274880,Graves-Acosta,Small,2025-12-29,41878,206279,63469,2026-01-08,10,7,2026-01-15,2026-01-15,RESOLVED_IN_GRACE
FDX20252389057,CUST218548,Caldwell-Perry,Small,2025-12-24,47671,181100,153310,2026-01-03,10,7,2026-01-10,2026-01-04,RESOLVED_IN_GRACE
FDX20256922519,CUST238948,Pierce-Brown,Large,2025-12-01,32002,144929,50722,2025-12-26,25,20,2026-01-15,,ELIGIBLE
FDX20255066398,CUST829987,Wu PLC,Mega,2025-12-01,33673,104723,38434,2026-01-05,35,30,2026-02-04,,ELIGIBLE
FDX20254454281,CUST861697,Nunez-Fletcher,Mid,2025-12-25,42969,181435,138510,2026-01-09,15,12,2026-01-21,,ELIGIBLE
FDX20252308903,CUST161495,Waller-Taylor,Small,2026-01-01,4682,11940,8236,2026-01-11,10,7,2026-01-18,2026-01-17,RESOLVED_IN_GRACE
FDX20252260713,CUST985364,Saunders-Thornton,Large,2025-12-04,56713,195442,148681,2025-12-29,25,20,2026-01-18,2026-01-06,RESOLVED_IN_GRACE
FDX20259298107,CUST267138,Williams-Fritz,Large,2025-12-10,17292,56783,41043,2026-01-04,25,20,2026-01-24,2026-01-05,RESOLVED_IN_GRACE
FDX20252011111,CUST208751,Glass-Thompson,Mid,2026-01-01,8842,35285,32115,2026-01-16,15,12,2026-01-28,,IN_GRACE
FDX20254564746,CUST536236,Lopez-Adams,Small,2026-01-11,13787,62071,22440,2026-01-21,10,7,2026-01-28,2026-01-24,RESOLVED_IN_GRACE
FDX20251220253,CUST719446,"Bruce, Decker and Torres",Small,2026-01-01,5971,16095,11087,2026-01-11,10,7,2026-01-18,,IN_GRACE
FDX20254626151,CUST606121,Jacobs-Cole,Small,2025-12-24,56752,292925,128082,2026-01-03,10,7,2026-01-10,2026-01-07,RESOLVED_IN_GRACE
FDX20258854260,CUST941235,Gillespie and Sons,Small,2025-12-29,9332,39233,17335,2026-01-08,10,7,2026-01-15,2026-01-09,RESOLVED_IN_GRACE
FDX20257460238,CUST696580,Murphy-Mccoy,Small,2026-01-10,59072,242887,233539,2026-01-20,10,7,2026-01-27,,ELIGIBLE
FDX20254152731,CUST811346,George-Edwards,Large,2025-12-01,6390,27048,9683,2025-12-26,25,20,2026-01-15,2026-01-02,RESOLVED_IN_GRACE
FDX20259181335,CUST559447,Diaz-Sullivan,Large,2025-12-12,16005,83103,32464,2026-01-06,25,20,2026-01-26,,IN_GRACE
FDX20252753801,CUST290065,Perez-Powell,Small,2026-01-07,3421,18246,9905,2026-01-17,10,7,2026-01-24,2026-01-21,RESOLVED_IN_GRACE
FDX20256711805,CUST741018,Ortiz-Harrison,Large,2025-12-12,14804,40621,34022,2026-01-06,25,20,2026-01-26,2026-01-11,RESOLVED_IN_GRACE
FDX20254500758,CUST498197,Wagner-Neal,Small,2025-12-22,20729,51837,36384,2026-01-01,10,7,2026-01-08,,ELIGIBLE
FDX20259852408,CUST917012,Robertson-Christensen,Small,2025-12-24,21776,66677,63569,2026-01-03,10,7,2026-01-10,,IN_GRACE
FDX20259622269,CUST476018,Graves-Cooper,Mid,2025-12-19,56712,194611,145308,2026-01-03,15,12,2026-01-15,,IN_GRACE
FDX20256257292,CUST741055,Dillon-Brown,Small,2026-01-03,38663,206654,147419,2026-01-13,10,7,2026-01-20,,ELIGIBLE
FDX20256231562,CUST130216,"Hood, Roth and Douglas",Small,2026-01-05,23614,90342,54612,2026-01-15,10,7,2026-01-22,2026-01-20,RESOLVED_IN_GRACE
FDX20258617224,CUST817712,Russo-Butler,Mega,2025-12-01,4769,19206,17800,2026-01-05,35,30,2026-02-04,,ELIGIBLE
FDX20253583673,CUST979269,Adams-Bennett,Mid,2025-12-21,26658,96173,94484,2026-01-05,15,12,2026-01-17,,ELIGIBLE
FDX20259464296,CUST862606,"Kidd, Johnson and Holmes",Mega,2025-12-01,25217,126024,61648,2026-01-05,35,30,2026-02-04,,ELIGIBLE
FDX20252772688,CUST237002,Wright-West,Small,2026-01-01,14647,51119,21277,2026-01-11,10,7,2026-01-18,,ELIGIBLE
FDX20253182053,CUST606545,Garcia-Smith,Mid,2026-01-03,40038,184003,172255,2026-01-18,15,12,2026-01-30,2026-01-19,RESOLVED_IN_GRACE
FDX20254670600,CUST611833,"Singh, Howard and Ramirez",Mid,2025-12-12,47543,121914,51169,2025-12-27,15,12,2026-01-08,2026-01-05,RESOLVED_IN_GRACE
FDX20257100930,CUST218423,"Hines, Howard and Smith",Small,2026-01-11,21058,66010,46738,2026-01-21,10,7,2026-01-28,2026-01-23,RESOLVED_IN_GRACE
FDX20257468887,CUST531262,Peters-Wilson,Small,2026-01-04,46173,214311,174136,2026-01-14,10,7,2026-01-21,2026-01-17,RESOLVED_IN_GRACE
FDX20258590547,CUST562094,Patel-Graves,Mid,2025-12-17,4370,12440,10213,2026-01-01,15,12,2026-01-13,,IN_GRACE
FDX20259614497,CUST148205,Rogers-Peterson,Small,2026-01-03,21821,110981,89914,2026-01-13,10,7,2026-01-20,,ELIGIBLE
FDX20254406122,CUST166412,"Day, Everett and Peters",Small,2025-12-27,17305,85754,33201,2026-01-06,10,7,2026-01-13,,ELIGIBLE
FDX20257714324,CUST374320,Cook-Rodriguez,Small,2026-01-05,19062,98947,66604,2026-01-15,10,7,2026-01-22,,IN_GRACE
FDX20254153336,CUST786789,Mahoney-Evans,Small,2026-01-09,1856,11042,2147,2026-01-19,10,7,2026-01-26,,ELIGIBLE
FDX20252151576,CUST429502,Taylor-Taylor,Mid,2025-12-25,16255,78487,33010,2026-01-09,15,12,2026-01-21,2026-01-20,RESOLVED_IN_GRACE
FDX20255661355,CUST112960,Diaz-Fox,Mid,2025-12-28,25759,111681,92719,2026-01-12,15,12,2026-01-24,,ELIGIBLE
FDX20258098339,CUST838793,Miller-Humphrey,Small,2025-12-22,48463,197297,150308,2026-01-01,10,7,2026-01-08,,ELIGIBLE
FDX20253754757,CUST810859,Ramos-Park,Small,2025-12-24,57883,339451,208654,2026-01-03,10,7,2026-01-10,2026-01-09,RESOLVED_IN_GRACE
FDX20256153067,CUST650311,Henson-Norman,Small,2026-01-07,12073,34025,15273,2026-01-17,10,7,2026-01-24,2026-01-22,RESOLVED_IN_GRACE
FDX20252712355,CUST904812,Vance-Jackson,Mid,2025-12-30,8417,46036,9810,2026-01-14,15,12,2026-01-26,2026-01-17,RESOLVED_IN_GRACE
FDX20253471111,CUST879746,Nixon-Moreno,Mid,2025-12-30,15499,49834,15642,2026-01-14,15,12,2026-01-26,,ELIGIBLE
FDX20258733526,CUST704660,Foster-Black,Small,2025-12-30,7720,31597,19125,2026-01-09,10,7,2026-01-16,2026-01-10,RESOLVED_IN_GRACE
FDX20252798071,CUST858931,"Velasquez, Johnson and Bean",Large,2025-12-01,40824,238978,184360,2025-12-26,25,20,2026-01-15,,ELIGIBLE
FDX20252848835,CUST692458,Ali-Martinez,Small,2026-01-13,41083,104533,67688,2026-01-23,10,7,2026-01-30,2026-01-29,RESOLVED_IN_GRACE
FDX20255035968,CUST334865,English-Gates,Large,2025-12-01,2536,8176,6522,2025-12-26,25,20,2026-01-15,,ELIGIBLE
FDX20251278299,CUST802382,Vazquez-Anderson,Small,2026-01-04,51676,220693,60154,2026-01-14,10,7,2026-01-21,2026-01-18,RESOLVED_IN_GRACE
FDX20258731726,CUST454733,Vargas-Allen,Large,2025-12-04,24014,75761,72705,2025-12-29,25,20,2026-01-18,2026-01-17,RESOLVED_IN_GRACE
FDX20254137838,CUST644315,Rivera-Wilson,Small,2025-12-29,12085,55763,42328,2026-01-08,10,7,2026-01-15,2026-01-12,RESOLVED_IN_GRACE
FDX20255475434,CUST648513,"Kirby, Williams and Bradley",Small,2025-12-24,43049,200504,48527,2026-01-03,10,7,2026-01-10,,ELIGIBLE
FDX20251479597,CUST821673,Anderson-Allen,Small,2026-01-10,19887,102308,32226,2026-01-20,10,7,2026-01-27,,ELIGIBLE
FDX20258989988,CUST834611,Moore-Andersen,Mid,2025-12-21,59525,251428,229264,2026-01-05,15,12,2026-01-17,2026-01-08,RESOLVED_IN_GRACE
FDX20259906779,CUST748270,Stuart-Livingston,Small,2026-01-04,44876,150297,133171,2026-01-14,10,7,2026-01-21,,ELIGIBLE
FDX20258594054,CUST199868,Wilson-Wallace,Mega,2025-12-01,43270,243232,207711,2026-01-05,35,30,2026-02-04,,ELIGIBLE
FDX20256904855,CUST553873,Howe-Carrillo,Small,2026-01-10,20097,75968,68159,2026-01-20,10,7,2026-01-27,,ELIGIBLE
FDX20255455671,CUST793856,Norton-Watts,Mid,2025-12-30,41090,215783,131733,2026-01-14,15,12,2026-01-26,2026-01-21,RESOLVED_IN_GRACE
FDX20252985184,CUST861949,Hogan-Williams,Small,2025-12-30,36753,207194,203596,2026-01-09,10,7,2026-01-16,2026-01-14,RESOLVED_IN_GRACE
FDX20252410406,CUST360651,Jones-Soto,Small,2026-01-01,56001,307507,186820,2026-01-11,10,7,2026-01-18,,ELIGIBLE
FDX20256946295,CUST605339,Kent Inc,Small,2026-01-09,52918,175461,54249,2026-01-19,10,7,2026-01-26,,ELIGIBLE
FDX20258238926,CUST462544,Erickson-Owens,Small,2025-12-30,10818,27274,19242,2026-01-09,10,7,2026-01-16,,ELIGIBLE
FDX20254557877,CUST795951,Kirby-Freeman,Small,2025-12-31,56898,287920,184345,2026-01-10,10,7,2026-01-17,,ELIGIBLE
FDX20253526985,CUST809147,Greene-Lewis,Small,2026-01-13,6764,17888,10489,2026-01-23,10,7,2026-01-30,2026-01-27,RESOLVED_IN_GRACE
FDX20257659346,CUST772561,Thompson-Flores,Small,2026-01-01,52814,308622,141775,2026-01-11,10,7,2026-01-18,2026-01-13,RESOLVED_IN_GRACE
FDX20259425356,CUST503572,Davis-Lara,Mega,2025-12-01,20132,114278,69493,2026-01-05,35,30,2026-02-04,2026-01-30,RESOLVED_IN_GRACE
FDX20258228437,CUST255875,"Richmond, Phillips and Buck",Small,2026-01-05,20856,63725,37405,2026-01-15,10,7,2026-01-22,2026-01-18,RESOLVED_IN_GRACE
FDX20259521598,CUST979789,Horn-Graves,Large,2025-12-14,52958,169791,147668,2026-01-08,25,20,2026-01-28,,IN_GRACE
FDX20256599219,CUST966582,Alvarez-Watson,Large,2025-12-01,48076,243139,78221,2025-12-26,25,20,2026-01-15,2026-01-14,RESOLVED_IN_GRACE
FDX20251891827,CUST685466,Chavez-Foster,Large,2025-12-03,30194,114208,74380,2025-12-28,25,20,2026-01-17,,ELIGIBLE
FDX20258404466,CUST742686,"Poole, Hess and Lopez",Small,2026-01-04,15779,43669,25497,2026-01-14,10,7,2026-01-21,,ELIGIBLE
FDX20255573282,CUST157216,Stewart-Torres,Mid,2025-12-17,25311,139360,73572,2026-01-01,15,12,2026-01-13,2026-01-07,RESOLVED_IN_GRACE
FDX20257203890,CUST112210,"Hall, Fisher and Montgomery",Mid,2025-12-20,2504,7094,2911,2026-01-04,15,12,2026-01-16,,ELIGIBLE
FDX20252641024,CUST774652,Trevino-Jones,Mega,2025-12-01,11012,28740,24988,2026-01-05,35,30,2026-02-04,2026-01-29,RESOLVED_IN_GRACE
FDX20251824338,CUST264550,Lawson-Cook,Small,2026-01-05,39690,190999,119646,2026-01-15,10,7,2026-01-22,2026-01-19,RESOLVED_IN_GRACE
FDX20257417663,CUST630126,Franco and Sons,Large,2025-12-01,14331,56479,42165,2025-12-26,25,20,2026-01-15,2026-01-04,RESOLVED_IN_GRACE
FDX20258089856,CUST990079,Levy-Fitzgerald,Mid,2025-12-14,10362,55335,19471,2025-12-29,15,12,2026-01-10,,IN_GRACE
FDX20254253632,CUST592085,Rose-Wright,Small,2026-01-01,40395,167625,67019,2026-01-11,10,7,2026-01-18,,ELIGIBLE
FDX20255932600,CUST993251,Walters-Mitchell,Mid,2025-12-24,28555,153855,40723,2026-01-08,15,12,2026-01-20,2026-01-09,RESOLVED_IN_GRACE
FDX20254178437,CUST619920,Ellis-Rangel,Mega,2025-12-01,52835,292047,59337,2026-01-05,35,30,2026-02-04,,ELIGIBLE
FDX20257756052,CUST273438,Garcia-Garner,Small,2025-12-31,38560,138208,72779,2026-01-10,10,7,2026-01-17,,ELIGIBLE
FDX20253963613,CUST178501,Ortiz-Powell,Small,2025-12-27,22694,64165,56872,2026-01-06,10,7,2026-01-13,,ELIGIBLE
FDX20255629265,CUST887931,Villarreal-Galloway,Mid,2025-12-20,9130,31479,23240,2026-01-04,15,12,2026-01-16,,ELIGIBLE
FDX20259884588,CUST615530,"Rice, Ortega and Kemp",Small,2025-12-22,45082,190595,160937,2026-01-01,10,7,2026-01-08,2026-01-02,RESOLVED_IN_GRACE
FDX20259281506,CUST436208,Ferguson Inc,Small,2026-01-05,11387,41450,25095,2026-01-15,10,7,2026-01-22,,ELIGIBLE
FDX20259700973,CUST352593,Gonzalez-Mitchell,Mid,2026-01-03,1895,8338,4316,2026-01-18,15,12,2026-01-30,2026-01-20,RESOLVED_IN_GRACE
FDX20258274019,CUST446968,Holland-Webster,Large,2025-12-13,33742,92120,85145,2026-01-07,25,20,2026-01-27,,IN_GRACE
FDX20252831812,CUST391668,Conrad-Thomas,Small,2026-01-04,29542,75526,40513,2026-01-14,10,7,2026-01-21,2026-01-16,RESOLVED_IN_GRACE
FDX20251836704,CUST152796,Lowe-Jennings,Large,2025-12-01,25289,85477,47284,2025-12-26,25,20,2026-01-15,,ELIGIBLE
FDX20255176591,CUST631553,"Rasmussen, Lucero and Stevens",Large,2025-12-04,22668,83166,65970,2025-12-29,25,20,2026-01-18,2026-01-01,RESOLVED_IN_GRACE
FDX20252863660,CUST333524,Harris-Potter,Large,2025-12-01,13834,51270,19948,2025-12-26,25,20,2026-01-15,,ELIGIBLE
FDX20254683937,CUST677236,"Briggs, Ellis and Lee",Small,2026-01-11,30998,132710,55439,2026-01-21,10,7,2026-01-28,,ELIGIBLE
FDX20252932532,CUST774567,Meyer-Smith,Small,2026-01-01,13736,70121,15581,2026-01-11,10,7,2026-01-18,,ELIGIBLE
FDX20251891503,CUST497030,Jones-Hawkins,Mid,2025-12-31,39248,188934,117673,2026-01-15,15,12,2026-01-27,2026-01-17,RESOLVED_IN_GRACE
FDX20251598744,CUST522866,Norton Inc,Mid,2025-12-14,33729,132815,68581,2025-12-29,15,12,2026-01-10,,ELIGIBLE
FDX20255465729,CUST956794,Lamb-Collins,Large,2025-12-16,45996,123268,58607,2026-01-10,25,20,2026-01-30,,ELIGIBLE
FDX20255005847,CUST346415,Pham-Hess,Mid,2026-01-03,26952,99797,85820,2026-01-18,15,12,2026-01-30,2026-01-28,RESOLVED_IN_GRACE
FDX20252104735,CUST182659,"Bentley, White and Richardson",Small,2026-01-07,3870,15425,12870,2026-01-17,10,7,2026-01-24,,IN_GRACE
FDX20259927688,CUST581395,Everett-Thompson,Small,2025-12-31,19074,69275,55361,2026-01-10,10,7,2026-01-17,2026-01-11,RESOLVED_IN_GRACE
FDX20252695035,CUST565765,Landry-Irwin,Small,2025-12-29,30703,101389,57463,2026-01-08,10,7,2026-01-15,,ELIGIBLE
FDX20255621443,CUST940183,Carson Inc,Small,2025-12-26,15346,87854,68574,2026-01-05,10,7,2026-01-12,2026-01-10,RESOLVED_IN_GRACE
FDX20254799452,CUST700870,Cain-Marshall,Small,2026-01-11,42825,134147,46272,2026-01-21,10,7,2026-01-28,,ELIGIBLE
FDX20257787380,CUST569865,"Mata, Oliver and Hughes",Small,2025-12-24,51362,270796,94257,2026-01-03,10,7,2026-01-10,,ELIGIBLE
FDX20257575126,CUST192295,Jimenez-Powell,Mid,2025-12-16,54017,288407,164978,2025-12-31,15,12,2026-01-12,,ELIGIBLE
FDX20257591523,CUST998198,"Cardenas, Shepherd and Knight",Large,2025-12-03,44211,203312,157999,2025-12-28,25,20,2026-01-17,,ELIGIBLE
FDX20252699603,CUST622669,Chan Ltd,Small,2026-01-01,8649,26098,10644,2026-01-11,10,7,2026-01-18,,ELIGIBLE
FDX20254689113,CUST568784,Griffin-Byrd,Small,2026-01-04,52712,232120,127394,2026-01-14,10,7,2026-01-21,2026-01-18,RESOLVED_IN_GRACE
FDX20255500772,CUST431414,Ramirez-Hill,Mid,2025-12-25,19704,102841,82554,2026-01-09,15,12,2026-01-21,2026-01-16,RESOLVED_IN_GRACE
FDX20259307601,CUST224473,Austin-Curtis,Mid,2025-12-21,18520,76678,54892,2026-01-05,15,12,2026-01-17,2026-01-11,RESOLVED_IN_GRACE
FDX20254451163,CUST621533,Parsons-Neal,Large,2025-12-04,26561,88628,48246,2025-12-29,25,20,2026-01-18,,ELIGIBLE
FDX20253869392,CUST881439,"Mueller, Floyd and Reed",Mid,2025-12-21,4628,20664,8912,2026-01-05,15,12,2026-01-17,2026-01-11,RESOLVED_IN_GRACE
FDX20254415429,CUST785111,"Underwood, Silva and Clements",Small,2026-01-09,5299,15794,10307,2026-01-19,10,7,2026-01-26,2026-01-21,RESOLVED_IN_GRACE
FDX20256832315,CUST118632,Summers-Dyer,Small,2025-12-29,53554,284248,205689,2026-01-08,10,7,2026-01-15,2026-01-13,RESOLVED_IN_GRACE
FDX20255831713,CUST207629,Schultz-Norris,Large,2025-12-16,11673,52524,42377,2026-01-10,25,20,2026-01-30,,ELIGIBLE
FDX20255831479,CUST523037,Hammond-Ross,Small,2026-01-01,59354,152478,135391,2026-01-11,10,7,2026-01-18,2026-01-16,RESOLVED_IN_GRACE
FDX20251052124,CUST532368,"Jennings, Fields and Burton",Mega,2025-12-01,59443,193337,172670,2026-01-05,35,30,2026-02-04,,IN_GRACE
FDX20252581127,CUST137572,Davis-Oconnor,Large,2025-12-12,9351,23648,11714,2026-01-06,25,20,2026-01-26,,IN_GRACE
FDX20254105107,CUST684194,Taylor-Shaw,Small,2025-12-27,35642,134239,118039,2026-01-06,10,7,2026-01-13,2026-01-09,RESOLVED_IN_GRACE
FDX20259442968,CUST675771,Baird Group,Small,2026-01-09,51616,157107,84499,2026-01-19,10,7,2026-01-26,2026-01-21,RESOLVED_IN_GRACE
FDX20258998677,CUST100177,Gonzales-Fowler,Mid,2025-12-31,36149,179000,76290,2026-01-15,15,12,2026-01-27,2026-01-21,RESOLVED_IN_GRACE
FDX20256122489,CUST966028,Adams-Sanders,Mid,2025-12-19,46292,203171,83242,2026-01-03,15,12,2026-01-15,2026-01-04,RESOLVED_IN_GRACE
FDX20255003370,CUST195310,Dyer-Soto,Small,2026-01-11,17629,56239,53117,2026-01-21,10,7,2026-01-28,,ELIGIBLE
FDX20253856028,CUST930244,Oconnor PLC,Small,2025-12-26,51388,235793,139821,2026-01-05,10,7,2026-01-12,2026-01-12,RESOLVED_IN_GRACE
FDX20256286710,CUST733553,Nguyen Ltd,Small,2025-12-26,38489,127108,108838,2026-01-05,10,7,2026-01-12,2026-01-12,RESOLVED_IN_GRACE
FDX20252165255,CUST749137,Barrera-Charles,Mid,2025-12-25,9507,26081,20939,2026-01-09,15,12,2026-01-21,2026-01-12,RESOLVED_IN_GRACE
FDX20253795846,CUST768507,Barton-Hicks,Mega,2025-12-01,36239,202827,90019,2026-01-05,35,30,2026-02-04,,ELIGIBLE
FDX20254143117,CUST419394,Zimmerman-Lee,Small,2025-12-26,54539,294873,256749,2026-01-05,10,7,2026-01-12,,ELIGIBLE
FDX20256572641,CUST633030,Mendoza-Love,Small,2026-01-03,59287,159412,103702,2026-01-13,10,7,2026-01-20,,IN_GRACE
FDX20258637262,CUST689648,"Villanueva, Erickson and Peterson",Large,2025-12-01,14263,36647,28453,2025-12-26,25,20,2026-01-15,2026-01-11,RESOLVED_IN_GRACE
FDX20253379573,CUST316899,"Strickland, Brown and Campbell",Small,2026-01-13,15872,40661,39922,2026-01-23,10,7,2026-01-30,2026-01-29,RESOLVED_IN_GRACE
FDX20251213654,CUST786393,Farrell PLC,Mid,2025-12-31,36972,121918,43929,2026-01-15,15,12,2026-01-27,,ELIGIBLE
FDX20258962478,CUST804091,Garcia-Nguyen,Small,2025-12-29,16376,77772,75440,2026-01-08,10,7,2026-01-15,,ELIGIBLE
FDX20258179349,CUST578368,"Carpenter, Jenkins and Wheeler",Small,2025-12-29,36056,128086,38488,2026-01-08,10,7,2026-01-15,,ELIGIBLE
FDX20256604498,CUST457411,Wheeler-Wu,Mid,2025-12-28,8355,45057,36585,2026-01-12,15,12,2026-01-24,2026-01-23,RESOLVED_IN_GRACE
FDX20251349416,CUST480992,Christensen-Nguyen,Large,2025-12-14,32613,142338,136388,2026-01-08,25,20,2026-01-28,,ELIGIBLE
FDX20253978208,CUST965401,Woodard LLC,Large,2025-12-01,27835,147243,46489,2025-12-26,25,20,2026-01-15,,ELIGIBLE
FDX20255426369,CUST156911,Wheeler-Sanford,Small,2026-01-04,47116,134873,123357,2026-01-14,10,7,2026-01-21,,ELIGIBLE
FDX20252291460,CUST956255,"Madden, Martinez and Wilkins",Small,2026-01-10,58192,315006,90440,2026-01-20,10,7,2026-01-27,,ELIGIBLE
FDX20253864292,CUST333746,Roberts-Escobar,Small,2026-01-09,49633,128637,92674,2026-01-19,10,7,2026-01-26,,ELIGIBLE
FDX20251163307,CUST985331,Lester LLC,Large,2025-12-02,2332,12748,10353,2025-12-27,25,20,2026-01-16,2025-12-31,RESOLVED_IN_GRACE
FDX20256907989,CUST576535,Rowe-Price,Mega,2025-12-01,39421,218665,48597,2026-01-05,35,30,2026-02-04,,IN_GRACE
FDX20258949550,CUST448098,Myers-Doyle,Small,2025-12-30,40944,195157,168093,2026-01-09,10,7,2026-01-16,,ELIGIBLE
FDX20251016885,CUST687360,Holmes LLC,Mid,2025-12-22,20717,91970,66375,2026-01-06,15,12,2026-01-18,,ELIGIBLE
FDX20259192437,CUST904694,"Graham, Wagner and Ewing",Mid,2025-12-25,47811,192231,54233,2026-01-09,15,12,2026-01-21,,ELIGIBLE
FDX20255152535,CUST749863,"Harrison, Valencia and Hall",Mid,2026-01-03,57183,257381,212135,2026-01-18,15,12,2026-01-30,2026-01-20,RESOLVED_IN_GRACE
FDX20258928379,CUST729094,Leblanc Inc,Small,2026-01-07,59802,230613,124612,2026-01-17,10,7,2026-01-24,,ELIGIBLE
FDX20252835192,CUST596116,Briggs-Barrera,Large,2025-12-01,34912,146865,139570,2025-12-26,25,20,2026-01-15,,ELIGIBLE
FDX20251757936,CUST851470,Wright-Kim,Mid,2025-12-28,29941,136563,57106,2026-01-12,15,12,2026-01-24,,IN_GRACE
FDX20251291769,CUST789089,Salas-Oconnor,Mega,2025-12-01,37695,174240,102099,2026-01-05,35,30,2026-02-04,2026-01-09,RESOLVED_IN_GRACE
FDX20255876441,CUST480941,Peterson-Phillips,Small,2026-01-13,52074,311543,294754,2026-01-23,10,7,2026-01-30,,IN_GRACE
FDX20254830031,CUST850689,"Mayo, Webb and Ross",Large,2025-12-10,43032,190791,140722,2026-01-04,25,20,2026-01-24,2026-01-18,RESOLVED_IN_GRACE
FDX20259812554,CUST574514,Anderson-Brown,Small,2025-12-31,33962,140559,113690,2026-01-10,10,7,2026-01-17,,ELIGIBLE
FDX20259441397,CUST219562,Cox-Nash,Small,2026-01-07,22108,115804,104019,2026-01-17,10,7,2026-01-24,,ELIGIBLE
FDX20253806907,CUST202170,"Walker, Morse and Kim",Mid,2025-12-19,12215,67446,36930,2026-01-03,15,12,2026-01-15,,IN_GRACE
FDX20253459253,CUST896204,Mercado-Smith,Mid,2025-12-26,13300,60050,28149,2026-01-10,15,12,2026-01-22,,IN_GRACE
FDX20252575550,CUST790917,Johnson-Davis,Mid,2025-12-21,12252,61816,26567,2026-01-05,15,12,2026-01-17,2026-01-08,RESOLVED_IN_GRACE
FDX20252677595,CUST332518,Chaney LLC,Small,2025-12-29,18832,77011,50880,2026-01-08,10,7,2026-01-15,2026-01-15,RESOLVED_IN_GRACE
FDX20256110378,CUST102303,"Avila, Hill and Smith",Small,2025-12-31,4310,13898,5601,2026-01-10,10,7,2026-01-17,2026-01-15,RESOLVED_IN_GRACE
FDX20256631731,CUST457938,Hernandez-Warner,Small,2025-12-24,45197,123553,87987,2026-01-03,10,7,2026-01-10,2026-01-07,RESOLVED_IN_GRACE
FDX20258593642,CUST472390,Jones-Griffin,Large,2025-12-04,28074,112278,42388,2025-12-29,25,20,2026-01-18,,ELIGIBLE
FDX20259231939,CUST970196,Brown-Smith,Mid,2025-12-21,18903,55500,34210,2026-01-05,15,12,2026-01-17,,IN_GRACE
FDX20256885129,CUST764441,Kim-Moreno,Mid,2025-12-20,21697,79302,23077,2026-01-04,15,12,2026-01-16,2026-01-12,RESOLVED_IN_GRACE
FDX20255317440,CUST938769,Hernandez-Robinson,Large,2025-12-16,27529,136764,112971,2026-01-10,25,20,2026-01-30,,IN_GRACE
FDX20259162003,CUST406166,"Charles, Herrera and Dickerson",Large,2025-12-03,57593,204452,96996,2025-12-28,25,20,2026-01-17,,ELIGIBLE
FDX20255253642,CUST674295,"Whitehead, Wilson and Shah",Small,2025-12-22,39333,231242,155713,2026-01-01,10,7,2026-01-08,,ELIGIBLE
FDX20257111760,CUST647341,Vega-Perry,Small,2026-01-03,26708,157887,49212,2026-01-13,10,7,2026-01-20,,ELIGIBLE
FDX20258696560,CUST492052,Lee-Gilbert,Mid,2025-12-17,43504,221863,52257,2026-01-01,15,12,2026-01-13,2026-01-07,RESOLVED_IN_GRACE
FDX20251227516,CUST836201,Graham-Vega,Large,2025-12-10,54607,325516,100088,2026-01-04,25,20,2026-01-24,,ELIGIBLE
FDX20256916088,CUST211486,Mitchell-Simmons,Small,2025-12-26,39708,126342,101415,2026-01-05,10,7,2026-01-12,,IN_GRACE
FDX20256052190,CUST148001,Vance-Mason,Mid,2025-12-25,53433,135530,74423,2026-01-09,15,12,2026-01-21,,ELIGIBLE
FDX20256599209,CUST272129,French-Wood,Mega,2025-12-01,46110,185536,94891,2026-01-05,35,30,2026-02-04,,IN_GRACE
FDX20259687763,CUST616342,Chambers-Reynolds,Large,2025-12-02,58234,207907,170368,2025-12-27,25,20,2026-01-16,2026-01-04,RESOLVED_IN_GRACE
FDX20259126125,CUST247271,Harrington-Stanley,Small,2026-01-01,30429,108886,58612,2026-01-11,10,7,2026-01-18,2026-01-15,RESOLVED_IN_GRACE
FDX20252891816,CUST961760,"Hendrix, White and Wilson",Mid,2025-12-21,17843,79610,20809,2026-01-05,15,12,2026-01-17,,ELIGIBLE
FDX20255528798,CUST851678,Brown-Collins,Small,2026-01-09,5915,21925,21807,2026-01-19,10,7,2026-01-26,,ELIGIBLE
FDX20259712557,CUST878579,Thomas-Luna,Small,2025-12-26,6431,33297,15042,2026-01-05,10,7,2026-01-12,2026-01-07,RESOLVED_IN_GRACE
FDX20251347746,CUST856609,"Barr, Rivas and Hobbs",Mega,2025-12-01,20324,60649,32673,2026-01-05,35,30,2026-02-04,,IN_GRACE
FDX20253481356,CUST529088,Wagner-Foster,Mega,2025-12-01,24074,123302,117888,2026-01-05,35,30,2026-02-04,,ELIGIBLE
FDX20257884009,CUST212157,Martin-Stone,Small,2025-12-22,9319,49668,37987,2026-01-01,10,7,2026-01-08,,ELIGIBLE
FDX20254695275,CUST366641,Barnes Ltd,Mid,2025-12-26,50626,273768,88083,2026-01-10,15,12,2026-01-22,,ELIGIBLE
FDX20253376209,CUST740524,Clark-Hoffman,Large,2025-12-10,28635,87883,32919,2026-01-04,25,20,2026-01-24,,ELIGIBLE
FDX20256992727,CUST305438,Phillips-Jones,Small,2025-12-27,8620,45812,27425,2026-01-06,10,7,2026-01-13,2026-01-10,RESOLVED_IN_GRACE
FDX20259352238,CUST296653,Woods-Haas,Large,2025-12-06,26518,88652,28167,2025-12-31,25,20,2026-01-20,,ELIGIBLE
FDX20251518494,CUST226611,Wise-Kim,Small,2025-12-27,30678,103561,64145,2026-01-06,10,7,2026-01-13,,ELIGIBLE
FDX20255099811,CUST993590,Chavez Inc,Small,2026-01-13,31729,149927,94837,2026-01-23,10,7,2026-01-30,,ELIGIBLE
FDX20258226291,CUST511981,Huff-Nguyen,Small,2026-01-03,59553,356275,179591,2026-01-13,10,7,2026-01-20,,ELIGIBLE
FDX20257030065,CUST326061,"Winters, Wise and Sims",Small,2025-12-24,49536,213967,131334,2026-01-03,10,7,2026-01-10,2026-01-04,RESOLVED_IN_GRACE
FDX20254461265,CUST579247,Harmon-Johnson,Large,2025-12-02,19887,92134,65629,2025-12-27,25,20,2026-01-16,,ELIGIBLE
FDX20252497768,CUST964607,Welch-Farley,Mid,2025-12-20,53502,243215,133539,2026-01-04,15,12,2026-01-16,2026-01-12,RESOLVED_IN_GRACE
FDX20254252130,CUST919378,Winters-Bradley,Mid,2025-12-22,14213,39740,35574,2026-01-06,15,12,2026-01-18,,ELIGIBLE
FDX20257338067,CUST299836,Costa-Smith,Small,2026-01-04,7903,45264,33883,2026-01-14,10,7,2026-01-21,2026-01-19,RESOLVED_IN_GRACE
FDX20252810792,CUST851606,Turner-Bowen,Small,2026-01-07,36482,134041,114136,2026-01-17,10,7,2026-01-24,2026-01-19,RESOLVED_IN_GRACE
FDX20255595680,CUST454349,Hawkins-Baker,Large,2025-12-04,28010,122771,58339,2025-12-29,25,20,2026-01-18,2026-01-14,RESOLVED_IN_GRACE
FDX20258537488,CUST213000,Mills-Mclaughlin,Small,2026-01-04,43252,113067,45060,2026-01-14,10,7,2026-01-21,2026-01-19,RESOLVED_IN_GRACE
FDX20259840030,CUST893928,Cox-Sawyer,Mid,2025-12-19,58396,315629,195414,2026-01-03,15,12,2026-01-15,,IN_GRACE
FDX20253935211,CUST534603,Williamson-Bates,Mid,2025-12-12,59696,307684,130090,2025-12-27,15,12,2026-01-08,,ELIGIBLE
FDX20255451151,CUST148759,Jones-Love,Small,2025-12-27,16153,76349,28889,2026-01-06,10,7,2026-01-13,,ELIGIBLE
FDX20256852648,CUST764000,Jackson-Lopez,Small,2025-12-29,4471,13218,9356,2026-01-08,10,7,2026-01-15,2026-01-13,RESOLVED_IN_GRACE
FDX20256556541,CUST978146,Randolph and Sons,Mega,2025-12-01,45271,209097,169506,2026-01-05,35,30,2026-02-04,,ELIGIBLE
FDX20257560331,CUST804791,Murillo LLC,Small,2026-01-04,34733,183274,62008,2026-01-14,10,7,2026-01-21,2026-01-18,RESOLVED_IN_GRACE
FDX20258001036,CUST717413,Ho LLC,Small,2026-01-03,25979,121775,27260,2026-01-13,10,7,2026-01-20,2026-01-18,RESOLVED_IN_GRACE
FDX20255634657,CUST229204,Johnson-Lowery,Mid,2025-12-16,36202,96696,94531,2025-12-31,15,12,2026-01-12,,ELIGIBLE
FDX20256189583,CUST909652,Melton-Lopez,Small,2025-12-27,45921,184165,63885,2026-01-06,10,7,2026-01-13,2026-01-11,RESOLVED_IN_GRACE
FDX20254197278,CUST572388,Owens-Koch,Small,2025-12-22,46312,125675,63332,2026-01-01,10,7,2026-01-08,,ELIGIBLE
FDX20251689543,CUST579605,Miller-Bennett,Small,2026-01-10,19935,87105,72645,2026-01-20,10,7,2026-01-27,2026-01-27,RESOLVED_IN_GRACE
FDX20259725456,CUST790441,"Chase, Underwood and Carrillo",Mid,2025-12-20,48397,169379,121239,2026-01-04,15,12,2026-01-16,,ELIGIBLE
FDX20256759189,CUST717942,Baker-Harris,Large,2025-12-01,36028,192535,80716,2025-12-26,25,20,2026-01-15,2026-01-09,RESOLVED_IN_GRACE
FDX20253062947,CUST628689,Phelps-Rose,Large,2025-12-01,5799,29809,12523,2025-12-26,25,20,2026-01-15,2026-01-04,RESOLVED_IN_GRACE
FDX20258272245,CUST241176,Jones-Sharp,Mid,2025-12-26,46882,216173,55790,2026-01-10,15,12,2026-01-22,2026-01-19,RESOLVED_IN_GRACE
FDX20258634097,CUST623059,"Barnes, Taylor and Johnson",Small,2026-01-09,31483,107219,88359,2026-01-19,10,7,2026-01-26,2026-01-26,RESOLVED_IN_GRACE
FDX20256821657,CUST104548,Mcclain PLC,Mid,2025-12-28,14713,41906,23295,2026-01-12,15,12,2026-01-24,2026-01-22,RESOLVED_IN_GRACE
FDX20255838692,CUST656127,Bell-Hammond,Small,2026-01-01,14289,80912,26568,2026-01-11,10,7,2026-01-18,,ELIGIBLE
FDX20252848691,CUST871976,Brown-Galvan,Mid,2025-12-21,35334,99526,47784,2026-01-05,15,12,2026-01-17,2026-01-13,RESOLVED_IN_GRACE
FDX20251139836,CUST150931,Brown-Wilson,Small,2026-01-11,10261,35594,29576,2026-01-21,10,7,2026-01-28,,ELIGIBLE
FDX20259370606,CUST680099,Mills-Duncan,Mid,2025-12-31,49874,177486,118044,2026-01-15,15,12,2026-01-27,,ELIGIBLE
FDX20253468450,CUST553834,Cooper-West,Mid,2025-12-12,50286,127527,90332,2025-12-27,15,12,2026-01-08,,IN_GRACE
FDX20258823508,CUST979562,Hickman-Hawkins,Large,2025-12-02,23740,60235,38761,2025-12-27,25,20,2026-01-16,,IN_GRACE
FDX20253520403,CUST713543,Farmer-Brown,Mid,2025-12-14,1715,9547,6012,2025-12-29,15,12,2026-01-10,2026-01-10,RESOLVED_IN_GRACE
FDX20259777607,CUST606390,Walker-Mckinney,Small,2025-12-24,16563,59572,53766,2026-01-03,10,7,2026-01-10,,IN_GRACE
FDX20255861731,CUST633025,Barber-Sexton,Mid,2025-12-14,8836,43537,14138,2025-12-29,15,12,2026-01-10,2026-01-05,RESOLVED_IN_GRACE
FDX20253728089,CUST919023,Juarez LLC,Small,2025-12-27,20258,114881,74314,2026-01-06,10,7,2026-01-13,,IN_GRACE
FDX20256094327,CUST285810,"Lynch, Bell and Montoya",Mid,2025-12-26,18216,83592,30335,2026-01-10,15,12,2026-01-22,,IN_GRACE
FDX20259167564,CUST825423,Aguirre-Price,Mega,2025-12-01,49036,247705,100832,2026-01-05,35,30,2026-02-04,2026-01-23,RESOLVED_IN_GRACE
FDX20255836199,CUST706658,Long-Sims,Mid,2025-12-21,46748,223594,192233,2026-01-05,15,12,2026-01-17,2026-01-07,RESOLVED_IN_GRACE
FDX20252084084,CUST282085,Levy-Daniels,Small,2026-01-04,14834,52411,45967,2026-01-14,10,7,2026-01-21,,ELIGIBLE
FDX20255944694,CUST865979,Fischer-Smith,Mid,2025-12-20,44031,144547,135604,2026-01-04,15,12,2026-01-16,,IN_GRACE
FDX20251261597,CUST954845,Young-Tanner,Small,2026-01-10,12075,71844,44016,2026-01-20,10,7,2026-01-27,,ELIGIBLE
FDX20258614476,CUST234618,"Dean, Shelton and Vincent",Mid,2025-12-31,54573,318776,108713,2026-01-15,15,12,2026-01-27,2026-01-24,RESOLVED_IN_GRACE
FDX20251687078,CUST208584,Hogan Inc,Mid,2025-12-24,6427,27987,17743,2026-01-08,15,12,2026-01-20,,ELIGIBLE
FDX20254646113,CUST506224,Olsen-Anderson,Mega,2025-12-01,15101,80950,39402,2026-01-05,35,30,2026-02-04,2026-01-17,RESOLVED_IN_GRACE
FDX20255748242,CUST789461,Doyle-Sanders,Mid,2026-01-01,46613,248614,186841,2026-01-16,15,12,2026-01-28,,IN_GRACE
FDX20253070908,CUST729718,Williams-Fisher,Mid,2025-12-25,17823,46796,23554,2026-01-09,15,12,2026-01-21,,ELIGIBLE
FDX20251892435,CUST735605,Moreno-Thompson,Large,2025-12-10,7291,24783,20317,2026-01-04,25,20,2026-01-24,2026-01-20,RESOLVED_IN_GRACE
FDX20259193429,CUST437477,"Barrett, Harper and Berry",Mid,2025-12-30,5658,27517,7340,2026-01-14,15,12,2026-01-26,2026-01-25,RESOLVED_IN_GRACE
FDX20256130833,CUST628597,"Harper, Patrick and Cruz",Mid,2026-01-01,17131,58840,50138,2026-01-16,15,12,2026-01-28,,ELIGIBLE
FDX20251085400,CUST503348,Leon-Green,Small,2026-01-03,21875,64212,52910,2026-01-13,10,7,2026-01-20,,ELIGIBLE
FDX20258219619,CUST539001,Barton PLC,Mega,2025-12-01,51256,264744,170551,2026-01-05,35,30,2026-02-04,2026-01-18,RESOLVED_IN_GRACE
FDX20256909866,CUST738576,Andrade PLC,Small,2026-01-01,2374,8466,6559,2026-01-11,10,7,2026-01-18,,IN_GRACE
FDX20251010766,CUST826155,Chavez-Powell,Mid,2025-12-20,33816,125142,112177,2026-01-04,15,12,2026-01-16,,IN_GRACE
FDX20251837217,CUST899407,Bradley PLC,Large,2025-12-02,2441,13836,5060,2025-12-27,25,20,2026-01-16,,ELIGIBLE
FDX20255218353,CUST360297,Allen-Huynh,Small,2026-01-05,28608,162080,94373,2026-01-15,10,7,2026-01-22,,ELIGIBLE
FDX20253310537,CUST386886,Wagner-Smith,Large,2025-12-12,36283,157398,45583,2026-01-06,25,20,2026-01-26,,ELIGIBLE
FDX20256875686,CUST517196,Ortiz-Lucas,Mid,2025-12-25,1749,7145,1997,2026-01-09,15,12,2026-01-21,,IN_GRACE
FDX20255752407,CUST459513,Watson-Mcdonald,Small,2025-12-27,17764,82922,23536,2026-01-06,10,7,2026-01-13,,IN_GRACE
FDX20259422048,CUST408463,Wallace-Gutierrez,Small,2026-01-10,28857,135157,99246,2026-01-20,10,7,2026-01-27,2026-01-21,RESOLVED_IN_GRACE
FDX20253601089,CUST574843,"Barton, Leon and Willis",Large,2025-12-03,12879,67002,46350,2025-12-28,25,20,2026-01-17,2026-01-05,RESOLVED_IN_GRACE
FDX20252442898,CUST943890,Edwards-Thomas,Large,2025-12-01,30613,156431,113673,2025-12-26,25,20,2026-01-15,,IN_GRACE
FDX20255541070,CUST239850,"Russell, Gilbert and Roberts",Mega,2025-12-01,16009,79457,58484,2026-01-05,35,30,2026-02-04,,IN_GRACE
FDX20253393173,CUST244892,Brown-Rhodes,Mid,2025-12-28,36892,135344,120018,2026-01-12,15,12,2026-01-24,2026-01-22,RESOLVED_IN_GRACE
FDX20254300538,CUST532794,Gomez-Jones,Mega,2025-12-01,16133,89931,23717,2026-01-05,35,30,2026-02-04,2026-01-30,RESOLVED_IN_GRACE
FDX20258248609,CUST731792,Webb-Martin,Mid,2026-01-01,37948,135571,62043,2026-01-16,15,12,2026-01-28,,IN_GRACE
FDX20252354222,CUST834018,Lee-Zuniga,Small,2025-12-24,53086,250165,222496,2026-01-03,10,7,2026-01-10,,IN_GRACE
FDX20255878848,CUST884782,Rogers-Smith,Small,2026-01-07,35375,101073,71274,2026-01-17,10,7,2026-01-24,,ELIGIBLE
FDX20254671824,CUST637179,Scott-Pena,Small,2025-12-30,29398,148490,75059,2026-01-09,10,7,2026-01-16,2026-01-11,RESOLVED_IN_GRACE
FDX20251539164,CUST413433,Miller-Donovan,Mid,2025-12-21,40399,184018,104646,2026-01-05,15,12,2026-01-17,2026-01-12,RESOLVED_IN_GRACE
FDX20258938605,CUST984027,Patel-Brown,Small,2025-12-22,40170,235844,231304,2026-01-01,10,7,2026-01-08,2026-01-03,RESOLVED_IN_GRACE
FDX20256949741,CUST835570,Powers-Zimmerman,Small,2025-12-22,17423,94431,40273,2026-01-01,10,7,2026-01-08,2026-01-02,RESOLVED_IN_GRACE
FDX20255172971,CUST674416,"Ballard, Stark and Robbins",Mid,2025-12-17,30248,97560,69636,2026-01-01,15,12,2026-01-13,,ELIGIBLE
FDX20257480045,CUST429159,"Hensley, Ballard and Valdez",Small,2026-01-11,54860,271283,163472,2026-01-21,10,7,2026-01-28,2026-01-22,RESOLVED_IN_GRACE
FDX20258089435,CUST846454,Miles Ltd,Mid,2025-12-25,57848,322646,102673,2026-01-09,15,12,2026-01-21,,ELIGIBLE
FDX20257696015,CUST872610,Conner-Simmons,Small,2025-12-26,23825,116160,111909,2026-01-05,10,7,2026-01-12,,ELIGIBLE
FDX20252646494,CUST680472,Golden-Peck,Small,2026-01-04,55990,181732,86293,2026-01-14,10,7,2026-01-21,,ELIGIBLE
FDX20255383230,CUST763311,Bennett-Hill,Mid,2025-12-17,4906,25005,21234,2026-01-01,15,12,2026-01-13,,ELIGIBLE
FDX20256067099,CUST327900,Medina-Clay,Mid,2025-12-17,37711,101973,41939,2026-01-01,15,12,2026-01-13,,ELIGIBLE
FDX20256213281,CUST310647,Washington-Scott,Small,2026-01-11,46010,266020,119263,2026-01-21,10,7,2026-01-28,2026-01-25,RESOLVED_IN_GRACE
FDX20253907524,CUST319899,Zavala-Cortez,Large,2025-12-01,33692,89133,39239,2025-12-26,25,20,2026-01-15,2026-01-04,RESOLVED_IN_GRACE
FDX20258311783,CUST754487,Mckay LLC,Small,2025-12-22,47621,139357,67336,2026-01-01,10,7,2026-01-08,,ELIGIBLE
FDX20256410314,CUST849086,Fischer-Meyers,Large,2025-12-01,38289,95951,55021,2025-12-26,25,20,2026-01-15,,ELIGIBLE
FDX20253334991,CUST404694,Johnston-Williams,Small,2026-01-04,20823,109404,34610,2026-01-14,10,7,2026-01-21,,IN_GRACE
FDX20254347166,CUST819964,Hall-Williams,Small,2025-12-29,59628,190609,64497,2026-01-08,10,7,2026-01-15,2026-01-13,RESOLVED_IN_GRACE
FDX20255194647,CUST462066,Dixon-Johnson,Large,2025-12-01,14708,86399,69735,2025-12-26,25,20,2026-01-15,2025-12-31,RESOLVED_IN_GRACE
FDX20253276513,CUST805034,Boyd-Carter,Large,2025-12-03,20175,108952,60488,2025-12-28,25,20,2026-01-17,,ELIGIBLE
FDX20257984561,CUST239116,Carrillo-Bernard,Mid,2025-12-28,34516,129507,87297,2026-01-12,15,12,2026-01-24,,ELIGIBLE
FDX20254347443,CUST844904,"Terry, Cruz and Pearson",Mid,2025-12-31,13677,48221,43081,2026-01-15,15,12,2026-01-27,2026-01-24,RESOLVED_IN_GRACE
FDX20256050986,CUST781664,"Ho, Martinez and Williams",Small,2025-12-30,43871,255470,155473,2026-01-09,10,7,2026-01-16,,ELIGIBLE
FDX20256116985,CUST286450,Rhodes-Oneill,Small,2026-01-05,47547,137275,110415,2026-01-15,10,7,2026-01-22,,IN_GRACE
FDX20252436094,CUST628370,Garrett-Nelson,Small,2025-12-29,16007,92641,33037,2026-01-08,10,7,2026-01-15,,ELIGIBLE
FDX20255988439,CUST668843,Jenkins-Perkins,Small,2026-01-11,53782,252970,174156,2026-01-21,10,7,2026-01-28,,ELIGIBLE
FDX20258736886,CUST828038,Burton-Jones,Small,2025-12-22,28188,73790,55451,2026-01-01,10,7,2026-01-08,2026-01-08,RESOLVED_IN_GRACE
FDX20254076474,CUST767814,Lopez-Ford,Small,2025-12-29,13836,74646,71245,2026-01-08,10,7,2026-01-15,,ELIGIBLE
FDX20257307661,CUST438041,Thomas-Lopez,Small,2025-12-26,44108,197255,61479,2026-01-05,10,7,2026-01-12,,ELIGIBLE
FDX20258329845,CUST844858,Williams-Simmons,Small,2026-01-10,47761,182363,154621,2026-01-20,10,7,2026-01-27,,IN_GRACE
FDX20252611322,CUST221011,Campos Ltd,Mid,2025-12-28,38025,107969,93946,2026-01-12,15,12,2026-01-24,,ELIGIBLE
FDX20253325487,CUST897730,Lambert PLC,Small,2025-12-22,25075,124882,63318,2026-01-01,10,7,2026-01-08,,ELIGIBLE
FDX20259834402,CUST469348,Sparks-Avila,Small,2026-01-10,6379,29476,25832,2026-01-20,10,7,2026-01-27,,ELIGIBLE
FDX20258413874,CUST689593,Bryant-Gonzalez,Small,2025-12-31,37464,159460,121928,2026-01-10,10,7,2026-01-17,,IN_GRACE
FDX20256255638,CUST603704,"Griffith, Flowers and Lester",Small,2026-01-11,15872,66891,42392,2026-01-21,10,7,2026-01-28,,IN_GRACE
FDX20259452615,CUST711116,Montes Inc,Large,2025-12-01,47923,183687,112565,2025-12-26,25,20,2026-01-15,,IN_GRACE
FDX20256998844,CUST698357,Lambert-Martin,Mid,2025-12-12,32670,178843,130064,2025-12-27,15,12,2026-01-08,,ELIGIBLE
FDX20258858093,CUST799565,Miller-Zuniga,Large,2025-12-01,28794,83207,62033,2025-12-26,25,20,2026-01-15,2026-01-04,RESOLVED_IN_GRACE
FDX20256942386,CUST844618,"Giles, Robinson and Carpenter",Large,2025-12-16,24669,90695,69581,2026-01-10,25,20,2026-01-30,,ELIGIBLE
FDX20258175098,CUST537757,Miller-Yang,Mid,2025-12-26,33078,142055,96210,2026-01-10,15,12,2026-01-22,2026-01-22,RESOLVED_IN_GRACE
FDX20258827453,CUST806995,Vazquez PLC,Mid,2025-12-19,34003,201555,171518,2026-01-03,15,12,2026-01-15,,ELIGIBLE
FDX20258054914,CUST884197,Blair-Banks,Small,2026-01-09,25236,136864,43336,2026-01-19,10,7,2026-01-26,2026-01-25,RESOLVED_IN_GRACE
FDX20257882997,CUST982260,Jordan-Stewart,Mid,2025-12-16,41436,176092,130354,2025-12-31,15,12,2026-01-12,2026-01-09,RESOLVED_IN_GRACE
FDX20258739061,CUST659837,Stevens-Carter,Large,2025-12-10,16816,69171,21646,2026-01-04,25,20,2026-01-24,,ELIGIBLE
FDX20251464274,CUST399817,Holland-Perez,Small,2026-01-07,36609,219049,215165,2026-01-17,10,7,2026-01-24,2026-01-24,RESOLVED_IN_GRACE
FDX20251443289,CUST988459,Anderson-Gilbert,Small,2026-01-10,35123,207343,85415,2026-01-20,10,7,2026-01-27,2026-01-24,RESOLVED_IN_GRACE
FDX20258061842,CUST542904,"Schmidt, Sosa and Moore",Small,2025-12-30,20612,92431,91564,2026-01-09,10,7,2026-01-16,2026-01-14,RESOLVED_IN_GRACE
FDX20252483592,CUST947568,King-Case,Small,2025-12-24,12391,43435,37248,2026-01-03,10,7,2026-01-10,,ELIGIBLE
FDX20253358634,CUST113390,Jenkins-Sanchez,Mid,2025-12-12,42097,204156,51935,2025-12-27,15,12,2026-01-08,,IN_GRACE
FDX20256073262,CUST648122,Blackburn Inc,Large,2025-12-07,19984,67068,37591,2026-01-01,25,20,2026-01-21,,ELIGIBLE
FDX20255070918,CUST211642,Wilkins-Anderson,Small,2026-01-07,18996,90009,19565,2026-01-17,10,7,2026-01-24,,ELIGIBLE
FDX20259593404,CUST126499,Robinson-Hill,Small,2025-12-22,13454,56664,39008,2026-01-01,10,7,2026-01-08,2026-01-05,RESOLVED_IN_GRACE
FDX20257259766,CUST499371,Johnson-Fleming,Small,2026-01-01,43471,124992,63840,2026-01-11,10,7,2026-01-18,2026-01-12,RESOLVED_IN_GRACE
FDX20253135317,CUST252386,"Moon, Maldonado and Moore",Large,2025-12-06,32917,188724,168454,2025-12-31,25,20,2026-01-20,,ELIGIBLE
FDX20255921482,CUST155642,Bennett-Wagner,Mid,2025-12-26,12841,72593,34655,2026-01-10,15,12,2026-01-22,,ELIGIBLE
FDX20251898185,CUST802812,Jackson-Bradley,Mid,2026-01-01,53239,287162,198831,2026-01-16,15,12,2026-01-28,,ELIGIBLE
FDX20257587730,CUST159354,Jackson-Dudley,Mid,2025-12-22,37319,212963,56094,2026-01-06,15,12,2026-01-18,2026-01-13,RESOLVED_IN_GRACE
FDX20253112852,CUST309612,Harris-Monroe,Small,2025-12-22,51243,156530,146045,2026-01-01,10,7,2026-01-08,,IN_GRACE
FDX20257760247,CUST379947,Le-Skinner,Mid,2025-12-17,1720,6218,5309,2026-01-01,15,12,2026-01-13,,ELIGIBLE
FDX20251099872,CUST886626,Young-Brown,Mid,2025-12-28,48736,229590,103346,2026-01-12,15,12,2026-01-24,2026-01-15,RESOLVED_IN_GRACE
FDX20258764626,CUST923690,"Olsen, Murray and Smith",Mid,2025-12-28,40107,176748,40776,2026-01-12,15,12,2026-01-24,,ELIGIBLE
FDX20259690736,CUST268752,Gaines and Sons,Small,2025-12-30,16100,94909,82675,2026-01-09,10,7,2026-01-16,2026-01-16,RESOLVED_IN_GRACE
FDX20258721222,CUST400538,Cooper-Pollard,Small,2025-12-26,49094,130848,88942,2026-01-05,10,7,2026-01-12,2026-01-07,RESOLVED_IN_GRACE
FDX20251911778,CUST816586,Wood-Cox,Small,2026-01-09,33668,117653,45468,2026-01-19,10,7,2026-01-26,2026-01-25,RESOLVED_IN_GRACE
FDX20252420343,CUST362732,Price-Becker,Mega,2025-12-01,11773,58074,51811,2026-01-05,35,30,2026-02-04,,ELIGIBLE
FDX20251917592,CUST253541,Trujillo-Stephens,Small,2025-12-27,59953,293778,62471,2026-01-06,10,7,2026-01-13,2026-01-11,RESOLVED_IN_GRACE
FDX20255532781,CUST980155,Vasquez-Kane,Mid,2025-12-22,49416,221928,132993,2026-01-06,15,12,2026-01-18,,ELIGIBLE
FDX20252795982,CUST165046,Alvarez-Ramos,Small,2026-01-01,22407,71761,23401,2026-01-11,10,7,2026-01-18,,ELIGIBLE
FDX20256594923,CUST824141,Pierce-Butler,Small,2026-01-03,35841,143761,137644,2026-01-13,10,7,2026-01-20,,ELIGIBLE
FDX20252634085,CUST922458,Shaw-Garcia,Mid,2025-12-17,57416,170193,137988,2026-01-01,15,12,2026-01-13,,ELIGIBLE
FDX20255875071,CUST409477,Williams-Kent,Mega,2025-12-01,55601,294607,176847,2026-01-05,35,30,2026-02-04,,IN_GRACE
FDX20259077690,CUST313910,Johnson-Gilbert,Small,2025-12-24,1701,8315,7643,2026-01-03,10,7,2026-01-10,,ELIGIBLE
FDX20256558419,CUST890200,Raymond PLC,Mid,2025-12-14,50408,257731,104666,2025-12-29,15,12,2026-01-10,2026-01-08,RESOLVED_IN_GRACE
FDX20252021141,CUST667460,Gibson-Greene,Large,2025-12-12,53319,187462,74310,2026-01-06,25,20,2026-01-26,,ELIGIBLE
FDX20253037470,CUST133875,Parks-Huang,Small,2025-12-29,16895,50619,36817,2026-01-08,10,7,2026-01-15,,ELIGIBLE
FDX20259570152,CUST476105,Kennedy-Cabrera,Large,2025-12-07,3615,11764,9154,2026-01-01,25,20,2026-01-21,,ELIGIBLE
FDX20251889532,CUST953568,Mcdonald-Duffy,Small,2025-12-29,32364,185025,128608,2026-01-08,10,7,2026-01-15,,ELIGIBLE
FDX20254440410,CUST574579,Christian-Cruz,Small,2025-12-29,40038,176360,87646,2026-01-08,10,7,2026-01-15,2026-01-11,RESOLVED_IN_GRACE
FDX20259661473,CUST207458,Bean Group,Mid,2025-12-31,4305,11842,11574,2026-01-15,15,12,2026-01-27,,IN_GRACE
FDX20253418467,CUST746036,Gibson-Wilkinson,Small,2025-12-27,27946,118817,86706,2026-01-06,10,7,2026-01-13,2026-01-09,RESOLVED_IN_GRACE
FDX20259309833,CUST808340,"Cervantes, Shannon and Bennett",Large,2025-12-14,25413,105388,87643,2026-01-08,25,20,2026-01-28,2026-01-18,RESOLVED_IN_GRACE
FDX20253288458,CUST875414,"Martin, Brooks and James",Small,2025-12-27,35672,138728,63483,2026-01-06,10,7,2026-01-13,,ELIGIBLE
FDX20254750438,CUST689179,Davis-Warner,Large,2025-12-01,43089,146640,115865,2025-12-26,25,20,2026-01-15,,ELIGIBLE
FDX20253596701,CUST335203,Gutierrez-Smith,Small,2025-12-31,6168,15772,14284,2026-01-10,10,7,2026-01-17,2026-01-16,RESOLVED_IN_GRACE
FDX20256048133,CUST878476,Stewart-Singleton,Small,2026-01-05,50535,127171,95214,2026-01-15,10,7,2026-01-22,,ELIGIBLE
FDX20256215882,CUST778553,Henry-Wallace,Large,2025-12-03,27340,76125,49450,2025-12-28,25,20,2026-01-17,,IN_GRACE
FDX20251108226,CUST688534,Duncan and Sons,Small,2025-12-30,22114,118048,49662,2026-01-09,10,7,2026-01-16,,ELIGIBLE
FDX20259136197,CUST507777,Russell-Villarreal,Small,2026-01-10,35799,183485,110208,2026-01-20,10,7,2026-01-27,2026-01-21,RESOLVED_IN_GRACE
FDX20254367185,CUST349136,Kennedy-Barnes,Small,2025-12-30,4828,25332,5045,2026-01-09,10,7,2026-01-16,,ELIGIBLE
FDX20252924495,CUST635740,Pacheco-Carroll,Large,2025-12-01,52540,138868,109109,2025-12-26,25,20,2026-01-15,,ELIGIBLE
FDX20252126456,CUST922405,Gordon-Hudson,Small,2025-12-26,26372,81191,53112,2026-01-05,10,7,2026-01-12,2026-01-12,RESOLVED_IN_GRACE
FDX20251000599,CUST935540,"Schneider, Smith and Gray",Small,2026-01-04,45674,131706,90614,2026-01-14,10,7,2026-01-21,,ELIGIBLE
FDX20253567284,CUST937625,Murillo-Miller,Large,2025-12-16,14192,40676,28626,2026-01-10,25,20,2026-01-30,,ELIGIBLE
FDX20253030620,CUST829943,Roberts-Smith,Mid,2025-12-31,26303,118955,29035,2026-01-15,15,12,2026-01-27,2026-01-27,RESOLVED_IN_GRACE
FDX20259721175,CUST401610,Alexander-Gomez,Mid,2025-12-19,12282,49925,31410,2026-01-03,15,12,2026-01-15,,ELIGIBLE
FDX20252625102,CUST826596,Zimmerman Group,Large,2025-12-08,46957,215571,145681,2026-01-02,25,20,2026-01-22,,ELIGIBLE
FDX20255147429,CUST796772,Anderson-Dixon,Large,2025-12-03,40875,223565,195506,2025-12-28,25,20,2026-01-17,2025-12-31,RESOLVED_IN_GRACE
FDX20254427478,CUST149261,Austin-Scott,Mega,2025-12-01,34940,98441,54165,2026-01-05,35,30,2026-02-04,2026-01-12,RESOLVED_IN_GRACE
FDX20252738237,CUST500118,Burton LLC,Small,2026-01-11,16582,91206,67315,2026-01-21,10,7,2026-01-28,2026-01-28,RESOLVED_IN_GRACE
FDX20258948078,CUST506380,Long-Rice,Small,2026-01-07,42119,223668,128139,2026-01-17,10,7,2026-01-24,2026-01-21,RESOLVED_IN_GRACE
FDX20251413665,CUST536801,Russell-Hayes,Small,2026-01-01,23284,105650,57737,2026-01-11,10,7,2026-01-18,,ELIGIBLE
FDX20259485991,CUST926394,Herman-Bartlett,Small,2025-12-31,27268,70359,52466,2026-01-10,10,7,2026-01-17,2026-01-15,RESOLVED_IN_GRACE
FDX20258445994,CUST818430,Haney Ltd,Large,2025-12-01,13987,52551,25826,2025-12-26,25,20,2026-01-15,,ELIGIBLE
FDX20257555091,CUST427841,Richardson-Johnson,Large,2025-12-12,28888,75024,53314,2026-01-06,25,20,2026-01-26,,ELIGIBLE
FDX20251933705,CUST678944,Rodriguez-Randall,Small,2025-12-27,14237,51023,48636,2026-01-06,10,7,2026-01-13,2026-01-11,RESOLVED_IN_GRACE
FDX20253043656,CUST156415,Flores-Moore,Mid,2025-12-26,11815,70801,32150,2026-01-10,15,12,2026-01-22,,IN_GRACE
FDX20256031885,CUST113595,Wood-Ramirez,Small,2025-12-24,41345,217456,195586,2026-01-03,10,7,2026-01-10,,ELIGIBLE
FDX20257787345,CUST879794,Walters Group,Mid,2025-12-28,27731,118762,34308,2026-01-12,15,12,2026-01-24,,ELIGIBLE
FDX20259115466,CUST363550,Thompson-Mendoza,Small,2026-01-10,37330,185626,67559,2026-01-20,10,7,2026-01-27,,ELIGIBLE
FDX20254087744,CUST312952,Hanson-Miller,Mid,2025-12-31,35178,149057,134504,2026-01-15,15,12,2026-01-27,,ELIGIBLE
FDX20254941435,CUST750706,Snow-Henry,Small,2025-12-29,22486,124048,95358,2026-01-08,10,7,2026-01-15,,IN_GRACE
FDX20255366631,CUST918859,Oconnor-Daniels,Small,2026-01-07,3872,14405,5641,2026-01-17,10,7,2026-01-24,2026-01-20,RESOLVED_IN_GRACE
FDX20258367376,CUST564586,Taylor-Pearson,Small,2026-01-01,43405,113663,68697,2026-01-11,10,7,2026-01-18,,ELIGIBLE
FDX20253066894,CUST970300,Anderson-Valencia,Mid,2025-12-19,28961,101638,69043,2026-01-03,15,12,2026-01-15,,ELIGIBLE
FDX20258253691,CUST336504,Holden-Wilson,Small,2026-01-04,36000,148315,70091,2026-01-14,10,7,2026-01-21,,ELIGIBLE
FDX20253453606,CUST764575,Miller-Huynh,Mid,2025-12-26,23365,72213,32416,2026-01-10,15,12,2026-01-22,,IN_GRACE
FDX20251363358,CUST838857,Zhang-Watson,Mid,2025-12-17,54059,237472,85762,2026-01-01,15,12,2026-01-13,,ELIGIBLE
FDX20254100561,CUST844012,Tran-Hicks,Small,2026-01-05,38446,159326,152030,2026-01-15,10,7,2026-01-22,2026-01-19,RESOLVED_IN_GRACE
FDX20253377099,CUST779091,Jones-Vance,Small,2026-01-13,41638,118912,63227,2026-01-23,10,7,2026-01-30,,ELIGIBLE
FDX20255037972,CUST485604,Williams-Coleman,Small,2026-01-11,11865,69463,25515,2026-01-21,10,7,2026-01-28,,ELIGIBLE
FDX20253865137,CUST891787,Rivera-Rhodes,Small,2026-01-04,59117,153564,137846,2026-01-14,10,7,2026-01-21,,IN_GRACE
FDX20259581797,CUST716966,Powell-Wright,Small,2026-01-01,43873,186023,121023,2026-01-11,10,7,2026-01-18,2026-01-13,RESOLVED_IN_GRACE
FDX20254361332,CUST673167,Wolf-Ruiz,Small,2026-01-09,6097,20593,7485,2026-01-19,10,7,2026-01-26,2026-01-26,RESOLVED_IN_GRACE
FDX20258988612,CUST874320,"Dunn, Davis and Beltran",Mid,2025-12-16,14430,54076,35633,2025-12-31,15,12,2026-01-12,,ELIGIBLE
FDX20259060889,CUST732697,Clayton-Williams,Large,2025-12-01,23150,115484,102665,2025-12-26,25,20,2026-01-15,,ELIGIBLE
FDX20255865999,CUST306012,Logan-Davis,Mid,2025-12-24,41531,111836,46894,2026-01-08,15,12,2026-01-20,,ELIGIBLE
FDX20255856148,CUST913848,Kelly-Jackson,Small,2025-12-31,32659,105965,77569,2026-01-10,10,7,2026-01-17,2026-01-14,RESOLVED_IN_GRACE
FDX20252678051,CUST860127,Wright-Estes,Mega,2025-12-01,26886,140224,90470,2026-01-05,35,30,2026-02-04,,ELIGIBLE
FDX20259270565,CUST302897,"Ward, David and Cook",Mid,2025-12-26,10093,41585,11973,2026-01-10,15,12,2026-01-22,,ELIGIBLE
FDX20257162932,CUST408467,Roberts-Conley,Small,2026-01-10,26507,150236,53998,2026-01-20,10,7,2026-01-27,,ELIGIBLE
FDX20255616776,CUST570616,Perez-Abbott,Mid,2025-12-21,28965,118085,87520,2026-01-05,15,12,2026-01-17,2026-01-14,RESOLVED_IN_GRACE
FDX20257563066,CUST286044,Powers Ltd,Small,2025-12-29,14481,65172,60211,2026-01-08,10,7,2026-01-15,,ELIGIBLE
FDX20257472998,CUST815819,"Williams, Morales and Baldwin",Small,2026-01-09,6330,37037,28645,2026-01-19,10,7,2026-01-26,,ELIGIBLE
FDX20252800796,CUST178086,Snyder-Williams,Mid,2025-12-22,25767,78724,77376,2026-01-06,15,12,2026-01-18,,ELIGIBLE
FDX20258784019,CUST296059,Blackwell-Brown,Small,2026-01-11,4947,21699,8192,2026-01-21,10,7,2026-01-28,,IN_GRACE
FDX20257994362,CUST282237,"Sheppard, White and Shields",Small,2026-01-04,16975,68581,48804,2026-01-14,10,7,2026-01-21,,ELIGIBLE
FDX20258127514,CUST870786,"Carney, Carroll and Pierce",Small,2025-12-27,31347,141710,81107,2026-01-06,10,7,2026-01-13,2026-01-10,RESOLVED_IN_GRACE
FDX20253485821,CUST638807,Turner-Mitchell,Small,2026-01-03,41228,197775,193274,2026-01-13,10,7,2026-01-20,,ELIGIBLE
FDX20251469269,CUST225151,Thomas-Murphy,Small,2026-01-04,44519,164178,141955,2026-01-14,10,7,2026-01-21,,ELIGIBLE
FDX20255755035,CUST495521,Smith-Barnes,Mid,2025-12-24,9929,33512,18819,2026-01-08,15,12,2026-01-20,2026-01-18,RESOLVED_IN_GRACE
FDX20258668568,CUST142608,Hanson-Meyer,Small,2026-01-07,26602,129346,55191,2026-01-17,10,7,2026-01-24,2026-01-21,RESOLVED_IN_GRACE
FDX20253015388,CUST549323,"Frye, Aguilar and Williamson",Small,2026-01-13,6714,36096,20531,2026-01-23,10,7,2026-01-30,2026-01-27,RESOLVED_IN_GRACE
FDX20257533541,CUST392670,Benson Inc,Small,2026-01-11,22052,98178,81237,2026-01-21,10,7,2026-01-28,2026-01-26,RESOLVED_IN_GRACE
FDX20251184878,CUST683635,Leach Ltd,Small,2025-12-29,9250,49636,17912,2026-01-08,10,7,2026-01-15,,ELIGIBLE
FDX20256079496,CUST377075,Swanson-Morgan,Mid,2026-01-01,3473,18590,8482,2026-01-16,15,12,2026-01-28,2026-01-22,RESOLVED_IN_GRACE
FDX20251571826,CUST236384,Flynn-Ortiz,Mega,2025-12-01,18799,50131,49030,2026-01-05,35,30,2026-02-04,2026-01-11,RESOLVED_IN_GRACE
FDX20258457126,CUST268746,"Berg, Peterson and Riley",Small,2025-12-26,36764,184297,109595,2026-01-05,10,7,2026-01-12,2026-01-08,RESOLVED_IN_GRACE
FDX20251715242,CUST712353,White-Ward,Mega,2025-12-01,14828,73758,63112,2026-01-05,35,30,2026-02-04,2026-01-22,RESOLVED_IN_GRACE
FDX20256951329,CUST987110,"Black, Johnson and Oliver",Mid,2025-12-14,10560,51111,49095,2025-12-29,15,12,2026-01-10,,ELIGIBLE
FDX20253337125,CUST367403,Foster-Edwards,Mid,2025-12-16,30786,129876,105683,2025-12-31,15,12,2026-01-12,,ELIGIBLE
FDX20258850178,CUST105919,Meyer-Moore,Large,2025-12-06,19773,65302,35209,2025-12-31,25,20,2026-01-20,,ELIGIBLE
FDX20258689839,CUST446620,Zimmerman-Garcia,Small,2025-12-31,45742,216238,147160,2026-01-10,10,7,2026-01-17,,ELIGIBLE
FDX20255645678,CUST588983,Allen-Meyers,Small,2026-01-09,33409,118850,104961,2026-01-19,10,7,2026-01-26,2026-01-24,RESOLVED_IN_GRACE
FDX20251153009,CUST844163,"Romero, Gilmore and Anderson",Small,2026-01-07,29446,139964,108657,2026-01-17,10,7,2026-01-24,2026-01-22,RESOLVED_IN_GRACE
FDX20253656077,CUST262325,Sullivan-Moore,Large,2025-12-03,27114,146758,141358,2025-12-28,25,20,2026-01-17,,ELIGIBLE
FDX20257002009,CUST141880,Young-Clayton,Mid,2025-12-28,2034,9339,8309,2026-01-12,15,12,2026-01-24,2026-01-20,RESOLVED_IN_GRACE
FDX20259399318,CUST261169,Clarke-Mcclure,Mega,2025-12-01,35461,144210,65862,2026-01-05,35,30,2026-02-04,,ELIGIBLE
FDX20259442389,CUST438302,Murphy-Martinez,Mid,2026-01-03,38517,116927,77447,2026-01-18,15,12,2026-01-30,,IN_GRACE
FDX20254536303,CUST725874,Brooks-Thomas,Large,2025-12-03,9508,39456,20110,2025-12-28,25,20,2026-01-17,2026-01-16,RESOLVED_IN_GRACE
FDX20256852464,CUST153325,Howard-King,Large,2025-12-01,4001,22222,13349,2025-12-26,25,20,2026-01-15,,ELIGIBLE
FDX20259808972,CUST911242,Floyd LLC,Mid,2026-01-01,41470,117552,78360,2026-01-16,15,12,2026-01-28,,ELIGIBLE
FDX20257553588,CUST755744,James-Reed,Small,2025-12-24,53270,209466,121535,2026-01-03,10,7,2026-01-10,,ELIGIBLE
FDX20259607469,CUST745512,Alvarado-Walker,Mid,2025-12-30,32070,116722,56483,2026-01-14,15,12,2026-01-26,2026-01-22,RESOLVED_IN_GRACE
FDX20252053034,CUST984096,Gallagher-Armstrong,Mega,2025-12-01,4992,27315,9504,2026-01-05,35,30,2026-02-04,,ELIGIBLE
FDX20253927571,CUST794042,Montoya-Ray,Small,2026-01-11,25243,102449,60985,2026-01-21,10,7,2026-01-28,,ELIGIBLE
FDX20253540116,CUST415783,"Holloway, Murphy and Henderson",Small,2026-01-01,24017,79776,55501,2026-01-11,10,7,2026-01-18,,ELIGIBLE
FDX20256903348,CUST614379,Lewis-Noble,Small,2025-12-26,38247,203611,54957,2026-01-05,10,7,2026-01-12,,ELIGIBLE
FDX20256692359,CUST928278,Sanford-Reeves,Small,2025-12-27,5491,24673,13766,2026-01-06,10,7,2026-01-13,,ELIGIBLE
FDX20258708824,CUST700495,Hale-Ortiz,Mid,2026-01-03,31650,187549,74408,2026-01-18,15,12,2026-01-30,2026-01-27,RESOLVED_IN_GRACE
FDX20253349469,CUST676884,Bradley-Ramirez,Small,2026-01-09,32646,117956,39830,2026-01-19,10,7,2026-01-26,,IN_GRACE
FDX20255669772,CUST475479,Copeland-Moore,Small,2025-12-26,31408,120149,43252,2026-01-05,10,7,2026-01-12,,ELIGIBLE
FDX20256082320,CUST176421,Cole-Garza,Small,2026-01-13,58652,307492,123057,2026-01-23,10,7,2026-01-30,,ELIGIBLE
FDX20257609027,CUST922116,Campbell-Garcia,Small,2026-01-07,41539,136328,74641,2026-01-17,10,7,2026-01-24,,IN_GRACE
FDX20252144375,CUST842057,Bautista-Lindsey,Mid,2025-12-17,26523,67262,42201,2026-01-01,15,12,2026-01-13,,ELIGIBLE
FDX20259115888,CUST433299,Murray Group,Mid,2025-12-14,30914,148868,52978,2025-12-29,15,12,2026-01-10,,ELIGIBLE
FDX20257317003,CUST650916,Holden-Jones,Mid,2025-12-22,38124,103433,53091,2026-01-06,15,12,2026-01-18,2026-01-12,RESOLVED_IN_GRACE
FDX20258914690,CUST330646,"Velazquez, Green and Brown",Small,2026-01-09,28625,140138,107049,2026-01-19,10,7,2026-01-26,,ELIGIBLE
FDX20254026182,CUST292800,Obrien-Martin,Small,2026-01-03,41431,133762,130031,2026-01-13,10,7,2026-01-20,2026-01-14,RESOLVED_IN_GRACE
FDX20259505716,CUST645895,Hunt-Stevenson,Mid,2025-12-20,38188,193008,178419,2026-01-04,15,12,2026-01-16,2026-01-12,RESOLVED_IN_GRACE
FDX20259815318,CUST171488,Henson-Salinas,Small,2025-12-27,32977,142610,33032,2026-01-06,10,7,2026-01-13,,IN_GRACE
FDX20255349090,CUST924451,"Mccarthy, Pham and Lewis",Small,2026-01-11,59869,338305,306122,2026-01-21,10,7,2026-01-28,2026-01-24,RESOLVED_IN_GRACE
FDX20253171340,CUST629678,Gibson-Warner,Small,2026-01-13,3426,10306,4993,2026-01-23,10,7,2026-01-30,2026-01-28,RESOLVED_IN_GRACE
FDX20256437103,CUST267112,Ingram-Crawford,Small,2026-01-11,44363,167397,154206,2026-01-21,10,7,2026-01-28,2026-01-28,RESOLVED_IN_GRACE
FDX20256840068,CUST536135,Jordan-Cooper,Mid,2025-12-28,40862,147595,83107,2026-01-12,15,12,2026-01-24,,ELIGIBLE
FDX20257774201,CUST669460,Gill-Oconnell,Small,2026-01-07,27300,127474,107510,2026-01-17,10,7,2026-01-24,2026-01-21,RESOLVED_IN_GRACE
FDX20252133636,CUST663123,"Knox, Roberts and Davis",Mid,2025-12-20,46825,196879,150218,2026-01-04,15,12,2026-01-16,,ELIGIBLE
FDX20251753785,CUST523013,Koch-Hunter,Small,2025-12-24,54877,201372,78991,2026-01-03,10,7,2026-01-10,2026-01-10,RESOLVED_IN_GRACE
FDX20251495294,CUST196411,Ramos Group,Small,2025-12-22,32904,184195,159359,2026-01-01,10,7,2026-01-08,2026-01-02,RESOLVED_IN_GRACE
FDX20253670591,CUST466375,Johnson-Snyder,Mid,2025-12-31,35498,141600,59260,2026-01-15,15,12,2026-01-27,2026-01-22,RESOLVED_IN_GRACE
FDX20254887353,CUST331942,Hansen Group,Mega,2025-12-01,28132,166159,143381,2026-01-05,35,30,2026-02-04,2026-01-29,RESOLVED_IN_GRACE
FDX20252619679,CUST323717,Harris-Burgess,Large,2025-12-01,51650,267411,159433,2025-12-26,25,20,2026-01-15,,ELIGIBLE
FDX20252782083,CUST795556,Nash-Webster,Mid,2025-12-21,6087,28447,13703,2026-01-05,15,12,2026-01-17,2026-01-09,RESOLVED_IN_GRACE
FDX20259379110,CUST448005,Sanchez-Clark,Small,2025-12-26,51674,276433,154520,2026-01-05,10,7,2026-01-12,2026-01-07,RESOLVED_IN_GRACE
FDX20258992883,CUST447148,Goodwin-Gonzalez,Large,2025-12-01,53346,273386,84640,2025-12-26,25,20,2026-01-15,,ELIGIBLE
FDX20256430103,CUST478323,Martinez-Mcdonald,Small,2026-01-13,17345,44040,23829,2026-01-23,10,7,2026-01-30,,ELIGIBLE
FDX20254884505,CUST407835,Carlson-Martin,Mid,2026-01-03,10833,53956,19341,2026-01-18,15,12,2026-01-30,,ELIGIBLE
FDX20254969777,CUST329056,"Hill, Russell and Smith",Mid,2025-12-12,21360,120995,76590,2025-12-27,15,12,2026-01-08,,ELIGIBLE
FDX20252768852,CUST889216,Prince-Hancock,Small,2025-12-27,21367,56985,37938,2026-01-06,10,7,2026-01-13,,ELIGIBLE
FDX20253919201,CUST748314,Roach-Williams,Large,2025-12-03,27871,121647,75878,2025-12-28,25,20,2026-01-17,,IN_GRACE
FDX20257443851,CUST656268,Gutierrez Ltd,Small,2025-12-24,54529,208884,203170,2026-01-03,10,7,2026-01-10,,ELIGIBLE
FDX20258047372,CUST597923,Bass Inc,Small,2025-12-27,33383,142768,37356,2026-01-06,10,7,2026-01-13,,ELIGIBLE
FDX20252079947,CUST688602,"Phillips, Best and Vasquez",Mid,2025-12-14,52469,213171,111450,2025-12-29,15,12,2026-01-10,,ELIGIBLE
FDX20252038956,CUST963699,Jones-Taylor,Small,2026-01-10,27330,107245,62591,2026-01-20,10,7,2026-01-27,,ELIGIBLE
FDX20255202421,CUST888669,Mueller LLC,Mid,2025-12-17,54116,200418,121410,2026-01-01,15,12,2026-01-13,,ELIGIBLE
FDX20252920551,CUST780840,"Frank, Gutierrez and Miller",Small,2025-12-22,38406,184222,113710,2026-01-01,10,7,2026-01-08,,ELIGIBLE
FDX20251627774,CUST109231,Stein-Stanley,Large,2025-12-16,8262,24978,11831,2026-01-10,25,20,2026-01-30,,IN_GRACE
FDX20252222751,CUST220294,Woods-Henson,Small,2025-12-29,44279,232614,143969,2026-01-08,10,7,2026-01-15,2026-01-10,RESOLVED_IN_GRACE
FDX20258407618,CUST801432,"Obrien, Ryan and Obrien",Small,2025-12-29,4671,26505,22394,2026-01-08,10,7,2026-01-15,,ELIGIBLE
FDX20257280082,CUST462814,Young and Sons,Mid,2025-12-25,44239,118829,54234,2026-01-09,15,12,2026-01-21,,IN_GRACE
FDX20251494247,CUST567315,Sullivan Inc,Large,2025-12-16,47416,164843,160667,2026-01-10,25,20,2026-01-30,2026-01-27,RESOLVED_IN_GRACE
FDX20253920363,CUST352023,Carey-Adams,Small,2026-01-04,41853,170045,159389,2026-01-14,10,7,2026-01-21,,ELIGIBLE
FDX20256388157,CUST773462,"Ross, Shepard and Cortez",Mid,2025-12-14,18189,105626,84731,2025-12-29,15,12,2026-01-10,,ELIGIBLE
FDX20252806251,CUST743512,"Newman, Hudson and Alvarez",Small,2025-12-22,12216,65446,12815,2026-01-01,10,7,2026-01-08,,IN_GRACE
FDX20258541520,CUST751303,Figueroa-Fields,Mid,2025-12-14,3044,17263,5712,2025-12-29,15,12,2026-01-10,2025-12-30,RESOLVED_IN_GRACE
FDX20257335562,CUST355671,"Bond, Roberson and Lin",Small,2025-12-22,24788,94226,75292,2026-01-01,10,7,2026-01-08,,IN_GRACE
FDX20253235004,CUST141814,Thompson-Barnes,Small,2025-12-31,22559,59789,41488,2026-01-10,10,7,2026-01-17,2026-01-16,RESOLVED_IN_GRACE
FDX20254350987,CUST815706,Harrell-Mathews,Small,2026-01-10,24758,114243,93523,2026-01-20,10,7,2026-01-27,,ELIGIBLE
FDX20254283602,CUST436526,"Jacobson, Salazar and Townsend",Small,2025-12-31,29439,154729,84327,2026-01-10,10,7,2026-01-17,,ELIGIBLE
FDX20255236162,CUST499898,Black-Taylor,Large,2025-12-14,40734,112171,45760,2026-01-08,25,20,2026-01-28,,ELIGIBLE
FDX20259239341,CUST934883,Wu-Dunlap,Small,2025-12-26,6718,36492,12269,2026-01-05,10,7,2026-01-12,,IN_GRACE
FDX20258340281,CUST218881,Scott-Nunez,Large,2025-12-07,58945,204634,108265,2026-01-01,25,20,2026-01-21,2026-01-04,RESOLVED_IN_GRACE
FDX20255799782,CUST504620,Johnson-Robinson,Mega,2025-12-01,52987,215340,87860,2026-01-05,35,30,2026-02-04,,ELIGIBLE
FDX20254783204,CUST369054,Watson-Williams,Mid,2025-12-30,54331,214592,58153,2026-01-14,15,12,2026-01-26,,IN_GRACE
FDX20254375454,CUST666479,Johnston-Odom,Large,2025-12-01,19350,64474,39879,2025-12-26,25,20,2026-01-15,,ELIGIBLE
FDX20253719411,CUST859143,"Doyle, Clark and White",Mid,2025-12-19,43263,227739,128998,2026-01-03,15,12,2026-01-15,,IN_GRACE
FDX20258282368,CUST396567,"Mason, Fitzgerald and Morris",Large,2025-12-01,35187,178342,105150,2025-12-26,25,20,2026-01-15,,IN_GRACE
FDX20259867252,CUST125905,Lopez-Hayes,Large,2025-12-07,47060,155763,107637,2026-01-01,25,20,2026-01-21,,ELIGIBLE
FDX20254226188,CUST641975,Davies-Powers,Small,2026-01-04,29231,140876,83919,2026-01-14,10,7,2026-01-21,,ELIGIBLE
FDX20252443147,CUST962043,Mckinney-Miller,Small,2026-01-07,56917,166722,142330,2026-01-17,10,7,2026-01-24,,ELIGIBLE
FDX20251406730,CUST907921,"Mcbride, Davidson and Gray",Small,2026-01-07,54636,182348,117599,2026-01-17,10,7,2026-01-24,,ELIGIBLE
FDX20252614070,CUST493172,Martin-Wright,Mid,2025-12-14,30929,184037,180513,2025-12-29,15,12,2026-01-10,2026-01-10,RESOLVED_IN_GRACE
FDX20254414828,CUST639292,Oliver-Alvarez,Large,2025-12-02,57206,194748,120516,2025-12-27,25,20,2026-01-16,,ELIGIBLE
FDX20251557661,CUST941814,Aguilar-Ortega,Mid,2025-12-26,16324,56474,37867,2026-01-10,15,12,2026-01-22,2026-01-17,RESOLVED_IN_GRACE
FDX20253358248,CUST633447,Robinson-Lopez,Small,2025-12-26,56644,302973,138095,2026-01-05,10,7,2026-01-12,2026-01-07,RESOLVED_IN_GRACE
FDX20251087850,CUST567200,Cisneros Inc,Small,2026-01-05,2805,8546,7322,2026-01-15,10,7,2026-01-22,2026-01-18,RESOLVED_IN_GRACE
FDX20257032432,CUST610451,Vega-Ramirez,Small,2025-12-24,18309,97973,60315,2026-01-03,10,7,2026-01-10,,IN_GRACE
FDX20257845563,CUST145981,Robinson-Petty,Small,2026-01-13,30843,128715,80415,2026-01-23,10,7,2026-01-30,,ELIGIBLE
FDX20252207374,CUST410833,"Graves, Harris and Hendrix",Mega,2025-12-01,7003,31078,30507,2026-01-05,35,30,2026-02-04,,ELIGIBLE
FDX20256716187,CUST783176,Richards-Hudson,Small,2026-01-01,45309,159212,120712,2026-01-11,10,7,2026-01-18,,ELIGIBLE
FDX20254108891,CUST301863,Fisher-Thomas,Large,2025-12-01,56631,328986,247471,2025-12-26,25,20,2026-01-15,,ELIGIBLE
FDX20259860962,CUST435872,Hunter-Campbell,Mid,2025-12-21,4976,26019,14195,2026-01-05,15,12,2026-01-17,2026-01-07,RESOLVED_IN_GRACE
FDX20259324443,CUST638857,Jones-Sanchez,Large,2025-12-03,2410,9527,3047,2025-12-28,25,20,2026-01-17,2026-01-15,RESOLVED_IN_GRACE
FDX20254189967,CUST186345,"Yang, Ford and Wright",Mid,2025-12-17,21614,62292,53519,2026-01-01,15,12,2026-01-13,,IN_GRACE
FDX20254480849,CUST200617,Hardy-Smith,Small,2025-12-31,59679,213612,107021,2026-01-10,10,7,2026-01-17,,ELIGIBLE
FDX20258947918,CUST275526,Hall-Ferrell,Small,2026-01-07,43340,215289,139966,2026-01-17,10,7,2026-01-24,2026-01-24,RESOLVED_IN_GRACE
FDX20259402873,CUST910883,Wilkinson and Sons,Mid,2025-12-22,10711,40667,19087,2026-01-06,15,12,2026-01-18,2026-01-17,RESOLVED_IN_GRACE
FDX20256907359,CUST664107,Benton-Harrison,Large,2025-12-02,29551,122302,121450,2025-12-27,25,20,2026-01-16,,ELIGIBLE
FDX20256980829,CUST659106,Cardenas-Perry,Mid,2025-12-25,25224,99949,81517,2026-01-09,15,12,2026-01-21,,IN_GRACE
FDX20253313134,CUST107686,Lane-Acevedo,Mid,2025-12-25,50505,142920,67213,2026-01-09,15,12,2026-01-21,2026-01-20,RESOLVED_IN_GRACE
FDX20252126668,CUST757386,Meza Inc,Small,2025-12-27,53942,150991,82827,2026-01-06,10,7,2026-01-13,2026-01-13,RESOLVED_IN_GRACE
FDX20258363152,CUST168652,Pruitt-Mercer,Small,2025-12-29,51262,270143,124779,2026-01-08,10,7,2026-01-15,2026-01-14,RESOLVED_IN_GRACE
FDX20258172456,CUST321020,Gould-Levine,Small,2025-12-29,28458,130777,116986,2026-01-08,10,7,2026-01-15,2026-01-10,RESOLVED_IN_GRACE
FDX20257310216,CUST802897,Ford-Schroeder,Small,2026-01-09,30047,109236,69724,2026-01-19,10,7,2026-01-26,,ELIGIBLE
FDX20252188961,CUST760093,Norton-Vasquez,Small,2026-01-01,45728,127898,55706,2026-01-11,10,7,2026-01-18,,ELIGIBLE
FDX20252311035,CUST911159,Kennedy-Dixon,Small,2026-01-03,58692,304538,274199,2026-01-13,10,7,2026-01-20,,ELIGIBLE
FDX20253133934,CUST323530,Smith-Swanson,Large,2025-12-03,50892,261713,212805,2025-12-28,25,20,2026-01-17,,ELIGIBLE
FDX20259677962,CUST818699,Anderson-Thomas,Mega,2025-12-01,12830,65507,52257,2026-01-05,35,30,2026-02-04,2026-01-09,RESOLVED_IN_GRACE
FDX20256003418,CUST544815,Mcdonald Ltd,Mid,2025-12-28,59998,228658,115089,2026-01-12,15,12,2026-01-24,2026-01-18,RESOLVED_IN_GRACE
FDX20252693039,CUST976258,Cline PLC,Small,2025-12-27,15394,60744,57377,2026-01-06,10,7,2026-01-13,,ELIGIBLE
FDX20252978495,CUST208975,Whitney-Parker,Small,2026-01-01,18680,100803,42294,2026-01-11,10,7,2026-01-18,2026-01-14,RESOLVED_IN_GRACE
FDX20259367003,CUST315565,Torres-White,Mid,2025-12-17,42760,219563,75625,2026-01-01,15,12,2026-01-13,,ELIGIBLE
FDX20254868381,CUST663876,"Coleman, Rosales and Miller",Small,2026-01-13,55855,279346,231059,2026-01-23,10,7,2026-01-30,2026-01-30,RESOLVED_IN_GRACE
FDX20251863674,CUST969005,Garcia-Carr,Small,2026-01-10,29210,171059,29821,2026-01-20,10,7,2026-01-27,,ELIGIBLE
FDX20256551912,CUST836879,Tran-Ayers,Large,2025-12-10,34039,176003,168042,2026-01-04,25,20,2026-01-24,,ELIGIBLE
FDX20251378200,CUST877388,Cline-Arellano,Large,2025-12-12,7048,25748,23654,2026-01-06,25,20,2026-01-26,,ELIGIBLE
FDX20254758452,CUST912863,Fowler-Bradshaw,Small,2025-12-31,20094,109822,63753,2026-01-10,10,7,2026-01-17,2026-01-17,RESOLVED_IN_GRACE
FDX20255863655,CUST556379,Odom-Butler,Large,2025-12-01,6283,23730,14714,2025-12-26,25,20,2026-01-15,,IN_GRACE
FDX20255217487,CUST777968,Pollard-Parsons,Small,2026-01-07,52265,142030,112977,2026-01-17,10,7,2026-01-24,2026-01-23,RESOLVED_IN_GRACE
FDX20257550268,CUST956429,Martin-Jenkins,Small,2026-01-13,19405,60073,52368,2026-01-23,10,7,2026-01-30,2026-01-30,RESOLVED_IN_GRACE
FDX20257004652,CUST175623,Manning-Hernandez,Small,2026-01-11,49684,207386,54522,2026-01-21,10,7,2026-01-28,2026-01-24,RESOLVED_IN_GRACE
FDX20252140059,CUST883171,Ho-Bowers,Large,2025-12-01,47296,258664,83617,2025-12-26,25,20,2026-01-15,,ELIGIBLE
FDX20253648501,CUST819368,Wright-Smith,Mid,2025-12-14,45401,181773,58977,2025-12-29,15,12,2026-01-10,2026-01-04,RESOLVED_IN_GRACE
FDX20255832995,CUST261223,Schmidt-Tran,Mid,2025-12-14,45515,196432,116145,2025-12-29,15,12,2026-01-10,2026-01-05,RESOLVED_IN_GRACE
FDX20252254551,CUST124906,"Dodson, Williams and Garcia",Small,2026-01-11,48188,212566,68656,2026-01-21,10,7,2026-01-28,,ELIGIBLE
FDX20259966143,CUST581532,Crawford PLC,Small,2026-01-04,10094,29131,23250,2026-01-14,10,7,2026-01-21,2026-01-19,RESOLVED_IN_GRACE
FDX20255049993,CUST851690,Wolfe Ltd,Large,2025-12-07,3012,17808,13574,2026-01-01,25,20,2026-01-21,,ELIGIBLE
FDX20259686567,CUST447828,Long-Cox,Large,2025-12-10,29730,88565,36002,2026-01-04,25,20,2026-01-24,,ELIGIBLE
FDX20259389396,CUST139726,Chambers-Patterson,Mid,2025-12-21,42409,197452,161509,2026-01-05,15,12,2026-01-17,2026-01-09,RESOLVED_IN_GRACE
FDX20256238506,CUST191772,Hopkins-Arnold,Large,2025-12-01,43389,223718,84161,2025-12-26,25,20,2026-01-15,,IN_GRACE
FDX20257697794,CUST176806,Espinoza-Ramirez,Mid,2025-12-16,23008,88767,23146,2025-12-31,15,12,2026-01-12,,ELIGIBLE
FDX20251950399,CUST156904,Stephenson-Miller,Small,2025-12-24,16706,49552,37388,2026-01-03,10,7,2026-01-10,2026-01-08,RESOLVED_IN_GRACE
FDX20252860164,CUST286638,Thompson-Campos,Mid,2025-12-22,19382,98076,59932,2026-01-06,15,12,2026-01-18,,ELIGIBLE
FDX20258901711,CUST932794,Brown-Dougherty,Mid,2025-12-28,16435,91144,49237,2026-01-12,15,12,2026-01-24,,ELIGIBLE
FDX20255413298,CUST364144,Leach-Davis,Small,2026-01-04,19290,64964,55141,2026-01-14,10,7,2026-01-21,2026-01-15,RESOLVED_IN_GRACE
FDX20251502947,CUST685193,Hill-Wilcox,Mid,2025-12-24,46585,200457,113215,2026-01-08,15,12,2026-01-20,2026-01-19,RESOLVED_IN_GRACE
FDX20251541480,CUST173863,Reynolds PLC,Mid,2026-01-01,2605,7514,7392,2026-01-16,15,12,2026-01-28,,ELIGIBLE
FDX20256671458,CUST702891,Tucker-Irwin,Mid,2025-12-28,12307,44575,15828,2026-01-12,15,12,2026-01-24,,ELIGIBLE
FDX20258070014,CUST961530,Kaiser-Avila,Small,2025-12-24,39182,190995,51720,2026-01-03,10,7,2026-01-10,,ELIGIBLE
FDX20255376858,CUST338703,Barr-Walker,Mid,2025-12-26,32444,154536,97522,2026-01-10,15,12,2026-01-22,,ELIGIBLE
FDX20254364020,CUST371212,"Irwin, Huynh and Rivera",Small,2026-01-09,17421,44541,28636,2026-01-19,10,7,2026-01-26,,ELIGIBLE
FDX20256612670,CUST527433,"Keller, Garner and Gonzalez",Large,2025-12-04,46362,165436,122623,2025-12-29,25,20,2026-01-18,,IN_GRACE
FDX20251996431,CUST506881,Perez-Shaffer,Small,2026-01-11,3267,8788,5232,2026-01-21,10,7,2026-01-28,,ELIGIBLE
FDX20253336875,CUST573039,Baker-Young,Mid,2025-12-12,51242,199294,106074,2025-12-27,15,12,2026-01-08,2025-12-30,RESOLVED_IN_GRACE
FDX20254426466,CUST760830,Byrd-Brown,Small,2026-01-03,50390,289226,92086,2026-01-13,10,7,2026-01-20,2026-01-17,RESOLVED_IN_GRACE
FDX20256529924,CUST524094,Bruce-Dunn,Small,2026-01-10,10818,28690,21658,2026-01-20,10,7,2026-01-27,,IN_GRACE
FDX20252045698,CUST554059,Buck-Dougherty,Small,2025-12-22,46153,210882,142540,2026-01-01,10,7,2026-01-08,,ELIGIBLE
FDX20254953000,CUST431773,Waller Inc,Large,2025-12-01,47824,210312,148113,2025-12-26,25,20,2026-01-15,2025-12-31,RESOLVED_IN_GRACE
FDX20259280480,CUST117711,Gonzalez-Meyer,Small,2026-01-07,59703,281637,138748,2026-01-17,10,7,2026-01-24,,ELIGIBLE
FDX20252223258,CUST508422,Freeman-Manning,Mid,2025-12-20,41280,233702,138657,2026-01-04,15,12,2026-01-16,2026-01-11,RESOLVED_IN_GRACE
FDX20251593277,CUST806004,"Sullivan, Wilson and Pacheco",Mid,2025-12-20,53709,224737,169726,2026-01-04,15,12,2026-01-16,,ELIGIBLE
FDX20256802325,CUST224052,"Lam, Phillips and Clark",Large,2025-12-13,37306,183893,94883,2026-01-07,25,20,2026-01-27,2026-01-15,RESOLVED_IN_GRACE
FDX20252187207,CUST660814,Humphrey-Flores,Mega,2025-12-01,40447,164804,119399,2026-01-05,35,30,2026-02-04,2026-01-24,RESOLVED_IN_GRACE
FDX20257983351,CUST106185,Odom-Elliott,Small,2025-12-27,52151,206211,106551,2026-01-06,10,7,2026-01-13,,ELIGIBLE
FDX20252352134,CUST772580,Schmitt-Wilson,Small,2026-01-09,6195,16453,15670,2026-01-19,10,7,2026-01-26,,ELIGIBLE
FDX20259032452,CUST855274,Carpenter-Wallace,Mid,2025-12-17,46198,207534,67024,2026-01-01,15,12,2026-01-13,2026-01-10,RESOLVED_IN_GRACE
FDX20253172055,CUST748386,Crane Ltd,Small,2025-12-30,34568,153065,80900,2026-01-09,10,7,2026-01-16,,ELIGIBLE
FDX20255538377,CUST166309,Watson-Robinson,Mid,2025-12-19,51429,245205,194807,2026-01-03,15,12,2026-01-15,,IN_GRACE
FDX20251700297,CUST892682,Phelps-Kramer,Mid,2025-12-12,30328,145387,54813,2025-12-27,15,12,2026-01-08,,ELIGIBLE
FDX20252745857,CUST882186,Lee Group,Small,2026-01-10,52959,271162,56924,2026-01-20,10,7,2026-01-27,,ELIGIBLE
FDX20251597270,CUST714054,Saunders-Martinez,Small,2026-01-10,45989,263310,135145,2026-01-20,10,7,2026-01-27,2026-01-24,RESOLVED_IN_GRACE
FDX20259331510,CUST147727,Hays-Riggs,Small,2026-01-11,13303,66663,29179,2026-01-21,10,7,2026-01-28,,IN_GRACE
FDX20259516186,CUST834928,Blackburn-Butler,Mid,2025-12-20,41083,219544,176986,2026-01-04,15,12,2026-01-16,,ELIGIBLE
FDX20254778984,CUST989455,Watts-Rogers,Mid,2025-12-12,14513,37076,36864,2025-12-27,15,12,2026-01-08,,ELIGIBLE
FDX20256876348,CUST176115,Reyes-Turner,Small,2026-01-03,57463,162317,130975,2026-01-13,10,7,2026-01-20,,ELIGIBLE
FDX20258239629,CUST475075,Pearson-Wood,Mid,2025-12-30,40986,215754,135715,2026-01-14,15,12,2026-01-26,,ELIGIBLE
FDX20259012674,CUST627262,Johnson-Sanders,Small,2025-12-26,42863,244161,119516,2026-01-05,10,7,2026-01-12,,ELIGIBLE
FDX20256090515,CUST211291,Robles-Johnson,Large,2025-12-13,27990,153210,118669,2026-01-07,25,20,2026-01-27,2026-01-08,RESOLVED_IN_GRACE
FDX20254821097,CUST403915,Haley-Edwards,Small,2026-01-03,56063,258354,253636,2026-01-13,10,7,2026-01-20,,ELIGIBLE
FDX20251359758,CUST925115,Mcknight Inc,Large,2025-12-03,20658,96402,75649,2025-12-28,25,20,2026-01-17,2026-01-03,RESOLVED_IN_GRACE
FDX20251928728,CUST819195,Kemp-Peterson,Mid,2025-12-12,45364,197134,144241,2025-12-27,15,12,2026-01-08,,IN_GRACE
FDX20251442143,CUST415989,Vance-Haynes,Small,2025-12-26,43464,231279,44393,2026-01-05,10,7,2026-01-12,,ELIGIBLE
FDX20254291258,CUST736030,Alvarado-Morton,Small,2025-12-26,15210,48284,44537,2026-01-05,10,7,2026-01-12,2026-01-06,RESOLVED_IN_GRACE
FDX20259962151,CUST190707,Larsen-Davidson,Mid,2025-12-28,36515,197092,169572,2026-01-12,15,12,2026-01-24,,ELIGIBLE
FDX20257365080,CUST395192,Cortez-Hill,Large,2025-12-14,30811,123777,99021,2026-01-08,25,20,2026-01-28,,ELIGIBLE
FDX20251303581,CUST902448,Pham-Lynch,Small,2026-01-13,31122,185616,117160,2026-01-23,10,7,2026-01-30,2026-01-24,RESOLVED_IN_GRACE
FDX20259089526,CUST558936,Hamilton-Lewis,Large,2025-12-01,53579,285929,198326,2025-12-26,25,20,2026-01-15,,IN_GRACE
FDX20251874771,CUST499941,Franklin-Andrews,Small,2026-01-04,58561,154755,145662,2026-01-14,10,7,2026-01-21,2026-01-16,RESOLVED_IN_GRACE
FDX20257494876,CUST514306,Harrington-Mendoza,Small,2026-01-07,3764,17366,9357,2026-01-17,10,7,2026-01-24,,ELIGIBLE
FDX20257328832,CUST962057,Martinez-Wong,Large,2025-12-01,59569,322726,126087,2025-12-26,25,20,2026-01-15,,ELIGIBLE
FDX20253101134,CUST792818,Morton Group,Mega,2025-12-01,4491,15357,11050,2026-01-05,35,30,2026-02-04,,ELIGIBLE
FDX20258209482,CUST132316,Roman-Hunt,Small,2025-12-24,53479,287161,65798,2026-01-03,10,7,2026-01-10,,ELIGIBLE
FDX20258161079,CUST597012,Murray-Jimenez,Mid,2025-12-20,59608,270316,134982,2026-01-04,15,12,2026-01-16,,IN_GRACE
FDX20253311404,CUST263917,Avery-Myers,Small,2025-12-26,15141,75929,16508,2026-01-05,10,7,2026-01-12,,IN_GRACE
FDX20252939164,CUST659381,Kennedy-Gallagher,Mid,2025-12-16,42970,211994,111049,2025-12-31,15,12,2026-01-12,,ELIGIBLE
FDX20258347629,CUST330545,Myers-Rodriguez,Small,2025-12-29,36428,124020,99343,2026-01-08,10,7,2026-01-15,,ELIGIBLE
FDX20252979586,CUST243006,Garcia-Gomez,Mid,2025-12-20,33935,109759,55921,2026-01-04,15,12,2026-01-16,2026-01-05,RESOLVED_IN_GRACE
FDX20257169127,CUST883028,"Murray, Johnson and Ward",Small,2025-12-27,11267,47688,28004,2026-01-06,10,7,2026-01-13,2026-01-13,RESOLVED_IN_GRACE
FDX20256902041,CUST509985,"Mills, Oliver and Hampton",Small,2025-12-29,52554,201879,55969,2026-01-08,10,7,2026-01-15,2026-01-14,RESOLVED_IN_GRACE
FDX20254248834,CUST935474,Jimenez-Lopez,Mid,2025-12-28,32804,112880,46073,2026-01-12,15,12,2026-01-24,,ELIGIBLE
FDX20256756692,CUST936223,West-Patterson,Small,2026-01-13,39127,224638,60283,2026-01-23,10,7,2026-01-30,2026-01-28,RESOLVED_IN_GRACE
FDX20258323671,CUST990731,"Rios, Gordon and Nicholson",Small,2026-01-05,44276,110799,60108,2026-01-15,10,7,2026-01-22,,ELIGIBLE
FDX20251971778,CUST672233,Martin-Hernandez,Small,2025-12-27,5928,20746,6877,2026-01-06,10,7,2026-01-13,,ELIGIBLE
FDX20254995833,CUST409307,Salazar-Gonzalez,Large,2025-12-14,51129,179165,150391,2026-01-08,25,20,2026-01-28,,ELIGIBLE
FDX20254892874,CUST764845,Price-Mckee,Small,2026-01-05,27554,132887,51121,2026-01-15,10,7,2026-01-22,,ELIGIBLE
FDX20252543349,CUST251074,Parks-Jones,Mega,2025-12-01,41504,122638,93249,2026-01-05,35,30,2026-02-04,,IN_GRACE
FDX20251168605,CUST412534,Castro-Rice,Large,2025-12-03,42026,171302,163636,2025-12-28,25,20,2026-01-17,,ELIGIBLE
FDX20254810540,CUST810189,Jarvis-Newman,Mega,2025-12-01,9713,52695,15123,2026-01-05,35,30,2026-02-04,,ELIGIBLE
FDX20257930088,CUST933635,Rodriguez-Hernandez,Small,2026-01-09,43352,211220,152170,2026-01-19,10,7,2026-01-26,,IN_GRACE
FDX20259996238,CUST864752,Archer Group,Large,2025-12-13,44903,222435,116884,2026-01-07,25,20,2026-01-27,,ELIGIBLE
FDX20251768056,CUST779414,"Sellers, Watson and Klein",Mid,2025-12-12,33181,91639,35094,2025-12-27,15,12,2026-01-08,2026-01-04,RESOLVED_IN_GRACE
FDX20251249956,CUST491255,Myers-Solis,Small,2025-12-31,47006,267760,104644,2026-01-10,10,7,2026-01-17,,ELIGIBLE
FDX20255193002,CUST111691,"Rojas, Snyder and Moore",Small,2026-01-13,24212,84509,53242,2026-01-23,10,7,2026-01-30,,IN_GRACE
FDX20251954349,CUST680412,Forbes-Adams,Large,2025-12-01,23890,114814,71950,2025-12-26,25,20,2026-01-15,2025-12-31,RESOLVED_IN_GRACE
FDX20252285330,CUST682032,"Middleton, Norris and Taylor",Large,2025-12-01,47441,125139,118705,2025-12-26,25,20,2026-01-15,,ELIGIBLE
FDX20251950506,CUST248241,"Lawson, Jones and Williamson",Mid,2025-12-25,17750,51347,30383,2026-01-09,15,12,2026-01-21,,IN_GRACE
FDX20253125939,CUST229221,Strong-Paul,Small,2026-01-05,2249,10958,2333,2026-01-15,10,7,2026-01-22,,IN_GRACE
FDX20258357746,CUST143802,Moreno-Frye,Small,2025-12-26,6430,28731,9053,2026-01-05,10,7,2026-01-12,,IN_GRACE
FDX20254029855,CUST105274,Powell-Williams,Small,2026-01-10,43150,245472,101137,2026-01-20,10,7,2026-01-27,,ELIGIBLE
FDX20255741173,CUST700538,Eaton and Sons,Small,2026-01-09,13196,38926,24026,2026-01-19,10,7,2026-01-26,,ELIGIBLE
FDX20251733490,CUST725637,"Faulkner, Mcmillan and Dyer",Mega,2025-12-01,11876,66962,14939,2026-01-05,35,30,2026-02-04,2026-01-07,RESOLVED_IN_GRACE
FDX20256270157,CUST513224,"Burns, Franklin and Estrada",Small,2025-12-27,56492,270281,133878,2026-01-06,10,7,2026-01-13,,ELIGIBLE
FDX20256866446,CUST663244,Church-Powell,Mid,2025-12-28,6052,27686,18423,2026-01-12,15,12,2026-01-24,2026-01-24,RESOLVED_IN_GRACE
FDX20255097740,CUST674122,Brooks-Jones,Mid,2026-01-01,47095,187937,102353,2026-01-16,15,12,2026-01-28,2026-01-17,RESOLVED_IN_GRACE
FDX20255905871,CUST189261,"Barker, Campbell and Walker",Small,2025-12-22,37534,192870,43878,2026-01-01,10,7,2026-01-08,2026-01-08,RESOLVED_IN_GRACE
FDX20253176277,CUST419491,"Curry, White and Elliott",Small,2025-12-27,20948,71816,57400,2026-01-06,10,7,2026-01-13,2026-01-13,RESOLVED_IN_GRACE
FDX20257674289,CUST320256,Gonzalez-Rhodes,Large,2025-12-01,44979,174087,57617,2025-12-26,25,20,2026-01-15,,ELIGIBLE
FDX20259031276,CUST884645,Howell PLC,Large,2025-12-01,27571,133248,45959,2025-12-26,25,20,2026-01-15,2026-01-02,RESOLVED_IN_GRACE
FDX20253053134,CUST877446,Bishop LLC,Small,2026-01-01,10065,44868,35098,2026-01-11,10,7,2026-01-18,2026-01-18,RESOLVED_IN_GRACE
FDX20252288554,CUST861200,Gray-Green,Small,2025-12-22,49962,191000,123564,2026-01-01,10,7,2026-01-08,,ELIGIBLE
FDX20252281408,CUST460554,Choi-Mcgee,Mid,2025-12-12,32576,96602,35075,2025-12-27,15,12,2026-01-08,2026-01-03,RESOLVED_IN_GRACE
FDX20255197640,CUST322022,Patel-Johnson,Small,2026-01-07,4661,24607,17553,2026-01-17,10,7,2026-01-24,,ELIGIBLE
FDX20254453773,CUST532699,"Stein, Lawrence and Brady",Small,2025-12-31,5517,27884,20400,2026-01-10,10,7,2026-01-17,,IN_GRACE
FDX20259303534,CUST777308,Mckee-Jones,Mega,2025-12-01,43698,171346,108112,2026-01-05,35,30,2026-02-04,,ELIGIBLE
FDX20256988766,CUST992819,Potter-Brooks,Small,2025-12-24,31196,147243,100878,2026-01-03,10,7,2026-01-10,,ELIGIBLE
FDX20254695807,CUST637450,Campbell-West,Small,2025-12-26,59535,310988,102663,2026-01-05,10,7,2026-01-12,,IN_GRACE
FDX20258441397,CUST249375,Cooper-Edwards,Mega,2025-12-01,6244,23986,10249,2026-01-05,35,30,2026-02-04,2026-01-23,RESOLVED_IN_GRACE
FDX20256078780,CUST268772,Hale LLC,Mega,2025-12-01,9225,24351,10207,2026-01-05,35,30,2026-02-04,2026-01-20,RESOLVED_IN_GRACE
FDX20257156124,CUST292930,Morgan-Bowen,Small,2025-12-26,12047,69967,13713,2026-01-05,10,7,2026-01-12,2026-01-10,RESOLVED_IN_GRACE
FDX20255910412,CUST331512,Jacobs Ltd,Mid,2025-12-30,44799,179424,168248,2026-01-14,15,12,2026-01-26,2026-01-24,RESOLVED_IN_GRACE
FDX20255097093,CUST746850,Evans-Nguyen,Small,2026-01-03,54580,276189,243322,2026-01-13,10,7,2026-01-20,,ELIGIBLE
FDX20259838978,CUST975297,Hansen-Mcknight,Mid,2025-12-12,4546,23266,7977,2025-12-27,15,12,2026-01-08,,IN_GRACE
FDX20255488496,CUST365018,Boyer-Adams,Mid,2025-12-17,44445,136023,104226,2026-01-01,15,12,2026-01-13,2026-01-02,RESOLVED_IN_GRACE
FDX20256349565,CUST303765,Mosley LLC,Small,2026-01-13,49659,214546,152080,2026-01-23,10,7,2026-01-30,,IN_GRACE
FDX20259446412,CUST220190,Potts-Green,Large,2025-12-10,19288,109162,102874,2026-01-04,25,20,2026-01-24,,IN_GRACE
FDX20252751175,CUST290167,Rodriguez-Marshall,Mid,2025-12-22,58509,324007,283198,2026-01-06,15,12,2026-01-18,,ELIGIBLE
FDX20251905928,CUST803571,Wilkins-Briggs,Small,2026-01-13,50009,211802,191396,2026-01-23,10,7,2026-01-30,2026-01-29,RESOLVED_IN_GRACE
FDX20256815577,CUST938504,Campbell-Holland,Small,2026-01-09,25772,124007,73568,2026-01-19,10,7,2026-01-26,,ELIGIBLE
FDX20257892648,CUST694849,Washington-Ewing,Mid,2025-12-22,30982,155123,33772,2026-01-06,15,12,2026-01-18,2026-01-10,RESOLVED_IN_GRACE
FDX20259157211,CUST993650,Smith-Monroe,Small,2026-01-10,54292,194691,158747,2026-01-20,10,7,2026-01-27,,ELIGIBLE
FDX20255693994,CUST157030,Anderson-Tanner,Mid,2025-12-25,42684,227602,126622,2026-01-09,15,12,2026-01-21,,ELIGIBLE
FDX20252316106,CUST992744,Dougherty PLC,Small,2025-12-29,42999,180767,171240,2026-01-08,10,7,2026-01-15,,ELIGIBLE
FDX20254415085,CUST887524,Brady Ltd,Mid,2026-01-01,41031,124365,43748,2026-01-16,15,12,2026-01-28,,ELIGIBLE
FDX20253300684,CUST675512,Sullivan-Rogers,Large,2025-12-01,55130,290683,254608,2025-12-26,25,20,2026-01-15,,ELIGIBLE
FDX20259740844,CUST583671,Wells Ltd,Small,2026-01-04,42000,162001,139292,2026-01-14,10,7,2026-01-21,2026-01-21,RESOLVED_IN_GRACE
FDX20254867751,CUST775990,Hodge-Graves,Large,2025-12-02,33159,152267,70167,2025-12-27,25,20,2026-01-16,,ELIGIBLE
FDX20256116030,CUST676365,Young-Farmer,Small,2025-12-24,36885,186089,142323,2026-01-03,10,7,2026-01-10,,IN_GRACE
FDX20254536127,CUST176697,Sandoval LLC,Large,2025-12-04,22110,76539,36345,2025-12-29,25,20,2026-01-18,2025-12-31,RESOLVED_IN_GRACE
FDX20253059370,CUST404771,Blackwell-Lewis,Mid,2026-01-03,36761,92486,55701,2026-01-18,15,12,2026-01-30,2026-01-24,RESOLVED_IN_GRACE
FDX20257247667,CUST804313,Fernandez-Hale,Mega,2025-12-01,56511,197377,107261,2026-01-05,35,30,2026-02-04,,ELIGIBLE
FDX20253381714,CUST170634,Morgan-Robinson,Large,2025-12-04,18838,74886,20463,2025-12-29,25,20,2026-01-18,,ELIGIBLE
FDX20251601759,CUST362865,Freeman-Kemp,Mid,2025-12-14,18784,69779,20490,2025-12-29,15,12,2026-01-10,,ELIGIBLE
FDX20254944411,CUST202972,Carter-Jenkins,Small,2025-12-24,53111,254151,61572,2026-01-03,10,7,2026-01-10,,ELIGIBLE
FDX20258386629,CUST307007,Turner-Harris,Large,2025-12-16,1640,4292,2270,2026-01-10,25,20,2026-01-30,,ELIGIBLE
FDX20258612879,CUST860835,Farrell-Meyer,Mid,2025-12-19,27232,129501,73043,2026-01-03,15,12,2026-01-15,,ELIGIBLE
FDX20252916606,CUST708798,"Stephenson, Espinoza and Reyes",Large,2025-12-02,23621,93378,82167,2025-12-27,25,20,2026-01-16,,IN_GRACE
FDX20251357181,CUST610856,Martinez-Allen,Small,2025-12-27,24255,87155,77499,2026-01-06,10,7,2026-01-13,,IN_GRACE
FDX20259370278,CUST446922,Webb-Watkins,Mega,2025-12-01,47958,281392,161772,2026-01-05,35,30,2026-02-04,,ELIGIBLE
FDX20251566334,CUST474486,Smith-Lindsey,Small,2026-01-11,54252,211812,77677,2026-01-21,10,7,2026-01-28,2026-01-25,RESOLVED_IN_GRACE
FDX20255534857,CUST234443,Rios-Singh,Large,2025-12-13,15316,72958,24458,2026-01-07,25,20,2026-01-27,2026-01-18,RESOLVED_IN_GRACE
FDX20255663517,CUST803904,Padilla-Bailey,Mid,2025-12-24,6786,20376,14504,2026-01-08,15,12,2026-01-20,2026-01-11,RESOLVED_IN_GRACE
FDX20257445414,CUST787313,Nguyen-Pham,Mid,2026-01-03,55252,304501,108289,2026-01-18,15,12,2026-01-30,,IN_GRACE
FDX20256040091,CUST345925,Bowen-Pierce,Small,2025-12-31,4953,18688,18210,2026-01-10,10,7,2026-01-17,,ELIGIBLE
FDX20252417562,CUST204904,Harrington PLC,Small,2026-01-07,24369,127369,45845,2026-01-17,10,7,2026-01-24,,ELIGIBLE
FDX20252001936,CUST398987,Santos Group,Small,2026-01-07,7380,34004,33643,2026-01-17,10,7,2026-01-24,2026-01-19,RESOLVED_IN_GRACE
FDX20255682394,CUST749609,Bentley Ltd,Large,2025-12-02,26946,96872,59477,2025-12-27,25,20,2026-01-16,,ELIGIBLE
FDX20257441381,CUST173199,Adams-Watkins,Large,2025-12-10,58226,153216,129540,2026-01-04,25,20,2026-01-24,,ELIGIBLE
FDX20259310719,CUST302897,Reed PLC,Large,2025-12-16,51744,143235,85591,2026-01-10,25,20,2026-01-30,,IN_GRACE
FDX20251316224,CUST433222,Clark-Hutchinson,Small,2025-12-30,37766,97825,72845,2026-01-09,10,7,2026-01-16,2026-01-15,RESOLVED_IN_GRACE
FDX20257418764,CUST609462,Ross-Shaw,Mid,2025-12-19,35285,181729,147807,2026-01-03,15,12,2026-01-15,2026-01-15,RESOLVED_IN_GRACE
FDX20257453578,CUST572536,Randolph-Flynn,Mid,2025-12-24,6682,20221,9406,2026-01-08,15,12,2026-01-20,,ELIGIBLE
FDX20258449415,CUST444295,Jones-Lopez,Mid,2025-12-31,52078,226489,183705,2026-01-15,15,12,2026-01-27,,IN_GRACE
FDX20251745169,CUST746281,Aguilar-Massey,Small,2026-01-07,2856,12097,7845,2026-01-17,10,7,2026-01-24,2026-01-23,RESOLVED_IN_GRACE
FDX20254765620,CUST791454,Anderson-Larson,Large,2025-12-01,59154,208614,74902,2025-12-26,25,20,2026-01-15,,IN_GRACE
FDX20254451578,CUST420523,Patterson-Walker,Small,2026-01-13,27570,110679,88443,2026-01-23,10,7,2026-01-30,2026-01-27,RESOLVED_IN_GRACE
FDX20257364050,CUST827143,Walsh-Mills,Small,2025-12-22,9814,30613,13088,2026-01-01,10,7,2026-01-08,2026-01-03,RESOLVED_IN_GRACE
FDX20254094168,CUST712546,Hawkins-Cabrera,Small,2026-01-07,30678,90722,76708,2026-01-17,10,7,2026-01-24,,ELIGIBLE
FDX20258232405,CUST259797,Smith-Fisher,Large,2025-12-01,28020,137752,41874,2025-12-26,25,20,2026-01-15,,ELIGIBLE
FDX20259933732,CUST693024,Gray-Nichols,Small,2026-01-11,1551,8502,5899,2026-01-21,10,7,2026-01-28,,ELIGIBLE
FDX20251876771,CUST694397,"Valencia, Gates and Nichols",Small,2026-01-04,7709,40882,37454,2026-01-14,10,7,2026-01-21,2026-01-18,RESOLVED_IN_GRACE
FDX20256119535,CUST482199,Hunt-Hart,Small,2026-01-11,29609,104559,77771,2026-01-21,10,7,2026-01-28,,ELIGIBLE
FDX20251525229,CUST946934,Guzman-Simpson,Small,2025-12-30,9934,30421,20872,2026-01-09,10,7,2026-01-16,,ELIGIBLE
FDX20256835191,CUST431699,Collins-Ramirez,Mid,2026-01-01,11477,56100,43196,2026-01-16,15,12,2026-01-28,,IN_GRACE
FDX20251436075,CUST549112,Wilcox-Jones,Small,2025-12-26,14736,79664,44332,2026-01-05,10,7,2026-01-12,,ELIGIBLE
FDX20256640806,CUST276831,Mason-Galvan,Small,2025-12-30,9006,24896,9210,2026-01-09,10,7,2026-01-16,2026-01-13,RESOLVED_IN_GRACE
FDX20255404568,CUST105066,Copeland Ltd,Mid,2025-12-14,51623,130779,103388,2025-12-29,15,12,2026-01-10,,ELIGIBLE
FDX20254633007,CUST428429,Holmes-Williams,Mid,2025-12-17,36504,145052,105445,2026-01-01,15,12,2026-01-13,,ELIGIBLE
FDX20251458775,CUST358133,Carroll-Jones,Mid,2025-12-24,43756,222936,115607,2026-01-08,15,12,2026-01-20,2026-01-15,RESOLVED_IN_GRACE
FDX20256720097,CUST923824,Hancock-Hudson,Large,2025-12-01,49877,205206,76314,2025-12-26,25,20,2026-01-15,,IN_GRACE
FDX20258282586,CUST332286,Henderson-Gilbert,Mid,2026-01-01,20559,113349,51390,2026-01-16,15,12,2026-01-28,2026-01-22,RESOLVED_IN_GRACE
FDX20258173085,CUST846794,Grant-Olson,Large,2025-12-12,58835,306176,279012,2026-01-06,25,20,2026-01-26,,ELIGIBLE
FDX20251958290,CUST875753,Harris-Wright,Small,2025-12-26,21872,110743,93864,2026-01-05,10,7,2026-01-12,2026-01-10,RESOLVED_IN_GRACE
FDX20252832243,CUST771967,Chavez-James,Mega,2025-12-01,23499,83838,65166,2026-01-05,35,30,2026-02-04,,ELIGIBLE
FDX20257511414,CUST557309,Cardenas and Sons,Small,2026-01-07,32079,118446,56423,2026-01-17,10,7,2026-01-24,,ELIGIBLE
FDX20255822081,CUST390119,Martin-Zuniga,Mid,2025-12-20,23965,82508,44773,2026-01-04,15,12,2026-01-16,,ELIGIBLE
FDX20259971807,CUST980919,Silva Inc,Small,2025-12-24,31605,137241,81390,2026-01-03,10,7,2026-01-10,,ELIGIBLE
FDX20258776282,CUST476948,Ford-Saunders,Small,2025-12-22,36782,168362,165576,2026-01-01,10,7,2026-01-08,,ELIGIBLE
FDX20258110771,CUST240829,Frye and Sons,Mid,2025-12-12,48518,247749,246016,2025-12-27,15,12,2026-01-08,,ELIGIBLE
FDX20259705913,CUST812591,"Frazier, Lopez and Mann",Small,2026-01-10,15990,84573,65001,2026-01-20,10,7,2026-01-27,,ELIGIBLE
FDX20255363765,CUST868577,"Levy, Erickson and James",Large,2025-12-01,7295,30951,27823,2025-12-26,25,20,2026-01-15,2026-01-08,RESOLVED_IN_GRACE
FDX20253727117,CUST447668,Clarke-Morgan,Small,2026-01-11,3728,12999,6367,2026-01-21,10,7,2026-01-28,2026-01-27,RESOLVED_IN_GRACE
FDX20257397002,CUST603268,Schultz-Crawford,Small,2026-01-01,44151,175691,170090,2026-01-11,10,7,2026-01-18,2026-01-17,RESOLVED_IN_GRACE
FDX20258840537,CUST585331,Ross-Dudley,Small,2026-01-05,55810,147424,68897,2026-01-15,10,7,2026-01-22,,ELIGIBLE
FDX20254996784,CUST566991,Hughes-Goodwin,Small,2026-01-13,18869,49396,47765,2026-01-23,10,7,2026-01-30,2026-01-28,RESOLVED_IN_GRACE
FDX20253212456,CUST476167,"Alvarez, Adams and Morgan",Small,2025-12-29,24630,146310,32726,2026-01-08,10,7,2026-01-15,,ELIGIBLE
FDX20251254735,CUST912402,Holmes-Gray,Small,2026-01-09,45991,230292,215360,2026-01-19,10,7,2026-01-26,,ELIGIBLE
FDX20255709366,CUST420310,Estrada Group,Mid,2025-12-28,54631,156677,100656,2026-01-12,15,12,2026-01-24,,IN_GRACE
FDX20255603547,CUST610626,Atkinson-Ferguson,Mega,2025-12-01,43713,134866,125106,2026-01-05,35,30,2026-02-04,,ELIGIBLE
FDX20252435070,CUST678469,Kelly-Bell,Small,2026-01-05,41471,203286,99798,2026-01-15,10,7,2026-01-22,,ELIGIBLE
FDX20255193173,CUST214119,Stewart-York,Small,2026-01-10,10729,41475,12628,2026-01-20,10,7,2026-01-27,,ELIGIBLE
FDX20255963118,CUST284308,Johnson-Jenkins,Small,2026-01-09,44131,190793,171969,2026-01-19,10,7,2026-01-26,,ELIGIBLE
FDX20256662853,CUST776909,Arias Group,Mid,2025-12-19,33698,104029,77841,2026-01-03,15,12,2026-01-15,,IN_GRACE
FDX20257620309,CUST736095,Hill-Kelley,Small,2025-12-30,48537,276271,158261,2026-01-09,10,7,2026-01-16,,ELIGIBLE
FDX20251647704,CUST185955,"Rose, Payne and Rice",Small,2025-12-31,6434,19082,12355,2026-01-10,10,7,2026-01-17,,ELIGIBLE
FDX20255601485,CUST982683,Mays-Baker,Mid,2025-12-24,43353,198708,103629,2026-01-08,15,12,2026-01-20,,ELIGIBLE
FDX20257068232,CUST394247,"Lloyd, Herman and Poole",Large,2025-12-01,16580,94163,82787,2025-12-26,25,20,2026-01-15,2026-01-05,RESOLVED_IN_GRACE
FDX20255508832,CUST966589,Joseph-Reid,Mid,2025-12-31,7504,31655,11623,2026-01-15,15,12,2026-01-27,,ELIGIBLE
FDX20255202915,CUST246802,Marshall-Shaw,Small,2026-01-10,51095,279692,230266,2026-01-20,10,7,2026-01-27,2026-01-27,RESOLVED_IN_GRACE
FDX20251207016,CUST664781,Phillips-Howell,Mid,2025-12-12,2634,13702,5668,2025-12-27,15,12,2026-01-08,,ELIGIBLE
FDX20253085515,CUST305973,Stevenson Group,Small,2026-01-03,37383,189809,170776,2026-01-13,10,7,2026-01-20,,ELIGIBLE
FDX20256148846,CUST376021,Valenzuela-Clark,Mid,2025-12-24,7207,28532,20596,2026-01-08,15,12,2026-01-20,2026-01-15,RESOLVED_IN_GRACE
FDX20256385308,CUST869177,Villanueva-Montes,Large,2025-12-06,5010,18849,5447,2025-12-31,25,20,2026-01-20,,ELIGIBLE
FDX20255437867,CUST757057,Cunningham-Manning,Mid,2025-12-12,39228,113270,85281,2025-12-27,15,12,2026-01-08,2025-12-29,RESOLVED_IN_GRACE
FDX20253999504,CUST180176,Jacobson-Hanson,Small,2025-12-22,43371,245259,99853,2026-01-01,10,7,2026-01-08,,ELIGIBLE
FDX20258445874,CUST862760,Baldwin-Lewis,Small,2025-12-24,18739,73065,36703,2026-01-03,10,7,2026-01-10,,ELIGIBLE
FDX20258763225,CUST179062,Barnes-Adams,Small,2025-12-29,54956,286137,108651,2026-01-08,10,7,2026-01-15,,ELIGIBLE
FDX20251289686,CUST119535,Clark-Miller,Small,2025-12-29,28200,103225,70370,2026-01-08,10,7,2026-01-15,,IN_GRACE
FDX20258380453,CUST990856,Hudson-Ross,Small,2026-01-11,30015,144170,38041,2026-01-21,10,7,2026-01-28,,ELIGIBLE
FDX20251148825,CUST631815,"Mercado, Johnson and Mcdowell",Small,2026-01-10,46876,254108,177626,2026-01-20,10,7,2026-01-27,2026-01-24,RESOLVED_IN_GRACE
FDX20258825556,CUST762308,Sandoval-Schmidt,Large,2025-12-06,41840,169828,79113,2025-12-31,25,20,2026-01-20,,ELIGIBLE
FDX20251620820,CUST132709,Alvarez-Hicks,Small,2025-12-31,33431,102578,72070,2026-01-10,10,7,2026-01-17,2026-01-16,RESOLVED_IN_GRACE
FDX20257018384,CUST952117,Jones-Moreno,Small,2026-01-09,18577,52608,46390,2026-01-19,10,7,2026-01-26,,ELIGIBLE
FDX20259056551,CUST710156,Oliver-French,Mid,2025-12-16,31893,130540,50799,2025-12-31,15,12,2026-01-12,2026-01-02,RESOLVED_IN_GRACE
FDX20254654790,CUST707021,Hancock Ltd,Large,2025-12-02,53977,275655,182630,2025-12-27,25,20,2026-01-16,,IN_GRACE
FDX20257855353,CUST524814,Barnes-Blevins,Large,2025-12-08,50336,201922,113621,2026-01-02,25,20,2026-01-22,,ELIGIBLE
FDX20251982890,CUST906564,Mccarthy-Spencer,Mid,2025-12-17,2849,13791,7535,2026-01-01,15,12,2026-01-13,,ELIGIBLE
FDX20252334575,CUST718697,Olson-Jenkins,Small,2026-01-13,34253,125139,51355,2026-01-23,10,7,2026-01-30,,ELIGIBLE
FDX20255637988,CUST323095,Boyd-Taylor,Small,2026-01-09,40998,155196,59355,2026-01-19,10,7,2026-01-26,,ELIGIBLE
FDX20256268490,CUST138436,Johnson-Jordan,Small,2025-12-26,27114,137026,58080,2026-01-05,10,7,2026-01-12,,ELIGIBLE
FDX20252074471,CUST678388,Fields-Rhodes,Small,2026-01-09,49299,202371,186267,2026-01-19,10,7,2026-01-26,,ELIGIBLE
FDX20258389348,CUST373276,Moore-David,Mid,2025-12-20,33155,86056,72741,2026-01-04,15,12,2026-01-16,,ELIGIBLE
FDX20254016609,CUST669868,"Mcneil, English and Clark",Large,2025-12-01,48635,288937,93788,2025-12-26,25,20,2026-01-15,,ELIGIBLE
FDX20255328638,CUST665892,Orozco-Lewis,Mega,2025-12-01,39753,187357,67080,2026-01-05,35,30,2026-02-04,,ELIGIBLE
FDX20255632933,CUST595036,Murphy-Murray,Mid,2025-12-21,29066,160747,73313,2026-01-05,15,12,2026-01-17,,IN_GRACE
FDX20255354372,CUST785672,Schneider-Nichols,Mid,2025-12-28,38210,106145,79126,2026-01-12,15,12,2026-01-24,,ELIGIBLE
FDX20259303529,CUST912853,Short Inc,Small,2025-12-22,24335,95546,93306,2026-01-01,10,7,2026-01-08,2026-01-08,RESOLVED_IN_GRACE
FDX20253134439,CUST255852,"Bowen, Martin and Dickson",Large,2025-12-02,11616,53788,20781,2025-12-27,25,20,2026-01-16,,ELIGIBLE
FDX20254815456,CUST483588,Cantu PLC,Small,2025-12-26,30209,138014,57174,2026-01-05,10,7,2026-01-12,,IN_GRACE
FDX20253927545,CUST511564,Poole-Webb,Small,2026-01-04,16130,47014,44361,2026-01-14,10,7,2026-01-21,2026-01-16,RESOLVED_IN_GRACE
FDX20253464602,CUST334153,Hoover-Smith,Large,2025-12-10,23626,127381,36232,2026-01-04,25,20,2026-01-24,2026-01-09,RESOLVED_IN_GRACE
FDX20251831808,CUST909652,Reed-Pacheco,Small,2026-01-04,45435,260492,167322,2026-01-14,10,7,2026-01-21,2026-01-18,RESOLVED_IN_GRACE
FDX20254903596,CUST718241,Schneider-Dunn,Mid,2025-12-25,27873,98903,62731,2026-01-09,15,12,2026-01-21,,ELIGIBLE
FDX20252920094,CUST868844,Rodriguez-Chapman,Mega,2025-12-01,1960,6998,2814,2026-01-05,35,30,2026-02-04,,ELIGIBLE
FDX20251645952,CUST998801,"Huber, Love and Rodriguez",Large,2025-12-14,42320,221752,108461,2026-01-08,25,20,2026-01-28,,ELIGIBLE
FDX20254091294,CUST405134,Vargas-Murphy,Small,2026-01-01,18620,106844,79910,2026-01-11,10,7,2026-01-18,,IN_GRACE
FDX20259501337,CUST240384,Gonzales-Garcia,Small,2025-12-22,29374,118140,53242,2026-01-01,10,7,2026-01-08,2026-01-08,RESOLVED_IN_GRACE
FDX20258387157,CUST587274,Rhodes-Green,Small,2025-12-24,51907,163598,91667,2026-01-03,10,7,2026-01-10,,ELIGIBLE
FDX20256323988,CUST625465,Lee-Powell,Mid,2025-12-24,27775,149503,80349,2026-01-08,15,12,2026-01-20,,IN_GRACE
FDX20251703897,CUST635205,Mills-Smith,Large,2025-12-01,35319,192928,122107,2025-12-26,25,20,2026-01-15,,ELIGIBLE
FDX20254824407,CUST194952,Madden Inc,Small,2025-12-24,51473,158782,105503,2026-01-03,10,7,2026-01-10,,ELIGIBLE
FDX20252020270,CUST516059,"Baxter, Russell and Padilla",Small,2026-01-13,40344,147516,49064,2026-01-23,10,7,2026-01-30,,ELIGIBLE
FDX20255346217,CUST481540,Carr-Gaines,Small,2026-01-10,32738,130434,42194,2026-01-20,10,7,2026-01-27,,ELIGIBLE
FDX20255319211,CUST626560,Howe-Rogers,Small,2025-12-29,31736,93012,47958,2026-01-08,10,7,2026-01-15,2026-01-11,RESOLVED_IN_GRACE
FDX20251270418,CUST111106,"Rush, Cole and Torres",Small,2025-12-24,46567,154056,129009,2026-01-03,10,7,2026-01-10,2026-01-08,RESOLVED_IN_GRACE
FDX20256927978,CUST794868,Kim-Murray,Small,2026-01-13,20968,95372,55118,2026-01-23,10,7,2026-01-30,2026-01-29,RESOLVED_IN_GRACE
FDX20251750496,CUST350484,"Logan, Day and Bates",Mega,2025-12-01,31271,81999,77912,2026-01-05,35,30,2026-02-04,,ELIGIBLE
FDX20254937559,CUST989173,Caldwell-Harper,Small,2026-01-07,42537,192086,44399,2026-01-17,10,7,2026-01-24,2026-01-23,RESOLVED_IN_GRACE
FDX20256867489,CUST945718,Salas-Espinoza,Small,2026-01-07,3007,13324,10209,2026-01-17,10,7,2026-01-24,2026-01-20,RESOLVED_IN_GRACE
FDX20252831459,CUST743863,Carroll-Moore,Small,2026-01-01,46257,202811,184287,2026-01-11,10,7,2026-01-18,2026-01-12,RESOLVED_IN_GRACE
FDX20252299884,CUST817395,Jones-Travis,Small,2026-01-07,33265,137686,88250,2026-01-17,10,7,2026-01-24,2026-01-20,RESOLVED_IN_GRACE
FDX20259505007,CUST273899,"Cruz, Stevens and Hays",Small,2026-01-11,36540,151594,104390,2026-01-21,10,7,2026-01-28,,ELIGIBLE
FDX20258445941,CUST893988,"Cunningham, Arnold and Joseph",Small,2026-01-11,21037,67669,35837,2026-01-21,10,7,2026-01-28,,IN_GRACE
FDX20252898888,CUST639111,Smith-Smith,Mid,2025-12-24,37258,180503,102721,2026-01-08,15,12,2026-01-20,2026-01-10,RESOLVED_IN_GRACE
FDX20259573753,CUST247189,Leon-Brown,Mid,2026-01-01,13217,62935,41771,2026-01-16,15,12,2026-01-28,,ELIGIBLE
FDX20252299399,CUST567896,Gregory LLC,Mid,2025-12-20,4544,19476,13322,2026-01-04,15,12,2026-01-16,,IN_GRACE
FDX20254975843,CUST266956,Lewis-Davis,Mid,2025-12-17,52160,191970,103673,2026-01-01,15,12,2026-01-13,,ELIGIBLE
FDX20254423255,CUST287847,Espinoza Ltd,Mid,2025-12-16,24447,140631,61953,2025-12-31,15,12,2026-01-12,2026-01-09,RESOLVED_IN_GRACE
FDX20256465833,CUST693868,Baxter Group,Small,2025-12-24,13064,74419,73180,2026-01-03,10,7,2026-01-10,2026-01-10,RESOLVED_IN_GRACE
FDX20257230376,CUST693297,Cooper-Page,Small,2025-12-26,52705,165197,86275,2026-01-05,10,7,2026-01-12,2026-01-08,RESOLVED_IN_GRACE
FDX20257978813,CUST791444,"Dunlap, Cabrera and West",Small,2026-01-13,9809,43326,17587,2026-01-23,10,7,2026-01-30,,ELIGIBLE
FDX20252197778,CUST253300,Moss-Lynch,Small,2026-01-09,26855,69164,39241,2026-01-19,10,7,2026-01-26,2026-01-22,RESOLVED_IN_GRACE
FDX20258155068,CUST871667,Rodriguez-Price,Small,2025-12-26,54382,201050,135441,2026-01-05,10,7,2026-01-12,2026-01-06,RESOLVED_IN_GRACE
FDX20255749368,CUST867562,Thompson-Lara,Mid,2025-12-22,33429,139135,125201,2026-01-06,15,12,2026-01-18,,IN_GRACE
FDX20253400475,CUST606990,"Delacruz, Lyons and Anderson",Mid,2025-12-20,55876,232186,137508,2026-01-04,15,12,2026-01-16,,ELIGIBLE
FDX20251414306,CUST476224,Calhoun-Swanson,Mid,2025-12-31,28198,84471,81112,2026-01-15,15,12,2026-01-27,,ELIGIBLE
FDX20256478441,CUST142383,Novak Ltd,Large,2025-12-01,18673,53150,25436,2025-12-26,25,20,2026-01-15,2026-01-14,RESOLVED_IN_GRACE
FDX20257044611,CUST329448,Schmidt-Marshall,Large,2025-12-03,44477,139821,48750,2025-12-28,25,20,2026-01-17,,ELIGIBLE
FDX20256620128,CUST898461,Taylor-Colon,Small,2026-01-01,44368,137086,82759,2026-01-11,10,7,2026-01-18,,ELIGIBLE
FDX20257847411,CUST611329,Jones-Brown,Small,2025-12-22,45643,235342,103940,2026-01-01,10,7,2026-01-08,,IN_GRACE
FDX20257286684,CUST343007,Allen-Richardson,Mid,2026-01-01,38735,117677,60941,2026-01-16,15,12,2026-01-28,,IN_GRACE
FDX20258896784,CUST165914,Hickman-Harris,Mega,2025-12-01,55784,290710,188545,2026-01-05,35,30,2026-02-04,,IN_GRACE
FDX20255933559,CUST377198,Romero-Harris,Mid,2025-12-12,55197,308981,116878,2025-12-27,15,12,2026-01-08,2026-01-02,RESOLVED_IN_GRACE
FDX20251522734,CUST487380,Garrett-Lewis,Small,2026-01-04,35564,121730,72491,2026-01-14,10,7,2026-01-21,,ELIGIBLE
FDX20253689602,CUST345386,Ross-Johnson,Small,2026-01-13,38203,97655,82387,2026-01-23,10,7,2026-01-30,2026-01-24,RESOLVED_IN_GRACE
FDX20257179080,CUST144887,Boyd-Clark,Small,2026-01-05,10325,55872,41443,2026-01-15,10,7,2026-01-22,,ELIGIBLE
FDX20251748441,CUST801062,Howe-Knapp,Large,2025-12-07,6315,20225,13563,2026-01-01,25,20,2026-01-21,,ELIGIBLE
FDX20255880032,CUST316818,Collins-Collins,Small,2025-12-26,33602,175402,61156,2026-01-05,10,7,2026-01-12,,ELIGIBLE
FDX20253517643,CUST643042,Vincent-Macdonald,Small,2026-01-13,22582,106940,88367,2026-01-23,10,7,2026-01-30,2026-01-26,RESOLVED_IN_GRACE
FDX20251428411,CUST929906,Weiss-Leonard,Small,2025-12-26,14255,75061,14549,2026-01-05,10,7,2026-01-12,2026-01-12,RESOLVED_IN_GRACE
FDX20252782278,CUST478799,Rice-Willis,Mid,2025-12-24,40208,125715,99307,2026-01-08,15,12,2026-01-20,,ELIGIBLE
FDX20254548039,CUST506945,West-Hernandez,Mid,2025-12-17,19967,85491,51912,2026-01-01,15,12,2026-01-13,2026-01-11,RESOLVED_IN_GRACE
FDX20256253043,CUST592489,Frazier-Robinson,Small,2026-01-09,18041,46020,35282,2026-01-19,10,7,2026-01-26,,ELIGIBLE
FDX20259569737,CUST576728,"Garrett, Wells and Potter",Large,2025-12-01,1630,9457,3205,2025-12-26,25,20,2026-01-15,,ELIGIBLE
FDX20259525883,CUST148693,Rodriguez-Hayes,Small,2026-01-11,3387,17279,13137,2026-01-21,10,7,2026-01-28,,ELIGIBLE
FDX20256772247,CUST141843,Lopez-Porter,Mega,2025-12-01,49578,165881,71411,2026-01-05,35,30,2026-02-04,,ELIGIBLE
FDX20254604898,CUST780027,Crawford-Acosta,Large,2025-12-01,38604,108234,91341,2025-12-26,25,20,2026-01-15,,ELIGIBLE
FDX20257355875,CUST439813,Sanchez-Carpenter,Small,2025-12-24,18632,100851,31331,2026-01-03,10,7,2026-01-10,,IN_GRACE
FDX20251546929,CUST208239,Campbell-Armstrong,Large,2025-12-01,41150,204865,126554,2025-12-26,25,20,2026-01-15,,ELIGIBLE
FDX20253517835,CUST837920,Herrera-Thompson,Mid,2025-12-19,37928,172261,46562,2026-01-03,15,12,2026-01-15,,ELIGIBLE
FDX20257393623,CUST646699,Stanley Ltd,Mid,2025-12-20,11628,66100,27691,2026-01-04,15,12,2026-01-16,2026-01-12,RESOLVED_IN_GRACE
FDX20252316088,CUST764343,Shannon Group,Mid,2025-12-25,29076,105697,71274,2026-01-09,15,12,2026-01-21,,ELIGIBLE
FDX20252297070,CUST969948,Hall-Perry,Small,2025-12-29,9806,51775,51746,2026-01-08,10,7,2026-01-15,,ELIGIBLE
FDX20254767844,CUST386780,May-Mejia,Mid,2025-12-24,22405,128769,81736,2026-01-08,15,12,2026-01-20,,IN_GRACE
FDX20259447259,CUST975427,Potter-Howell,Small,2026-01-03,9986,59350,10920,2026-01-13,10,7,2026-01-20,,ELIGIBLE
FDX20258014220,CUST877948,Rodriguez-Miller,Small,2025-12-26,12549,46969,37769,2026-01-05,10,7,2026-01-12,2026-01-08,RESOLVED_IN_GRACE
FDX20253034109,CUST376106,Valdez-Perez,Mid,2025-12-30,29010,95910,83280,2026-01-14,15,12,2026-01-26,,ELIGIBLE
FDX20259854283,CUST706739,Montgomery-Combs,Mid,2025-12-25,4367,11136,8908,2026-01-09,15,12,2026-01-21,,ELIGIBLE
FDX20251862877,CUST670792,Dickerson Ltd,Small,2025-12-22,2034,8075,6782,2026-01-01,10,7,2026-01-08,2026-01-06,RESOLVED_IN_GRACE
FDX20258924368,CUST697856,Smith-Edwards,Small,2026-01-11,3185,18924,17419,2026-01-21,10,7,2026-01-28,,ELIGIBLE
FDX20259798778,CUST282294,"Holder, Franklin and Smith",Small,2025-12-22,9372,24315,9485,2026-01-01,10,7,2026-01-08,2026-01-07,RESOLVED_IN_GRACE
FDX20259729789,CUST494956,Mathis-Perez,Large,2025-12-12,17715,44290,17730,2026-01-06,25,20,2026-01-26,,ELIGIBLE
FDX20258399044,CUST785428,Bell-Scott,Small,2026-01-05,23269,83746,53157,2026-01-15,10,7,2026-01-22,,ELIGIBLE
FDX20256317360,CUST496905,Long-Berry,Large,2025-12-12,36763,112062,108348,2026-01-06,25,20,2026-01-26,2026-01-19,RESOLVED_IN_GRACE
FDX20255516136,CUST483041,Mcdonald-Perez,Small,2025-12-31,58206,282850,251186,2026-01-10,10,7,2026-01-17,,ELIGIBLE
FDX20254271952,CUST716225,Pham-Nelson,Small,2025-12-31,32895,164763,74904,2026-01-10,10,7,2026-01-17,2026-01-17,RESOLVED_IN_GRACE
FDX20255916819,CUST785073,Meyer-Miller,Mid,2025-12-30,48984,286852,89507,2026-01-14,15,12,2026-01-26,2026-01-15,RESOLVED_IN_GRACE
FDX20255094127,CUST976052,Mullen-Fry,Small,2025-12-26,51029,177545,52350,2026-01-05,10,7,2026-01-12,2026-01-09,RESOLVED_IN_GRACE
FDX20256514410,CUST181618,Torres-Long,Small,2026-01-13,6121,17314,15007,2026-01-23,10,7,2026-01-30,2026-01-24,RESOLVED_IN_GRACE
FDX20255078093,CUST641760,Johnson-Brown,Small,2026-01-10,51542,240030,201253,2026-01-20,10,7,2026-01-27,,ELIGIBLE
FDX20257072764,CUST363807,"Cain, Powers and Barnes",Small,2025-12-24,49861,169230,71658,2026-01-03,10,7,2026-01-10,2026-01-05,RESOLVED_IN_GRACE
FDX20254873703,CUST494609,"Savage, Pierce and Lewis",Mega,2025-12-01,58719,332291,303759,2026-01-05,35,30,2026-02-04,2026-01-18,RESOLVED_IN_GRACE
FDX20258647410,CUST333726,Harrison-Mckinney,Large,2025-12-14,43937,212494,87802,2026-01-08,25,20,2026-01-28,,ELIGIBLE
FDX20256281742,CUST641455,Hull-Mason,Mid,2025-12-12,8895,34239,17713,2025-12-27,15,12,2026-01-08,2025-12-29,RESOLVED_IN_GRACE
FDX20252936374,CUST525556,Jacobson Ltd,Small,2025-12-26,24332,69711,62240,2026-01-05,10,7,2026-01-12,,ELIGIBLE
FDX20255044088,CUST470040,Bennett-Larson,Large,2025-12-08,38285,111311,96656,2026-01-02,25,20,2026-01-22,2026-01-03,RESOLVED_IN_GRACE
FDX20258465986,CUST956934,Gregory-Martin,Small,2025-12-30,56444,319096,122970,2026-01-09,10,7,2026-01-16,,ELIGIBLE
FDX20257877413,CUST461792,"Skinner, Robinson and Fowler",Large,2025-12-14,31275,174374,66426,2026-01-08,25,20,2026-01-28,,IN_GRACE
FDX20257071358,CUST610511,Perez-Hendricks,Large,2025-12-03,42109,148961,133143,2025-12-28,25,20,2026-01-17,2026-01-17,RESOLVED_IN_GRACE
FDX20252336977,CUST931161,Smith-Martinez,Small,2026-01-10,21701,74526,65099,2026-01-20,10,7,2026-01-27,2026-01-25,RESOLVED_IN_GRACE
FDX20256905321,CUST605529,Torres-Perez,Mid,2025-12-28,28297,99140,71830,2026-01-12,15,12,2026-01-24,,ELIGIBLE
FDX20259483289,CUST733561,Duran-Lambert,Small,2026-01-04,36754,192667,99068,2026-01-14,10,7,2026-01-21,2026-01-17,RESOLVED_IN_GRACE
FDX20252282513,CUST106918,Martinez-Greene,Small,2026-01-03,39756,143297,131963,2026-01-13,10,7,2026-01-20,2026-01-17,RESOLVED_IN_GRACE
FDX20257078334,CUST626214,Larson Inc,Mid,2025-12-26,14622,73218,52804,2026-01-10,15,12,2026-01-22,2026-01-21,RESOLVED_IN_GRACE
FDX20259122764,CUST245718,Spears-Willis,Small,2026-01-11,55241,279819,182991,2026-01-21,10,7,2026-01-28,,IN_GRACE
FDX20254864628,CUST561267,Robinson-Matthews,Mid,2025-12-30,43761,180005,128644,2026-01-14,15,12,2026-01-26,2026-01-20,RESOLVED_IN_GRACE
FDX20258532433,CUST273650,Hodges Ltd,Mid,2025-12-31,41411,126712,48359,2026-01-15,15,12,2026-01-27,,IN_GRACE
FDX20258027140,CUST341162,Dominguez-Holder,Mid,2025-12-22,41436,140498,139277,2026-01-06,15,12,2026-01-18,,ELIGIBLE
FDX20254854788,CUST180832,Wheeler-Jones,Small,2026-01-03,16553,57094,40110,2026-01-13,10,7,2026-01-20,2026-01-16,RESOLVED_IN_GRACE
FDX20253101870,CUST639535,Bailey-Acosta,Large,2025-12-03,57151,280364,189311,2025-12-28,25,20,2026-01-17,,IN_GRACE
FDX20255109477,CUST774734,Cherry LLC,Mid,2026-01-01,24335,120545,43800,2026-01-16,15,12,2026-01-28,,IN_GRACE
FDX20257838685,CUST394450,Murphy-Mitchell,Small,2026-01-10,59973,285056,230224,2026-01-20,10,7,2026-01-27,2026-01-22,RESOLVED_IN_GRACE
FDX20253317607,CUST321791,Sexton Ltd,Mid,2025-12-24,18706,72979,61618,2026-01-08,15,12,2026-01-20,,ELIGIBLE
FDX20255366756,CUST257538,Porter-Russell,Small,2026-01-07,15626,81508,28398,2026-01-17,10,7,2026-01-24,,ELIGIBLE
FDX20255813134,CUST295984,Marquez PLC,Small,2026-01-09,59662,263102,81064,2026-01-19,10,7,2026-01-26,2026-01-25,RESOLVED_IN_GRACE
FDX20256730623,CUST265001,Tran-Bauer,Small,2026-01-03,40813,109042,86707,2026-01-13,10,7,2026-01-20,,ELIGIBLE
FDX20256265434,CUST479818,Thornton-Simmons,Small,2026-01-03,22548,129126,86543,2026-01-13,10,7,2026-01-20,,ELIGIBLE
FDX20252979107,CUST731264,Cervantes LLC,Small,2026-01-05,25465,90919,26680,2026-01-15,10,7,2026-01-22,2026-01-21,RESOLVED_IN_GRACE
FDX20252367443,CUST852146,Davis-Lindsey,Small,2026-01-13,43196,147203,120137,2026-01-23,10,7,2026-01-30,2026-01-27,RESOLVED_IN_GRACE
FDX20257853539,CUST956639,Ramos-Archer,Small,2025-12-31,7155,26795,26330,2026-01-10,10,7,2026-01-17,2026-01-15,RESOLVED_IN_GRACE
FDX20258063586,CUST224078,Wilson-Harris,Mid,2025-12-24,45359,128365,125276,2026-01-08,15,12,2026-01-20,,ELIGIBLE
FDX20259472929,CUST793223,Harrison-Novak,Small,2026-01-03,21007,60969,49095,2026-01-13,10,7,2026-01-20,2026-01-17,RESOLVED_IN_GRACE
FDX20253489714,CUST341535,Gray-Eaton,Mid,2025-12-28,38613,182448,79724,2026-01-12,15,12,2026-01-24,2026-01-23,RESOLVED_IN_GRACE
FDX20259291304,CUST534753,Kim-Hill,Mid,2025-12-30,4262,13720,11867,2026-01-14,15,12,2026-01-26,,ELIGIBLE
FDX20254323637,CUST950576,"Ewing, Shannon and Chambers",Large,2025-12-12,40546,234540,201800,2026-01-06,25,20,2026-01-26,2026-01-10,RESOLVED_IN_GRACE
FDX20254018484,CUST446265,Lee-Norris,Mid,2026-01-03,19511,91807,54016,2026-01-18,15,12,2026-01-30,,IN_GRACE
FDX20258618016,CUST855242,Pena-Gallegos,Small,2025-12-31,36981,103052,46291,2026-01-10,10,7,2026-01-17,2026-01-15,RESOLVED_IN_GRACE
FDX20251260252,CUST218844,Montgomery-Rodriguez,Mega,2025-12-01,41868,136386,103892,2026-01-05,35,30,2026-02-04,,ELIGIBLE
FDX20253797952,CUST604906,Eaton-Flores,Small,2025-12-29,42547,148765,109829,2026-01-08,10,7,2026-01-15,,ELIGIBLE
FDX20253026500,CUST808029,Washington-Burns,Mid,2026-01-03,19821,93747,87465,2026-01-18,15,12,2026-01-30,,ELIGIBLE
FDX20258023372,CUST602073,Montgomery-Peterson,Small,2026-01-07,21216,123299,118035,2026-01-17,10,7,2026-01-24,,ELIGIBLE
FDX20255418718,CUST602290,Olson-Rodriguez,Mid,2025-12-30,33196,118438,110122,2026-01-14,15,12,2026-01-26,,ELIGIBLE
FDX20258882947,CUST320939,Johnson-Herman,Mid,2025-12-12,18373,48745,45952,2025-12-27,15,12,2026-01-08,,ELIGIBLE
FDX20252694421,CUST719489,Mayer LLC,Mid,2025-12-17,4390,20417,18623,2026-01-01,15,12,2026-01-13,,IN_GRACE
FDX20253120605,CUST269078,Gill and Sons,Mid,2025-12-21,12923,59890,24971,2026-01-05,15,12,2026-01-17,,ELIGIBLE
FDX20251571694,CUST778700,"Stewart, Myers and Dominguez",Large,2025-12-07,37716,198579,128573,2026-01-01,25,20,2026-01-21,,ELIGIBLE
FDX20258238024,CUST973846,Simpson-Wells,Small,2025-12-29,49670,265750,55468,2026-01-08,10,7,2026-01-15,,ELIGIBLE
FDX20251401503,CUST530859,Reed-Castaneda,Mid,2025-12-14,59517,278094,231689,2025-12-29,15,12,2026-01-10,,ELIGIBLE
FDX20253800715,CUST123536,Stone-Mcguire,Mid,2025-12-20,13650,35527,15478,2026-01-04,15,12,2026-01-16,,ELIGIBLE
FDX20252224983,CUST355506,"Waters, Berry and Barnes",Large,2025-12-16,38032,100979,61329,2026-01-10,25,20,2026-01-30,,IN_GRACE
FDX20253220930,CUST145240,Robinson-Jones,Small,2025-12-24,31438,183736,36854,2026-01-03,10,7,2026-01-10,,ELIGIBLE
FDX20259638539,CUST234097,Dudley-Morales,Mega,2025-12-01,6764,35582,23073,2026-01-05,35,30,2026-02-04,,ELIGIBLE
FDX20259880342,CUST701344,Beasley-Collins,Mid,2025-12-16,20192,78047,70175,2025-12-31,15,12,2026-01-12,2026-01-11,RESOLVED_IN_GRACE
FDX20257511474,CUST721121,Cowan-Bruce,Small,2026-01-11,45041,196960,162052,2026-01-21,10,7,2026-01-28,2026-01-24,RESOLVED_IN_GRACE
FDX20258086002,CUST268956,Collins-Matthews,Large,2025-12-01,46432,154578,132624,2025-12-26,25,20,2026-01-15,,ELIGIBLE
FDX20256945304,CUST241268,Todd-Hamilton,Small,2025-12-27,41929,138598,85205,2026-01-06,10,7,2026-01-13,,ELIGIBLE
FDX20253138306,CUST760120,Clark-Lee,Small,2025-12-29,24034,109054,107436,2026-01-08,10,7,2026-01-15,,ELIGIBLE
FDX20257749767,CUST637544,Williams-Gomez,Mid,2025-12-21,29134,138399,32344,2026-01-05,15,12,2026-01-17,,IN_GRACE
FDX20255050605,CUST141094,Hensley-Henry,Small,2026-01-11,47519,262252,117913,2026-01-21,10,7,2026-01-28,2026-01-25,RESOLVED_IN_GRACE
FDX20255922299,CUST700067,Michael-Jones,Large,2025-12-16,55105,294993,246186,2026-01-10,25,20,2026-01-30,,ELIGIBLE
FDX20252996986,CUST253999,Kemp-Griffin,Large,2025-12-01,2369,5945,2794,2025-12-26,25,20,2026-01-15,2026-01-06,RESOLVED_IN_GRACE
FDX20256650705,CUST158627,Clark-Singleton,Mid,2025-12-26,47018,264902,76173,2026-01-10,15,12,2026-01-22,,ELIGIBLE
FDX20256647890,CUST274421,Brown-Parks,Mega,2025-12-01,9869,38504,22326,2026-01-05,35,30,2026-02-04,2026-02-02,RESOLVED_IN_GRACE
FDX20252808110,CUST370804,Villarreal-Anderson,Small,2026-01-04,11484,46614,23754,2026-01-14,10,7,2026-01-21,2026-01-17,RESOLVED_IN_GRACE
FDX20251758962,CUST288783,Davidson-Wells,Mid,2025-12-16,42176,180267,168921,2025-12-31,15,12,2026-01-12,,ELIGIBLE
FDX20252237362,CUST641737,Wolfe-Garcia,Small,2026-01-04,45958,124639,46569,2026-01-14,10,7,2026-01-21,2026-01-16,RESOLVED_IN_GRACE
FDX20256955200,CUST525151,Jimenez-Miller,Small,2026-01-01,24106,75481,61602,2026-01-11,10,7,2026-01-18,,ELIGIBLE
FDX20258531214,CUST728471,Juarez-Perry,Small,2026-01-04,46891,127656,98421,2026-01-14,10,7,2026-01-21,,ELIGIBLE
FDX20257859779,CUST690982,Fowler-Stanley,Small,2025-12-27,44155,227951,80587,2026-01-06,10,7,2026-01-13,,IN_GRACE
FDX20258545615,CUST768595,Rasmussen PLC,Small,2025-12-27,21702,89554,77403,2026-01-06,10,7,2026-01-13,,IN_GRACE
FDX20258309667,CUST119524,Rodriguez-Craig,Small,2025-12-27,4817,23823,20317,2026-01-06,10,7,2026-01-13,,ELIGIBLE
FDX20255853499,CUST854500,Gilbert-Johnson,Large,2025-12-14,46660,243682,88428,2026-01-08,25,20,2026-01-28,2026-01-18,RESOLVED_IN_GRACE
FDX20259004511,CUST863336,"Vargas, Fowler and Johnson",Mega,2025-12-01,36408,153830,99898,2026-01-05,35,30,2026-02-04,,ELIGIBLE
FDX20253258306,CUST793889,"Salazar, Sullivan and Noble",Small,2026-01-11,20429,111113,71067,2026-01-21,10,7,2026-01-28,,ELIGIBLE
FDX20254077793,CUST961198,House LLC,Large,2025-12-10,17413,102377,24538,2026-01-04,25,20,2026-01-24,2026-01-22,RESOLVED_IN_GRACE
FDX20259545877,CUST397223,Bean-Davis,Small,2026-01-09,15434,60428,44235,2026-01-19,10,7,2026-01-26,2026-01-21,RESOLVED_IN_GRACE
FDX20252405754,CUST189913,"Mcguire, Cooper and York",Small,2026-01-04,45367,254082,203497,2026-01-14,10,7,2026-01-21,2026-01-15,RESOLVED_IN_GRACE
FDX20253554438,CUST327114,Sellers-Castillo,Small,2025-12-30,41999,129767,49442,2026-01-09,10,7,2026-01-16,,ELIGIBLE
FDX20251130589,CUST571023,Montoya-May,Mega,2025-12-01,3921,21534,17603,2026-01-05,35,30,2026-02-04,2026-01-13,RESOLVED_IN_GRACE
FDX20257205454,CUST735988,Smith-Leonard,Mid,2025-12-12,19000,107819,59290,2025-12-27,15,12,2026-01-08,,ELIGIBLE
FDX20258608923,CUST594312,Wells-Fuller,Mid,2026-01-01,42627,127670,108803,2026-01-16,15,12,2026-01-28,,ELIGIBLE
FDX20257364849,CUST605065,Gomez-Moody,Large,2025-12-01,2441,10429,9726,2025-12-26,25,20,2026-01-15,,ELIGIBLE
FDX20256376038,CUST278852,Jarvis-Jennings,Large,2025-12-01,52283,165995,58254,2025-12-26,25,20,2026-01-15,,ELIGIBLE
FDX20258358269,CUST330019,Drake and Sons,Mid,2025-12-16,45930,155190,66493,2025-12-31,15,12,2026-01-12,,ELIGIBLE
FDX20253964907,CUST970699,Lindsey-Wade,Small,2026-01-03,14263,36666,24618,2026-01-13,10,7,2026-01-20,2026-01-20,RESOLVED_IN_GRACE
FDX20259534019,CUST530720,Morrison-Kennedy,Mega,2025-12-01,58381,293715,183353,2026-01-05,35,30,2026-02-04,,IN_GRACE
FDX20255685869,CUST730025,Kirk LLC,Mega,2025-12-01,58885,237453,178602,2026-01-05,35,30,2026-02-04,2026-01-13,RESOLVED_IN_GRACE
FDX20252625688,CUST249644,"Contreras, Hurley and Smith",Mid,2025-12-31,15577,89873,72294,2026-01-15,15,12,2026-01-27,,ELIGIBLE
FDX20254896735,CUST933215,Mcgee-Lin,Mid,2025-12-16,37889,143804,103588,2025-12-31,15,12,2026-01-12,,ELIGIBLE
FDX20255988680,CUST710948,Mendoza-Thompson,Mid,2025-12-30,57138,268719,156266,2026-01-14,15,12,2026-01-26,,ELIGIBLE
FDX20259276091,CUST960307,Mathews-Johnson,Mid,2025-12-22,24058,119038,71233,2026-01-06,15,12,2026-01-18,2026-01-18,RESOLVED_IN_GRACE
FDX20256722997,CUST904771,Sparks-Melton,Mid,2025-12-31,24911,107764,43101,2026-01-15,15,12,2026-01-27,,ELIGIBLE
FDX20251810137,CUST290719,Sims-Patterson,Mid,2025-12-19,23248,124825,77462,2026-01-03,15,12,2026-01-15,,ELIGIBLE
FDX20259685189,CUST753484,"Bolton, Davis and Miller",Small,2026-01-05,38032,179955,138740,2026-01-15,10,7,2026-01-22,,ELIGIBLE
FDX20259811287,CUST791691,Olson PLC,Mid,2025-12-30,58962,289121,153357,2026-01-14,15,12,2026-01-26,2026-01-15,RESOLVED_IN_GRACE
FDX20259526649,CUST635617,Moreno-Jones,Mega,2025-12-01,48995,234212,149793,2026-01-05,35,30,2026-02-04,,IN_GRACE
FDX20258158662,CUST377370,Munoz-Blackwell,Small,2025-12-29,19022,113217,81537,2026-01-08,10,7,2026-01-15,,ELIGIBLE
FDX20255785821,CUST275868,Newman PLC,Mid,2025-12-28,35915,111781,88456,2026-01-12,15,12,2026-01-24,,IN_GRACE
FDX20256415686,CUST859364,Lewis-Anderson,Small,2025-12-31,21808,121386,83801,2026-01-10,10,7,2026-01-17,,ELIGIBLE
FDX20257443587,CUST818894,Alexander-Bryant,Large,2025-12-14,8811,29372,10284,2026-01-08,25,20,2026-01-28,2026-01-10,RESOLVED_IN_GRACE
FDX20256344856,CUST459316,Haney-Clark,Small,2026-01-10,5022,18314,10648,2026-01-20,10,7,2026-01-27,,IN_GRACE
FDX20253993320,CUST575497,Johnson-Cordova,Small,2026-01-01,24591,95712,77702,2026-01-11,10,7,2026-01-18,,ELIGIBLE
FDX20253402439,CUST725510,"Kim, Munoz and Mcgee",Small,2026-01-10,43513,178255,132791,2026-01-20,10,7,2026-01-27,,ELIGIBLE
FDX20251703542,CUST719284,White-Case,Large,2025-12-13,57107,208126,119672,2026-01-07,25,20,2026-01-27,,IN_GRACE
FDX20254534635,CUST172187,Fry-Moran,Mid,2026-01-01,20224,108850,101712,2026-01-16,15,12,2026-01-28,,ELIGIBLE
FDX20258223223,CUST340977,Perry-Perry,Small,2025-12-30,34904,133020,52760,2026-01-09,10,7,2026-01-16,,IN_GRACE
FDX20259709639,CUST496583,Evans-Rosales,Small,2025-12-22,39836,169190,123123,2026-01-01,10,7,2026-01-08,,IN_GRACE
FDX20255668364,CUST504186,"Macdonald, Kelly and Martin",Small,2025-12-30,42569,239780,117583,2026-01-09,10,7,2026-01-16,,ELIGIBLE
FDX20256274209,CUST238635,Barber-Johnson,Large,2025-12-01,20363,110560,21156,2025-12-26,25,20,2026-01-15,,ELIGIBLE
FDX20252668771,CUST213844,"Thornton, Chang and Gill",Mid,2025-12-20,20285,66213,65467,2026-01-04,15,12,2026-01-16,2026-01-16,RESOLVED_IN_GRACE
FDX20256827492,CUST117367,Mason-Mccormick,Mid,2025-12-21,21905,103504,26522,2026-01-05,15,12,2026-01-17,,ELIGIBLE
FDX20255777999,CUST312177,Mcclain-Peterson,Small,2026-01-10,23057,108188,50845,2026-01-20,10,7,2026-01-27,2026-01-27,RESOLVED_IN_GRACE
FDX20253778181,CUST648102,Hughes-Madden,Large,2025-12-03,14333,67445,16978,2025-12-28,25,20,2026-01-17,,ELIGIBLE
FDX20252988957,CUST628859,Santiago-Moore,Small,2025-12-31,29510,152858,148721,2026-01-10,10,7,2026-01-17,,ELIGIBLE
FDX20255829206,CUST817611,Moore-Huang,Small,2025-12-30,23445,72493,27748,2026-01-09,10,7,2026-01-16,,ELIGIBLE
FDX20255594415,CUST540186,Williams-Tran,Small,2026-01-01,35747,103057,87376,2026-01-11,10,7,2026-01-18,,ELIGIBLE
FDX20259164392,CUST966662,"Richards, Thompson and Nelson",Mega,2025-12-01,43989,141593,69918,2026-01-05,35,30,2026-02-04,2026-01-23,RESOLVED_IN_GRACE
FDX20258363801,CUST256826,Dixon LLC,Small,2026-01-05,43766,224987,139179,2026-01-15,10,7,2026-01-22,,ELIGIBLE
FDX20254751945,CUST734924,Mata-Young,Mid,2025-12-14,44423,202350,129801,2025-12-29,15,12,2026-01-10,,ELIGIBLE
FDX20253840731,CUST200976,Thomas-Austin,Mid,2025-12-25,38452,169375,59886,2026-01-09,15,12,2026-01-21,2026-01-12,RESOLVED_IN_GRACE
FDX20255839871,CUST286040,Gamble-Heath,Large,2025-12-02,39174,124986,64202,2025-12-27,25,20,2026-01-16,,IN_GRACE
FDX20255352496,CUST598985,Welch-Brady,Small,2025-12-26,17631,102043,37522,2026-01-05,10,7,2026-01-12,2026-01-08,RESOLVED_IN_GRACE
FDX20252780388,CUST744610,Williamson-Jenkins,Small,2026-01-13,6517,36477,28397,2026-01-23,10,7,2026-01-30,,ELIGIBLE
FDX20254886854,CUST728950,Anderson-Spencer,Small,2025-12-26,41774,225090,162889,2026-01-05,10,7,2026-01-12,,ELIGIBLE
FDX20255674614,CUST140932,Miller-Lewis,Mid,2025-12-22,48607,144355,59221,2026-01-06,15,12,2026-01-18,,ELIGIBLE
FDX20253365639,CUST921945,"Curtis, Simpson and Brooks",Mid,2025-12-31,35565,89673,42639,2026-01-15,15,12,2026-01-27,2026-01-27,RESOLVED_IN_GRACE
FDX20252610210,CUST657244,Abbott-Riley,Small,2025-12-22,46952,216320,162685,2026-01-01,10,7,2026-01-08,,ELIGIBLE
FDX20254470251,CUST627778,Buck-Frost,Mid,2025-12-26,47187,238758,124391,2026-01-10,15,12,2026-01-22,,ELIGIBLE
FDX20259534539,CUST888930,Carpenter PLC,Mid,2025-12-19,55103,188528,154460,2026-01-03,15,12,2026-01-15,,IN_GRACE
FDX20253832873,CUST223224,Stark Group,Mid,2025-12-26,4881,20853,13818,2026-01-10,15,12,2026-01-22,2026-01-20,RESOLVED_IN_GRACE
FDX20251458858,CUST197716,Shah and Sons,Mega,2025-12-01,1665,9020,5922,2026-01-05,35,30,2026-02-04,2026-01-16,RESOLVED_IN_GRACE
FDX20251666811,CUST605666,Washington-Wilson,Small,2025-12-27,41058,143342,98531,2026-01-06,10,7,2026-01-13,,ELIGIBLE
FDX20254273782,CUST791423,Clark-Johnson,Mid,2025-12-12,8011,28490,15329,2025-12-27,15,12,2026-01-08,,ELIGIBLE
FDX20251111821,CUST236659,Buchanan-Mann,Large,2025-12-02,46356,224843,196680,2025-12-27,25,20,2026-01-16,2026-01-05,RESOLVED_IN_GRACE
FDX20259193420,CUST732789,Morales-Santos,Mega,2025-12-01,32323,113954,111550,2026-01-05,35,30,2026-02-04,,ELIGIBLE
FDX20251432471,CUST665482,Cuevas-Hansen,Small,2025-12-27,14967,79089,35005,2026-01-06,10,7,2026-01-13,,ELIGIBLE
