customer_id,customer_name,business_segment,invoice_number,invoice_date,invoice_amount,credit_limit,credit_used,due_date,payment_date,amount_paid,payment_status
CUST411426,Henderson Corporation,Small,FDX2025898332,2025-12-13,5295,13319,6445,2025-12-28,,,Unpaid
CUST544526,Song Corporation,Mid,FDX2025424364,2025-12-10,25067,75686,25067,2025-12-30,2025-12-25,25067,Paid
CUST633360,Acosta Inc,Mid,FDX2025322403,2025-12-03,4620,59415,19844,2025-12-23,2025-12-16,4620,Paid
CUST492147,Herman Equipment,Large,FDX2025693661,2025-12-01,62611,309741,62611,2025-12-31,,,Unpaid
CUST770891,Martinez-Spencer Manufacturing,Large,FDX2025563843,2025-12-01,202948,720878,439370,2025-12-31,2025-12-26,202948,Paid
CUST871579,When International,Small,FDX2025139212,2025-12-08,3623,20649,3623,2025-12-23,,,Unpaid
CUST318419,Stone Pharmaceuticals,Mid,FDX2025613717,2025-12-02,56819,182108,56819,2025-12-22,2025-12-15,56819,Paid
CUST309422,"Faulkner, Wholesale",Small,FDX2025894806,2025-12-02,5746,43998,11227,2025-12-17,,,Unpaid
CUST521781,Look Manufacturing,Small,FDX2025984649,2025-12-14,3606,29918,6276,2025-12-29,2025-12-26,3606,Paid
CUST170499,Under Manufacturing,Small,FDX2025650012,2025-12-14,6605,40831,13534,2025-12-29,,,Unpaid
CUST978604,Leebury Medical,Small,FDX2025993132,2025-12-03,1649,35674,3714,2025-12-18,2025-12-13,1649,Paid
CUST206872,Dixon Healthcare,Mid,FDX2025340662,2025-12-11,6631,90961,6631,2025-12-31,2025-12-24,6631,Paid
CUST663721,Activity Manufacturing,Mega,FDX2025401368,2025-12-01,330991,2205499,1308711,2025-12-31,2025-12-31,330991,Paid
CUST684975,Foot Trading,Small,FDX2025578945,2025-12-02,7675,20515,11570,2025-12-17,,,Unpaid
CUST176461,Ferguson-Ortiz,Mid,FDX2025935733,2025-12-08,47377,247248,47377,2025-12-28,2025-12-25,47377,Paid
CUST843622,Young Logistics,Mid,FDX2025471745,2025-12-10,71457,229050,71457,2025-12-30,,,Unpaid
CUST840801,Snow Trading,Small,FDX2025656567,2025-12-11,2052,7429,2052,2025-12-26,2025-12-26,2052,Paid
CUST623115,Maryland Distribution,Large,FDX2025842845,2025-12-01,158980,729254,259473,2025-12-31,2025-12-26,158980,Paid
CUST869276,Cruztown Group,Large,FDX2025774100,2025-12-01,51250,311873,51250,2025-12-31,2025-12-24,51250,Paid
CUST867784,Program Healthcare,Mega,FDX2025406786,2025-12-01,254413,1241506,254413,2025-12-31,2025-12-26,254413,Paid
CUST501029,Cohen-Roberts,Small,FDX2025424551,2025-12-16,4559,18764,8398,2025-12-31,2025-12-24,4559,Paid
CUST591783,Hoffman Pharmaceuticals,Small,FDX2025262306,2025-12-02,795,7418,2551,2025-12-17,,,Unpaid
CUST815556,Buy Industries,Small,FDX2025245472,2025-12-03,4944,16499,12803,2025-12-18,,,Unpaid
CUST816529,"Banks, Oneal and Meyer",Mega,FDX2025575451,2025-12-01,474251,2789523,777578,2025-12-31,2025-12-24,474251,Paid
CUST251318,Austinville Systems,Small,FDX2025285409,2025-12-12,4619,14103,10191,2025-12-27,2025-12-26,4619,Paid
CUST868228,Lambert Enterprises,Mid,FDX2025854460,2025-12-02,27096,90547,27096,2025-12-22,2025-12-17,27096,Paid
CUST204211,"Salazar, Corporation",Mega,FDX2025602656,2025-12-01,54860,2204953,468958,2025-12-31,2025-12-24,54860,Paid
CUST751782,Carney-Stevens Holdings,Large,FDX2025272248,2025-12-01,78921,353917,78921,2025-12-31,2025-12-26,78921,Paid
CUST294084,Expert Holdings,Large,FDX2025262807,2025-12-01,82070,319504,205644,2025-12-31,,,Unpaid
CUST650794,Dixon-Miller Supply,Large,FDX2025404281,2025-12-01,65808,689872,65808,2025-12-31,2025-12-24,65808,Paid
CUST464362,Do Logistics,Mid,FDX2025657329,2025-12-10,36184,198211,89621,2025-12-30,2025-12-29,36184,Paid
CUST639818,Simon Healthcare,Large,FDX2025275361,2025-12-01,66446,345465,66446,2025-12-31,2025-12-28,66446,Paid
CUST145122,Rogers-Carter Trading,Small,FDX2025750480,2025-12-14,9603,47473,21990,2025-12-29,2025-12-26,9603,Paid
CUST274718,Douglas-Wagner Trading,Mid,FDX2025138691,2025-12-09,66449,215525,108477,2025-12-29,2025-12-24,66449,Paid
CUST510325,Hughes Logistics,Mid,FDX2025581264,2025-12-10,81400,240400,81400,2025-12-30,2025-12-25,81400,Paid
CUST134579,Biancaland Systems,Mid,FDX2025502717,2025-12-09,41735,141062,91018,2025-12-29,2025-12-28,41735,Paid
CUST228009,Also Distribution,Mid,FDX2025114471,2025-12-06,10323,139978,60470,2025-12-26,,,Unpaid
CUST398478,Answer Corporation,Small,FDX2025376555,2025-12-01,1504,7046,3210,2025-12-16,2025-12-11,1504,Paid
CUST284878,Castro-Booker Group,Mid,FDX2025570717,2025-12-06,17277,220925,17277,2025-12-26,2025-12-19,17277,Paid
CUST632759,Hammond-White Automotive,Large,FDX2025980681,2025-12-01,115946,572023,298934,2025-12-31,2025-12-28,115946,Paid
CUST789842,Management Pharmaceuticals,Mid,FDX2025741147,2025-12-11,39954,166402,102535,2025-12-31,2025-12-26,39954,Paid
CUST559577,Krause Enterprises,Large,FDX2025769723,2025-12-01,43248,435728,43248,2025-12-31,2025-12-30,43248,Paid
CUST852311,"Blevins, Callahan and Sims",Mid,FDX2025362431,2025-12-10,11350,115024,68164,2025-12-30,2025-12-27,11350,Paid
CUST603305,Political Automotive,Small,FDX2025110323,2025-12-03,941,47130,941,2025-12-18,2025-12-11,941,Paid
CUST607647,"Ortega, International",Mid,FDX2025923712,2025-12-06,19620,244157,70126,2025-12-26,,,Unpaid
CUST677774,Wood-Pearson,Small,FDX2025746960,2025-12-15,8226,21060,14036,2025-12-30,2025-12-25,8226,Paid
CUST583606,Rhode Island Supply,Large,FDX2025278072,2025-12-01,90031,717250,90031,2025-12-31,2025-12-28,90031,Paid
CUST375483,Garza-Alvarez Services,Small,FDX2025325583,2025-12-02,1794,10846,5530,2025-12-17,2025-12-10,1794,Paid
CUST809398,Sanchez Medical,Mega,FDX2025433807,2025-12-01,262959,1154949,674723,2025-12-31,2025-12-28,262959,Paid
CUST329272,Every Systems,Mid,FDX2025278902,2025-12-06,5786,124304,18887,2025-12-26,,,Unpaid
CUST706947,Bean Pharmaceuticals,Mid,FDX2025694308,2025-12-06,9276,217078,59217,2025-12-26,,,Unpaid
CUST773852,Best Enterprises,Small,FDX2025638345,2025-12-13,2938,32208,12552,2025-12-28,,,Unpaid
CUST744339,Those Medical,Small,FDX2025666491,2025-12-02,7371,31935,7371,2025-12-17,2025-12-17,7371,Paid
CUST575469,Benefit Solutions,Small,FDX2025136685,2025-12-10,5161,17448,9754,2025-12-25,2025-12-24,5161,Paid
CUST855118,Romero Technologies,Mid,FDX2025969699,2025-12-11,24377,152892,58308,2025-12-31,2025-12-26,24377,Paid
CUST360184,Parsons LLC,Small,FDX2025718147,2025-12-01,12631,36427,28684,2025-12-16,2025-12-09,12631,Paid
CUST397859,Weeks Industries,Small,FDX2025764199,2025-12-11,918,7252,1890,2025-12-26,,,Unpaid
CUST607164,"Flores, Medical",Mega,FDX2025551788,2025-12-01,486608,2075963,1415555,2025-12-31,2025-12-30,486608,Paid
CUST495903,Jordan-Davis,Mid,FDX2025355289,2025-12-01,47715,178962,111536,2025-12-21,2025-12-18,47715,Paid
CUST886378,Jimenez Logistics,Small,FDX2025313624,2025-12-13,7263,21334,14659,2025-12-28,2025-12-28,7263,Paid
CUST392454,Thomas-Sweeney,Small,FDX2025262976,2025-12-09,7042,29216,18374,2025-12-24,2025-12-17,7042,Paid
CUST411981,Owens-Terrell Group,Small,FDX2025153747,2025-12-14,12296,43635,15043,2025-12-29,,,Unpaid
CUST973654,Castilloberg Automotive,Large,FDX2025501322,2025-12-01,178771,742727,178771,2025-12-31,2025-12-26,178771,Paid
CUST736507,Begin International,Mid,FDX2025293809,2025-12-07,51794,182614,56212,2025-12-27,2025-12-26,51794,Paid
CUST701689,Head Corporation,Large,FDX2025655414,2025-12-01,114332,483537,323193,2025-12-31,2025-12-31,114332,Paid
CUST139968,Condition Distribution,Mega,FDX2025182901,2025-12-01,532174,2706463,1871227,2025-12-31,2025-12-31,532174,Paid
CUST936419,Gutierrez Manufacturing,Small,FDX2025469281,2025-12-06,5362,37143,12313,2025-12-21,2025-12-16,5362,Paid
CUST818594,Reyes-Charles Holdings,Large,FDX2025834053,2025-12-01,63754,414437,63754,2025-12-31,,,Unpaid
CUST353556,Sexton Materials,Small,FDX2025819734,2025-12-16,8523,37938,8523,2025-12-31,2025-12-28,8523,Paid
CUST512983,Idea Industries,Small,FDX2025551102,2025-12-15,12481,49866,23049,2025-12-30,,,Unpaid
CUST594693,Green-Tucker Distribution,Large,FDX2025150203,2025-12-01,119067,719419,302377,2025-12-31,,,Unpaid
CUST600019,Alexanderfurt Materials,Mid,FDX2025578245,2025-12-06,31545,108177,62744,2025-12-26,2025-12-21,31545,Paid
CUST376763,"Cooper, Underwood and Santos",Mega,FDX2025643288,2025-12-01,200812,1986164,200812,2025-12-31,2025-12-26,200812,Paid
CUST391770,Sosa International,Small,FDX2025516009,2025-12-14,4352,46995,27110,2025-12-29,,,Unpaid
CUST707351,"Morris, Company",Mid,FDX2025336950,2025-12-09,33862,126546,79986,2025-12-29,2025-12-28,33862,Paid
CUST382452,Them Wholesale,Small,FDX2025478779,2025-12-13,1961,18157,7536,2025-12-28,,,Unpaid
CUST106362,"Rush, Manufacturing",Mid,FDX2025795892,2025-12-11,14701,194464,52963,2025-12-31,,,Unpaid
CUST698905,Chang-Peterson Automotive,Mid,FDX2025304484,2025-12-02,64554,247962,158771,2025-12-22,2025-12-19,64554,Paid
CUST166278,Evans Supply,Mid,FDX2025120422,2025-12-08,27617,238942,49352,2025-12-28,2025-12-28,27617,Paid
CUST686205,Huge Technologies,Mid,FDX2025480120,2025-12-03,9150,145424,18730,2025-12-23,,,Unpaid
CUST160764,Miller-Spencer,Mid,FDX2025312559,2025-12-02,15634,88706,15634,2025-12-22,2025-12-17,15634,Paid
CUST968230,Money Holdings,Large,FDX2025544586,2025-12-01,49052,369579,180765,2025-12-31,2025-12-30,49052,Paid
CUST354724,"Ross, Espinoza and Mitchell",Mid,FDX2025194193,2025-12-05,34299,105397,46477,2025-12-25,2025-12-22,34299,Paid
CUST490558,Antonioland Automotive,Small,FDX2025630410,2025-12-07,5150,13583,5150,2025-12-22,,,Unpaid
CUST642427,Duran Trading,Mid,FDX2025898287,2025-12-06,10864,80515,17118,2025-12-26,,,Unpaid
CUST599665,Wilson-Farrell International,Small,FDX2025773591,2025-12-01,11071,27831,15725,2025-12-16,,,Unpaid
CUST388650,"Dean, Distribution",Small,FDX2025762164,2025-12-05,10997,37876,10997,2025-12-20,2025-12-15,10997,Paid
CUST471688,Masonbury International,Small,FDX2025437198,2025-12-08,526,18933,526,2025-12-23,2025-12-23,526,Paid
CUST816320,Campbell-Rivera,Mid,FDX2025431338,2025-12-06,12163,69476,25914,2025-12-26,2025-12-26,12163,Paid
CUST936427,"Chen, Group",Mid,FDX2025908849,2025-12-06,18490,73542,38754,2025-12-26,,,Unpaid
CUST482920,Gonzalez-Luna,Small,FDX2025499926,2025-12-03,7229,38155,9365,2025-12-18,2025-12-17,7229,Paid
CUST556179,Argue Logistics,Mid,FDX2025548813,2025-12-08,59484,220896,158249,2025-12-28,2025-12-21,59484,Paid
CUST170314,Mcneil-Payne,Small,FDX2025912572,2025-12-07,677,25844,677,2025-12-22,,,Unpaid
CUST971981,"Richmond, Dominguez and Wilson",Mid,FDX2025638677,2025-12-04,26362,125923,66291,2025-12-24,2025-12-23,26362,Paid
CUST126951,Annahaven Technologies,Small,FDX2025765101,2025-12-11,2198,6257,3608,2025-12-26,,,Unpaid
CUST926132,Ruiz-Davenport,Mid,FDX2025171786,2025-12-03,14909,217826,14909,2025-12-23,2025-12-22,14909,Paid
CUST453246,Pay Systems,Small,FDX2025519011,2025-12-07,1781,9467,2726,2025-12-22,,,Unpaid
CUST872998,Reynolds-Ward Healthcare,Mid,FDX2025575716,2025-12-10,20846,70151,37934,2025-12-30,,,Unpaid
CUST796500,From Electronics,Small,FDX2025235137,2025-12-03,988,31852,3038,2025-12-18,,,Unpaid
CUST224457,Short-Jones,Small,FDX2025485859,2025-12-14,1809,5945,3784,2025-12-29,2025-12-29,1809,Paid
CUST559472,Craig-Cobb,Small,FDX2025854068,2025-12-02,6641,22252,6641,2025-12-17,,,Unpaid
CUST309968,Branch-Ellis,Mid,FDX2025330759,2025-12-02,64131,195642,105992,2025-12-22,2025-12-21,64131,Paid
CUST876478,Georgia International,Small,FDX2025831619,2025-12-10,5660,22485,11555,2025-12-25,,,Unpaid
CUST696078,Thompson-Williams Automotive,Small,FDX2025587460,2025-12-01,13222,40941,28208,2025-12-16,,,Unpaid
CUST565096,Fernandez-Lewis Enterprises,Small,FDX2025686399,2025-12-04,2047,24551,4100,2025-12-19,2025-12-16,2047,Paid
CUST877532,Torres LLC,Small,FDX2025850085,2025-12-08,1532,30055,9900,2025-12-23,,,Unpaid
CUST230595,Have Systems,Mid,FDX2025131303,2025-12-05,34194,125737,81465,2025-12-25,2025-12-25,34194,Paid
CUST780925,So Services,Large,FDX2025258256,2025-12-01,148161,602891,148161,2025-12-31,2025-12-30,148161,Paid
CUST548522,Vaughn-Morris,Mid,FDX2025972351,2025-12-09,9418,123978,27275,2025-12-29,,,Unpaid
CUST708987,Bit Systems,Mid,FDX2025205350,2025-12-10,48731,156578,85633,2025-12-30,2025-12-25,48731,Paid
CUST906783,Mcgee Systems,Mid,FDX2025951847,2025-12-09,3533,177188,61760,2025-12-29,2025-12-22,3533,Paid
CUST392202,Different Partners,Small,FDX2025143416,2025-12-03,4263,16885,9364,2025-12-18,,,Unpaid
CUST840365,Special Technologies,Mid,FDX2025802224,2025-12-03,21508,86439,21508,2025-12-23,2025-12-23,21508,Paid
CUST711456,Early Company,Small,FDX2025273145,2025-12-02,6051,21398,6051,2025-12-17,2025-12-16,6051,Paid
CUST951531,True Equipment,Mega,FDX2025645662,2025-12-01,111755,2401541,111755,2025-12-31,,,Unpaid
CUST772747,Choice Electronics,Small,FDX2025176798,2025-12-12,5975,33523,21782,2025-12-27,2025-12-24,5975,Paid
CUST375130,Lee-Salas,Small,FDX2025307286,2025-12-03,6948,39281,6948,2025-12-18,,,Unpaid
CUST906276,Butler Trading,Mid,FDX2025222335,2025-12-02,40174,165838,88944,2025-12-22,2025-12-15,40174,Paid
CUST753698,Williams-Mathis,Mid,FDX2025597095,2025-12-11,10099,103076,10099,2025-12-31,2025-12-28,10099,Paid
CUST465808,Blake-Yang,Small,FDX2025925850,2025-12-13,7798,24715,16349,2025-12-28,,,Unpaid
CUST804445,Gaines-Rubio,Small,FDX2025592234,2025-12-06,4560,26721,15502,2025-12-21,2025-12-18,4560,Paid
CUST757879,Call Technologies,Small,FDX2025904057,2025-12-07,3448,26402,3448,2025-12-22,2025-12-22,3448,Paid
CUST544632,By Equipment,Mid,FDX2025934889,2025-12-03,32831,210172,54600,2025-12-23,2025-12-20,32831,Paid
CUST698518,Sullivan Logistics,Small,FDX2025146422,2025-12-13,5819,15760,5819,2025-12-28,2025-12-28,5819,Paid
CUST477097,Miller Holdings,Large,FDX2025700637,2025-12-01,25834,694040,25834,2025-12-31,2025-12-30,25834,Paid
CUST358723,Ball and Sons,Large,FDX2025112503,2025-12-01,91271,415103,91271,2025-12-31,2025-12-24,91271,Paid
CUST928863,Sing Company,Large,FDX2025982402,2025-12-01,56816,385162,56816,2025-12-31,,,Unpaid
CUST499058,Harmon-Lamb Systems,Small,FDX2025833271,2025-12-05,1644,10560,1644,2025-12-20,2025-12-17,1644,Paid
CUST540665,Carter-Gibson Medical,Small,FDX2025285508,2025-12-10,2448,18252,2448,2025-12-25,2025-12-18,2448,Paid
CUST372830,"Odonnell, Technologies",Small,FDX2025339592,2025-12-16,1426,28041,1426,2025-12-31,,,Unpaid
CUST269482,Sawyer Services,Mid,FDX2025124977,2025-12-06,63047,217797,63047,2025-12-26,2025-12-23,63047,Paid
CUST676609,"Phelps, Williamson and Mendez",Mid,FDX2025591271,2025-12-09,16457,144131,16457,2025-12-29,2025-12-22,16457,Paid
CUST797047,Fly Enterprises,Mega,FDX2025631318,2025-12-01,110633,1185413,469541,2025-12-31,2025-12-28,110633,Paid
CUST762291,Garza Partners,Small,FDX2025850595,2025-12-07,867,25365,2961,2025-12-22,,,Unpaid
CUST559876,Soldier Distribution,Mega,FDX2025349901,2025-12-01,189627,1800065,338227,2025-12-31,2025-12-31,189627,Paid
CUST363357,Wide Pharmaceuticals,Small,FDX2025203542,2025-12-16,1123,25398,1123,2025-12-31,2025-12-28,1123,Paid
CUST650441,Fast Trading,Small,FDX2025756250,2025-12-15,4354,17177,7751,2025-12-30,,,Unpaid
CUST909717,Southern Solutions,Large,FDX2025719223,2025-12-01,141917,608303,141917,2025-12-31,2025-12-30,141917,Paid
CUST457430,LKQ Corporation,Mid,FDX2025128922,2025-12-01,6948,57333,10978,2025-12-21,,,Unpaid
CUST164694,Moran Manufacturing,Small,FDX2025283974,2025-12-12,8464,41999,8464,2025-12-27,,,Unpaid
CUST377914,Degree Enterprises,Mid,FDX2025685757,2025-12-02,5955,114353,51535,2025-12-22,,,Unpaid
CUST920651,"Guerrero, Lee and Carter",Small,FDX2025778917,2025-12-16,13262,35215,16957,2025-12-31,,,Unpaid
CUST292837,Gamble-Shaw,Large,FDX2025108377,2025-12-01,14253,333769,125880,2025-12-31,2025-12-30,14253,Paid
CUST353893,Virginia Logistics,Mid,FDX2025609600,2025-12-03,55789,177774,63971,2025-12-23,,,Unpaid
CUST324956,Goal Materials,Mid,FDX2025144792,2025-12-04,14446,233108,14446,2025-12-24,2025-12-17,14446,Paid
CUST820804,Mullins International,Large,FDX2025696734,2025-12-01,14639,362825,160627,2025-12-31,2025-12-30,14639,Paid
CUST101963,Mills Healthcare,Large,FDX2025283569,2025-12-01,111612,704340,111612,2025-12-31,2025-12-24,111612,Paid
CUST718498,A Corporation,Small,FDX2025957831,2025-12-02,7334,20341,8601,2025-12-17,2025-12-12,7334,Paid
CUST586069,Valencia-Morrow,Mega,FDX2025428749,2025-12-01,289234,1495893,809815,2025-12-31,2025-12-26,289234,Paid
CUST997101,Tapia International,Small,FDX2025240775,2025-12-16,3499,23038,5547,2025-12-31,2025-12-26,3499,Paid
CUST157001,Illinois Equipment,Small,FDX2025412479,2025-12-08,4324,32563,16692,2025-12-23,2025-12-20,4324,Paid
CUST265492,Ballard Wholesale,Mega,FDX2025911720,2025-12-01,407350,2441648,407350,2025-12-31,2025-12-28,407350,Paid
CUST526954,Ross Group,Small,FDX2025558457,2025-12-10,13405,35093,20629,2025-12-25,2025-12-20,13405,Paid
CUST930189,Clarkchester Wholesale,Small,FDX2025997987,2025-12-16,3305,24356,13079,2025-12-31,,,Unpaid
CUST156174,Whitehead Wholesale,Small,FDX2025193272,2025-12-06,3287,26715,3287,2025-12-21,2025-12-21,3287,Paid
CUST304313,Avoid Trading,Mid,FDX2025605654,2025-12-06,17580,199406,17580,2025-12-26,2025-12-23,17580,Paid
CUST791138,Henry-Valdez Partners,Mid,FDX2025393637,2025-12-03,19380,128941,19380,2025-12-23,2025-12-16,19380,Paid
CUST812618,"Leonard, Electronics",Small,FDX2025389411,2025-12-16,3956,20005,9642,2025-12-31,2025-12-24,3956,Paid
CUST544194,Robles Manufacturing,Small,FDX2025318818,2025-12-16,7776,24303,7776,2025-12-31,2025-12-24,7776,Paid
CUST727055,Richards Systems,Small,FDX2025391899,2025-12-04,4123,34760,4123,2025-12-19,,,Unpaid
CUST398898,Doyle-Hayes Partners,Mid,FDX2025556388,2025-12-07,9144,89222,40581,2025-12-27,2025-12-24,9144,Paid
CUST560866,Ramosside Electronics,Small,FDX2025300204,2025-12-16,10645,46170,17083,2025-12-31,2025-12-24,10645,Paid
CUST733406,Jenkins Healthcare,Small,FDX2025273257,2025-12-10,2869,9000,5105,2025-12-25,,,Unpaid
CUST373210,Gibson Systems,Mid,FDX2025418463,2025-12-01,46376,236879,46376,2025-12-21,,,Unpaid
CUST727142,Richmond-Black Equipment,Mid,FDX2025998956,2025-12-11,19545,102014,40220,2025-12-31,2025-12-26,19545,Paid
CUST944620,Hicks-Berry Medical,Small,FDX2025365836,2025-12-14,816,9039,1785,2025-12-29,2025-12-24,816,Paid
CUST845206,US Foods Holdings,Small,FDX2025443110,2025-12-09,2377,7648,5080,2025-12-24,2025-12-19,2377,Paid
CUST946522,Jaimeberg Electronics,Small,FDX2025976387,2025-12-01,1500,36463,3940,2025-12-16,2025-12-11,1500,Paid
CUST457485,Taylor-Scott,Small,FDX2025477468,2025-12-05,5480,25218,15329,2025-12-20,2025-12-19,5480,Paid
CUST287345,Establish Medical,Small,FDX2025145564,2025-12-14,509,10661,835,2025-12-29,,,Unpaid
CUST674161,Minnesota Equipment,Small,FDX2025580808,2025-12-01,16115,49292,27715,2025-12-16,,,Unpaid
CUST350855,Ability Group,Large,FDX2025230218,2025-12-01,90669,513114,281049,2025-12-31,2025-12-31,90669,Paid
CUST604009,Kentucky Wholesale,Large,FDX2025394405,2025-12-01,73116,386405,210502,2025-12-31,2025-12-30,73116,Paid
CUST396999,Garrett-Dixon Automotive,Small,FDX2025816709,2025-12-16,9605,48339,10467,2025-12-31,2025-12-31,9605,Paid
CUST412214,Watts Logistics,Mid,FDX2025604313,2025-12-09,15551,99366,35777,2025-12-29,,,Unpaid
CUST387671,Gregory Group,Mega,FDX2025117550,2025-12-01,57011,1526839,57011,2025-12-31,2025-12-26,57011,Paid
CUST709806,Professor Systems,Small,FDX2025689380,2025-12-03,3904,13943,9420,2025-12-18,2025-12-13,3904,Paid
CUST546307,Certainly Group,Large,FDX2025620229,2025-12-01,203258,735092,203258,2025-12-31,2025-12-30,203258,Paid
CUST768353,Flowers-Williams Industries,Mega,FDX2025978956,2025-12-01,304248,1776595,953779,2025-12-31,2025-12-31,304248,Paid
CUST573591,Angelaton Healthcare,Mid,FDX2025851287,2025-12-08,30957,139901,83124,2025-12-28,,,Unpaid
CUST490550,"Jones, International",Small,FDX2025321205,2025-12-14,4650,46313,7551,2025-12-29,2025-12-26,4650,Paid
CUST812175,Build Distribution,Mid,FDX2025180357,2025-12-08,51967,150952,99753,2025-12-28,2025-12-23,51967,Paid
CUST126597,Rodriguez-Robinson Wholesale,Small,FDX2025341463,2025-12-06,6545,29200,15402,2025-12-21,,,Unpaid
CUST886250,Force Solutions,Large,FDX2025260708,2025-12-01,79149,462788,211591,2025-12-31,2025-12-28,79149,Paid
CUST346099,Montana Pharmaceuticals,Small,FDX2025941171,2025-12-16,972,34627,972,2025-12-31,2025-12-28,972,Paid
CUST797528,Lewischester Partners,Large,FDX2025782240,2025-12-01,14126,538033,110890,2025-12-31,,,Unpaid
CUST545209,Over Wholesale,Mid,FDX2025556989,2025-12-09,2988,98647,33145,2025-12-29,,,Unpaid
CUST116285,Levine Group,Small,FDX2025118811,2025-12-15,1418,6117,2354,2025-12-30,,,Unpaid
CUST813145,Chapman-Walker,Large,FDX2025172914,2025-12-01,21418,575722,21418,2025-12-31,,,Unpaid
CUST207750,Never Medical,Small,FDX2025543947,2025-12-08,13945,44385,23655,2025-12-23,,,Unpaid
CUST378576,Mosley-Figueroa Industries,Small,FDX2025640446,2025-12-12,754,32992,754,2025-12-27,,,Unpaid
CUST198188,"Cannon, Manufacturing",Mid,FDX2025470282,2025-12-08,12082,226761,12082,2025-12-28,,,Unpaid
CUST777145,Florida Automotive,Small,FDX2025950713,2025-12-12,13275,48757,22611,2025-12-27,,,Unpaid
CUST671472,"Contreras, Equipment",Large,FDX2025889644,2025-12-01,92907,344487,92907,2025-12-31,2025-12-30,92907,Paid
CUST836637,Thomas Systems,Large,FDX2025208865,2025-12-01,82952,351177,113344,2025-12-31,2025-12-30,82952,Paid
CUST309863,Griffin International,Mega,FDX2025134156,2025-12-01,252458,1282653,558148,2025-12-31,2025-12-30,252458,Paid
CUST440967,Sanders-Cortez,Small,FDX2025304854,2025-12-13,7472,27008,16039,2025-12-28,,,Unpaid
CUST965284,Minute Services,Mid,FDX2025442751,2025-12-10,9514,91363,26965,2025-12-30,,,Unpaid
CUST535338,Morris-Walker Pharmaceuticals,Small,FDX2025228208,2025-12-04,2846,20894,5045,2025-12-19,,,Unpaid
CUST649659,Blair Technologies,Mid,FDX2025325086,2025-12-05,17599,201916,76913,2025-12-25,,,Unpaid
CUST425733,Exist Supply,Small,FDX2025711189,2025-12-15,6456,32766,18220,2025-12-30,2025-12-30,6456,Paid
CUST649541,Kerr Company,Small,FDX2025656283,2025-12-13,2142,20772,2142,2025-12-28,2025-12-25,2142,Paid
CUST970688,Rosemouth Services,Large,FDX2025700444,2025-12-01,50190,593008,128777,2025-12-31,,,Unpaid
CUST906402,"Smith, Services",Small,FDX2025139364,2025-12-09,1729,39097,15082,2025-12-24,2025-12-24,1729,Paid
CUST311481,"Hoover, Gonzalez and Delgado",Mid,FDX2025518122,2025-12-05,2852,56829,2852,2025-12-25,,,Unpaid
CUST150548,Ward Services,Mid,FDX2025683888,2025-12-06,34317,236360,53630,2025-12-26,2025-12-21,34317,Paid
CUST588097,"Simmons, Systems",Mid,FDX2025109572,2025-12-09,8359,138697,22374,2025-12-29,2025-12-28,8359,Paid
CUST265029,Arizona Technologies,Mid,FDX2025275177,2025-12-10,7745,57050,14149,2025-12-30,,,Unpaid
CUST392332,"Gonzalez, Trevino and Travis",Small,FDX2025469215,2025-12-06,2381,18337,5504,2025-12-21,,,Unpaid
CUST779867,"Kirk, Partners",Large,FDX2025680509,2025-12-01,114589,610960,286733,2025-12-31,2025-12-24,114589,Paid
CUST871659,Ericamouth Distribution,Large,FDX2025188486,2025-12-01,223323,744494,410648,2025-12-31,,,Unpaid
CUST583952,"Cook, Materials",Small,FDX2025229752,2025-12-03,3705,11657,3705,2025-12-18,,,Unpaid
CUST403081,Franklin Healthcare,Small,FDX2025963891,2025-12-12,2781,30472,15777,2025-12-27,,,Unpaid
CUST345202,Arellano Services,Mid,FDX2025430700,2025-12-10,22993,181974,100728,2025-12-30,2025-12-29,22993,Paid
CUST561518,Bryan-Rich Supply,Mid,FDX2025676291,2025-12-09,11748,177010,65562,2025-12-29,2025-12-29,11748,Paid
CUST625753,Thompson Services,Mega,FDX2025613012,2025-12-01,188020,2009745,524589,2025-12-31,2025-12-28,188020,Paid
CUST910955,"Hill, David and Finley",Small,FDX2025564402,2025-12-02,886,22599,3904,2025-12-17,2025-12-16,886,Paid
CUST413995,Lowe Group,Large,FDX2025941372,2025-12-01,72797,515215,143680,2025-12-31,2025-12-26,72797,Paid
CUST533881,"Webb, Spence and Villarreal",Mid,FDX2025990810,2025-12-07,39823,246976,118029,2025-12-27,2025-12-24,39823,Paid
CUST221217,Cox Healthcare,Mid,FDX2025692423,2025-12-01,14980,108254,42752,2025-12-21,,,Unpaid
CUST939685,Thornton Medical,Small,FDX2025784390,2025-12-02,2487,32405,5755,2025-12-17,,,Unpaid
CUST807913,Hall Company,Mid,FDX2025444365,2025-12-04,55947,219874,94471,2025-12-24,2025-12-19,55947,Paid
CUST447609,"Griffin, Holdings",Small,FDX2025722956,2025-12-08,1538,45928,7217,2025-12-23,,,Unpaid
CUST236306,Jordan-Patterson Distribution,Small,FDX2025353564,2025-12-08,5911,20689,5911,2025-12-23,,,Unpaid
CUST159950,Goodman Automotive,Mid,FDX2025606438,2025-12-10,17292,142755,17292,2025-12-30,2025-12-29,17292,Paid
CUST850890,Perry Materials,Small,FDX2025281767,2025-12-05,1012,5363,2147,2025-12-20,2025-12-15,1012,Paid
CUST126128,Stark-Sullivan Manufacturing,Small,FDX2025587154,2025-12-11,7367,43527,28625,2025-12-26,2025-12-25,7367,Paid
CUST659767,Medline Industries,Mid,FDX2025247092,2025-12-11,39605,133294,91675,2025-12-31,,,Unpaid
CUST175376,Walls Medical,Mid,FDX2025505815,2025-12-10,11179,55764,11179,2025-12-30,,,Unpaid
CUST400766,Jasonland Healthcare,Small,FDX2025308405,2025-12-03,4735,35146,4735,2025-12-18,,,Unpaid
CUST852032,Texas Automotive,Small,FDX2025897319,2025-12-13,7203,35606,7203,2025-12-28,,,Unpaid
CUST828884,Michaelshire Trading,Large,FDX2025936841,2025-12-01,40057,586715,40057,2025-12-31,2025-12-24,40057,Paid
CUST889741,Pope LLC,Large,FDX2025252633,2025-12-01,80950,475062,80950,2025-12-31,2025-12-31,80950,Paid
CUST116561,"Orozco, Corporation",Mid,FDX2025183577,2025-12-02,51151,165805,86247,2025-12-22,2025-12-21,51151,Paid
CUST545593,Wood Solutions,Small,FDX2025281421,2025-12-10,2299,8043,3453,2025-12-25,2025-12-20,2299,Paid
CUST689383,Lopez Enterprises,Mid,FDX2025655409,2025-12-02,45669,140720,45669,2025-12-22,2025-12-19,45669,Paid
CUST559933,"Hanson, Systems",Small,FDX2025355668,2025-12-14,1287,9209,1287,2025-12-29,,,Unpaid
CUST460824,Weaver Pharmaceuticals,Small,FDX2025776213,2025-12-12,10964,29775,19362,2025-12-27,2025-12-24,10964,Paid
CUST143820,For Pharmaceuticals,Mid,FDX2025924021,2025-12-08,3996,53413,11484,2025-12-28,2025-12-27,3996,Paid
CUST809379,Allen Ltd,Small,FDX2025518371,2025-12-08,5313,30487,13150,2025-12-23,,,Unpaid
CUST581608,"Schroeder, Taylor and Williams",Mid,FDX2025539372,2025-12-10,70531,226186,148968,2025-12-30,2025-12-27,70531,Paid
CUST211961,"Rivera, Richmond and Baldwin",Small,FDX2025261905,2025-12-04,3870,37860,3870,2025-12-19,,,Unpaid
CUST150962,Lynch Materials,Small,FDX2025143495,2025-12-02,16091,42628,36735,2025-12-17,,,Unpaid
CUST144674,Stoneland Healthcare,Small,FDX2025902651,2025-12-08,6902,22394,14627,2025-12-23,2025-12-18,6902,Paid
CUST306501,Harvey Logistics,Mid,FDX2025105564,2025-12-04,23522,174538,23522,2025-12-24,2025-12-24,23522,Paid
CUST551777,Myers-May,Small,FDX2025288384,2025-12-13,11926,49303,26543,2025-12-28,2025-12-21,11926,Paid
CUST329409,"Porter, Distribution",Mid,FDX2025949661,2025-12-11,14991,142999,82901,2025-12-31,2025-12-28,14991,Paid
CUST673135,Wells Ltd,Mega,FDX2025281791,2025-12-01,231630,1139616,427338,2025-12-31,2025-12-26,231630,Paid
CUST725643,Ford-Chaney Manufacturing,Mid,FDX2025823293,2025-12-02,42222,221546,116327,2025-12-22,2025-12-19,42222,Paid
CUST668737,Cruz-Medina Distribution,Mid,FDX2025371763,2025-12-02,66750,209761,66750,2025-12-22,2025-12-21,66750,Paid
CUST299734,"Walker, Martin and Fields",Small,FDX2025690770,2025-12-14,1866,14095,7385,2025-12-29,2025-12-26,1866,Paid
CUST810553,"Howell, Oliver and Costa",Mega,FDX2025891165,2025-12-01,57073,1246357,462087,2025-12-31,2025-12-31,57073,Paid
CUST955422,Couple Equipment,Mid,FDX2025712787,2025-12-01,60585,205669,60585,2025-12-21,2025-12-14,60585,Paid
CUST327812,Long Logistics,Mid,FDX2025845638,2025-12-10,4327,194988,4327,2025-12-30,,,Unpaid
CUST796420,Indicate Distribution,Small,FDX2025890282,2025-12-15,19802,49888,19802,2025-12-30,,,Unpaid
CUST538358,Harrell-Scott,Small,FDX2025299618,2025-12-15,4884,21426,13176,2025-12-30,2025-12-27,4884,Paid
CUST479351,King-Wright,Small,FDX2025135979,2025-12-08,1999,15826,1999,2025-12-23,2025-12-18,1999,Paid
CUST388742,"Cole, Corporation",Small,FDX2025157400,2025-12-13,11353,48587,12099,2025-12-28,2025-12-23,11353,Paid
CUST803399,Brown-Schwartz Medical,Small,FDX2025580711,2025-12-01,11968,47262,11968,2025-12-16,2025-12-16,11968,Paid
CUST785070,Matthewmouth Materials,Small,FDX2025275760,2025-12-06,10182,31000,10182,2025-12-21,,,Unpaid
CUST833700,Gross International,Mid,FDX2025684888,2025-12-04,26531,191720,26531,2025-12-24,2025-12-24,26531,Paid
CUST594050,"Scott, Logistics",Small,FDX2025169214,2025-12-02,4524,30586,5565,2025-12-17,2025-12-17,4524,Paid
CUST868566,Hodges Industries,Large,FDX2025203082,2025-12-01,53156,315798,53156,2025-12-31,2025-12-30,53156,Paid
CUST838393,Webb Solutions,Mid,FDX2025558652,2025-12-01,5541,136097,5541,2025-12-21,,,Unpaid
CUST216912,Ask Technologies,Mid,FDX2025490813,2025-12-10,15283,75069,20608,2025-12-30,2025-12-27,15283,Paid
CUST759767,Nature Company,Mid,FDX2025385159,2025-12-10,11436,129546,47788,2025-12-30,2025-12-25,11436,Paid
CUST332813,Jackson Technologies,Small,FDX2025286718,2025-12-12,2265,10861,2265,2025-12-27,2025-12-22,2265,Paid
CUST730710,Stuff Equipment,Mid,FDX2025853563,2025-12-07,83512,247673,83512,2025-12-27,,,Unpaid
CUST207708,Port Kristy Holdings,Mid,FDX2025352051,2025-12-04,13754,77495,24265,2025-12-24,2025-12-23,13754,Paid
CUST743916,"Jimenez, James and Thomas",Small,FDX2025110941,2025-12-14,13623,41345,27866,2025-12-29,2025-12-28,13623,Paid
CUST855402,South Javier Wholesale,Small,FDX2025943133,2025-12-16,1795,36634,12499,2025-12-31,2025-12-31,1795,Paid
CUST147722,Matthews-Summers,Mega,FDX2025494119,2025-12-01,62377,2359030,108238,2025-12-31,2025-12-26,62377,Paid
CUST210106,Stantonville Logistics,Mega,FDX2025943779,2025-12-01,661922,2796482,1254424,2025-12-31,2025-12-30,661922,Paid
CUST358372,Lot Technologies,Mid,FDX2025881370,2025-12-06,4412,91525,8702,2025-12-26,2025-12-23,4412,Paid
CUST120503,Relationship Logistics,Small,FDX2025989000,2025-12-06,4444,36487,7048,2025-12-21,,,Unpaid
CUST621702,Maine Equipment,Small,FDX2025406602,2025-12-14,1270,9310,1270,2025-12-29,2025-12-22,1270,Paid
CUST629341,Phillips Pharmaceuticals,Small,FDX2025767740,2025-12-03,3080,19936,12511,2025-12-18,2025-12-18,3080,Paid
CUST167132,Huerta-Jordan Technologies,Mid,FDX2025695909,2025-12-07,14241,245422,14241,2025-12-27,,,Unpaid
CUST330471,Clarke Group,Mid,FDX2025533829,2025-12-10,24327,91446,24327,2025-12-30,,,Unpaid
CUST322444,Mention Trading,Small,FDX2025429467,2025-12-05,2612,35963,20322,2025-12-20,,,Unpaid
CUST335541,Navarro Pharmaceuticals,Small,FDX2025335204,2025-12-15,758,5510,2318,2025-12-30,,,Unpaid
CUST731121,Ashleyburgh Systems,Mid,FDX2025622835,2025-12-07,35794,182928,35794,2025-12-27,,,Unpaid
CUST348765,Shaw Services,Large,FDX2025252862,2025-12-01,105817,474703,105817,2025-12-31,2025-12-24,105817,Paid
CUST100581,"Moore, Group",Mid,FDX2025122685,2025-12-01,52364,173667,52364,2025-12-21,,,Unpaid
CUST586902,Small Industries,Small,FDX2025396104,2025-12-07,8682,33675,21229,2025-12-22,,,Unpaid
CUST649076,Discussion Medical,Mid,FDX2025645837,2025-12-11,30249,95810,30249,2025-12-31,2025-12-28,30249,Paid
CUST180630,Fuller-Thompson,Mega,FDX2025540015,2025-12-01,698476,2994877,1630017,2025-12-31,2025-12-28,698476,Paid
CUST263385,"Boyd, Tran and Bradford",Small,FDX2025556200,2025-12-02,1443,20554,5380,2025-12-17,2025-12-10,1443,Paid
CUST686139,King Partners,Small,FDX2025149965,2025-12-11,2057,15257,2057,2025-12-26,2025-12-21,2057,Paid
CUST804774,Successful Manufacturing,Small,FDX2025644920,2025-12-12,6516,45086,17398,2025-12-27,2025-12-20,6516,Paid
CUST492535,Strickland Healthcare,Small,FDX2025626198,2025-12-11,3629,14808,8113,2025-12-26,2025-12-19,3629,Paid
CUST400458,Your Enterprises,Small,FDX2025524827,2025-12-07,2865,27000,6033,2025-12-22,2025-12-22,2865,Paid
CUST852315,Final Medical,Large,FDX2025754467,2025-12-01,54924,555791,54924,2025-12-31,,,Unpaid
CUST611271,Andrewsfurt Company,Mid,FDX2025549356,2025-12-09,3760,50022,8911,2025-12-29,,,Unpaid
CUST271225,Williamsland Electronics,Large,FDX2025597452,2025-12-01,45283,307559,163591,2025-12-31,2025-12-30,45283,Paid
CUST879611,"Casey, Howard and Sweeney",Small,FDX2025230325,2025-12-11,13222,44940,13222,2025-12-26,,,Unpaid
CUST328812,Green Materials,Small,FDX2025251547,2025-12-13,9638,40793,20456,2025-12-28,2025-12-28,9638,Paid
CUST867928,Alexischester Solutions,Small,FDX2025544004,2025-12-04,5189,18197,5189,2025-12-19,2025-12-16,5189,Paid
CUST781878,Mathis Corporation,Small,FDX2025359192,2025-12-06,3580,14838,7959,2025-12-21,2025-12-14,3580,Paid
CUST413426,Page Industries,Mid,FDX2025673859,2025-12-01,61381,185897,61381,2025-12-21,,,Unpaid
CUST593915,"Preston, Trading",Small,FDX2025995989,2025-12-12,7085,39752,11191,2025-12-27,2025-12-22,7085,Paid
CUST119302,Huang-Brown Industries,Mid,FDX2025143501,2025-12-07,26249,108458,26249,2025-12-27,,,Unpaid
CUST194603,Mueller Logistics,Mid,FDX2025712879,2025-12-01,8614,125697,8614,2025-12-21,2025-12-14,8614,Paid
CUST852272,Hot Services,Small,FDX2025905594,2025-12-03,1290,29146,14370,2025-12-18,2025-12-17,1290,Paid
CUST583260,Valenzuela Industries,Large,FDX2025290246,2025-12-01,58456,281648,120729,2025-12-31,2025-12-28,58456,Paid
CUST521363,School Industries,Small,FDX2025610017,2025-12-05,3890,12138,8216,2025-12-20,2025-12-20,3890,Paid
CUST407307,Matthewberg Logistics,Small,FDX2025568135,2025-12-01,1937,17216,3165,2025-12-16,2025-12-11,1937,Paid
CUST923924,Mclaughlin Group,Small,FDX2025435499,2025-12-08,5342,29735,13113,2025-12-23,2025-12-20,5342,Paid
CUST376542,Anyone Trading,Mid,FDX2025651133,2025-12-03,8790,205298,99950,2025-12-23,2025-12-23,8790,Paid
CUST643148,Public Corporation,Small,FDX2025592672,2025-12-04,2294,34105,4667,2025-12-19,2025-12-18,2294,Paid
CUST143246,McKesson Medical Supply,Small,FDX2025526811,2025-12-15,5975,22732,14872,2025-12-30,,,Unpaid
CUST698655,Stevenson Trading,Small,FDX2025547710,2025-12-10,2647,17355,2647,2025-12-25,,,Unpaid
CUST305090,Smith-Baldwin Systems,Mid,FDX2025356367,2025-12-02,53211,169790,60814,2025-12-22,2025-12-21,53211,Paid
CUST254051,Him Distribution,Small,FDX2025872964,2025-12-03,11376,28872,11376,2025-12-18,2025-12-11,11376,Paid
CUST138723,"Lee, International",Large,FDX2025833140,2025-12-01,139328,690055,247128,2025-12-31,2025-12-24,139328,Paid
CUST845955,Macias Wholesale,Mid,FDX2025854766,2025-12-01,58348,200079,58348,2025-12-21,,,Unpaid
CUST214699,Charles Medical,Small,FDX2025686447,2025-12-13,2803,30273,10778,2025-12-28,2025-12-23,2803,Paid
CUST680907,Gonzalez Automotive,Mid,FDX2025393684,2025-12-03,37003,134111,58894,2025-12-23,2025-12-23,37003,Paid
CUST139323,The Solutions,Small,FDX2025714955,2025-12-06,1316,6858,1316,2025-12-21,,,Unpaid
CUST539978,Perez and Sons,Small,FDX2025886106,2025-12-05,2554,10400,4369,2025-12-20,2025-12-20,2554,Paid
CUST736967,Greene-Cooper,Small,FDX2025619019,2025-12-02,9779,44229,29471,2025-12-17,2025-12-16,9779,Paid
CUST301935,Dunn Manufacturing,Large,FDX2025556429,2025-12-01,136507,475901,330051,2025-12-31,2025-12-28,136507,Paid
CUST375934,Crawford PLC,Small,FDX2025947301,2025-12-01,2950,8246,4545,2025-12-16,,,Unpaid
CUST223268,Some Holdings,Small,FDX2025255350,2025-12-16,2076,10218,2076,2025-12-31,2025-12-30,2076,Paid
CUST855235,"Green, Supply",Mid,FDX2025693704,2025-12-03,14649,162535,65198,2025-12-23,,,Unpaid
CUST935233,Castro Technologies,Small,FDX2025153756,2025-12-12,7171,48249,20297,2025-12-27,2025-12-27,7171,Paid
CUST323225,Vega Company,Small,FDX2025258792,2025-12-16,10520,49885,10520,2025-12-31,,,Unpaid
CUST205602,Ritter-Fisher,Small,FDX2025516104,2025-12-06,802,7478,802,2025-12-21,,,Unpaid
CUST978944,Boyle and Sons,Small,FDX2025936088,2025-12-12,5871,17806,6357,2025-12-27,,,Unpaid
CUST486236,Marsh-Murray Logistics,Small,FDX2025438494,2025-12-08,3661,21236,3661,2025-12-23,,,Unpaid
CUST462200,Ashleychester Equipment,Small,FDX2025751299,2025-12-04,3077,29383,12630,2025-12-19,,,Unpaid
CUST147090,Katrinamouth Enterprises,Small,FDX2025400229,2025-12-15,2033,25421,8277,2025-12-30,2025-12-30,2033,Paid
CUST592624,"Bailey, Butler and Warren",Mid,FDX2025267998,2025-12-03,29884,246613,140262,2025-12-23,,,Unpaid
CUST162415,Newman Industries,Small,FDX2025387410,2025-12-13,8751,24812,14000,2025-12-28,2025-12-27,8751,Paid
CUST123154,Barry Pharmaceuticals,Small,FDX2025790586,2025-12-14,3257,26176,14707,2025-12-29,2025-12-22,3257,Paid
CUST949055,Rather Holdings,Small,FDX2025324682,2025-12-07,4145,18365,4145,2025-12-22,,,Unpaid
CUST342663,Harding PLC,Small,FDX2025278703,2025-12-16,6355,39002,6355,2025-12-31,2025-12-24,6355,Paid
CUST646170,Carterburgh Technologies,Small,FDX2025524970,2025-12-04,7027,36514,17946,2025-12-19,2025-12-14,7027,Paid
CUST581666,Chavez Technologies,Small,FDX2025567228,2025-12-02,8805,27381,8805,2025-12-17,2025-12-10,8805,Paid
CUST184851,Josephland Supply,Mid,FDX2025394746,2025-12-06,57122,202877,83162,2025-12-26,2025-12-26,57122,Paid
CUST882278,"Sampson, Technologies",Mid,FDX2025714270,2025-12-03,8760,208407,67077,2025-12-23,2025-12-22,8760,Paid
CUST317447,Whitefort Enterprises,Mid,FDX2025483259,2025-12-11,16619,61006,36422,2025-12-31,2025-12-30,16619,Paid
CUST856194,Alanfurt Solutions,Small,FDX2025826932,2025-12-16,550,30256,6121,2025-12-31,,,Unpaid
CUST113842,Little Ltd,Mega,FDX2025334892,2025-12-01,58498,2611325,992463,2025-12-31,,,Unpaid
CUST902608,Joshuaview Company,Small,FDX2025949354,2025-12-09,2236,42364,2908,2025-12-24,2025-12-23,2236,Paid
CUST562793,Amandaview Pharmaceuticals,Small,FDX2025747553,2025-12-16,13249,46769,13249,2025-12-31,,,Unpaid
CUST724082,Seat Company,Small,FDX2025132889,2025-12-13,9603,45360,27085,2025-12-28,,,Unpaid
CUST316085,Miller-Warren Materials,Mega,FDX2025561256,2025-12-01,209085,1224354,209085,2025-12-31,,,Unpaid
CUST617980,"Washington, Burnett and Weeks",Small,FDX2025337238,2025-12-16,19319,49542,26541,2025-12-31,2025-12-31,19319,Paid
CUST685229,Common Healthcare,Large,FDX2025607866,2025-12-01,32106,250547,127384,2025-12-31,,,Unpaid
CUST961511,Trade Logistics,Mid,FDX2025224136,2025-12-07,68244,217673,106816,2025-12-27,2025-12-24,68244,Paid
CUST923245,Rogersstad Electronics,Small,FDX2025423609,2025-12-02,2473,37252,3914,2025-12-17,2025-12-10,2473,Paid
CUST196174,Policy Automotive,Small,FDX2025897116,2025-12-05,8480,44516,8480,2025-12-20,,,Unpaid
CUST952423,Hines Services,Small,FDX2025403576,2025-12-11,3925,49685,20795,2025-12-26,2025-12-21,3925,Paid
CUST637293,Practice Distribution,Mid,FDX2025175474,2025-12-06,22119,137037,27186,2025-12-26,2025-12-21,22119,Paid
CUST164147,Hernandez Company,Small,FDX2025606769,2025-12-01,2291,7972,5228,2025-12-16,2025-12-11,2291,Paid
CUST154525,Still Partners,Small,FDX2025924095,2025-12-12,5185,42939,9757,2025-12-27,2025-12-24,5185,Paid
CUST550395,Martinez-Morales Corporation,Mid,FDX2025506529,2025-12-03,6131,207968,88815,2025-12-23,2025-12-18,6131,Paid
CUST136751,Watson-Adams,Mid,FDX2025793044,2025-12-01,49768,225982,113730,2025-12-21,,,Unpaid
CUST763878,Hudson-Clark Trading,Small,FDX2025342607,2025-12-01,4742,26880,4742,2025-12-16,,,Unpaid
CUST946460,Dyer and Sons,Large,FDX2025180425,2025-12-01,166087,635926,272824,2025-12-31,,,Unpaid
CUST536987,Hall-Perry Solutions,Large,FDX2025247762,2025-12-01,85493,302136,151230,2025-12-31,,,Unpaid
CUST888649,Jones-Adams Holdings,Small,FDX2025129941,2025-12-03,2936,12266,2936,2025-12-18,2025-12-11,2936,Paid
CUST522913,Half Holdings,Small,FDX2025436817,2025-12-12,5127,25928,5127,2025-12-27,2025-12-22,5127,Paid
CUST676367,Robinson-Lucas,Small,FDX2025186381,2025-12-12,3799,10817,7278,2025-12-27,,,Unpaid
CUST962301,Necessary Manufacturing,Mega,FDX2025233599,2025-12-01,307326,1267872,536581,2025-12-31,2025-12-26,307326,Paid
CUST172343,Burch LLC,Mid,FDX2025617123,2025-12-11,39927,213453,50856,2025-12-31,2025-12-31,39927,Paid
CUST129483,Nichols Solutions,Small,FDX2025736793,2025-12-05,1356,32196,1356,2025-12-20,2025-12-19,1356,Paid
CUST962479,Newman-Curtis Logistics,Small,FDX2025608500,2025-12-02,14951,44857,30566,2025-12-17,,,Unpaid
CUST986805,"Martin, Wiggins and Thomas",Mid,FDX2025850152,2025-12-03,30584,95640,54279,2025-12-23,2025-12-20,30584,Paid
CUST375608,Door Wholesale,Mid,FDX2025165423,2025-12-11,7546,136971,47447,2025-12-31,2025-12-26,7546,Paid
CUST374110,Television Medical,Small,FDX2025877775,2025-12-05,956,5666,956,2025-12-20,,,Unpaid
CUST403248,Doyletown Manufacturing,Small,FDX2025258182,2025-12-09,6115,46356,24691,2025-12-24,2025-12-19,6115,Paid
CUST578401,Dunlap Inc,Small,FDX2025535319,2025-12-08,684,40422,1231,2025-12-23,2025-12-22,684,Paid
CUST596751,King-Brown Manufacturing,Mid,FDX2025940662,2025-12-10,33153,213502,95395,2025-12-30,2025-12-23,33153,Paid
CUST164972,Parkerfort Medical,Mid,FDX2025865835,2025-12-05,40114,243219,40114,2025-12-25,2025-12-24,40114,Paid
CUST486078,Ford Wholesale,Small,FDX2025329365,2025-12-03,4739,47088,22579,2025-12-18,2025-12-15,4739,Paid
CUST157807,Rodriguezborough Solutions,Small,FDX2025824478,2025-12-01,1790,5531,1790,2025-12-16,,,Unpaid
CUST247048,Rivers Materials,Small,FDX2025496803,2025-12-05,1604,24465,8532,2025-12-20,,,Unpaid
CUST425358,Aliciabury Pharmaceuticals,Small,FDX2025596869,2025-12-03,2446,25111,9508,2025-12-18,2025-12-11,2446,Paid
CUST931542,"Harris, Supply",Small,FDX2025838072,2025-12-06,1476,6393,1476,2025-12-21,,,Unpaid
CUST985878,Santos LLC,Small,FDX2025722920,2025-12-11,2724,6896,5478,2025-12-26,,,Unpaid
CUST615269,Watson Wholesale,Small,FDX2025284734,2025-12-02,1272,11345,1272,2025-12-17,2025-12-10,1272,Paid
CUST824039,Jones-Montoya,Small,FDX2025905881,2025-12-03,3238,19717,3238,2025-12-18,2025-12-15,3238,Paid
CUST282251,"Ho, Jordan and Wilkerson",Small,FDX2025506843,2025-12-14,4527,17586,9098,2025-12-29,,,Unpaid
CUST612845,Culture Distribution,Mid,FDX2025943199,2025-12-01,3526,90361,19749,2025-12-21,2025-12-16,3526,Paid
CUST583541,Myers Trading,Mid,FDX2025902469,2025-12-07,13002,98060,53601,2025-12-27,,,Unpaid
CUST946504,Shaneside Company,Large,FDX2025259813,2025-12-01,148065,529485,148065,2025-12-31,2025-12-28,148065,Paid
CUST741354,Pennsylvania Automotive,Mid,FDX2025969658,2025-12-05,43289,143819,73982,2025-12-25,2025-12-24,43289,Paid
CUST540761,"Dixon, Services",Small,FDX2025930848,2025-12-04,12671,38590,22732,2025-12-19,,,Unpaid
CUST250218,"Bullock, Healthcare",Large,FDX2025997191,2025-12-01,54131,458378,127153,2025-12-31,,,Unpaid
CUST546033,"Wood, International",Large,FDX2025524966,2025-12-01,152596,564365,361459,2025-12-31,2025-12-28,152596,Paid
CUST339106,Maryville Materials,Mid,FDX2025465179,2025-12-09,56027,176740,77675,2025-12-29,2025-12-29,56027,Paid
CUST300662,Harrisonmouth Supply,Small,FDX2025911529,2025-12-06,8127,49926,8127,2025-12-21,,,Unpaid
CUST303616,Petty Pharmaceuticals,Small,FDX2025795860,2025-12-04,13216,44838,22118,2025-12-19,,,Unpaid
CUST315239,Traditional Electronics,Mid,FDX2025189283,2025-12-01,2253,130966,2253,2025-12-21,2025-12-18,2253,Paid
CUST600797,Fisher-Santiago Holdings,Small,FDX2025100589,2025-12-10,772,23694,772,2025-12-25,2025-12-24,772,Paid
CUST549634,"Hernandez, Solutions",Small,FDX2025311902,2025-12-15,9642,48415,20924,2025-12-30,2025-12-27,9642,Paid
CUST236876,Pham LLC,Mid,FDX2025605813,2025-12-06,39968,132913,39968,2025-12-26,2025-12-19,39968,Paid
CUST372084,Guerrerofurt Pharmaceuticals,Small,FDX2025795965,2025-12-14,712,10513,712,2025-12-29,2025-12-26,712,Paid
CUST454554,Smith Partners,Small,FDX2025990527,2025-12-03,13119,32903,19703,2025-12-18,,,Unpaid
CUST295885,Lowe-Harvey,Large,FDX2025103148,2025-12-01,88165,321598,156555,2025-12-31,2025-12-28,88165,Paid
CUST975602,"Chapman, Enterprises",Large,FDX2025528877,2025-12-01,137416,500775,329226,2025-12-31,,,Unpaid
CUST428747,Kim Manufacturing,Mid,FDX2025561142,2025-12-11,35909,122948,35909,2025-12-31,2025-12-30,35909,Paid
CUST658354,"Horne, Corporation",Small,FDX2025464768,2025-12-03,14730,46418,27436,2025-12-18,,,Unpaid
CUST430153,Utah Trading,Small,FDX2025747685,2025-12-08,7038,40336,7038,2025-12-23,2025-12-16,7038,Paid
CUST850101,Perez-Marshall Industries,Small,FDX2025251279,2025-12-05,7052,38116,10888,2025-12-20,2025-12-15,7052,Paid
CUST387159,Everett Wholesale,Large,FDX2025126257,2025-12-01,19293,310811,19293,2025-12-31,2025-12-26,19293,Paid
CUST158528,"Cline, Holdings",Mid,FDX2025160159,2025-12-04,72826,246720,72826,2025-12-24,,,Unpaid
CUST202056,"Serrano, Ellis and Evans",Mega,FDX2025550633,2025-12-01,326186,2916795,415268,2025-12-31,2025-12-30,326186,Paid
CUST812911,Brown Holdings,Large,FDX2025171281,2025-12-01,25171,674034,235943,2025-12-31,2025-12-30,25171,Paid
CUST417752,"Perkins, Healthcare",Mid,FDX2025859852,2025-12-01,39837,151107,70236,2025-12-21,,,Unpaid
CUST550876,Candidate Solutions,Mid,FDX2025539368,2025-12-03,9011,247479,9011,2025-12-23,,,Unpaid
CUST214950,Holland Pharmaceuticals,Mega,FDX2025425793,2025-12-01,182721,1849231,854107,2025-12-31,2025-12-30,182721,Paid
CUST961149,As Company,Mid,FDX2025872844,2025-12-01,23885,136419,51405,2025-12-21,2025-12-20,23885,Paid
CUST494567,Simpson Pharmaceuticals,Mid,FDX2025535776,2025-12-01,22534,166772,22534,2025-12-21,2025-12-20,22534,Paid
CUST405578,Ramirez-Petty Company,Mega,FDX2025186441,2025-12-01,288886,1340542,538953,2025-12-31,2025-12-30,288886,Paid
CUST828944,I Solutions,Mid,FDX2025541776,2025-12-07,25043,186055,82460,2025-12-27,2025-12-27,25043,Paid
CUST488340,Bernard Logistics,Large,FDX2025816015,2025-12-01,68507,686896,205664,2025-12-31,2025-12-24,68507,Paid
CUST248863,Sanders-Weeks Systems,Small,FDX2025758483,2025-12-06,3996,13241,8557,2025-12-21,2025-12-21,3996,Paid
CUST855052,Harris-Rowe Manufacturing,Large,FDX2025401694,2025-12-01,42720,666739,111971,2025-12-31,2025-12-28,42720,Paid
CUST249634,Wattsland Trading,Small,FDX2025637790,2025-12-06,1397,10936,1397,2025-12-21,2025-12-16,1397,Paid
CUST847857,Novak-Jones,Mid,FDX2025630560,2025-12-05,20256,77983,51102,2025-12-25,,,Unpaid
CUST117955,Bailey Group,Small,FDX2025952384,2025-12-12,6086,21088,9635,2025-12-27,2025-12-24,6086,Paid
CUST985081,Owens-Green,Mid,FDX2025521386,2025-12-09,51860,165026,121718,2025-12-29,,,Unpaid
CUST645454,"Baker, Automotive",Mid,FDX2025479648,2025-12-03,15793,171740,15793,2025-12-23,2025-12-22,15793,Paid
CUST775749,Willis Industries,Mid,FDX2025963178,2025-12-07,71923,227397,116970,2025-12-27,2025-12-20,71923,Paid
CUST608517,"Lewis, Trading",Small,FDX2025527750,2025-12-06,1745,9169,5218,2025-12-21,2025-12-14,1745,Paid
CUST989147,Garrett Distribution,Mid,FDX2025480424,2025-12-11,7465,218696,54532,2025-12-31,2025-12-30,7465,Paid
CUST707775,Melendezview Electronics,Mid,FDX2025338327,2025-12-08,59851,249291,59851,2025-12-28,2025-12-28,59851,Paid
CUST167266,Kelley-Hernandez,Small,FDX2025315111,2025-12-12,4717,15844,8395,2025-12-27,2025-12-26,4717,Paid
CUST976250,Cooper Pharmaceuticals,Small,FDX2025341777,2025-12-15,1938,38272,1938,2025-12-30,2025-12-23,1938,Paid
CUST515920,Wilsonstad Technologies,Mid,FDX2025301846,2025-12-04,16914,209665,16914,2025-12-24,,,Unpaid
CUST727840,Face Solutions,Small,FDX2025225926,2025-12-13,9924,47644,16679,2025-12-28,2025-12-21,9924,Paid
CUST190452,Organization Company,Small,FDX2025344585,2025-12-04,4441,24699,14153,2025-12-19,,,Unpaid
CUST107940,Jonview Services,Mid,FDX2025208458,2025-12-10,39164,130757,85892,2025-12-30,,,Unpaid
CUST577027,Taylor PLC,Mid,FDX2025142628,2025-12-07,6300,55574,12588,2025-12-27,2025-12-22,6300,Paid
CUST669245,Hunterburgh International,Small,FDX2025600294,2025-12-10,13544,45136,28449,2025-12-25,2025-12-18,13544,Paid
CUST362510,"Davis, Smith and Reeves",Small,FDX2025493928,2025-12-12,11146,42881,11146,2025-12-27,2025-12-24,11146,Paid
CUST352930,Carterview Technologies,Mid,FDX2025373394,2025-12-09,12166,87362,30811,2025-12-29,2025-12-26,12166,Paid
CUST602594,Duncan-Romero Wholesale,Small,FDX2025909974,2025-12-07,3391,46633,9797,2025-12-22,2025-12-22,3391,Paid
CUST992009,Freeman Trading,Small,FDX2025326819,2025-12-01,6019,22430,14189,2025-12-16,,,Unpaid
CUST577232,Lawyer Automotive,Small,FDX2025346812,2025-12-12,2604,8594,5823,2025-12-27,2025-12-27,2604,Paid
CUST865832,"Brown, International",Large,FDX2025983892,2025-12-01,92419,356814,146910,2025-12-31,2025-12-24,92419,Paid
CUST168462,Clark PLC,Mid,FDX2025704263,2025-12-09,7126,102746,16016,2025-12-29,,,Unpaid
CUST684850,David Holdings,Mid,FDX2025504739,2025-12-11,29519,242357,29519,2025-12-31,2025-12-24,29519,Paid
CUST825308,Plant International,Small,FDX2025192605,2025-12-03,3080,20797,5803,2025-12-18,2025-12-18,3080,Paid
CUST276759,Martinez-Morgan,Large,FDX2025382615,2025-12-01,24547,546817,29792,2025-12-31,2025-12-26,24547,Paid
CUST825069,Bailey-Calhoun,Large,FDX2025441489,2025-12-01,27645,347517,27645,2025-12-31,2025-12-24,27645,Paid
CUST157519,Wish Corporation,Large,FDX2025666346,2025-12-01,50300,607089,59755,2025-12-31,2025-12-30,50300,Paid
CUST117113,Russellhaven Systems,Small,FDX2025340171,2025-12-10,14352,38777,17293,2025-12-25,,,Unpaid
CUST874732,Anderson-Thornton Company,Small,FDX2025656057,2025-12-06,3570,33069,4925,2025-12-21,,,Unpaid
CUST353907,Tennessee Medical,Large,FDX2025984951,2025-12-01,20824,691943,20824,2025-12-31,2025-12-26,20824,Paid
CUST557067,Taylor-Schmidt Electronics,Small,FDX2025596812,2025-12-12,6487,48748,6487,2025-12-27,,,Unpaid
CUST159670,Turner Materials,Mid,FDX2025342025,2025-12-08,5602,65320,13157,2025-12-28,2025-12-25,5602,Paid
CUST884321,Return Corporation,Large,FDX2025489930,2025-12-01,33092,536545,97079,2025-12-31,2025-12-24,33092,Paid
CUST643787,West Virginia Technologies,Small,FDX2025482271,2025-12-15,513,13524,513,2025-12-30,,,Unpaid
CUST216463,Moment Equipment,Large,FDX2025298681,2025-12-01,19837,297312,19837,2025-12-31,2025-12-28,19837,Paid
CUST260576,Krueger-Hall,Mid,FDX2025331210,2025-12-05,61328,221512,144714,2025-12-25,2025-12-22,61328,Paid
CUST286469,"Henry, Corporation",Small,FDX2025721907,2025-12-10,602,6006,602,2025-12-25,,,Unpaid
CUST344314,Whitehead-Reyes Partners,Small,FDX2025874055,2025-12-11,6345,24415,10008,2025-12-26,,,Unpaid
CUST292844,Film Industries,Small,FDX2025862240,2025-12-04,2781,10417,5011,2025-12-19,2025-12-16,2781,Paid
CUST640294,Cardinal Health Services,Mid,FDX2025440604,2025-12-01,77849,248444,77849,2025-12-21,,,Unpaid
CUST769061,Gardner-Marsh,Mid,FDX2025487585,2025-12-10,17689,135593,70453,2025-12-30,2025-12-27,17689,Paid
CUST294873,Listen Systems,Small,FDX2025166584,2025-12-16,2333,24839,3487,2025-12-31,2025-12-31,2333,Paid
CUST517403,Purpose Services,Large,FDX2025338392,2025-12-01,60294,659629,293367,2025-12-31,,,Unpaid
CUST872128,Mcmahon Healthcare,Small,FDX2025510481,2025-12-03,3453,13816,8070,2025-12-18,2025-12-11,3453,Paid
CUST481733,"Osborne, Beck and Morris",Small,FDX2025174377,2025-12-12,7532,45525,16233,2025-12-27,,,Unpaid
CUST490616,"Hicks, Wholesale",Small,FDX2025863011,2025-12-05,6285,24741,6285,2025-12-20,2025-12-17,6285,Paid
CUST641170,Price-Russell Partners,Mid,FDX2025533057,2025-12-04,39026,136257,87075,2025-12-24,2025-12-24,39026,Paid
CUST776884,Wang Group,Small,FDX2025983941,2025-12-04,6193,24498,11482,2025-12-19,2025-12-14,6193,Paid
CUST133442,Democrat Distribution,Small,FDX2025616747,2025-12-12,1353,7670,4028,2025-12-27,2025-12-20,1353,Paid
CUST176191,Wilkins Group,Mid,FDX2025677286,2025-12-10,55899,226607,55899,2025-12-30,2025-12-27,55899,Paid
CUST546053,Rose Automotive,Mega,FDX2025402099,2025-12-01,424932,1857837,921880,2025-12-31,2025-12-28,424932,Paid
CUST875055,Callahan Ltd,Small,FDX2025105128,2025-12-04,5102,45205,7161,2025-12-19,2025-12-14,5102,Paid
CUST552411,Crime Medical,Small,FDX2025756792,2025-12-16,3546,11694,7580,2025-12-31,2025-12-31,3546,Paid
CUST807352,Part Wholesale,Small,FDX2025585542,2025-12-16,6182,20938,6182,2025-12-31,,,Unpaid
CUST600975,"Fisher, Fitzgerald and Rodriguez",Mid,FDX2025248800,2025-12-01,26406,105636,26406,2025-12-21,2025-12-14,26406,Paid
CUST302899,White-Torres Trading,Large,FDX2025999611,2025-12-01,101821,551741,130856,2025-12-31,2025-12-24,101821,Paid
CUST402681,Avila-Thomas Equipment,Small,FDX2025360225,2025-12-12,2744,31581,2744,2025-12-27,2025-12-22,2744,Paid
CUST492102,Donaldville Solutions,Mid,FDX2025364805,2025-12-05,19291,61319,40968,2025-12-25,2025-12-25,19291,Paid
CUST182532,"Tucker, Payne and Stewart",Small,FDX2025509369,2025-12-03,8194,22133,8194,2025-12-18,,,Unpaid
CUST176526,Wilson Trading,Small,FDX2025946236,2025-12-14,704,7825,3464,2025-12-29,2025-12-28,704,Paid
CUST682146,Valentine Healthcare,Small,FDX2025401150,2025-12-04,6432,17057,11858,2025-12-19,2025-12-19,6432,Paid
CUST939686,Jessicaberg Electronics,Small,FDX2025444535,2025-12-07,1317,20285,10278,2025-12-22,,,Unpaid
CUST462027,Campbell Group,Small,FDX2025418124,2025-12-08,4472,18200,8801,2025-12-23,2025-12-22,4472,Paid
CUST704192,Lawrence-Thomas,Small,FDX2025473606,2025-12-15,6880,28035,14430,2025-12-30,,,Unpaid
CUST655370,Maldonado Pharmaceuticals,Small,FDX2025941506,2025-12-02,9917,34139,18757,2025-12-17,2025-12-17,9917,Paid
CUST405608,Edwards Logistics,Large,FDX2025330795,2025-12-01,51675,377747,123448,2025-12-31,,,Unpaid
CUST525175,Fernandez Group,Mid,FDX2025127096,2025-12-09,7809,148286,28761,2025-12-29,2025-12-24,7809,Paid
CUST387015,Green-Hayden,Mid,FDX2025992119,2025-12-06,22322,192621,84760,2025-12-26,2025-12-23,22322,Paid
CUST986361,AmerisourceBergen Distribution,Small,FDX2025482932,2025-12-10,4284,14024,7925,2025-12-25,2025-12-22,4284,Paid
CUST658275,Carry Systems,Mid,FDX2025691287,2025-12-03,41073,221112,117018,2025-12-23,,,Unpaid
CUST137247,Holland-Henderson Corporation,Mid,FDX2025646228,2025-12-04,49858,157771,103169,2025-12-24,2025-12-21,49858,Paid
CUST992171,Barrett Pharmaceuticals,Small,FDX2025325280,2025-12-13,1031,6863,1031,2025-12-28,2025-12-25,1031,Paid
CUST571551,"York, Moran and Price",Large,FDX2025232143,2025-12-01,107983,408596,283188,2025-12-31,2025-12-24,107983,Paid
CUST763000,Wilkinson Pharmaceuticals,Large,FDX2025632093,2025-12-01,119338,562724,328215,2025-12-31,2025-12-26,119338,Paid
CUST648406,"Warren, Technologies",Mid,FDX2025359937,2025-12-06,43545,144462,43545,2025-12-26,2025-12-19,43545,Paid
CUST163358,Stein Automotive,Small,FDX2025633889,2025-12-06,1592,17255,7350,2025-12-21,2025-12-16,1592,Paid
CUST635140,Mortonport Technologies,Small,FDX2025383923,2025-12-13,1342,19072,4232,2025-12-28,,,Unpaid
CUST472637,Laurachester Equipment,Small,FDX2025688734,2025-12-01,5443,27700,16453,2025-12-16,,,Unpaid
CUST125863,Carter Industries,Small,FDX2025158086,2025-12-16,673,10045,673,2025-12-31,2025-12-26,673,Paid
CUST679106,Address Supply,Small,FDX2025890743,2025-12-14,610,7267,610,2025-12-29,2025-12-22,610,Paid
CUST675069,Pittman Wholesale,Mega,FDX2025854716,2025-12-01,325323,1329439,811949,2025-12-31,2025-12-28,325323,Paid
CUST350185,Nearly Group,Mid,FDX2025313672,2025-12-02,28413,104051,49105,2025-12-22,2025-12-17,28413,Paid
CUST627077,Hicks Holdings,Small,FDX2025834738,2025-12-03,2587,8668,4685,2025-12-18,2025-12-18,2587,Paid
CUST225071,Garcia Pharmaceuticals,Mid,FDX2025835350,2025-12-02,48086,226020,95803,2025-12-22,2025-12-21,48086,Paid
CUST333797,"Wheeler, Henry and Delgado",Small,FDX2025213282,2025-12-08,2245,24658,13309,2025-12-23,2025-12-23,2245,Paid
CUST715668,Nguyen-Freeman,Small,FDX2025115494,2025-12-04,14204,44462,25649,2025-12-19,2025-12-16,14204,Paid
CUST274128,Reyes-Collins,Small,FDX2025952221,2025-12-13,10492,43062,10492,2025-12-28,2025-12-23,10492,Paid
CUST390456,Hayes-Dickson Automotive,Large,FDX2025877586,2025-12-01,23330,264893,77423,2025-12-31,2025-12-28,23330,Paid
CUST201151,Norton International,Large,FDX2025103198,2025-12-01,125652,673817,125652,2025-12-31,2025-12-30,125652,Paid
CUST874194,Performance Food Group,Small,FDX2025727418,2025-12-11,2723,16414,7118,2025-12-26,,,Unpaid
CUST831538,Johnson-Carlson Supply,Small,FDX2025189436,2025-12-06,9794,34689,9794,2025-12-21,,,Unpaid
CUST727011,Serrano-Campbell Distribution,Small,FDX2025635258,2025-12-07,5303,15034,5303,2025-12-22,2025-12-15,5303,Paid
CUST499127,Would Industries,Large,FDX2025788341,2025-12-01,154141,605200,378281,2025-12-31,,,Unpaid
CUST400933,Rachaelland Industries,Mid,FDX2025459530,2025-12-07,42900,178451,75039,2025-12-27,2025-12-26,42900,Paid
CUST985028,Three International,Mega,FDX2025497131,2025-12-01,266126,1656156,824891,2025-12-31,2025-12-24,266126,Paid
CUST555689,Garnerhaven Distribution,Mid,FDX2025879723,2025-12-09,55654,180338,55654,2025-12-29,2025-12-24,55654,Paid
CUST793310,North Carolina Services,Small,FDX2025504894,2025-12-09,15647,47625,24292,2025-12-24,2025-12-24,15647,Paid
CUST440690,Mitchell PLC,Large,FDX2025164838,2025-12-01,20521,608340,20521,2025-12-31,2025-12-31,20521,Paid
CUST325192,"Franco, Gillespie and Wright",Small,FDX2025740205,2025-12-02,13589,44538,13589,2025-12-17,,,Unpaid
CUST976056,Save Materials,Small,FDX2025186069,2025-12-01,7280,34727,7280,2025-12-16,,,Unpaid
CUST282209,Beanfurt Technologies,Small,FDX2025589394,2025-12-10,14012,36249,14012,2025-12-25,,,Unpaid
CUST928955,Harris Wholesale,Small,FDX2025272471,2025-12-11,9151,27795,13768,2025-12-26,2025-12-26,9151,Paid
CUST342028,Chambers Medical,Small,FDX2025757066,2025-12-08,10154,40689,22342,2025-12-23,,,Unpaid
CUST152213,Guess Supply,Mid,FDX2025860298,2025-12-08,52909,183445,65030,2025-12-28,2025-12-28,52909,Paid
CUST764763,Sydneymouth Services,Small,FDX2025929862,2025-12-14,12331,42852,12331,2025-12-29,2025-12-28,12331,Paid
CUST700339,Walker-Powell Partners,Mid,FDX2025937920,2025-12-10,8277,63311,26483,2025-12-30,2025-12-25,8277,Paid
CUST318773,Occur Holdings,Small,FDX2025611820,2025-12-10,7118,25552,7118,2025-12-25,2025-12-18,7118,Paid
CUST992783,Davis Healthcare,Small,FDX2025832094,2025-12-14,5802,39543,5802,2025-12-29,2025-12-22,5802,Paid
CUST480039,Moss-Rivas,Small,FDX2025303353,2025-12-12,12462,32408,12462,2025-12-27,2025-12-22,12462,Paid
CUST462855,Smile Automotive,Mid,FDX2025897543,2025-12-02,33399,163441,92297,2025-12-22,,,Unpaid
CUST386916,New Jersey Materials,Small,FDX2025570879,2025-12-07,7285,29733,13529,2025-12-22,2025-12-17,7285,Paid
CUST868472,"Mccarty, Technologies",Small,FDX2025613417,2025-12-11,13205,37118,17068,2025-12-26,2025-12-19,13205,Paid
CUST884525,Sometimes Services,Large,FDX2025252094,2025-12-01,72968,403222,272908,2025-12-31,,,Unpaid
CUST252563,Tough Enterprises,Small,FDX2025377982,2025-12-07,2081,8456,2081,2025-12-22,2025-12-21,2081,Paid
CUST656079,Wilson-Benitez Healthcare,Small,FDX2025810391,2025-12-01,16058,41625,21184,2025-12-16,2025-12-11,16058,Paid
CUST324792,Johnson Supply,Large,FDX2025821743,2025-12-01,81944,413693,237116,2025-12-31,2025-12-28,81944,Paid
CUST386977,Owens & Minor,Mega,FDX2025365342,2025-12-01,179299,1481100,179299,2025-12-31,2025-12-30,179299,Paid
CUST292147,Massachusetts Technologies,Small,FDX2025764123,2025-12-01,18994,48346,32375,2025-12-16,,,Unpaid
CUST207981,"Sullivan, Nelson and Hernandez",Mid,FDX2025151613,2025-12-08,25621,114963,29179,2025-12-28,2025-12-28,25621,Paid
CUST486534,Fisher-Hinton International,Large,FDX2025993326,2025-12-01,96664,322490,186230,2025-12-31,2025-12-28,96664,Paid
CUST860718,Hale LLC,Mid,FDX2025312471,2025-12-10,12053,66526,28349,2025-12-30,2025-12-29,12053,Paid
CUST667947,Hodge PLC,Mid,FDX2025815245,2025-12-09,14624,172475,45286,2025-12-29,2025-12-24,14624,Paid
CUST836450,Josephside Enterprises,Mid,FDX2025831188,2025-12-04,37503,142297,37503,2025-12-24,2025-12-21,37503,Paid
CUST473101,Villarreal-Wagner,Small,FDX2025526415,2025-12-14,7619,20615,11745,2025-12-29,2025-12-28,7619,Paid
CUST357493,Casey Industries,Small,FDX2025591323,2025-12-03,10846,34755,10846,2025-12-18,2025-12-18,10846,Paid
CUST207058,Mccann Technologies,Small,FDX2025337386,2025-12-05,4713,22444,8745,2025-12-20,,,Unpaid
CUST532698,Lucero-Morris Wholesale,Large,FDX2025726701,2025-12-01,35730,577680,35730,2025-12-31,2025-12-30,35730,Paid
CUST279271,Travisside Healthcare,Mid,FDX2025342292,2025-12-10,36943,126752,46013,2025-12-30,,,Unpaid
CUST237641,Conway-White,Small,FDX2025752163,2025-12-04,695,8254,695,2025-12-19,,,Unpaid
CUST312078,Foster Company,Mid,FDX2025409201,2025-12-11,24078,70912,40869,2025-12-31,2025-12-26,24078,Paid
CUST135422,Side International,Small,FDX2025610555,2025-12-08,3905,33661,3905,2025-12-23,2025-12-22,3905,Paid
CUST804302,Ten Holdings,Mid,FDX2025142114,2025-12-07,23351,186068,99715,2025-12-27,2025-12-20,23351,Paid
CUST856407,Shields Manufacturing,Large,FDX2025988442,2025-12-01,123992,524209,258068,2025-12-31,2025-12-31,123992,Paid
CUST873197,Reeves Distribution,Large,FDX2025775377,2025-12-01,66051,389732,168010,2025-12-31,2025-12-26,66051,Paid
CUST169904,Klein Materials,Mid,FDX2025926644,2025-12-02,9487,72130,23090,2025-12-22,,,Unpaid
CUST945618,Stevens-Jacobson Solutions,Small,FDX2025695561,2025-12-09,7844,22144,7844,2025-12-24,2025-12-19,7844,Paid
CUST625658,"Mathis, Enterprises",Mid,FDX2025116236,2025-12-10,21616,132406,47741,2025-12-30,2025-12-30,21616,Paid
CUST588209,Jimenez-Ward,Small,FDX2025376483,2025-12-05,2201,46837,3729,2025-12-20,2025-12-19,2201,Paid
CUST301820,Myers-Mcguire Industries,Mid,FDX2025980362,2025-12-05,35144,127088,49692,2025-12-25,2025-12-25,35144,Paid
CUST832718,Put Holdings,Mid,FDX2025204577,2025-12-07,23870,246548,71765,2025-12-27,,,Unpaid
CUST565941,Hampton-Thompson Group,Large,FDX2025496859,2025-12-01,73737,374496,73737,2025-12-31,,,Unpaid
CUST260391,"Wright, Andersen and Nichols",Small,FDX2025356796,2025-12-15,1785,11297,4274,2025-12-30,,,Unpaid
CUST250876,Iowa Distribution,Mid,FDX2025723040,2025-12-07,8931,56590,16231,2025-12-27,2025-12-22,8931,Paid
CUST222253,"Spencer, Wallace and Perez",Small,FDX2025191348,2025-12-05,6314,21972,11846,2025-12-20,2025-12-20,6314,Paid
CUST854044,Osborn Holdings,Large,FDX2025135721,2025-12-01,143447,725759,253192,2025-12-31,2025-12-28,143447,Paid
CUST988633,Rowe Medical,Large,FDX2025508717,2025-12-01,155559,533902,339239,2025-12-31,2025-12-26,155559,Paid
CUST932380,Patel-Humphrey Trading,Small,FDX2025193140,2025-12-11,2556,22983,6003,2025-12-26,,,Unpaid
CUST884187,"Meza, Partners",Small,FDX2025967913,2025-12-07,4160,33021,16695,2025-12-22,,,Unpaid
CUST221108,"Navarro, Distribution",Large,FDX2025460724,2025-12-01,42413,717817,154102,2025-12-31,,,Unpaid
CUST774045,Perryville Industries,Mid,FDX2025518974,2025-12-08,8499,169038,18710,2025-12-28,,,Unpaid
CUST488294,Rivera-Rodgers Medical,Mid,FDX2025872234,2025-12-09,36230,108575,36230,2025-12-29,2025-12-29,36230,Paid
CUST987003,Drop Corporation,Small,FDX2025578858,2025-12-16,6463,27656,6463,2025-12-31,,,Unpaid
CUST698694,Ray Technologies,Small,FDX2025441620,2025-12-01,2545,12300,2545,2025-12-16,,,Unpaid
CUST466380,James-Russo Materials,Large,FDX2025776836,2025-12-01,37657,277585,62308,2025-12-31,2025-12-26,37657,Paid
CUST261780,Greenmouth Electronics,Small,FDX2025317209,2025-12-11,3211,13626,6417,2025-12-26,2025-12-19,3211,Paid
CUST383733,Alone Logistics,Small,FDX2025351523,2025-12-10,1248,7057,1248,2025-12-25,,,Unpaid
CUST854010,Adams Ltd,Mid,FDX2025274264,2025-12-09,32632,120028,32632,2025-12-29,2025-12-22,32632,Paid
CUST703648,WESCO International,Mid,FDX2025572511,2025-12-03,32512,118037,45992,2025-12-23,2025-12-18,32512,Paid
CUST986424,At Logistics,Mid,FDX2025324304,2025-12-05,45898,201258,104184,2025-12-25,,,Unpaid
CUST536934,Jameshaven International,Mid,FDX2025864933,2025-12-02,11046,81474,41418,2025-12-22,,,Unpaid
CUST540259,Century Electronics,Small,FDX2025690568,2025-12-06,6422,35848,6422,2025-12-21,,,Unpaid
CUST825546,Norman Solutions,Large,FDX2025469720,2025-12-01,31666,388551,122187,2025-12-31,,,Unpaid
CUST276003,"Elliott, James and Roman",Small,FDX2025605580,2025-12-02,6944,33688,14436,2025-12-17,,,Unpaid
CUST899042,Consider Pharmaceuticals,Mega,FDX2025858299,2025-12-01,198886,2011460,912418,2025-12-31,,,Unpaid
CUST772611,Williamson-Yang,Small,FDX2025433146,2025-12-13,12117,40015,12117,2025-12-28,,,Unpaid
CUST776440,Dillon Wholesale,Mid,FDX2025115836,2025-12-03,49784,213341,117271,2025-12-23,2025-12-20,49784,Paid
CUST808511,"Blackwell, Holdings",Small,FDX2025243743,2025-12-01,1080,7385,1080,2025-12-16,2025-12-16,1080,Paid
CUST122146,"Rivers, Industries",Small,FDX2025839742,2025-12-01,1297,28136,2473,2025-12-16,2025-12-09,1297,Paid
CUST138260,Howardburgh Supply,Mid,FDX2025444611,2025-12-11,6992,75209,6992,2025-12-31,,,Unpaid
CUST655792,Kelley Group,Small,FDX2025431662,2025-12-02,2496,29681,2496,2025-12-17,2025-12-16,2496,Paid
CUST915091,Davidburgh Distribution,Mid,FDX2025919749,2025-12-06,2298,54941,2298,2025-12-26,2025-12-23,2298,Paid
CUST399739,Gaines Distribution,Small,FDX2025474265,2025-12-16,538,33971,538,2025-12-31,2025-12-31,538,Paid
CUST703730,Mccormick Solutions,Small,FDX2025459243,2025-12-08,6780,32703,9875,2025-12-23,2025-12-18,6780,Paid
CUST129359,Just Materials,Small,FDX2025639937,2025-12-14,6868,39126,6868,2025-12-29,2025-12-28,6868,Paid
CUST907265,Roberson Equipment,Small,FDX2025355169,2025-12-06,8232,47412,14983,2025-12-21,,,Unpaid
CUST142947,Colorado Enterprises,Small,FDX2025735780,2025-12-08,8417,32128,24415,2025-12-23,2025-12-23,8417,Paid
CUST684452,George Solutions,Large,FDX2025538424,2025-12-01,11905,574728,11905,2025-12-31,,,Unpaid
CUST287287,Richmondton Manufacturing,Large,FDX2025682709,2025-12-01,79468,281935,84958,2025-12-31,2025-12-30,79468,Paid
CUST932342,Base Enterprises,Small,FDX2025919119,2025-12-04,14166,42492,23879,2025-12-19,2025-12-19,14166,Paid
CUST610987,Pretty Supply,Large,FDX2025420127,2025-12-01,44356,408864,194159,2025-12-31,,,Unpaid
CUST853158,Henderson-Jones,Mid,FDX2025288159,2025-12-06,12758,72269,12758,2025-12-26,,,Unpaid
CUST989773,Nelson Healthcare,Small,FDX2025773952,2025-12-05,9280,23292,10082,2025-12-20,,,Unpaid
CUST817359,"Padilla, Materials",Small,FDX2025978254,2025-12-09,6528,18229,12858,2025-12-24,2025-12-21,6528,Paid
CUST529271,Fill Industries,Mid,FDX2025706109,2025-12-04,15505,110016,51299,2025-12-24,2025-12-24,15505,Paid
CUST442957,Mendoza LLC,Small,FDX2025694437,2025-12-07,7051,23459,13727,2025-12-22,2025-12-15,7051,Paid
CUST134312,Kline Automotive,Large,FDX2025587519,2025-12-01,173281,662428,263808,2025-12-31,2025-12-26,173281,Paid
CUST841241,Nebraska Supply,Mid,FDX2025641673,2025-12-04,23756,75088,23756,2025-12-24,,,Unpaid
CUST187006,Salazar-Copeland Company,Small,FDX2025704568,2025-12-02,11400,37846,18560,2025-12-17,2025-12-10,11400,Paid
CUST408215,Robertson-Nolan,Mid,FDX2025834900,2025-12-05,28414,186862,47636,2025-12-25,2025-12-20,28414,Paid
CUST716385,Bryant Automotive,Small,FDX2025857868,2025-12-07,13469,46645,20491,2025-12-22,,,Unpaid
CUST688555,Mouth Electronics,Small,FDX2025759696,2025-12-10,3265,11170,4954,2025-12-25,,,Unpaid
CUST743033,Industry Solutions,Small,FDX2025176512,2025-12-08,11263,41798,28742,2025-12-23,2025-12-23,11263,Paid
CUST936766,Youngmouth Distribution,Mid,FDX2025641697,2025-12-01,22278,108879,65797,2025-12-21,2025-12-14,22278,Paid
CUST588171,"Pierce, Partners",Mid,FDX2025916869,2025-12-06,10131,114767,10131,2025-12-26,,,Unpaid
CUST125731,Vaughn Automotive,Small,FDX2025887518,2025-12-10,8857,44738,24986,2025-12-25,,,Unpaid
CUST162237,Guerrero Partners,Mid,FDX2025129593,2025-12-07,13079,105332,13079,2025-12-27,,,Unpaid
CUST919160,Martin-Francis Manufacturing,Small,FDX2025525464,2025-12-13,2791,10255,5138,2025-12-28,2025-12-23,2791,Paid
CUST720624,"Miller, International",Mega,FDX2025312472,2025-12-01,436127,2412465,1248391,2025-12-31,2025-12-31,436127,Paid
CUST326757,Democratic Supply,Small,FDX2025747161,2025-12-01,5614,30725,13369,2025-12-16,,,Unpaid
CUST131879,Cobb Ltd,Large,FDX2025302085,2025-12-01,142094,516958,151057,2025-12-31,,,Unpaid
CUST886851,Jeanburgh Medical,Small,FDX2025677695,2025-12-03,13818,39104,29029,2025-12-18,2025-12-13,13818,Paid
CUST338746,Genuine Parts Company,Mid,FDX2025385008,2025-12-10,42406,230623,42406,2025-12-30,2025-12-27,42406,Paid
CUST467759,Rogers Healthcare,Small,FDX2025854920,2025-12-13,7699,32995,19367,2025-12-28,,,Unpaid
CUST171765,Responsibility Company,Mid,FDX2025420944,2025-12-04,44157,141404,44157,2025-12-24,2025-12-17,44157,Paid
CUST468279,Throw Holdings,Small,FDX2025161471,2025-12-05,8865,41435,29101,2025-12-20,,,Unpaid
CUST669130,System Distribution,Small,FDX2025756318,2025-12-02,9224,40854,14580,2025-12-17,,,Unpaid
CUST705916,Rivers-Phillips,Small,FDX2025186988,2025-12-10,2058,5218,2861,2025-12-25,2025-12-25,2058,Paid
CUST616217,"Garcia, Solutions",Mid,FDX2025461366,2025-12-05,21595,115482,21595,2025-12-25,,,Unpaid
CUST606322,Park Partners,Small,FDX2025192998,2025-12-11,1321,49720,1321,2025-12-26,,,Unpaid
CUST595511,Fischer Company,Large,FDX2025731598,2025-12-01,59259,562164,180627,2025-12-31,2025-12-28,59259,Paid
CUST289357,Richardton Company,Small,FDX2025198384,2025-12-04,4326,20173,11517,2025-12-19,2025-12-14,4326,Paid
CUST315961,Schroeder-Zimmerman Industries,Mid,FDX2025380166,2025-12-01,10413,56211,23406,2025-12-21,2025-12-14,10413,Paid
CUST566621,Position Electronics,Mega,FDX2025201540,2025-12-01,123543,1252825,123543,2025-12-31,2025-12-28,123543,Paid
CUST135236,Lucas-Watson Materials,Mega,FDX2025524049,2025-12-01,50691,1349328,134995,2025-12-31,2025-12-31,50691,Paid
CUST924010,"Richardson, Mays and Townsend",Mid,FDX2025881459,2025-12-05,55610,235068,106407,2025-12-25,,,Unpaid
CUST936915,Sutton Systems,Mid,FDX2025286877,2025-12-01,30618,153958,57485,2025-12-21,,,Unpaid
CUST860501,Johnstonville Manufacturing,Mid,FDX2025771940,2025-12-04,23168,222484,23168,2025-12-24,2025-12-24,23168,Paid
CUST845815,Samanthaville Trading,Mid,FDX2025241754,2025-12-11,74854,232630,169527,2025-12-31,2025-12-24,74854,Paid
CUST448153,Douglas-Goodwin,Small,FDX2025720642,2025-12-10,6655,24837,6655,2025-12-25,2025-12-24,6655,Paid
CUST626775,Sharp International,Small,FDX2025732494,2025-12-16,8632,30946,13140,2025-12-31,2025-12-31,8632,Paid
CUST562936,It Holdings,Small,FDX2025607037,2025-12-05,3397,35458,15249,2025-12-20,,,Unpaid
CUST249332,Black Solutions,Small,FDX2025930576,2025-12-08,2250,45517,2250,2025-12-23,,,Unpaid
CUST969285,"Mills, Smith and Smith",Small,FDX2025767630,2025-12-05,3943,25383,13778,2025-12-20,2025-12-17,3943,Paid
CUST357873,Thomas-Hooper,Mid,FDX2025299227,2025-12-04,39981,193658,39981,2025-12-24,,,Unpaid
CUST546439,Parker-Rivera,Small,FDX2025587176,2025-12-10,14828,44143,25709,2025-12-25,,,Unpaid
CUST571575,Harmon-Ortiz Equipment,Large,FDX2025877730,2025-12-01,74781,651545,207261,2025-12-31,2025-12-24,74781,Paid
CUST688910,Aguirre Industries,Mid,FDX2025595186,2025-12-06,42019,184533,89807,2025-12-26,,,Unpaid
CUST533964,Window Holdings,Large,FDX2025793185,2025-12-01,63419,252097,112852,2025-12-31,2025-12-26,63419,Paid
CUST922221,Robinson Pharmaceuticals,Mid,FDX2025234730,2025-12-04,33995,174137,76993,2025-12-24,,,Unpaid
CUST514572,King-Cardenas International,Large,FDX2025868757,2025-12-01,198337,698167,423682,2025-12-31,2025-12-26,198337,Paid
CUST628401,Sparks-Hanson Group,Mid,FDX2025545366,2025-12-06,18720,137726,18720,2025-12-26,,,Unpaid
CUST112070,Machine Pharmaceuticals,Mid,FDX2025806369,2025-12-06,6364,188786,63562,2025-12-26,2025-12-23,6364,Paid
CUST301143,Holmes International,Mid,FDX2025169092,2025-12-08,51540,206736,104912,2025-12-28,,,Unpaid
CUST422411,Campos LLC,Small,FDX2025626453,2025-12-14,1014,11531,4192,2025-12-29,2025-12-29,1014,Paid
CUST575509,Decision Company,Mid,FDX2025596878,2025-12-09,45774,246259,45774,2025-12-29,,,Unpaid
CUST374915,"Wilson, Cummings and Watkins",Small,FDX2025179822,2025-12-07,1511,7674,1511,2025-12-22,2025-12-15,1511,Paid
CUST519189,"Morse, Solutions",Mid,FDX2025585691,2025-12-02,53674,232814,139332,2025-12-22,2025-12-19,53674,Paid
CUST527367,Kennedy Wholesale,Small,FDX2025647627,2025-12-13,1747,41728,6906,2025-12-28,2025-12-27,1747,Paid
CUST120204,Event Wholesale,Small,FDX2025611171,2025-12-06,12840,37659,21789,2025-12-21,,,Unpaid
CUST746190,Martinezfort International,Mega,FDX2025708759,2025-12-01,154912,1005825,474206,2025-12-31,,,Unpaid
CUST825951,Perkins Enterprises,Small,FDX2025725610,2025-12-08,4944,37557,8994,2025-12-23,2025-12-23,4944,Paid
CUST925616,Barton Medical,Small,FDX2025494804,2025-12-12,18042,46815,18042,2025-12-27,2025-12-27,18042,Paid
CUST914371,Brownmouth Automotive,Small,FDX2025109339,2025-12-06,6092,44717,6092,2025-12-21,,,Unpaid
CUST742323,"Rosario, Services",Small,FDX2025680555,2025-12-01,2785,18057,6334,2025-12-16,,,Unpaid
CUST612933,Kansas Materials,Mid,FDX2025663700,2025-12-03,3927,75410,31127,2025-12-23,2025-12-23,3927,Paid
CUST781228,Housefurt Supply,Small,FDX2025158184,2025-12-05,1544,18370,6793,2025-12-20,,,Unpaid
CUST115666,Robbins Inc,Mid,FDX2025488532,2025-12-06,21680,87156,43411,2025-12-26,2025-12-25,21680,Paid
CUST526737,Khan-Brown International,Mid,FDX2025822090,2025-12-02,4982,87614,6049,2025-12-22,,,Unpaid
CUST370230,Two Pharmaceuticals,Mid,FDX2025123648,2025-12-07,18754,80795,45939,2025-12-27,2025-12-26,18754,Paid
CUST234403,Owner Automotive,Mega,FDX2025290052,2025-12-01,122568,2993893,1238034,2025-12-31,2025-12-24,122568,Paid
CUST230836,Harmon Manufacturing,Small,FDX2025165675,2025-12-12,4936,34472,17488,2025-12-27,2025-12-26,4936,Paid
CUST480699,Value Technologies,Mid,FDX2025429979,2025-12-03,5761,129897,5761,2025-12-23,,,Unpaid
CUST260402,Walton LLC,Mid,FDX2025141647,2025-12-10,7446,52431,11846,2025-12-30,2025-12-29,7446,Paid
CUST325983,Impact Group,Small,FDX2025339810,2025-12-02,1045,37372,14754,2025-12-17,,,Unpaid
CUST853724,White-Diaz,Large,FDX2025832737,2025-12-01,78294,485167,144226,2025-12-31,2025-12-28,78294,Paid
CUST848318,"Sawyer, Lawrence and Riley",Large,FDX2025675256,2025-12-01,84321,391233,215348,2025-12-31,2025-12-26,84321,Paid
CUST368895,Jenniferborough Solutions,Large,FDX2025867350,2025-12-01,48906,414039,202901,2025-12-31,2025-12-30,48906,Paid
CUST909828,"Johnson, Thomas and Hayes",Small,FDX2025239078,2025-12-05,8968,40644,8968,2025-12-20,2025-12-19,8968,Paid
CUST786817,"Morrison, Richards and Martin",Mega,FDX2025285583,2025-12-01,435098,2316525,1198130,2025-12-31,2025-12-31,435098,Paid
CUST694739,Ellistown Company,Large,FDX2025283132,2025-12-01,34402,257461,56966,2025-12-31,2025-12-30,34402,Paid
CUST808292,Nealview Holdings,Mid,FDX2025704867,2025-12-02,19249,79464,47368,2025-12-22,,,Unpaid
CUST295517,Movement Technologies,Small,FDX2025490994,2025-12-07,5574,30045,12699,2025-12-22,2025-12-21,5574,Paid
CUST295575,"Hall, Industries",Large,FDX2025247263,2025-12-01,25911,436867,134643,2025-12-31,2025-12-28,25911,Paid
CUST458420,Series Equipment,Large,FDX2025972202,2025-12-01,66088,381627,66088,2025-12-31,2025-12-31,66088,Paid
CUST844264,Spring Electronics,Small,FDX2025434830,2025-12-05,1964,34826,6924,2025-12-20,2025-12-20,1964,Paid
CUST879937,Inside Supply,Small,FDX2025835085,2025-12-14,14922,49325,34344,2025-12-29,2025-12-26,14922,Paid
CUST952058,Elliott Ltd,Large,FDX2025911096,2025-12-01,35376,524255,35376,2025-12-31,2025-12-24,35376,Paid
CUST997304,Flowers Supply,Small,FDX2025182108,2025-12-08,2381,27806,10475,2025-12-23,,,Unpaid
CUST542832,Financial Pharmaceuticals,Large,FDX2025673766,2025-12-01,96766,322867,248300,2025-12-31,2025-12-24,96766,Paid
CUST357006,Odom Healthcare,Small,FDX2025740614,2025-12-15,3849,19378,3849,2025-12-30,,,Unpaid
CUST615400,Grow Wholesale,Mid,FDX2025779424,2025-12-11,33267,97635,33267,2025-12-31,2025-12-26,33267,Paid
CUST422195,Velez Supply,Mid,FDX2025986364,2025-12-04,19753,96927,41969,2025-12-24,2025-12-24,19753,Paid
CUST275213,Johnland Holdings,Mid,FDX2025383447,2025-12-07,8587,182530,25026,2025-12-27,,,Unpaid
CUST335265,Morris Corporation,Large,FDX2025646354,2025-12-01,93873,617344,336737,2025-12-31,2025-12-30,93873,Paid
CUST437740,Christianmouth Partners,Small,FDX2025531152,2025-12-06,4839,19798,4839,2025-12-21,2025-12-21,4839,Paid
CUST633565,Pena-Henry Medical,Mid,FDX2025390314,2025-12-09,15824,247192,87394,2025-12-29,2025-12-29,15824,Paid
CUST380590,Simply Supply,Small,FDX2025309625,2025-12-11,12674,38865,23794,2025-12-26,2025-12-19,12674,Paid
CUST320286,Ever Company,Small,FDX2025329163,2025-12-12,7367,21869,7367,2025-12-27,2025-12-26,7367,Paid
CUST779309,Salazar-Yoder,Mid,FDX2025199810,2025-12-09,15224,58736,23981,2025-12-29,,,Unpaid
CUST593626,Gentry-Wilson,Small,FDX2025727635,2025-12-03,9744,33908,9744,2025-12-18,2025-12-15,9744,Paid
CUST965321,Wilson-Brown Healthcare,Mid,FDX2025528780,2025-12-04,4062,75879,4873,2025-12-24,2025-12-17,4062,Paid
CUST739411,Parker Group,Large,FDX2025121811,2025-12-01,40532,288884,40532,2025-12-31,,,Unpaid
CUST386278,Morrison-Carroll,Mid,FDX2025241978,2025-12-04,17432,102978,51287,2025-12-24,,,Unpaid
CUST935994,Lake Karenmouth Logistics,Mid,FDX2025510204,2025-12-09,5121,76536,21969,2025-12-29,2025-12-29,5121,Paid
CUST669671,Hill Trading,Mid,FDX2025276856,2025-12-10,5415,159723,12812,2025-12-30,,,Unpaid
CUST616101,Lawrence Healthcare,Small,FDX2025885809,2025-12-10,1366,5138,2169,2025-12-25,2025-12-25,1366,Paid
CUST450826,Person Distribution,Mid,FDX2025887152,2025-12-08,59889,221906,59889,2025-12-28,2025-12-25,59889,Paid
CUST354682,Of Manufacturing,Small,FDX2025173397,2025-12-02,1001,19674,7214,2025-12-17,2025-12-16,1001,Paid
CUST501807,Doctor Group,Small,FDX2025945015,2025-12-16,13627,39148,28159,2025-12-31,2025-12-31,13627,Paid
CUST805278,Military Pharmaceuticals,Mega,FDX2025784546,2025-12-01,98098,1457458,353416,2025-12-31,,,Unpaid
CUST592719,Media Corporation,Small,FDX2025220680,2025-12-04,1012,14312,4565,2025-12-19,2025-12-19,1012,Paid
CUST171548,Soto-Davenport Distribution,Small,FDX2025417662,2025-12-02,12392,38089,25552,2025-12-17,,,Unpaid
CUST922274,Conley Automotive,Large,FDX2025944907,2025-12-01,30444,377700,104587,2025-12-31,2025-12-24,30444,Paid
CUST706468,Lara-Flores,Small,FDX2025750583,2025-12-03,1754,27153,6267,2025-12-18,,,Unpaid
CUST136820,"Soto, Fisher and Patterson",Mid,FDX2025687898,2025-12-03,27423,103452,53946,2025-12-23,2025-12-23,27423,Paid
CUST607927,Waters Partners,Mid,FDX2025258631,2025-12-04,8648,96198,8648,2025-12-24,,,Unpaid
CUST910564,Thompson-Rodriguez,Small,FDX2025551048,2025-12-04,8035,26941,8035,2025-12-19,2025-12-14,8035,Paid
CUST815460,East Victor Supply,Mid,FDX2025554989,2025-12-05,20089,72340,44574,2025-12-25,2025-12-24,20089,Paid
CUST117139,Jacobs Ltd,Small,FDX2025247525,2025-12-03,3117,42482,24128,2025-12-18,2025-12-18,3117,Paid
CUST848186,Lee-Gibson Holdings,Small,FDX2025152706,2025-12-02,7742,19709,11681,2025-12-17,2025-12-10,7742,Paid
CUST642332,Lawson Holdings,Large,FDX2025979919,2025-12-01,37360,721202,168610,2025-12-31,,,Unpaid
CUST944957,Barrera Automotive,Mid,FDX2025281677,2025-12-02,5664,62701,31483,2025-12-22,2025-12-22,5664,Paid
CUST646718,"Ewing, Pharmaceuticals",Large,FDX2025141256,2025-12-01,140204,722522,140204,2025-12-31,,,Unpaid
CUST628276,His Automotive,Large,FDX2025824775,2025-12-01,88666,319023,189655,2025-12-31,2025-12-24,88666,Paid
CUST408390,Richardson-Young Automotive,Small,FDX2025178611,2025-12-15,13592,45469,21174,2025-12-30,2025-12-29,13592,Paid
CUST933382,Which Healthcare,Mid,FDX2025770620,2025-12-01,14545,188401,14545,2025-12-21,2025-12-18,14545,Paid
CUST917379,"Reynolds, Logistics",Large,FDX2025257177,2025-12-01,71485,712764,292756,2025-12-31,2025-12-24,71485,Paid
CUST822902,Garcia-Robinson,Large,FDX2025405122,2025-12-01,14566,498483,84997,2025-12-31,2025-12-31,14566,Paid
CUST425142,Mckay Distribution,Small,FDX2025572453,2025-12-16,8965,26516,16453,2025-12-31,2025-12-30,8965,Paid
CUST115111,International Manufacturing,Small,FDX2025919616,2025-12-03,9470,36939,9470,2025-12-18,2025-12-11,9470,Paid
CUST354276,"Dillon, Mitchell and Weaver",Small,FDX2025309515,2025-12-03,6899,17990,6899,2025-12-18,2025-12-17,6899,Paid
CUST916906,Forward Holdings,Large,FDX2025438261,2025-12-01,36367,595271,89905,2025-12-31,2025-12-30,36367,Paid
CUST627557,Alabama International,Small,FDX2025269868,2025-12-03,9999,42878,21177,2025-12-18,,,Unpaid
CUST728520,James-Roberts Materials,Small,FDX2025885916,2025-12-04,4230,13220,4577,2025-12-19,,,Unpaid
CUST324534,Try Systems,Mid,FDX2025174602,2025-12-05,39528,181205,45284,2025-12-25,2025-12-24,39528,Paid
CUST270303,Carlosmouth Supply,Small,FDX2025284945,2025-12-06,9899,25194,18711,2025-12-21,2025-12-21,9899,Paid
CUST291881,"Lucas, Berger and Washington",Mega,FDX2025843513,2025-12-01,288640,1967301,288640,2025-12-31,2025-12-26,288640,Paid
CUST168139,Murray Industries,Small,FDX2025257015,2025-12-07,9818,28940,9818,2025-12-22,,,Unpaid
CUST739671,Charge Solutions,Small,FDX2025432591,2025-12-03,852,26082,12666,2025-12-18,2025-12-18,852,Paid
CUST892979,Cox-Wright,Small,FDX2025323410,2025-12-11,12807,37836,24254,2025-12-26,2025-12-25,12807,Paid
CUST430665,Knight Systems,Mid,FDX2025256997,2025-12-11,48495,233054,123482,2025-12-31,2025-12-30,48495,Paid
CUST999198,Avila-Nichols Trading,Small,FDX2025591784,2025-12-03,2981,43386,5082,2025-12-18,2025-12-13,2981,Paid
CUST107244,Matthews Medical,Small,FDX2025305872,2025-12-04,11279,42030,18209,2025-12-19,2025-12-18,11279,Paid
CUST376076,Mueller-Martin Trading,Mid,FDX2025124027,2025-12-04,41152,214596,81294,2025-12-24,2025-12-19,41152,Paid
CUST799126,Idaho Corporation,Small,FDX2025856010,2025-12-16,7811,34000,21384,2025-12-31,2025-12-26,7811,Paid
CUST282942,"Phillips, Group",Small,FDX2025145796,2025-12-15,2916,39528,2916,2025-12-30,,,Unpaid
CUST494840,Artist Group,Small,FDX2025673402,2025-12-09,2104,12441,4891,2025-12-24,2025-12-17,2104,Paid
CUST832739,Walker International,Mid,FDX2025628252,2025-12-11,29004,200484,29004,2025-12-31,,,Unpaid
CUST514709,Porter Trading,Mid,FDX2025389890,2025-12-08,36404,120464,36404,2025-12-28,2025-12-25,36404,Paid
CUST469797,Store Manufacturing,Mega,FDX2025715590,2025-12-01,495767,2533729,1230644,2025-12-31,2025-12-26,495767,Paid
CUST162468,Indiana Technologies,Small,FDX2025407165,2025-12-14,7114,31902,7114,2025-12-29,2025-12-29,7114,Paid
CUST206352,Burns Equipment,Small,FDX2025162591,2025-12-09,10977,28143,18571,2025-12-24,,,Unpaid
CUST901712,"Cherry, Charles and Prince",Small,FDX2025780604,2025-12-16,12149,41841,12149,2025-12-31,,,Unpaid
CUST298099,Ortega-Dunn,Mid,FDX2025466076,2025-12-08,22441,96882,22441,2025-12-28,,,Unpaid
CUST656235,Then Services,Mid,FDX2025934279,2025-12-09,41185,150730,41185,2025-12-29,,,Unpaid
CUST979022,Willis-Cruz,Mid,FDX2025593226,2025-12-02,8812,86189,40197,2025-12-22,,,Unpaid
CUST535365,Again Holdings,Small,FDX2025411756,2025-12-03,5579,46543,12375,2025-12-18,2025-12-18,5579,Paid
CUST549773,Baker International,Small,FDX2025418839,2025-12-05,10474,32606,18599,2025-12-20,,,Unpaid
CUST769229,Howard-Patton,Small,FDX2025164015,2025-12-09,8936,28676,19631,2025-12-24,,,Unpaid
CUST948177,Jensen Supply,Small,FDX2025955475,2025-12-06,6979,21737,17820,2025-12-21,,,Unpaid
CUST648017,Lindsey-Gibbs,Small,FDX2025148379,2025-12-04,2112,29512,2112,2025-12-19,2025-12-16,2112,Paid
CUST646250,Bridges Company,Small,FDX2025722051,2025-12-14,802,8476,802,2025-12-29,2025-12-28,802,Paid
CUST714709,Martin Group,Large,FDX2025616679,2025-12-01,150987,731247,278326,2025-12-31,2025-12-28,150987,Paid
CUST374202,Charlesville Materials,Mid,FDX2025511705,2025-12-06,64764,220183,143604,2025-12-26,,,Unpaid
CUST321335,Ho Ltd,Small,FDX2025585914,2025-12-05,5154,19743,9518,2025-12-20,,,Unpaid
CUST985665,Boy Supply,Mid,FDX2025451015,2025-12-08,37125,181746,37125,2025-12-28,2025-12-25,37125,Paid
CUST547249,"Avila, Electronics",Small,FDX2025660589,2025-12-05,7104,22894,10610,2025-12-20,,,Unpaid
CUST348151,Arkansas Company,Small,FDX2025919894,2025-12-09,1048,23214,9444,2025-12-24,2025-12-23,1048,Paid
CUST690848,Tate-Martinez Logistics,Large,FDX2025502726,2025-12-01,117134,661944,152561,2025-12-31,2025-12-28,117134,Paid
CUST180647,"Yoder, Services",Small,FDX2025757741,2025-12-02,3253,20465,6688,2025-12-17,2025-12-16,3253,Paid
CUST512516,Jones-Gonzalez,Mid,FDX2025112904,2025-12-10,18541,137069,59017,2025-12-30,,,Unpaid
CUST804527,Zavala Electronics,Small,FDX2025697087,2025-12-11,3267,23626,12364,2025-12-26,2025-12-21,3267,Paid
CUST409590,Hicks-Macias,Large,FDX2025169077,2025-12-01,61691,253366,61691,2025-12-31,,,Unpaid
CUST657487,Leach Company,Small,FDX2025913400,2025-12-13,3466,12667,5534,2025-12-28,,,Unpaid
CUST125139,Arnold Inc,Small,FDX2025522770,2025-12-14,2625,11305,2625,2025-12-29,2025-12-22,2625,Paid
CUST185060,"Thomas, Sandoval and Whitehead",Small,FDX2025791989,2025-12-04,13686,47056,33067,2025-12-19,2025-12-12,13686,Paid
CUST193722,"Marshall, Supply",Small,FDX2025929696,2025-12-13,1344,40968,1344,2025-12-28,,,Unpaid
CUST361036,Wait Materials,Small,FDX2025797619,2025-12-08,1882,6015,4557,2025-12-23,2025-12-16,1882,Paid
CUST543912,Hoganfurt Trading,Large,FDX2025236434,2025-12-01,64574,345446,64574,2025-12-31,2025-12-28,64574,Paid
CUST868460,"Paul, Phillips and Wade",Large,FDX2025246485,2025-12-01,136731,500888,136731,2025-12-31,2025-12-24,136731,Paid
CUST605853,Barnes Technologies,Large,FDX2025850505,2025-12-01,41331,693590,41331,2025-12-31,2025-12-28,41331,Paid
CUST421790,"Schultz, Partners",Mid,FDX2025253631,2025-12-02,42425,138709,42425,2025-12-22,,,Unpaid
CUST240912,Orrchester Industries,Large,FDX2025479113,2025-12-01,209838,739298,494151,2025-12-31,,,Unpaid
CUST481418,"Young, Wholesale",Small,FDX2025422865,2025-12-15,6363,16613,12607,2025-12-30,,,Unpaid
CUST610681,"Rich, Automotive",Large,FDX2025705894,2025-12-01,29474,385709,160961,2025-12-31,,,Unpaid
CUST901972,Americold Logistics,Small,FDX2025276541,2025-12-12,7682,32019,7682,2025-12-27,2025-12-24,7682,Paid
CUST253665,Pollard Manufacturing,Small,FDX2025554425,2025-12-09,2024,14653,5254,2025-12-24,,,Unpaid
CUST374134,"Herrera, Wholesale",Mid,FDX2025453903,2025-12-07,29043,88582,51869,2025-12-27,2025-12-22,29043,Paid
CUST374606,Brown-Phillips Distribution,Mid,FDX2025174449,2025-12-08,45386,150899,46081,2025-12-28,2025-12-28,45386,Paid
CUST349294,Scott-Graham,Small,FDX2025384058,2025-12-01,7474,19897,13364,2025-12-16,2025-12-15,7474,Paid
CUST395439,Cardenas-Jackson,Small,FDX2025448589,2025-12-15,11836,38317,11836,2025-12-30,,,Unpaid
CUST798339,Stewart Technologies,Mid,FDX2025492778,2025-12-06,8377,87983,8377,2025-12-26,,,Unpaid
CUST358419,Sparks Ltd,Small,FDX2025247234,2025-12-06,1283,43461,1283,2025-12-21,2025-12-21,1283,Paid
CUST727308,Carolton Partners,Mid,FDX2025841967,2025-12-10,46532,201536,98957,2025-12-30,,,Unpaid
CUST412427,Rios-Graves,Small,FDX2025694736,2025-12-10,16438,44937,27213,2025-12-25,2025-12-20,16438,Paid
CUST304493,"Holt, Medical",Small,FDX2025446020,2025-12-01,4111,17235,8789,2025-12-16,2025-12-09,4111,Paid
CUST540467,Think Corporation,Small,FDX2025536853,2025-12-13,3879,27482,8230,2025-12-28,2025-12-28,3879,Paid
CUST471906,"Espinoza, Systems",Small,FDX2025232750,2025-12-14,15067,37709,15067,2025-12-29,2025-12-24,15067,Paid
CUST729611,Foreign Distribution,Mid,FDX2025717295,2025-12-07,56208,192508,86951,2025-12-27,2025-12-24,56208,Paid
CUST845958,Mitchellbury Supply,Large,FDX2025645535,2025-12-01,131761,643471,131761,2025-12-31,2025-12-31,131761,Paid
CUST549254,Same International,Large,FDX2025128707,2025-12-01,39429,514820,39429,2025-12-31,2025-12-28,39429,Paid
CUST365846,Cameron Technologies,Mid,FDX2025305467,2025-12-02,3809,132454,41155,2025-12-22,2025-12-17,3809,Paid
CUST814074,Higgins Industries,Small,FDX2025306286,2025-12-08,2393,41986,2393,2025-12-23,,,Unpaid
CUST386158,Statement Technologies,Large,FDX2025815966,2025-12-01,107791,689215,107791,2025-12-31,,,Unpaid
CUST756170,Carrillo Systems,Large,FDX2025936486,2025-12-01,26103,444671,91499,2025-12-31,2025-12-31,26103,Paid
CUST615527,Billion Automotive,Small,FDX2025843358,2025-12-15,3756,27360,12529,2025-12-30,2025-12-25,3756,Paid
CUST639729,Powers Inc,Small,FDX2025872428,2025-12-04,4780,20693,11665,2025-12-19,2025-12-12,4780,Paid
CUST168585,Rodriguez-Martinez,Small,FDX2025783305,2025-12-09,8334,36762,22648,2025-12-24,2025-12-24,8334,Paid
CUST934950,"Shannon, Supply",Small,FDX2025826426,2025-12-04,948,20254,948,2025-12-19,2025-12-19,948,Paid
CUST494797,Connecticut Supply,Mid,FDX2025537573,2025-12-05,14814,65570,36867,2025-12-25,2025-12-20,14814,Paid
CUST231135,Administration Solutions,Small,FDX2025782437,2025-12-12,831,49247,831,2025-12-27,2025-12-26,831,Paid
CUST253514,Vermont Trading,Small,FDX2025556160,2025-12-16,3345,29940,9470,2025-12-31,,,Unpaid
CUST386262,Murphy Logistics,Small,FDX2025297636,2025-12-06,18422,47559,32743,2025-12-21,2025-12-18,18422,Paid
CUST290825,Beyond Medical,Small,FDX2025292449,2025-12-14,14510,37949,24061,2025-12-29,2025-12-28,14510,Paid
CUST398229,Bond-Wheeler Pharmaceuticals,Small,FDX2025427980,2025-12-03,4144,13022,9531,2025-12-18,2025-12-13,4144,Paid
CUST363613,Martinez International,Small,FDX2025634823,2025-12-09,5564,26167,9742,2025-12-24,,,Unpaid
CUST135539,Olsen Inc,Mid,FDX2025492016,2025-12-08,27980,151416,83885,2025-12-28,,,Unpaid
CUST189713,"Proctor, International",Large,FDX2025448286,2025-12-01,47830,321358,101738,2025-12-31,2025-12-30,47830,Paid
CUST955193,Robbins-Becker Medical,Mid,FDX2025626633,2025-12-09,8279,101730,8279,2025-12-29,,,Unpaid
CUST710703,Michigan Logistics,Small,FDX2025882920,2025-12-08,2385,30767,17713,2025-12-23,,,Unpaid
CUST421840,"Jackson, Hayden and Ortiz",Mid,FDX2025987155,2025-12-11,40308,165483,88072,2025-12-31,2025-12-31,40308,Paid
CUST589312,Benjamin Logistics,Small,FDX2025411317,2025-12-11,524,10553,524,2025-12-26,2025-12-21,524,Paid
CUST880242,"Chavez, Brown and Saunders",Mid,FDX2025363523,2025-12-01,37810,215759,37810,2025-12-21,2025-12-21,37810,Paid
CUST507540,James-Carroll Trading,Small,FDX2025458193,2025-12-11,6263,20075,6263,2025-12-26,2025-12-23,6263,Paid
CUST799976,Anderson Solutions,Mid,FDX2025406740,2025-12-04,58724,203280,111696,2025-12-24,,,Unpaid
CUST433346,"Cisneros, Holdings",Small,FDX2025986778,2025-12-04,16036,43270,26892,2025-12-19,,,Unpaid
CUST641705,Smith-Castro Distribution,Large,FDX2025928249,2025-12-01,124307,458504,163534,2025-12-31,,,Unpaid
CUST265574,Catherinebury Company,Small,FDX2025259918,2025-12-05,1933,20254,9252,2025-12-20,2025-12-17,1933,Paid
CUST196880,Stark-Stewart Enterprises,Large,FDX2025797531,2025-12-01,195802,744379,478970,2025-12-31,2025-12-30,195802,Paid
CUST700849,Gomez-Williamson Trading,Mega,FDX2025960634,2025-12-01,323767,1554528,323767,2025-12-31,2025-12-30,323767,Paid
CUST403339,"Mcintyre, Equipment",Small,FDX2025122626,2025-12-16,3930,42395,19593,2025-12-31,2025-12-28,3930,Paid
CUST364083,Olson Inc,Small,FDX2025773584,2025-12-16,4556,42453,16881,2025-12-31,2025-12-26,4556,Paid
CUST836954,Example Solutions,Large,FDX2025423415,2025-12-01,78066,308216,140275,2025-12-31,2025-12-28,78066,Paid
CUST648879,Friedman-Kane Company,Small,FDX2025517779,2025-12-01,8512,39511,8512,2025-12-16,2025-12-13,8512,Paid
CUST160350,Eye Automotive,Small,FDX2025988503,2025-12-03,3405,11581,3405,2025-12-18,2025-12-15,3405,Paid
CUST984398,Roth Enterprises,Small,FDX2025112063,2025-12-12,2867,29336,2867,2025-12-27,,,Unpaid
CUST259028,Remain Medical,Mid,FDX2025764520,2025-12-02,8159,66889,21033,2025-12-22,2025-12-15,8159,Paid
CUST116224,Hunter Company,Small,FDX2025724483,2025-12-13,2669,36008,2669,2025-12-28,,,Unpaid
CUST882099,Elizabethside Equipment,Small,FDX2025143811,2025-12-16,3167,33202,5592,2025-12-31,,,Unpaid
CUST838818,Newspaper Holdings,Small,FDX2025630439,2025-12-12,11173,30671,13052,2025-12-27,,,Unpaid
CUST807054,Ok Industries,Small,FDX2025690437,2025-12-08,11359,42422,18824,2025-12-23,,,Unpaid
CUST389290,Pratt-Smith,Mid,FDX2025908239,2025-12-05,18268,71153,29235,2025-12-25,2025-12-20,18268,Paid
CUST309358,Carey-Simpson,Large,FDX2025970839,2025-12-01,71895,593600,207599,2025-12-31,,,Unpaid
CUST352738,Brock Equipment,Mid,FDX2025123095,2025-12-06,17782,201648,78139,2025-12-26,2025-12-25,17782,Paid
CUST710248,Johnsberg Equipment,Large,FDX2025506426,2025-12-01,127582,579567,301448,2025-12-31,2025-12-26,127582,Paid
CUST885425,Mcleanville Enterprises,Large,FDX2025535824,2025-12-01,143726,508806,143726,2025-12-31,2025-12-26,143726,Paid
CUST621812,Tucker PLC,Small,FDX2025734540,2025-12-11,7456,20660,12601,2025-12-26,2025-12-25,7456,Paid
CUST388972,Society Wholesale,Small,FDX2025662313,2025-12-16,8262,37637,17821,2025-12-31,2025-12-24,8262,Paid
CUST408514,Seven Services,Large,FDX2025184478,2025-12-01,109504,521620,109504,2025-12-31,,,Unpaid
CUST664948,Gordon-Rubio,Small,FDX2025580193,2025-12-08,1545,30120,5443,2025-12-23,2025-12-16,1545,Paid
CUST193837,Missouri Trading,Mid,FDX2025894306,2025-12-06,74207,229198,166627,2025-12-26,2025-12-25,74207,Paid
CUST736145,Martinez-Berg Automotive,Small,FDX2025461491,2025-12-11,15323,41818,23208,2025-12-26,2025-12-25,15323,Paid
CUST577738,Manage Group,Mid,FDX2025101177,2025-12-04,36219,224697,36219,2025-12-24,2025-12-23,36219,Paid
CUST297852,Obrien Equipment,Small,FDX2025857203,2025-12-05,8627,32580,17035,2025-12-20,,,Unpaid
CUST652735,Singh Solutions,Mid,FDX2025414491,2025-12-11,11813,146470,59552,2025-12-31,2025-12-26,11813,Paid
CUST736382,Mississippi Services,Small,FDX2025938207,2025-12-02,1098,13347,4076,2025-12-17,2025-12-10,1098,Paid
CUST436027,Yeah Healthcare,Small,FDX2025787533,2025-12-15,11846,36457,15798,2025-12-30,2025-12-30,11846,Paid
CUST170545,Total Logistics,Small,FDX2025208033,2025-12-12,2881,26651,2881,2025-12-27,,,Unpaid
CUST509055,"Armstrong, White and Anderson",Small,FDX2025490629,2025-12-02,9284,27270,16785,2025-12-17,,,Unpaid
CUST688986,Character Medical,Mid,FDX2025120067,2025-12-02,26695,121075,26695,2025-12-22,,,Unpaid
CUST349175,Audience International,Small,FDX2025479205,2025-12-02,11351,30875,17085,2025-12-17,,,Unpaid
CUST820524,Rachelmouth Pharmaceuticals,Small,FDX2025148611,2025-12-02,6297,22839,14548,2025-12-17,,,Unpaid
CUST960792,Riley Trading,Small,FDX2025639393,2025-12-11,1426,5708,1426,2025-12-26,2025-12-25,1426,Paid
CUST648849,Hamilton Systems,Small,FDX2025145338,2025-12-01,3237,19238,3237,2025-12-16,,,Unpaid
CUST250006,Ayalaview Wholesale,Mid,FDX2025981880,2025-12-03,34527,207543,68080,2025-12-23,2025-12-23,34527,Paid
CUST869510,War Technologies,Small,FDX2025849754,2025-12-01,5712,22803,5712,2025-12-16,2025-12-13,5712,Paid
CUST210337,Key Wholesale,Mid,FDX2025332788,2025-12-01,11217,92275,50655,2025-12-21,,,Unpaid
CUST934787,Snyder Solutions,Mid,FDX2025125887,2025-12-09,41310,134776,41310,2025-12-29,,,Unpaid
CUST246578,These Logistics,Mid,FDX2025317364,2025-12-09,26720,112611,65324,2025-12-29,2025-12-28,26720,Paid
CUST892676,Orr Enterprises,Mid,FDX2025901458,2025-12-05,17721,219378,91174,2025-12-25,2025-12-22,17721,Paid
CUST481068,Production Equipment,Small,FDX2025200990,2025-12-07,1016,16876,5106,2025-12-22,,,Unpaid
CUST151113,Ritter Trading,Mid,FDX2025785795,2025-12-07,32919,171568,32919,2025-12-27,2025-12-27,32919,Paid
CUST383375,Cole Medical,Small,FDX2025438533,2025-12-08,8221,33115,17465,2025-12-23,2025-12-16,8221,Paid
CUST811557,Sandoval-Mason,Mid,FDX2025195675,2025-12-04,9225,66139,32824,2025-12-24,,,Unpaid
CUST202801,Kidd Pharmaceuticals,Small,FDX2025776631,2025-12-12,12215,47552,20097,2025-12-27,,,Unpaid
CUST879987,Zimmerman Solutions,Small,FDX2025981879,2025-12-16,2809,7951,5266,2025-12-31,,,Unpaid
CUST768270,"Williams, Stevens and Grant",Mega,FDX2025593958,2025-12-01,96242,2418988,96242,2025-12-31,,,Unpaid
CUST671810,Dougherty Ltd,Small,FDX2025132232,2025-12-08,9672,44672,24143,2025-12-23,,,Unpaid
CUST932867,Between Corporation,Mid,FDX2025584789,2025-12-06,14475,107649,31274,2025-12-26,2025-12-19,14475,Paid
CUST305420,"Nichols, Flowers and Taylor",Mid,FDX2025732813,2025-12-07,27490,113491,27490,2025-12-27,2025-12-20,27490,Paid
CUST983234,Morse Group,Small,FDX2025172422,2025-12-07,5900,28620,15080,2025-12-22,,,Unpaid
CUST946755,Play Automotive,Small,FDX2025336439,2025-12-08,13011,47300,13011,2025-12-23,2025-12-16,13011,Paid
CUST257406,Mendez-Doyle,Mid,FDX2025804855,2025-12-05,48850,203116,83204,2025-12-25,,,Unpaid
CUST132159,Hawkins-White Systems,Small,FDX2025758070,2025-12-06,2414,14200,2414,2025-12-21,,,Unpaid
CUST526076,Reynolds Inc,Small,FDX2025400984,2025-12-08,700,46072,700,2025-12-23,,,Unpaid
CUST962042,Angelaside Logistics,Large,FDX2025989733,2025-12-01,149239,715099,496452,2025-12-31,2025-12-26,149239,Paid
CUST451163,Family Corporation,Small,FDX2025816593,2025-12-12,3879,37791,22439,2025-12-27,2025-12-20,3879,Paid
CUST485423,Phillips-Johnson,Small,FDX2025718996,2025-12-05,4698,16292,8192,2025-12-20,2025-12-15,4698,Paid
CUST226166,Knapp Company,Large,FDX2025621925,2025-12-01,97914,480595,97914,2025-12-31,2025-12-31,97914,Paid
CUST283285,Wisconsin Materials,Small,FDX2025857888,2025-12-15,3575,11057,7270,2025-12-30,2025-12-30,3575,Paid
CUST829257,Espinoza Services,Mid,FDX2025211178,2025-12-02,73790,218473,178776,2025-12-22,,,Unpaid
CUST176543,Jeffreyborough Logistics,Mid,FDX2025105869,2025-12-01,21020,221052,21020,2025-12-21,2025-12-20,21020,Paid
CUST696095,Grant-Walters,Small,FDX2025862013,2025-12-02,1791,32036,1791,2025-12-17,2025-12-14,1791,Paid
CUST604714,Macias-Sanchez Healthcare,Small,FDX2025784394,2025-12-11,5846,16083,5846,2025-12-26,,,Unpaid
CUST349375,Snyder-Ramirez Solutions,Small,FDX2025491990,2025-12-11,11602,33835,11602,2025-12-26,,,Unpaid
CUST542311,Mooreland Technologies,Mid,FDX2025968951,2025-12-03,34233,126053,34233,2025-12-23,2025-12-16,34233,Paid
CUST243760,Smith-Lee,Small,FDX2025218918,2025-12-09,6158,42181,19849,2025-12-24,,,Unpaid
CUST175316,Mcconnell Systems,Mid,FDX2025388454,2025-12-07,5138,227693,13017,2025-12-27,2025-12-22,5138,Paid
CUST893929,Catch Supply,Mid,FDX2025270835,2025-12-06,12713,170158,61298,2025-12-26,,,Unpaid
CUST343837,Protect Manufacturing,Mid,FDX2025865405,2025-12-02,51005,178180,51005,2025-12-22,,,Unpaid
CUST699929,Easy Wholesale,Mid,FDX2025227352,2025-12-04,16412,84657,35338,2025-12-24,,,Unpaid
CUST925260,"Garrison, Wholesale",Mid,FDX2025780462,2025-12-03,28846,108046,68786,2025-12-23,2025-12-23,28846,Paid
CUST464359,List Medical,Large,FDX2025105098,2025-12-01,32286,688900,77687,2025-12-31,,,Unpaid
CUST489483,Landryfurt Group,Mid,FDX2025418004,2025-12-02,29861,171580,71087,2025-12-22,2025-12-17,29861,Paid
CUST533563,Diaz-Howard,Small,FDX2025192672,2025-12-12,1610,27277,8642,2025-12-27,2025-12-27,1610,Paid
CUST470916,Rest Industries,Small,FDX2025486990,2025-12-03,3465,16183,4673,2025-12-18,2025-12-18,3465,Paid
CUST931962,Wife Solutions,Mid,FDX2025878420,2025-12-05,16531,62237,44502,2025-12-25,2025-12-24,16531,Paid
CUST588956,Diaz-Wiggins Distribution,Mid,FDX2025842970,2025-12-03,35088,115676,35088,2025-12-23,2025-12-23,35088,Paid
CUST618793,Fritz-Hanna,Mid,FDX2025441532,2025-12-10,18748,58545,18748,2025-12-30,,,Unpaid
CUST476129,Jakechester Technologies,Small,FDX2025934159,2025-12-06,6684,18161,10406,2025-12-21,,,Unpaid
CUST442825,California Distribution,Mid,FDX2025350392,2025-12-03,10634,58388,24064,2025-12-23,,,Unpaid
CUST330781,"Riggs, Franklin and Bishop",Mid,FDX2025554569,2025-12-11,19254,191034,19254,2025-12-31,2025-12-30,19254,Paid
CUST400598,Banks-Gray,Small,FDX2025517047,2025-12-05,8276,22427,8276,2025-12-20,2025-12-15,8276,Paid
CUST713300,Born Company,Small,FDX2025570293,2025-12-06,1446,9317,1446,2025-12-21,2025-12-14,1446,Paid
CUST396575,Ellison Wholesale,Small,FDX2025823236,2025-12-14,11130,36024,11130,2025-12-29,2025-12-24,11130,Paid
CUST553219,Laugh Group,Small,FDX2025562512,2025-12-07,12261,30852,24031,2025-12-22,,,Unpaid
CUST638084,Patriciaburgh Corporation,Mid,FDX2025109019,2025-12-07,13116,64876,13116,2025-12-27,,,Unpaid
CUST505648,Thomasview Systems,Small,FDX2025765442,2025-12-15,2064,7728,4867,2025-12-30,,,Unpaid
CUST695852,Real Manufacturing,Mid,FDX2025697648,2025-12-04,44228,139752,44228,2025-12-24,2025-12-17,44228,Paid
CUST316555,Shaffer-Adams,Small,FDX2025712007,2025-12-16,1136,9996,1136,2025-12-31,2025-12-30,1136,Paid
CUST405875,Keller Group,Mid,FDX2025156570,2025-12-08,66242,224356,129527,2025-12-28,2025-12-28,66242,Paid
CUST743784,Poole Healthcare,Small,FDX2025602831,2025-12-09,5228,13560,5596,2025-12-24,2025-12-24,5228,Paid
CUST302610,"Li, Curry and Nelson",Mid,FDX2025660208,2025-12-05,19036,107505,31469,2025-12-25,2025-12-25,19036,Paid
CUST612094,Success Trading,Small,FDX2025558476,2025-12-04,3046,24515,9909,2025-12-19,,,Unpaid
CUST812048,Hines-Brown,Small,FDX2025291854,2025-12-16,6232,15768,13326,2025-12-31,2025-12-28,6232,Paid
CUST858070,Holloway Ltd,Large,FDX2025856365,2025-12-01,68071,569983,181221,2025-12-31,2025-12-26,68071,Paid
CUST466993,Boyd Medical,Small,FDX2025358291,2025-12-16,11022,41252,11022,2025-12-31,2025-12-24,11022,Paid
CUST167739,Set Enterprises,Mid,FDX2025530313,2025-12-09,43329,188023,118393,2025-12-29,2025-12-28,43329,Paid
CUST205041,Dennis Group,Small,FDX2025468374,2025-12-08,542,9953,4366,2025-12-23,2025-12-20,542,Paid
CUST904934,Kaiser Trading,Mid,FDX2025376487,2025-12-10,30937,173495,30937,2025-12-30,,,Unpaid
CUST553084,Need Pharmaceuticals,Large,FDX2025662346,2025-12-01,64497,338058,185587,2025-12-31,2025-12-30,64497,Paid
CUST904740,Rodgers-Roberts,Mid,FDX2025603843,2025-12-03,6067,58666,21044,2025-12-23,,,Unpaid
CUST499918,One Corporation,Mid,FDX2025881113,2025-12-01,17952,53645,39084,2025-12-21,,,Unpaid
CUST625583,Mikaylashire Logistics,Large,FDX2025375310,2025-12-01,53970,471767,221385,2025-12-31,,,Unpaid
CUST742039,"Foley, Logistics",Mid,FDX2025392003,2025-12-09,18989,179470,66027,2025-12-29,2025-12-26,18989,Paid
CUST662273,"Mccoy, Enterprises",Small,FDX2025927623,2025-12-15,6237,42272,20792,2025-12-30,2025-12-27,6237,Paid
CUST143839,Simmons-Waters Supply,Small,FDX2025387470,2025-12-14,3088,14019,6272,2025-12-29,2025-12-24,3088,Paid
CUST956855,Melendez Group,Mid,FDX2025303204,2025-12-08,40812,166311,40812,2025-12-28,2025-12-28,40812,Paid
CUST948514,Dawson-Schultz,Small,FDX2025151697,2025-12-16,2121,8493,4110,2025-12-31,2025-12-30,2121,Paid
CUST931429,Fastenal Company,Mid,FDX2025155679,2025-12-08,12331,211292,88483,2025-12-28,2025-12-23,12331,Paid
CUST502897,Oil Trading,Small,FDX2025128557,2025-12-06,15406,48550,36141,2025-12-21,,,Unpaid
CUST212527,Day Ltd,Small,FDX2025640110,2025-12-03,4115,13448,4115,2025-12-18,2025-12-15,4115,Paid
CUST714357,Jacksonton Partners,Mid,FDX2025292506,2025-12-05,11076,93517,11076,2025-12-25,2025-12-25,11076,Paid
CUST810053,Harrington Wholesale,Large,FDX2025935110,2025-12-01,38873,361435,38873,2025-12-31,2025-12-28,38873,Paid
CUST415487,Spencer Supply,Mega,FDX2025457801,2025-12-01,119242,1310382,119242,2025-12-31,2025-12-26,119242,Paid
CUST774437,Mcguire Corporation,Small,FDX2025375457,2025-12-12,5633,35609,5633,2025-12-27,,,Unpaid
CUST900008,Ramirez Electronics,Small,FDX2025343425,2025-12-01,10540,47581,10540,2025-12-16,2025-12-15,10540,Paid
CUST303511,Gonzales-Bartlett,Mid,FDX2025636023,2025-12-02,42749,243853,42749,2025-12-22,2025-12-17,42749,Paid
CUST994684,Rachelburgh Medical,Large,FDX2025385393,2025-12-01,70660,443731,269607,2025-12-31,,,Unpaid
CUST922774,Moore Equipment,Small,FDX2025627962,2025-12-02,5135,36737,5489,2025-12-17,,,Unpaid
CUST948143,Kelly and Sons,Small,FDX2025727941,2025-12-07,4611,11727,5054,2025-12-22,2025-12-22,4611,Paid
CUST265871,"Shaw, Wholesale",Small,FDX2025166126,2025-12-10,4419,22949,4419,2025-12-25,2025-12-25,4419,Paid
CUST945067,Patterson Companies,Small,FDX2025863218,2025-12-10,13968,49391,13968,2025-12-25,2025-12-22,13968,Paid
CUST103037,Hood-Mathews Group,Large,FDX2025545865,2025-12-01,54268,257751,166282,2025-12-31,2025-12-28,54268,Paid
CUST269750,Fitzgerald International,Small,FDX2025799362,2025-12-10,8247,21257,13475,2025-12-25,,,Unpaid
CUST409415,Bell Logistics,Large,FDX2025108254,2025-12-01,72844,487791,166633,2025-12-31,2025-12-26,72844,Paid
CUST114357,Else Distribution,Small,FDX2025330364,2025-12-02,7997,22685,7997,2025-12-17,2025-12-12,7997,Paid
CUST624116,"Lambert, Kirby and Williams",Small,FDX2025998808,2025-12-05,2149,6870,3272,2025-12-20,,,Unpaid
CUST566527,"Wallace, Ward and Montes",Mid,FDX2025812334,2025-12-08,48788,211569,48788,2025-12-28,,,Unpaid
CUST459411,"Brooks, Electronics",Small,FDX2025430151,2025-12-03,12877,37652,31650,2025-12-18,,,Unpaid
CUST238104,Carpenter and Sons,Small,FDX2025377947,2025-12-15,10864,38016,14210,2025-12-30,,,Unpaid
CUST814083,"Salinas, Bradshaw and Jarvis",Small,FDX2025870984,2025-12-02,11525,29286,11884,2025-12-17,,,Unpaid
CUST508818,"Gallagher, Smith and Dawson",Small,FDX2025888558,2025-12-11,2366,7008,4395,2025-12-26,,,Unpaid
CUST520319,Lindsey-Mcconnell,Mid,FDX2025996874,2025-12-07,8807,240408,46551,2025-12-27,,,Unpaid
CUST130391,Executive Group,Small,FDX2025552372,2025-12-08,11044,41639,18296,2025-12-23,,,Unpaid
CUST313696,Difficult Equipment,Small,FDX2025506138,2025-12-12,4425,32042,4425,2025-12-27,2025-12-20,4425,Paid
CUST102226,Larson PLC,Small,FDX2025317345,2025-12-11,564,30356,5452,2025-12-26,,,Unpaid
CUST421206,HD Supply Holdings,Small,FDX2025661812,2025-12-05,4120,29244,14587,2025-12-20,2025-12-17,4120,Paid
CUST769315,Henry Schein Inc,Mid,FDX2025760565,2025-12-07,25851,211251,83405,2025-12-27,2025-12-27,25851,Paid
CUST149092,Christinebury Enterprises,Small,FDX2025607141,2025-12-02,9080,37398,9080,2025-12-17,,,Unpaid
CUST337464,Lamb-Salazar,Mega,FDX2025919387,2025-12-01,457491,1967525,1089118,2025-12-31,2025-12-28,457491,Paid
CUST636987,Standard Solutions,Small,FDX2025411004,2025-12-12,8225,31688,8225,2025-12-27,,,Unpaid
CUST274275,Collins Logistics,Small,FDX2025853260,2025-12-16,10037,40910,23855,2025-12-31,,,Unpaid
CUST983769,Glenn Solutions,Large,FDX2025749091,2025-12-01,62835,583034,343106,2025-12-31,2025-12-24,62835,Paid
CUST730577,Tree Company,Small,FDX2025639607,2025-12-03,1068,22530,1556,2025-12-18,2025-12-13,1068,Paid
CUST660776,Kitchen Automotive,Large,FDX2025504812,2025-12-01,173797,635411,173797,2025-12-31,2025-12-26,173797,Paid
CUST156826,Roberts Trading,Mega,FDX2025849948,2025-12-01,104551,1832367,104551,2025-12-31,,,Unpaid
CUST770767,Jenniferport Industries,Mid,FDX2025226294,2025-12-11,17366,115437,57851,2025-12-31,2025-12-24,17366,Paid
CUST794269,Cooper-Torres Healthcare,Small,FDX2025291842,2025-12-09,4389,36042,4389,2025-12-24,2025-12-21,4389,Paid
CUST407698,Bennett Company,Mid,FDX2025614113,2025-12-05,16995,221695,16995,2025-12-25,2025-12-20,16995,Paid
CUST219143,Matter Pharmaceuticals,Small,FDX2025315971,2025-12-05,10987,33924,11302,2025-12-20,2025-12-19,10987,Paid
CUST528229,Blake Logistics,Small,FDX2025909758,2025-12-06,904,37034,4334,2025-12-21,,,Unpaid
CUST743384,Fear Medical,Mid,FDX2025605234,2025-12-11,38554,182925,84956,2025-12-31,2025-12-28,38554,Paid
CUST635824,Louisiana Corporation,Small,FDX2025116452,2025-12-08,9760,41161,13292,2025-12-23,2025-12-23,9760,Paid
CUST179621,Course Holdings,Small,FDX2025623769,2025-12-13,10700,29454,13966,2025-12-28,,,Unpaid
CUST456760,Chapmanside Corporation,Mid,FDX2025672290,2025-12-06,68431,206861,124474,2025-12-26,,,Unpaid
CUST662736,Hawaii Manufacturing,Large,FDX2025812986,2025-12-01,11656,463608,11656,2025-12-31,2025-12-28,11656,Paid
CUST642976,"Hudson, Solutions",Large,FDX2025765844,2025-12-01,182841,642615,313313,2025-12-31,2025-12-30,182841,Paid
CUST728358,"Mora, King and Richardson",Large,FDX2025182226,2025-12-01,171303,582268,171303,2025-12-31,,,Unpaid
CUST854944,Montgomery Corporation,Large,FDX2025418259,2025-12-01,122927,533958,345427,2025-12-31,2025-12-31,122927,Paid
CUST916919,Thomasmouth Services,Small,FDX2025238202,2025-12-08,7778,27747,11947,2025-12-23,2025-12-20,7778,Paid
CUST951639,Bruce Services,Small,FDX2025262005,2025-12-12,6947,25613,16363,2025-12-27,,,Unpaid
CUST460593,WW Grainger Inc,Small,FDX2025684393,2025-12-01,13519,37651,28280,2025-12-16,,,Unpaid
CUST962518,Single Enterprises,Small,FDX2025175020,2025-12-06,542,33461,6344,2025-12-21,2025-12-16,542,Paid
CUST111262,Williams-Foster,Small,FDX2025120249,2025-12-12,4396,11447,9365,2025-12-27,2025-12-20,4396,Paid
CUST376790,Third Electronics,Large,FDX2025456366,2025-12-01,119712,705469,119712,2025-12-31,2025-12-31,119712,Paid
CUST314372,Morning Systems,Small,FDX2025334432,2025-12-13,565,26119,13056,2025-12-28,2025-12-25,565,Paid
CUST164619,Weight Partners,Mid,FDX2025501896,2025-12-02,46443,164216,46443,2025-12-22,,,Unpaid
CUST836984,"Carlson, Solutions",Mid,FDX2025805856,2025-12-07,29986,236696,29986,2025-12-27,,,Unpaid
CUST335619,Alaska Solutions,Small,FDX2025941002,2025-12-09,687,9777,3730,2025-12-24,,,Unpaid
CUST379545,Duncan International,Small,FDX2025508141,2025-12-07,923,8084,923,2025-12-22,2025-12-22,923,Paid
CUST566653,Tran Company,Small,FDX2025494077,2025-12-04,10543,29942,24962,2025-12-19,2025-12-18,10543,Paid
CUST754119,"Ward, International",Mega,FDX2025764179,2025-12-01,206792,1355997,455673,2025-12-31,2025-12-30,206792,Paid
CUST823097,Education Enterprises,Small,FDX2025162271,2025-12-14,8668,42303,21318,2025-12-29,,,Unpaid
CUST839534,White Supply,Mid,FDX2025262484,2025-12-04,5908,157327,30287,2025-12-24,,,Unpaid
CUST292668,"Murray, Owens and Olsen",Large,FDX2025619968,2025-12-01,49213,431574,192920,2025-12-31,2025-12-28,49213,Paid
CUST807416,Lewis Logistics,Large,FDX2025752159,2025-12-01,126896,597757,126896,2025-12-31,,,Unpaid
CUST834723,Cox-Munoz,Small,FDX2025426007,2025-12-14,1898,37276,8866,2025-12-29,2025-12-29,1898,Paid
CUST861775,Johnson-Shelton Wholesale,Small,FDX2025357254,2025-12-01,17528,44444,20028,2025-12-16,2025-12-11,17528,Paid
CUST773365,Several International,Mid,FDX2025220470,2025-12-06,3756,214657,29685,2025-12-26,2025-12-23,3756,Paid
CUST161005,Hansen Corporation,Large,FDX2025559621,2025-12-01,26409,379420,26409,2025-12-31,2025-12-30,26409,Paid
CUST874484,Christophermouth Industries,Large,FDX2025454629,2025-12-01,44500,335986,44500,2025-12-31,2025-12-24,44500,Paid
CUST867329,Bowman-Preston Automotive,Mega,FDX2025135596,2025-12-01,208481,1879441,208481,2025-12-31,2025-12-30,208481,Paid
CUST225817,Mckinney-Barry,Mid,FDX2025173213,2025-12-09,31847,194494,99941,2025-12-29,2025-12-26,31847,Paid
CUST331879,Burns-Moore Manufacturing,Large,FDX2025204753,2025-12-01,33492,634428,33492,2025-12-31,2025-12-28,33492,Paid
CUST263136,Washington Company,Large,FDX2025179664,2025-12-01,134646,585356,317741,2025-12-31,2025-12-26,134646,Paid
CUST980785,Lucas Holdings,Mid,FDX2025537874,2025-12-11,20288,95269,20288,2025-12-31,2025-12-31,20288,Paid
CUST623226,Oregon Equipment,Mid,FDX2025862881,2025-12-11,33232,184666,33232,2025-12-31,,,Unpaid
CUST431499,Nielsen Ltd,Small,FDX2025299672,2025-12-10,2485,29329,2485,2025-12-25,,,Unpaid
CUST232603,Marks PLC,Mid,FDX2025778828,2025-12-11,22053,155154,22053,2025-12-31,,,Unpaid
CUST197677,Andrewland Trading,Small,FDX2025185402,2025-12-10,5783,15594,11176,2025-12-25,,,Unpaid
CUST934628,Institution Company,Small,FDX2025459413,2025-12-16,1075,44902,1075,2025-12-31,,,Unpaid
CUST838781,Four Group,Small,FDX2025789210,2025-12-12,1740,22783,1740,2025-12-27,,,Unpaid
CUST258565,Recent Distribution,Small,FDX2025253635,2025-12-01,12229,38422,29612,2025-12-16,2025-12-16,12229,Paid
CUST687183,White-Griffith,Mid,FDX2025995029,2025-12-04,58721,208497,133673,2025-12-24,2025-12-24,58721,Paid
CUST304761,Watkins-Schultz Automotive,Small,FDX2025171175,2025-12-15,1007,43529,1007,2025-12-30,,,Unpaid
CUST372849,Share Healthcare,Large,FDX2025230464,2025-12-01,59785,685144,160103,2025-12-31,2025-12-30,59785,Paid
CUST441209,Francis Services,Small,FDX2025576461,2025-12-11,5988,28278,13731,2025-12-26,2025-12-25,5988,Paid
CUST562517,Jones Pharmaceuticals,Mid,FDX2025157394,2025-12-03,16182,156593,16182,2025-12-23,,,Unpaid
CUST139572,Schroeder Materials,Small,FDX2025417797,2025-12-09,1874,23587,7117,2025-12-24,2025-12-24,1874,Paid
CUST535197,Sosashire Holdings,Small,FDX2025165058,2025-12-02,4887,14578,4887,2025-12-17,,,Unpaid
CUST184461,Decker Medical,Mega,FDX2025870919,2025-12-01,94226,2538344,94226,2025-12-31,,,Unpaid
CUST171484,Cruz-Jackson,Small,FDX2025931730,2025-12-11,3558,10925,3558,2025-12-26,,,Unpaid
CUST130099,Modern Supply,Small,FDX2025192383,2025-12-12,6120,23549,14405,2025-12-27,2025-12-26,6120,Paid
CUST554308,Agency Medical,Large,FDX2025146865,2025-12-01,27508,353079,27508,2025-12-31,2025-12-26,27508,Paid
CUST232018,Whether Company,Mid,FDX2025757825,2025-12-07,35409,185266,84180,2025-12-27,,,Unpaid
CUST598702,Night Manufacturing,Small,FDX2025581213,2025-12-13,3023,7854,3454,2025-12-28,,,Unpaid
CUST691523,Police Electronics,Large,FDX2025665665,2025-12-01,60095,455333,127688,2025-12-31,,,Unpaid
CUST281140,Mendezton Manufacturing,Mid,FDX2025399286,2025-12-07,58218,183202,119196,2025-12-27,2025-12-22,58218,Paid
CUST460772,Gilmore Supply,Mid,FDX2025619358,2025-12-07,29250,114898,78174,2025-12-27,2025-12-26,29250,Paid
CUST402124,Ryanfort Electronics,Large,FDX2025844520,2025-12-01,138273,483718,208142,2025-12-31,,,Unpaid
CUST945879,Nicholasmouth Partners,Large,FDX2025122896,2025-12-01,53174,435023,118445,2025-12-31,2025-12-24,53174,Paid
CUST393954,Benson Systems,Small,FDX2025921005,2025-12-01,3020,9976,3020,2025-12-16,2025-12-09,3020,Paid
CUST448086,Davis-Hooper,Small,FDX2025889731,2025-12-09,8749,42726,26841,2025-12-24,2025-12-19,8749,Paid
CUST340124,Smithmouth Manufacturing,Large,FDX2025913529,2025-12-01,143523,560074,377505,2025-12-31,2025-12-26,143523,Paid
CUST894239,Harris-Williams Holdings,Small,FDX2025797592,2025-12-16,2791,40799,2791,2025-12-31,,,Unpaid
CUST344702,Mooreton Distribution,Large,FDX2025962057,2025-12-01,61348,621603,300186,2025-12-31,2025-12-24,61348,Paid
CUST197419,Lead Group,Small,FDX2025296606,2025-12-05,7621,25828,12554,2025-12-20,2025-12-13,7621,Paid
CUST776840,"Conway, Nguyen and White",Mid,FDX2025950714,2025-12-09,59161,241374,143261,2025-12-29,,,Unpaid
CUST978966,"Lopez, Nelson and Wallace",Large,FDX2025816676,2025-12-01,48304,460364,227727,2025-12-31,2025-12-24,48304,Paid
CUST368939,"Rogers, Automotive",Small,FDX2025761522,2025-12-10,1010,24205,1010,2025-12-25,2025-12-20,1010,Paid
CUST719605,Fletcher and Sons,Small,FDX2025799802,2025-12-10,16216,41648,16216,2025-12-25,2025-12-20,16216,Paid
CUST837633,"Taylor, Automotive",Small,FDX2025656459,2025-12-03,17089,46294,17089,2025-12-18,,,Unpaid
CUST322314,Role Medical,Small,FDX2025611474,2025-12-01,2626,22189,8952,2025-12-16,2025-12-09,2626,Paid
CUST222835,Official Medical,Small,FDX2025191210,2025-12-02,2668,16100,9900,2025-12-17,,,Unpaid
CUST264190,Why Industries,Small,FDX2025808906,2025-12-04,6311,49167,17235,2025-12-19,2025-12-19,6311,Paid
CUST591579,"Dunn, Medical",Small,FDX2025221336,2025-12-09,2199,34496,15044,2025-12-24,2025-12-19,2199,Paid
CUST647996,Williams Pharmaceuticals,Small,FDX2025247336,2025-12-03,8857,41022,20725,2025-12-18,2025-12-15,8857,Paid
CUST629447,Bryan Inc,Mid,FDX2025343608,2025-12-09,38662,221283,69395,2025-12-29,,,Unpaid
CUST747870,"Gutierrez, Mccarthy and Rivera",Mid,FDX2025545198,2025-12-08,16922,76445,29291,2025-12-28,2025-12-21,16922,Paid
CUST761331,Rhodes Materials,Mid,FDX2025779396,2025-12-08,38529,166793,38529,2025-12-28,,,Unpaid
CUST346363,Big Supply,Small,FDX2025443413,2025-12-14,4282,25024,4282,2025-12-29,2025-12-24,4282,Paid
CUST653028,Various Company,Small,FDX2025649431,2025-12-16,2609,16984,8064,2025-12-31,2025-12-24,2609,Paid
CUST541640,Amount Electronics,Mid,FDX2025295181,2025-12-11,20287,111224,56089,2025-12-31,,,Unpaid
CUST385161,Hatfield LLC,Small,FDX2025847479,2025-12-03,5466,20005,5466,2025-12-18,,,Unpaid
CUST772357,"Campos, Technologies",Mid,FDX2025317019,2025-12-07,14170,107434,50619,2025-12-27,2025-12-27,14170,Paid
CUST661145,Bowers-Hoover,Small,FDX2025370389,2025-12-05,755,7196,755,2025-12-20,2025-12-15,755,Paid
CUST169919,Pattern Pharmaceuticals,Mid,FDX2025744064,2025-12-05,20401,121259,52261,2025-12-25,,,Unpaid
CUST265008,Jackson-Collins,Mid,FDX2025547527,2025-12-07,38267,196960,64028,2025-12-27,,,Unpaid
CUST784822,Through Trading,Large,FDX2025321088,2025-12-01,33776,528280,141971,2025-12-31,2025-12-28,33776,Paid
CUST720037,"Werner, Clark and Marsh",Large,FDX2025373023,2025-12-01,107488,386700,218553,2025-12-31,,,Unpaid
CUST618538,Reyes-Savage,Small,FDX2025313032,2025-12-03,18068,48708,32816,2025-12-18,,,Unpaid
CUST514334,Khan Automotive,Mid,FDX2025403615,2025-12-04,62940,181389,62940,2025-12-24,2025-12-24,62940,Paid
CUST580739,Community Solutions,Small,FDX2025293370,2025-12-04,3859,40285,3859,2025-12-19,,,Unpaid
CUST131377,"Strong, Systems",Small,FDX2025386402,2025-12-06,10831,31652,10831,2025-12-21,2025-12-21,10831,Paid
CUST295330,Finally Equipment,Mid,FDX2025509102,2025-12-09,42580,175261,92609,2025-12-29,2025-12-22,42580,Paid
CUST550517,Bellbury Partners,Small,FDX2025740650,2025-12-09,1762,10224,1762,2025-12-24,2025-12-19,1762,Paid
CUST894019,Fosterborough Company,Small,FDX2025451445,2025-12-01,5636,16310,5636,2025-12-16,2025-12-11,5636,Paid
CUST250684,Hallmouth Industries,Mid,FDX2025411758,2025-12-11,43121,151679,43121,2025-12-31,2025-12-31,43121,Paid
CUST330941,Pearson LLC,Large,FDX2025467355,2025-12-01,37431,319557,90069,2025-12-31,2025-12-30,37431,Paid
CUST260753,Hughes-Thomas Industries,Small,FDX2025565286,2025-12-05,4700,39530,14860,2025-12-20,,,Unpaid
CUST126469,Richardson Wholesale,Mega,FDX2025314190,2025-12-01,105692,1366947,644483,2025-12-31,,,Unpaid
CUST184666,Rodriguez Electronics,Small,FDX2025725006,2025-12-07,8973,40180,8973,2025-12-22,2025-12-19,8973,Paid
CUST827186,Sysco Corporation,Small,FDX2025607235,2025-12-01,12907,41199,31266,2025-12-16,2025-12-13,12907,Paid
CUST373965,Reevesborough Materials,Small,FDX2025167397,2025-12-01,3376,18589,3376,2025-12-16,,,Unpaid
CUST384289,Potter Electronics,Mid,FDX2025243228,2025-12-08,34113,100062,34113,2025-12-28,2025-12-21,34113,Paid
CUST519234,Wyoming Partners,Small,FDX2025110232,2025-12-08,8544,46556,8544,2025-12-23,,,Unpaid
CUST215475,"Logan, Murray and Fisher",Mid,FDX2025842333,2025-12-04,47796,162510,89614,2025-12-24,2025-12-17,47796,Paid
CUST630772,Johnfort Trading,Small,FDX2025417360,2025-12-07,3426,14646,10052,2025-12-22,2025-12-22,3426,Paid
CUST709221,Ballard-Grant,Small,FDX2025808450,2025-12-09,12368,33087,21508,2025-12-24,,,Unpaid
CUST508008,Flores Inc,Mid,FDX2025304979,2025-12-09,16040,69491,20712,2025-12-29,,,Unpaid
CUST163812,Nguyen Equipment,Large,FDX2025593319,2025-12-01,46033,487457,50072,2025-12-31,2025-12-26,46033,Paid
CUST247216,Ryder System Inc,Large,FDX2025787542,2025-12-01,54078,475701,96953,2025-12-31,,,Unpaid
CUST719271,Ponce Corporation,Large,FDX2025314198,2025-12-01,76287,634237,259979,2025-12-31,,,Unpaid
CUST458496,Woods Group,Mid,FDX2025381568,2025-12-08,2316,62030,2316,2025-12-28,2025-12-21,2316,Paid
CUST221961,Among Wholesale,Large,FDX2025225863,2025-12-01,115556,552522,115556,2025-12-31,2025-12-30,115556,Paid
CUST519784,Jeffersonshire Company,Mega,FDX2025309998,2025-12-01,161118,2919660,1113876,2025-12-31,2025-12-24,161118,Paid
CUST819274,Possible Healthcare,Small,FDX2025717279,2025-12-06,4272,22064,13870,2025-12-21,2025-12-20,4272,Paid
CUST792492,Schwartz Ltd,Small,FDX2025102126,2025-12-10,5479,40843,19612,2025-12-25,,,Unpaid
CUST521872,Lane Group,Small,FDX2025423313,2025-12-11,7121,41037,14452,2025-12-26,2025-12-23,7121,Paid
CUST361302,Most Manufacturing,Small,FDX2025828740,2025-12-02,12127,48066,12127,2025-12-17,2025-12-14,12127,Paid
CUST341033,James Healthcare,Large,FDX2025493990,2025-12-01,133030,569471,332893,2025-12-31,,,Unpaid
CUST931123,"Juarez, Gallegos and Villanueva",Small,FDX2025854379,2025-12-03,3849,14952,3849,2025-12-18,2025-12-11,3849,Paid
CUST304358,Booker Partners,Small,FDX2025807660,2025-12-16,2678,49798,2678,2025-12-31,2025-12-28,2678,Paid
CUST461853,Lauratown Corporation,Large,FDX2025297927,2025-12-01,45243,305607,147708,2025-12-31,2025-12-30,45243,Paid
CUST778584,Heath-Carr Distribution,Small,FDX2025683499,2025-12-16,3120,17855,4866,2025-12-31,,,Unpaid
CUST762378,Brother Medical,Small,FDX2025781162,2025-12-07,4798,31120,15723,2025-12-22,2025-12-15,4798,Paid
CUST796127,Here Equipment,Mega,FDX2025552724,2025-12-01,436660,2260614,1018341,2025-12-31,2025-12-28,436660,Paid
CUST952068,"Bryant, Olson and Williams",Mid,FDX2025581401,2025-12-01,24496,90869,24496,2025-12-21,2025-12-14,24496,Paid
CUST702003,Mckee International,Mid,FDX2025210304,2025-12-02,58536,167348,122290,2025-12-22,2025-12-19,58536,Paid
CUST517539,Near Enterprises,Small,FDX2025276245,2025-12-16,4346,33978,9721,2025-12-31,2025-12-28,4346,Paid
CUST349959,Holden-Ali,Small,FDX2025841455,2025-12-06,4805,20393,8520,2025-12-21,,,Unpaid
CUST800086,Vang-Johnson,Small,FDX2025105471,2025-12-16,9294,27610,9294,2025-12-31,2025-12-31,9294,Paid
CUST433166,Delaware Distribution,Small,FDX2025492857,2025-12-09,10628,28343,22016,2025-12-24,,,Unpaid
CUST697106,Baker-Williams Supply,Large,FDX2025187461,2025-12-01,90549,365515,143755,2025-12-31,2025-12-26,90549,Paid
CUST388689,Fosterfort Manufacturing,Small,FDX2025936845,2025-12-03,3010,14766,6834,2025-12-18,2025-12-11,3010,Paid
CUST129469,Williams-Thomas Partners,Mid,FDX2025937469,2025-12-10,2282,245398,58651,2025-12-30,2025-12-30,2282,Paid
CUST586045,Hobbs Pharmaceuticals,Mid,FDX2025149379,2025-12-11,42988,166956,71399,2025-12-31,,,Unpaid
CUST625769,Howell-Tapia Logistics,Mega,FDX2025145086,2025-12-01,150332,2761535,150332,2025-12-31,2025-12-24,150332,Paid
CUST746874,Andrews International,Mega,FDX2025565139,2025-12-01,268629,2199518,401625,2025-12-31,2025-12-30,268629,Paid
CUST373971,Wagner Industries,Small,FDX2025480212,2025-12-01,7760,31458,15308,2025-12-16,,,Unpaid
CUST443389,Donovan Services,Large,FDX2025122807,2025-12-01,27864,668996,27864,2025-12-31,2025-12-26,27864,Paid
CUST118854,Computer Logistics,Mid,FDX2025209057,2025-12-06,78049,232396,171219,2025-12-26,2025-12-21,78049,Paid
CUST224474,"Brady, Dean and Payne",Mid,FDX2025614563,2025-12-02,64192,224232,64192,2025-12-22,2025-12-17,64192,Paid
CUST280275,"Herman, Williams and Francis",Small,FDX2025312242,2025-12-01,6268,26143,14950,2025-12-16,2025-12-09,6268,Paid
CUST409347,Capital Trading,Small,FDX2025657301,2025-12-14,8226,31360,15082,2025-12-29,2025-12-26,8226,Paid
CUST416747,Cook Company,Mid,FDX2025900826,2025-12-07,40474,158918,40474,2025-12-27,,,Unpaid
CUST669693,Cover Holdings,Mid,FDX2025809793,2025-12-10,61599,200696,139514,2025-12-30,,,Unpaid
CUST849968,Wind Healthcare,Mid,FDX2025654971,2025-12-02,33059,154462,42686,2025-12-22,2025-12-19,33059,Paid
CUST301626,Tuckerfurt Holdings,Small,FDX2025378644,2025-12-13,3746,23489,13751,2025-12-28,2025-12-27,3746,Paid
CUST644442,Stout Equipment,Small,FDX2025168853,2025-12-15,5962,18096,9132,2025-12-30,2025-12-27,5962,Paid
CUST271935,Hernandez-Williams Automotive,Mid,FDX2025571603,2025-12-05,9581,191418,101291,2025-12-25,2025-12-18,9581,Paid
CUST786685,Briggsbury Pharmaceuticals,Small,FDX2025343039,2025-12-06,5171,39945,12599,2025-12-21,,,Unpaid
CUST883902,Enjoy Electronics,Small,FDX2025431833,2025-12-04,11834,31815,18527,2025-12-19,,,Unpaid
CUST672383,"Adams, Technologies",Small,FDX2025242806,2025-12-06,2397,6330,3841,2025-12-21,2025-12-18,2397,Paid
CUST439035,Decade Wholesale,Small,FDX2025821686,2025-12-02,16110,49888,16110,2025-12-17,,,Unpaid
CUST949671,Baby Supply,Small,FDX2025201772,2025-12-15,9537,28728,9537,2025-12-30,2025-12-30,9537,Paid
CUST903599,"White, Welch and Turner",Mid,FDX2025393928,2025-12-07,75485,235340,75485,2025-12-27,,,Unpaid
CUST860623,Phillips-Lee Group,Small,FDX2025331611,2025-12-11,9254,29729,22709,2025-12-26,,,Unpaid
CUST185824,Ohio Partners,Small,FDX2025467478,2025-12-16,16406,42043,29079,2025-12-31,,,Unpaid
CUST400710,Calderon Technologies,Mid,FDX2025500213,2025-12-10,13313,226650,102326,2025-12-30,2025-12-30,13313,Paid
CUST742270,Arnold-Boyd Enterprises,Mid,FDX2025173132,2025-12-10,7945,211402,7945,2025-12-30,,,Unpaid
CUST463252,Hartmanside Automotive,Small,FDX2025901829,2025-12-10,1906,18449,1906,2025-12-25,,,Unpaid
CUST950929,Camera Manufacturing,Small,FDX2025658237,2025-12-03,7429,30747,10698,2025-12-18,2025-12-18,7429,Paid
CUST689930,Allenland International,Small,FDX2025812929,2025-12-07,4992,20111,4992,2025-12-22,,,Unpaid
CUST843273,"Cohen, Logistics",Mid,FDX2025956711,2025-12-05,22140,73249,22140,2025-12-25,2025-12-25,22140,Paid
CUST264007,"Arellano, Bishop and Cook",Small,FDX2025268581,2025-12-07,3652,16786,3652,2025-12-22,2025-12-17,3652,Paid
CUST865827,Nevada Healthcare,Small,FDX2025593753,2025-12-14,8320,28576,12134,2025-12-29,,,Unpaid
CUST732667,Morgan Materials,Mid,FDX2025896816,2025-12-01,14438,75848,44639,2025-12-21,,,Unpaid
CUST958613,"Peterson, Huang and Taylor",Small,FDX2025725008,2025-12-16,2955,23087,10268,2025-12-31,2025-12-26,2955,Paid
CUST238699,Shelton Holdings,Small,FDX2025894611,2025-12-13,6591,18474,11745,2025-12-28,2025-12-21,6591,Paid
CUST464604,Reveal Corporation,Small,FDX2025150109,2025-12-08,4368,14046,4368,2025-12-23,,,Unpaid
CUST214115,Leon International,Small,FDX2025231492,2025-12-07,4489,26368,4489,2025-12-22,,,Unpaid
CUST693137,Oklahoma Services,Small,FDX2025392068,2025-12-02,13457,41481,13457,2025-12-17,,,Unpaid
CUST490677,Thomas-Lopez International,Mid,FDX2025665375,2025-12-07,39633,220472,68692,2025-12-27,2025-12-27,39633,Paid
CUST696410,Fire Services,Small,FDX2025708312,2025-12-14,1774,35734,10442,2025-12-29,2025-12-29,1774,Paid
CUST414878,Oneal International,Small,FDX2025696754,2025-12-16,925,6610,3401,2025-12-31,2025-12-26,925,Paid
CUST345210,Warren-Chase Medical,Large,FDX2025771048,2025-12-01,62803,384718,62803,2025-12-31,2025-12-28,62803,Paid
CUST466569,Itself International,Large,FDX2025323307,2025-12-01,103024,423419,237081,2025-12-31,2025-12-28,103024,Paid
CUST472518,Hart Healthcare,Large,FDX2025273461,2025-12-01,42853,290316,154608,2025-12-31,2025-12-24,42853,Paid
CUST719123,Hansenmouth Corporation,Large,FDX2025139616,2025-12-01,113290,519916,113290,2025-12-31,2025-12-24,113290,Paid
CUST224763,Young-Willis Electronics,Small,FDX2025596401,2025-12-04,1761,6185,1761,2025-12-19,,,Unpaid
CUST256524,Eat Materials,Mid,FDX2025397620,2025-12-05,44009,136220,107106,2025-12-25,,,Unpaid
CUST671876,Everybody Holdings,Mega,FDX2025943142,2025-12-01,172625,2748483,661678,2025-12-31,2025-12-24,172625,Paid
CUST433571,Yes Services,Mid,FDX2025500808,2025-12-10,8732,82625,8732,2025-12-30,,,Unpaid
CUST854914,Eight Equipment,Mid,FDX2025281050,2025-12-01,36388,133327,84020,2025-12-21,2025-12-18,36388,Paid
CUST625473,Hectorport Automotive,Small,FDX2025543009,2025-12-03,4796,30323,9536,2025-12-18,2025-12-11,4796,Paid
CUST630209,Term Technologies,Mid,FDX2025328318,2025-12-01,37297,140757,56117,2025-12-21,,,Unpaid
CUST134453,Jones-Reyes Partners,Mid,FDX2025819519,2025-12-05,27874,86534,43922,2025-12-25,,,Unpaid
CUST475841,"Perry, Brown and Griffith",Mid,FDX2025136506,2025-12-06,17538,80275,44444,2025-12-26,2025-12-26,17538,Paid
CUST816916,"Ramsey, Technologies",Mid,FDX2025512585,2025-12-09,45322,168109,45322,2025-12-29,2025-12-28,45322,Paid
CUST556159,"Bell, Carter and Carpenter",Small,FDX2025108207,2025-12-04,700,33731,13515,2025-12-19,,,Unpaid
CUST299300,Lee Medical,Large,FDX2025122253,2025-12-01,82519,312831,82519,2025-12-31,2025-12-30,82519,Paid
CUST390024,Joneston Technologies,Small,FDX2025294397,2025-12-11,3669,24385,8262,2025-12-26,,,Unpaid
CUST500263,Hudsonport Medical,Small,FDX2025246581,2025-12-04,14760,39853,14760,2025-12-19,2025-12-18,14760,Paid
CUST388244,Fall Equipment,Small,FDX2025628738,2025-12-16,5001,13561,5001,2025-12-31,2025-12-24,5001,Paid
CUST211619,Suffer Trading,Small,FDX2025115716,2025-12-13,3571,21444,3571,2025-12-28,2025-12-27,3571,Paid
CUST572598,"Jenkins, Trading",Large,FDX2025135926,2025-12-01,19529,257606,19529,2025-12-31,2025-12-28,19529,Paid
CUST522526,Daniels Pharmaceuticals,Small,FDX2025896337,2025-12-04,4861,38110,13761,2025-12-19,2025-12-14,4861,Paid
CUST221102,Vargas Supply,Mega,FDX2025319854,2025-12-01,68423,1441947,301903,2025-12-31,,,Unpaid
CUST383471,Reedmouth Group,Small,FDX2025801779,2025-12-03,7411,20473,7411,2025-12-18,2025-12-15,7411,Paid
CUST765215,Carlson-Wallace Services,Small,FDX2025881011,2025-12-03,4115,17127,4115,2025-12-18,2025-12-17,4115,Paid
CUST272964,"Lloyd, Sandoval and Hinton",Small,FDX2025551209,2025-12-02,645,10270,2964,2025-12-17,2025-12-16,645,Paid
CUST633869,Father Trading,Small,FDX2025614228,2025-12-06,5091,39351,17742,2025-12-21,2025-12-18,5091,Paid
CUST417322,Meyer Industries,Mid,FDX2025169005,2025-12-08,10310,59215,10310,2025-12-28,2025-12-23,10310,Paid
CUST631960,Environment Medical,Mid,FDX2025207272,2025-12-09,6880,189703,57364,2025-12-29,2025-12-24,6880,Paid
CUST271833,Bright Electronics,Small,FDX2025470375,2025-12-08,3856,27464,3856,2025-12-23,2025-12-22,3856,Paid
CUST107737,Christinaville Healthcare,Small,FDX2025665278,2025-12-08,1772,5709,1772,2025-12-23,,,Unpaid
CUST541056,Moss Logistics,Mega,FDX2025499166,2025-12-01,431393,2900618,431393,2025-12-31,,,Unpaid
CUST499559,Barr Trading,Small,FDX2025353765,2025-12-04,5774,47234,14129,2025-12-19,2025-12-12,5774,Paid
CUST849342,Guzman Company,Mega,FDX2025950504,2025-12-01,108999,2332647,459271,2025-12-31,2025-12-24,108999,Paid
CUST622418,Haynes Group,Small,FDX2025933411,2025-12-02,2125,15447,4712,2025-12-17,2025-12-12,2125,Paid
CUST276681,Williams-Nunez,Large,FDX2025182417,2025-12-01,85324,741407,256652,2025-12-31,2025-12-26,85324,Paid
CUST666545,Andersontown Electronics,Mid,FDX2025188828,2025-12-09,5896,103116,36638,2025-12-29,2025-12-28,5896,Paid
CUST149665,Scott Electronics,Mega,FDX2025543733,2025-12-01,306541,1532335,524604,2025-12-31,2025-12-30,306541,Paid
CUST624401,Ryan LLC,Small,FDX2025395816,2025-12-12,3603,11563,3603,2025-12-27,2025-12-22,3603,Paid
CUST617141,Smithport Partners,Mid,FDX2025394048,2025-12-05,10078,70733,15152,2025-12-25,2025-12-18,10078,Paid
