invoice_id,customer_id,customer_name,business_segment,invoice_date,invoice_amount,credit_limit,credit_used,due_date,payment_terms_days,grace_period_days,handover_date,payment_date,handover_eligibility
FDX20251020136,CUST770487,Rodriguez-Cook,Small,2026-01-09,21889,131216,45496,2026-01-19,10,7,2026-01-26,,IN_GRACE
FDX20258239315,CUST216739,Bowers-Spears,Small,2025-12-25,26713,148899,79694,2026-01-04,10,7,2026-01-11,2026-01-07,RESOLVED_IN_GRACE
FDX20259758448,CUST126225,Shah LLC,Large,2025-12-17,15553,86024,66135,2026-01-11,25,20,2026-01-31,,ELIGIBLE
FDX20258057906,CUST877572,Bradley-Bowen,Small,2025-12-22,48530,150598,145483,2026-01-01,10,7,2026-01-08,2026-01-06,RESOLVED_IN_GRACE
FDX20257213902,CUST388389,Thomas-Guerra,Small,2025-12-24,32801,166883,152433,2026-01-03,10,7,2026-01-10,,ELIGIBLE
FDX20251728773,CUST356787,Jones-Rowland,Small,2026-01-13,16924,49110,31814,2026-01-23,10,7,2026-01-30,,ELIGIBLE
FDX20259888846,CUST334053,"Klein, Anderson and Hodges",Small,2025-12-28,15685,76431,72639,2026-01-07,10,7,2026-01-14,2026-01-10,RESOLVED_IN_GRACE
FDX20258196691,CUST246316,Solis-King,Large,2025-12-10,51526,240900,233577,2026-01-04,25,20,2026-01-24,,IN_GRACE
FDX20254850140,CUST872246,Rogers-Booker,Mid,2026-01-03,11643,47001,44841,2026-01-18,15,12,2026-01-30,,IN_GRACE
FDX20259088689,CUST207473,Peters-Hutchinson,Large,2025-12-01,33960,178964,73867,2025-12-26,25,20,2026-01-15,2026-01-02,RESOLVED_IN_GRACE
FDX20257396087,CUST809570,Montgomery-Martin,Small,2026-01-14,53455,280478,269116,2026-01-24,10,7,2026-01-31,,IN_GRACE
FDX20256880713,CUST876646,Coleman-Perez,Large,2025-12-04,24371,129877,73669,2025-12-29,25,20,2026-01-18,,IN_GRACE
FDX20252639417,CUST671858,Chavez-Martinez,Small,2026-01-10,57718,230689,121576,2026-01-20,10,7,2026-01-27,,IN_GRACE
FDX20258138527,CUST191161,Martin-Smith,Small,2026-01-13,56261,303635,96482,2026-01-23,10,7,2026-01-30,,IN_GRACE
FDX20253246185,CUST719176,Russell-Moore,Small,2026-01-02,58238,271204,230952,2026-01-12,10,7,2026-01-19,,ELIGIBLE
FDX20255270103,CUST542417,Hughes-Haynes,Small,2025-12-27,54719,238514,199791,2026-01-06,10,7,2026-01-13,,IN_GRACE
FDX20259005101,CUST133326,Campbell-Cooper,Mid,2025-12-30,31203,165010,55448,2026-01-14,15,12,2026-01-26,,ELIGIBLE
FDX20254900918,CUST131244,Gomez-Fisher,Mega,2025-12-01,18590,92435,28845,2026-01-05,35,30,2026-02-04,,ELIGIBLE
FDX20252406225,CUST198246,Mcdonald-Kelly,Large,2025-12-01,17322,61227,55103,2025-12-26,25,20,2026-01-15,,ELIGIBLE
FDX20255752426,CUST329258,Green-Zavala,Mid,2026-01-01,14656,44790,43968,2026-01-16,15,12,2026-01-28,,IN_GRACE
FDX20257855954,CUST343962,Nunez-Morales,Small,2026-01-13,51641,255351,211275,2026-01-23,10,7,2026-01-30,,IN_GRACE
FDX20255325249,CUST629903,Atkinson-Hebert,Small,2025-12-28,27092,125443,31466,2026-01-07,10,7,2026-01-14,,IN_GRACE
FDX20254171246,CUST731262,Walsh-Robertson,Small,2026-01-12,29708,75038,53647,2026-01-22,10,7,2026-01-29,,ELIGIBLE
FDX20251091762,CUST127824,Snyder-Copeland,Small,2026-01-05,25344,136657,109372,2026-01-15,10,7,2026-01-22,,ELIGIBLE
FDX20251119354,CUST688508,Jones-Guzman,Small,2025-12-27,8136,35992,15639,2026-01-06,10,7,2026-01-13,,ELIGIBLE
FDX20259766777,CUST308496,Wilkinson LLC,Mid,2025-12-12,55551,222613,176794,2025-12-27,15,12,2026-01-08,2026-01-06,RESOLVED_IN_GRACE
FDX20252976835,CUST850800,Ayala-Olson,Mid,2025-12-17,9711,32039,13690,2026-01-01,15,12,2026-01-13,,ELIGIBLE
FDX20259720156,CUST781453,"Sloan, Curtis and Moran",Small,2026-01-02,26966,85273,49182,2026-01-12,10,7,2026-01-19,,IN_GRACE
FDX20251120696,CUST835392,Ramsey-Wiggins,Mid,2026-01-01,3105,14204,12729,2026-01-16,15,12,2026-01-28,,ELIGIBLE
FDX20257291957,CUST671412,Dickson-Palmer,Large,2025-12-12,38022,144332,86648,2026-01-06,25,20,2026-01-26,,IN_GRACE
FDX20254446353,CUST539898,Schroeder-Clark,Small,2025-12-29,50659,195583,153719,2026-01-08,10,7,2026-01-15,2026-01-11,RESOLVED_IN_GRACE
FDX20256299951,CUST331148,Schroeder-Schneider,Small,2025-12-28,27756,96735,86457,2026-01-07,10,7,2026-01-14,,ELIGIBLE
FDX20257859282,CUST571029,Mata-Reyes,Mid,2025-12-27,2520,7965,4944,2026-01-11,15,12,2026-01-23,2026-01-22,RESOLVED_IN_GRACE
FDX20257077878,CUST717889,Meyers-Haney,Mid,2026-01-03,42682,192598,137216,2026-01-18,15,12,2026-01-30,,ELIGIBLE
FDX20252788169,CUST391704,Mccormick-Murphy,Small,2026-01-13,33350,84017,48474,2026-01-23,10,7,2026-01-30,,ELIGIBLE
FDX20253596753,CUST948749,Ellis-Fox,Mid,2026-01-03,40775,164153,73613,2026-01-18,15,12,2026-01-30,,ELIGIBLE
FDX20258148295,CUST106814,Hicks-Fitzgerald,Large,2025-12-11,44846,146801,107162,2026-01-05,25,20,2026-01-25,2026-01-09,RESOLVED_IN_GRACE
FDX20255255251,CUST895667,Lamb-Parker,Mid,2025-12-26,48967,264238,152545,2026-01-10,15,12,2026-01-22,,ELIGIBLE
FDX20255383935,CUST944962,Merritt-Patton,Large,2025-12-13,27552,145320,47332,2026-01-07,25,20,2026-01-27,2026-01-19,RESOLVED_IN_GRACE
FDX20259994347,CUST267414,"Fuentes, Gutierrez and Anthony",Mid,2025-12-26,22612,73063,62217,2026-01-10,15,12,2026-01-22,,ELIGIBLE
FDX20258106183,CUST832052,Woodard PLC,Small,2025-12-25,56140,310336,70495,2026-01-04,10,7,2026-01-11,,ELIGIBLE
FDX20257134489,CUST543143,Rosales-Barry,Mid,2025-12-25,23078,60821,34457,2026-01-09,15,12,2026-01-21,2026-01-16,RESOLVED_IN_GRACE
FDX20255623138,CUST456778,Hooper-Mitchell,Large,2025-12-05,5012,12762,5404,2025-12-30,25,20,2026-01-19,,IN_GRACE
FDX20257668174,CUST391369,Quinn-Nguyen,Small,2026-01-01,45200,134025,59760,2026-01-11,10,7,2026-01-18,,ELIGIBLE
FDX20254417412,CUST263032,Kaufman-Jones,Small,2026-01-01,45227,127585,56127,2026-01-11,10,7,2026-01-18,2026-01-18,RESOLVED_IN_GRACE
FDX20257932818,CUST325772,Williams-Gonzalez,Small,2026-01-13,22910,112866,32583,2026-01-23,10,7,2026-01-30,,ELIGIBLE
FDX20259094465,CUST900581,Sloan-Perry,Small,2025-12-24,28715,81016,67081,2026-01-03,10,7,2026-01-10,2026-01-07,RESOLVED_IN_GRACE
FDX20253998417,CUST452944,Forbes-Harrison,Small,2025-12-27,14117,72113,31020,2026-01-06,10,7,2026-01-13,2026-01-13,RESOLVED_IN_GRACE
FDX20257211142,CUST207175,Mcbride-Braun,Small,2025-12-31,18039,95645,85445,2026-01-10,10,7,2026-01-17,,ELIGIBLE
FDX20259116148,CUST197251,Hernandez-Young,Small,2025-12-27,6867,21732,8304,2026-01-06,10,7,2026-01-13,,ELIGIBLE
FDX20255257682,CUST498382,May-Ray,Mid,2025-12-21,57560,204452,57876,2026-01-05,15,12,2026-01-17,,IN_GRACE
FDX20256144785,CUST201414,Torres-Hayes,Small,2026-01-01,4572,22449,21349,2026-01-11,10,7,2026-01-18,,ELIGIBLE
FDX20256777340,CUST476417,Wade-Delgado,Mid,2025-12-23,10670,39337,28065,2026-01-07,15,12,2026-01-19,,IN_GRACE
FDX20257679508,CUST988662,Porter-Banks,Mid,2025-12-25,57447,223034,155873,2026-01-09,15,12,2026-01-21,2026-01-19,RESOLVED_IN_GRACE
FDX20253316405,CUST460663,May-Johnson,Small,2025-12-27,42426,119495,115915,2026-01-06,10,7,2026-01-13,2026-01-13,RESOLVED_IN_GRACE
FDX20252997927,CUST733052,Ortega-Simmons,Small,2026-01-07,28034,132746,44792,2026-01-17,10,7,2026-01-24,,ELIGIBLE
FDX20254854922,CUST377370,Castro-Vaughn,Small,2026-01-01,14387,80128,42967,2026-01-11,10,7,2026-01-18,,ELIGIBLE
FDX20258492618,CUST946335,Cummings-Hayes,Mid,2025-12-16,6321,17812,10641,2025-12-31,15,12,2026-01-12,2026-01-11,RESOLVED_IN_GRACE
FDX20253714471,CUST145561,"Valenzuela, Meadows and Herman",Mid,2025-12-30,18696,81423,26879,2026-01-14,15,12,2026-01-26,,ELIGIBLE
FDX20252682396,CUST865179,Cook-Freeman,Small,2025-12-28,33861,173291,156073,2026-01-07,10,7,2026-01-14,,ELIGIBLE
FDX20254598010,CUST581741,Sullivan-Curtis,Mid,2025-12-27,42662,170883,124992,2026-01-11,15,12,2026-01-23,,IN_GRACE
FDX20259528589,CUST662275,Townsend-Hooper,Mid,2025-12-13,28546,118918,70097,2025-12-28,15,12,2026-01-09,,ELIGIBLE
FDX20257720296,CUST230889,Hardin-Mckee,Mid,2025-12-27,48989,232307,67393,2026-01-11,15,12,2026-01-23,,IN_GRACE
FDX20256678044,CUST496922,Rice-Hamilton,Small,2025-12-30,41208,139327,57781,2026-01-09,10,7,2026-01-16,,ELIGIBLE
FDX20251873301,CUST182627,Clark-Farrell,Small,2025-12-27,6206,32892,24128,2026-01-06,10,7,2026-01-13,2026-01-08,RESOLVED_IN_GRACE
FDX20253696736,CUST678856,Jordan-Davis,Mid,2025-12-28,59092,184353,61843,2026-01-12,15,12,2026-01-24,,ELIGIBLE
FDX20257528076,CUST407419,Garcia-Alvarado,Mega,2025-12-01,28413,98992,39109,2026-01-05,35,30,2026-02-04,,IN_GRACE
FDX20251088762,CUST969693,"Warner, Smith and Kim",Large,2025-12-01,35989,185292,140226,2025-12-26,25,20,2026-01-15,,IN_GRACE
FDX20252528212,CUST759176,Johnson-Johnston,Large,2025-12-02,55367,213764,87234,2025-12-27,25,20,2026-01-16,2026-01-12,RESOLVED_IN_GRACE
FDX20253438206,CUST748564,"Dennis, Walker and Green",Large,2025-12-12,26692,75004,68508,2026-01-06,25,20,2026-01-26,,ELIGIBLE
FDX20258913286,CUST479201,Tran-Perkins,Mid,2025-12-14,42767,165465,151356,2025-12-29,15,12,2026-01-10,,ELIGIBLE
FDX20258304421,CUST705397,"Barton, Stein and Turner",Small,2026-01-04,3404,11058,4957,2026-01-14,10,7,2026-01-21,,ELIGIBLE
FDX20252478755,CUST301629,Harvey-Armstrong,Mid,2026-01-04,28596,105804,43848,2026-01-19,15,12,2026-01-31,,ELIGIBLE
FDX20252075091,CUST838797,Dixon-Wiggins,Mid,2025-12-30,46738,231234,206003,2026-01-14,15,12,2026-01-26,,ELIGIBLE
FDX20255413951,CUST172933,Anderson-Allen,Mid,2025-12-24,17145,70620,50354,2026-01-08,15,12,2026-01-20,,ELIGIBLE
FDX20254720687,CUST148050,Gutierrez-Ruiz,Small,2026-01-05,13904,55526,54908,2026-01-15,10,7,2026-01-22,,ELIGIBLE
FDX20257221581,CUST793384,Garcia-Jones,Small,2026-01-10,41443,120939,95684,2026-01-20,10,7,2026-01-27,2026-01-27,RESOLVED_IN_GRACE
FDX20252342843,CUST338968,Bautista-Hicks,Mega,2025-12-01,31806,136471,67708,2026-01-05,35,30,2026-02-04,2026-01-06,RESOLVED_IN_GRACE
FDX20251633429,CUST910620,Ochoa-Jackson,Large,2025-12-01,56327,204732,94951,2025-12-26,25,20,2026-01-15,2026-01-03,RESOLVED_IN_GRACE
FDX20257447920,CUST403445,Villa-Dalton,Mid,2026-01-03,52719,283160,227418,2026-01-18,15,12,2026-01-30,,ELIGIBLE
FDX20257721705,CUST183667,Alvarado-White,Small,2026-01-07,5938,33574,29995,2026-01-17,10,7,2026-01-24,,ELIGIBLE
FDX20259741022,CUST996865,"Soto, Alexander and Jones",Small,2026-01-05,16449,84283,40000,2026-01-15,10,7,2026-01-22,,ELIGIBLE
FDX20255806156,CUST344098,Waters-Morrow,Small,2026-01-06,23997,78330,75665,2026-01-16,10,7,2026-01-23,2026-01-21,RESOLVED_IN_GRACE
FDX20251964069,CUST205907,Ryan-Martinez,Small,2026-01-02,11276,54556,41043,2026-01-12,10,7,2026-01-19,,ELIGIBLE
FDX20253940561,CUST498591,Bauer-Ramsey,Small,2026-01-06,8164,26138,20633,2026-01-16,10,7,2026-01-23,2026-01-21,RESOLVED_IN_GRACE
FDX20259294125,CUST391476,Potter-Hernandez,Mega,2025-12-01,17254,73353,55472,2026-01-05,35,30,2026-02-04,,ELIGIBLE
FDX20258364728,CUST575435,"Wright, Hudson and Morris",Mid,2025-12-25,18541,86002,60599,2026-01-09,15,12,2026-01-21,,ELIGIBLE
FDX20251179690,CUST766563,Brooks-George,Small,2026-01-04,56921,185664,179641,2026-01-14,10,7,2026-01-21,,ELIGIBLE
FDX20254384085,CUST974628,Taylor-Reyes,Small,2025-12-24,13722,54819,25846,2026-01-03,10,7,2026-01-10,,ELIGIBLE
FDX20259693169,CUST482554,Fisher-Pruitt,Small,2025-12-24,41798,213146,109237,2026-01-03,10,7,2026-01-10,,IN_GRACE
FDX20255798393,CUST270555,"Wall, Robinson and Robertson",Large,2025-12-07,18417,65786,63230,2026-01-01,25,20,2026-01-21,,IN_GRACE
FDX20254267304,CUST488162,Caldwell-Marsh,Large,2025-12-04,35594,125478,68140,2025-12-29,25,20,2026-01-18,,ELIGIBLE
FDX20251563871,CUST472528,"Savage, Wilson and Roberts",Large,2025-12-01,54022,300151,166535,2025-12-26,25,20,2026-01-15,,ELIGIBLE
FDX20259565571,CUST319684,Hardin-Campbell,Mid,2025-12-21,51749,271487,165783,2026-01-05,15,12,2026-01-17,,ELIGIBLE
FDX20259653916,CUST802729,Benitez-Garcia,Mid,2025-12-29,34746,101671,49969,2026-01-13,15,12,2026-01-25,2026-01-15,RESOLVED_IN_GRACE
FDX20254886793,CUST379946,Schultz-Wilson,Small,2025-12-25,21757,83563,36226,2026-01-04,10,7,2026-01-11,,IN_GRACE
FDX20253843451,CUST835911,Mitchell-Santiago,Small,2026-01-10,4536,18320,8754,2026-01-20,10,7,2026-01-27,,ELIGIBLE
FDX20251605005,CUST816751,Knight-Daugherty,Small,2025-12-25,3093,17644,14685,2026-01-04,10,7,2026-01-11,,ELIGIBLE
FDX20257035435,CUST779514,"Walters, Mcbride and Miller",Large,2025-12-11,35561,92116,56563,2026-01-05,25,20,2026-01-25,,IN_GRACE
FDX20255014060,CUST174870,"Burnett, Ramirez and Harrison",Small,2026-01-05,38326,226803,163867,2026-01-15,10,7,2026-01-22,,ELIGIBLE
FDX20251004819,CUST738720,Jackson-Torres,Mid,2025-12-17,7081,28644,17477,2026-01-01,15,12,2026-01-13,,ELIGIBLE
FDX20253641484,CUST765822,Gamble Inc,Small,2026-01-14,47537,209994,203206,2026-01-24,10,7,2026-01-31,,ELIGIBLE
FDX20252456980,CUST279451,Melendez-Chavez,Mid,2026-01-04,45724,128934,96665,2026-01-19,15,12,2026-01-31,2026-01-31,RESOLVED_IN_GRACE
FDX20255629452,CUST660086,Sanders-Hicks,Small,2025-12-25,59746,193116,185963,2026-01-04,10,7,2026-01-11,,IN_GRACE
FDX20257701385,CUST864544,Valdez-Shaw,Large,2025-12-09,36276,153461,116197,2026-01-03,25,20,2026-01-23,,ELIGIBLE
FDX20256924499,CUST356702,Campbell-Le,Small,2025-12-27,4916,17917,10754,2026-01-06,10,7,2026-01-13,,ELIGIBLE
FDX20257629401,CUST271339,Hays PLC,Small,2026-01-05,39322,123986,59237,2026-01-15,10,7,2026-01-22,2026-01-16,RESOLVED_IN_GRACE
FDX20257802338,CUST584714,Garcia-Ramirez,Small,2026-01-09,48242,190452,150523,2026-01-19,10,7,2026-01-26,2026-01-21,RESOLVED_IN_GRACE
FDX20254360650,CUST497887,Barrett-Smith,Small,2025-12-27,32168,102479,47402,2026-01-06,10,7,2026-01-13,,ELIGIBLE
FDX20259686281,CUST383060,Medina-Simmons,Small,2025-12-27,28530,94731,80544,2026-01-06,10,7,2026-01-13,,ELIGIBLE
FDX20251257807,CUST771088,"Parrish, Patterson and Russell",Mid,2025-12-27,27404,163517,33298,2026-01-11,15,12,2026-01-23,,ELIGIBLE
FDX20252151205,CUST821590,Valdez Inc,Small,2026-01-11,15679,48749,28147,2026-01-21,10,7,2026-01-28,,ELIGIBLE
FDX20252512732,CUST684004,Johnson-Acosta,Small,2026-01-11,22733,123510,61655,2026-01-21,10,7,2026-01-28,,IN_GRACE
FDX20255773013,CUST330283,Fisher Ltd,Small,2026-01-02,6248,33157,32341,2026-01-12,10,7,2026-01-19,,IN_GRACE
FDX20256840069,CUST817870,Palmer-Holt,Large,2025-12-07,1939,6282,4556,2026-01-01,25,20,2026-01-21,,ELIGIBLE
FDX20256829664,CUST440035,Hanna PLC,Mid,2025-12-21,24090,141388,101348,2026-01-05,15,12,2026-01-17,2026-01-15,RESOLVED_IN_GRACE
FDX20255639031,CUST983794,Baker-Houston,Mid,2026-01-04,33593,145377,134461,2026-01-19,15,12,2026-01-31,2026-01-23,RESOLVED_IN_GRACE
FDX20254796608,CUST905635,Mcneil LLC,Small,2026-01-02,48783,241330,198532,2026-01-12,10,7,2026-01-19,,ELIGIBLE
FDX20254263591,CUST913694,Mccoy-Baird,Mega,2025-12-01,14316,75219,68748,2026-01-05,35,30,2026-02-04,,ELIGIBLE
FDX20258629590,CUST158655,Lee-Hawkins,Mid,2025-12-23,25027,126643,100900,2026-01-07,15,12,2026-01-19,2026-01-13,RESOLVED_IN_GRACE
FDX20257777264,CUST340174,Moreno-Ferrell,Small,2026-01-06,51545,219631,69226,2026-01-16,10,7,2026-01-23,,ELIGIBLE
FDX20251078038,CUST961722,Schultz-Lewis,Mid,2025-12-25,38483,134492,71887,2026-01-09,15,12,2026-01-21,,ELIGIBLE
FDX20255380657,CUST133659,Hall-Parker,Mega,2025-12-01,48673,240024,119303,2026-01-05,35,30,2026-02-04,,ELIGIBLE
FDX20253936596,CUST944151,Hartman-Rodriguez,Small,2025-12-27,46207,137887,55839,2026-01-06,10,7,2026-01-13,,IN_GRACE
FDX20257830585,CUST430776,"Barnett, Woods and Villanueva",Small,2025-12-22,5719,30008,27850,2026-01-01,10,7,2026-01-08,,IN_GRACE
FDX20259493265,CUST520651,Weber-Welch,Mid,2025-12-19,15693,64890,45580,2026-01-03,15,12,2026-01-15,2026-01-04,RESOLVED_IN_GRACE
FDX20252786185,CUST380746,Castro-Marshall,Small,2026-01-05,15814,86097,84981,2026-01-15,10,7,2026-01-22,,ELIGIBLE
FDX20252214435,CUST169403,Rhodes-Jacobs,Small,2026-01-11,29398,92948,92397,2026-01-21,10,7,2026-01-28,2026-01-24,RESOLVED_IN_GRACE
FDX20259441777,CUST321231,"Greene, Davis and Elliott",Mid,2025-12-18,27252,153711,87940,2026-01-02,15,12,2026-01-14,,ELIGIBLE
FDX20255936726,CUST694731,George-Dickerson,Small,2026-01-08,58047,258124,85329,2026-01-18,10,7,2026-01-25,,ELIGIBLE
FDX20256703681,CUST852787,Hall-Stout,Small,2026-01-11,8277,25945,20229,2026-01-21,10,7,2026-01-28,,IN_GRACE
FDX20252963085,CUST429963,Thompson-Khan,Small,2025-12-25,37912,171237,79951,2026-01-04,10,7,2026-01-11,,ELIGIBLE
FDX20259611521,CUST322955,Hogan-Ramirez,Mid,2025-12-27,14953,51013,16960,2026-01-11,15,12,2026-01-23,,IN_GRACE
FDX20255323377,CUST787277,Henderson Ltd,Mega,2025-12-01,53698,138023,124875,2026-01-05,35,30,2026-02-04,,ELIGIBLE
FDX20255196677,CUST623481,"Melendez, Holloway and Johnson",Large,2025-12-08,4315,16709,10834,2026-01-02,25,20,2026-01-22,2026-01-10,RESOLVED_IN_GRACE
FDX20258428425,CUST514850,Anthony-Sutton,Small,2025-12-27,3601,21177,20252,2026-01-06,10,7,2026-01-13,2026-01-12,RESOLVED_IN_GRACE
FDX20257326357,CUST774079,Ware-Velazquez,Mid,2025-12-12,11078,65577,21965,2025-12-27,15,12,2026-01-08,,ELIGIBLE
FDX20259113963,CUST581141,Mays-Delgado,Small,2026-01-13,42674,172940,126231,2026-01-23,10,7,2026-01-30,2026-01-28,RESOLVED_IN_GRACE
FDX20255081447,CUST249811,Walker-Martin,Small,2026-01-10,10630,60082,41191,2026-01-20,10,7,2026-01-27,,IN_GRACE
FDX20256698561,CUST377746,Parker-Harris,Small,2026-01-13,16125,95267,38575,2026-01-23,10,7,2026-01-30,2026-01-30,RESOLVED_IN_GRACE
FDX20258698199,CUST246413,"Moore, Robles and Washington",Small,2025-12-31,8750,23163,16478,2026-01-10,10,7,2026-01-17,2026-01-16,RESOLVED_IN_GRACE
FDX20258729606,CUST358607,"Fletcher, Baker and Horne",Mid,2025-12-17,48431,257838,185994,2026-01-01,15,12,2026-01-13,,ELIGIBLE
FDX20251458868,CUST881177,Massey-Camacho,Small,2025-12-27,14785,42416,20413,2026-01-06,10,7,2026-01-13,,ELIGIBLE
FDX20259086117,CUST688637,"Trujillo, Henry and Powell",Small,2025-12-22,43225,223766,103394,2026-01-01,10,7,2026-01-08,,ELIGIBLE
FDX20252950658,CUST665158,Glover-Green,Large,2025-12-11,48441,232974,141015,2026-01-05,25,20,2026-01-25,2026-01-15,RESOLVED_IN_GRACE
FDX20255325497,CUST375504,Evans-Jacobson,Mid,2025-12-22,37201,138737,56776,2026-01-06,15,12,2026-01-18,2026-01-09,RESOLVED_IN_GRACE
FDX20252133372,CUST883300,Henderson-Mccann,Mid,2025-12-29,1674,8051,2769,2026-01-13,15,12,2026-01-25,2026-01-14,RESOLVED_IN_GRACE
FDX20257420191,CUST712982,Mccarty-Scott,Mid,2025-12-23,5697,28961,6434,2026-01-07,15,12,2026-01-19,,ELIGIBLE
FDX20254697401,CUST549245,Boone-Martinez,Mid,2025-12-15,37571,171240,73675,2025-12-30,15,12,2026-01-11,,IN_GRACE
FDX20254857587,CUST711878,Welch-Rodriguez,Small,2025-12-25,37202,154603,70413,2026-01-04,10,7,2026-01-11,2026-01-11,RESOLVED_IN_GRACE
FDX20256297082,CUST518801,Jones-Gibson,Small,2026-01-01,45633,132262,102892,2026-01-11,10,7,2026-01-18,,IN_GRACE
FDX20257919359,CUST479580,Elliott Ltd,Small,2026-01-11,46187,157453,110419,2026-01-21,10,7,2026-01-28,2026-01-26,RESOLVED_IN_GRACE
FDX20256923972,CUST329974,Kim-Wood,Mid,2025-12-27,47256,230830,102133,2026-01-11,15,12,2026-01-23,2026-01-22,RESOLVED_IN_GRACE
FDX20259665502,CUST245051,Grant-Lee,Mid,2025-12-13,27423,111318,36102,2025-12-28,15,12,2026-01-09,2025-12-31,RESOLVED_IN_GRACE
FDX20259986747,CUST634277,Burton-Hall,Small,2026-01-13,42440,191883,135103,2026-01-23,10,7,2026-01-30,,IN_GRACE
FDX20251163128,CUST617488,Hardy-Guerrero,Mid,2025-12-26,23259,70123,68113,2026-01-10,15,12,2026-01-22,2026-01-22,RESOLVED_IN_GRACE
FDX20255418274,CUST195325,Paul-Taylor,Large,2025-12-01,2776,7240,5753,2025-12-26,25,20,2026-01-15,,ELIGIBLE
FDX20255165071,CUST892495,Smith-Clark,Small,2026-01-13,59499,169918,63740,2026-01-23,10,7,2026-01-30,,ELIGIBLE
FDX20255819919,CUST149405,Lamb-Conway,Small,2025-12-22,35137,102892,74927,2026-01-01,10,7,2026-01-08,,ELIGIBLE
FDX20252560439,CUST214975,Frost-Anderson,Large,2025-12-01,46630,257547,248109,2025-12-26,25,20,2026-01-15,,ELIGIBLE
FDX20257692945,CUST260265,Brooks-Martinez,Large,2025-12-09,18272,92210,35166,2026-01-03,25,20,2026-01-23,,ELIGIBLE
FDX20256737688,CUST757924,Irwin-Wilson,Large,2025-12-07,9942,52987,21274,2026-01-01,25,20,2026-01-21,2026-01-08,RESOLVED_IN_GRACE
FDX20252275551,CUST267753,"Barker, Barnes and Brown",Small,2026-01-04,46725,129304,48411,2026-01-14,10,7,2026-01-21,,ELIGIBLE
FDX20253994493,CUST930555,Garrison-Lutz,Mid,2025-12-22,15249,65538,15952,2026-01-06,15,12,2026-01-18,,ELIGIBLE
FDX20258995273,CUST813536,Ramirez-Coffey,Mid,2025-12-15,31108,95417,39562,2025-12-30,15,12,2026-01-11,2026-01-03,RESOLVED_IN_GRACE
FDX20256265911,CUST542666,King-Turner,Mid,2025-12-23,22618,61563,32680,2026-01-07,15,12,2026-01-19,,ELIGIBLE
FDX20256931382,CUST725380,Rodriguez-Graham,Small,2026-01-13,50378,297437,189038,2026-01-23,10,7,2026-01-30,2026-01-25,RESOLVED_IN_GRACE
FDX20254666931,CUST166613,Castillo-Chen,Mid,2025-12-21,1684,9988,4803,2026-01-05,15,12,2026-01-17,2026-01-16,RESOLVED_IN_GRACE
FDX20255514342,CUST503457,Reynolds and Sons,Mid,2026-01-02,19307,66924,61233,2026-01-17,15,12,2026-01-29,2026-01-22,RESOLVED_IN_GRACE
FDX20254066614,CUST500156,Jones-Wright,Large,2025-12-17,14442,66048,36127,2026-01-11,25,20,2026-01-31,2026-01-18,RESOLVED_IN_GRACE
FDX20254190481,CUST724834,Adams-Campbell,Small,2026-01-14,39138,127920,96120,2026-01-24,10,7,2026-01-31,,ELIGIBLE
FDX20259371819,CUST590785,Tate and Sons,Mid,2025-12-15,51800,279741,88905,2025-12-30,15,12,2026-01-11,,ELIGIBLE
FDX20254349848,CUST654816,Davis-Dixon,Small,2026-01-07,57167,289784,65066,2026-01-17,10,7,2026-01-24,,IN_GRACE
FDX20254940319,CUST363626,Gonzalez-Soto,Large,2025-12-08,58153,304279,87475,2026-01-02,25,20,2026-01-22,2026-01-16,RESOLVED_IN_GRACE
FDX20255061034,CUST680099,Mullen-Castaneda,Large,2025-12-14,47995,223899,105958,2026-01-08,25,20,2026-01-28,,IN_GRACE
FDX20255452763,CUST112038,Smith-Hubbard,Mid,2025-12-17,9624,51717,37560,2026-01-01,15,12,2026-01-13,,ELIGIBLE
FDX20254469169,CUST813328,Spence-Kaiser,Small,2025-12-31,41622,205113,187938,2026-01-10,10,7,2026-01-17,,ELIGIBLE
FDX20254845464,CUST855731,Ray-Campbell,Mid,2025-12-21,32383,176231,112480,2026-01-05,15,12,2026-01-17,2026-01-06,RESOLVED_IN_GRACE
FDX20254401858,CUST220116,Johnson-Osborne,Small,2026-01-05,17800,58022,17894,2026-01-15,10,7,2026-01-22,2026-01-18,RESOLVED_IN_GRACE
FDX20255189194,CUST814825,Wise-Wilkins,Small,2026-01-05,25998,101491,59122,2026-01-15,10,7,2026-01-22,2026-01-16,RESOLVED_IN_GRACE
FDX20256973148,CUST663054,Nelson-Valentine,Small,2026-01-02,2736,13222,4367,2026-01-12,10,7,2026-01-19,,ELIGIBLE
FDX20253617171,CUST887352,Davis-Norris,Mega,2025-12-01,30066,126409,64656,2026-01-05,35,30,2026-02-04,2026-01-24,RESOLVED_IN_GRACE
FDX20252789949,CUST379786,Vazquez-Lopez,Mid,2025-12-28,31928,80381,33935,2026-01-12,15,12,2026-01-24,,IN_GRACE
FDX20253011227,CUST905934,Hart-Medina,Small,2026-01-14,46442,259391,121780,2026-01-24,10,7,2026-01-31,,IN_GRACE
FDX20252316802,CUST772097,Burns-Kemp,Small,2025-12-29,20515,94709,92908,2026-01-08,10,7,2026-01-15,,ELIGIBLE
FDX20259265544,CUST456699,Roman-Campbell,Small,2026-01-08,3300,9885,5996,2026-01-18,10,7,2026-01-25,2026-01-24,RESOLVED_IN_GRACE
FDX20251111126,CUST216970,Hensley-Fields,Small,2025-12-24,44484,136109,108683,2026-01-03,10,7,2026-01-10,,IN_GRACE
FDX20251709057,CUST407757,Harper-Moore,Small,2026-01-11,28187,109699,46891,2026-01-21,10,7,2026-01-28,,IN_GRACE
FDX20259091518,CUST555884,James-Waters,Small,2026-01-11,39517,207024,84070,2026-01-21,10,7,2026-01-28,,ELIGIBLE
FDX20257227644,CUST265840,Wilson-Miller,Mid,2025-12-17,35298,88715,73724,2026-01-01,15,12,2026-01-13,2026-01-04,RESOLVED_IN_GRACE
FDX20256291817,CUST575763,Sims-Henderson,Mid,2025-12-24,20880,64768,28679,2026-01-08,15,12,2026-01-20,,ELIGIBLE
FDX20259260100,CUST103402,Jones-Rogers,Small,2026-01-08,25005,63307,45835,2026-01-18,10,7,2026-01-25,,IN_GRACE
FDX20255609255,CUST857168,Lee-Fletcher,Mega,2025-12-01,55116,142550,140862,2026-01-05,35,30,2026-02-04,,ELIGIBLE
FDX20259234347,CUST854639,"Durham, Fox and Park",Mid,2025-12-18,41466,210605,202756,2026-01-02,15,12,2026-01-14,,IN_GRACE
FDX20254068080,CUST376183,Cabrera LLC,Mega,2025-12-01,39061,206625,64938,2026-01-05,35,30,2026-02-04,,ELIGIBLE
FDX20259575399,CUST624902,Coleman-Castro,Mid,2025-12-19,49394,174640,65406,2026-01-03,15,12,2026-01-15,,ELIGIBLE
FDX20255702093,CUST898975,"Nielsen, Cortez and Dixon",Mid,2025-12-19,23120,79089,69542,2026-01-03,15,12,2026-01-15,2026-01-09,RESOLVED_IN_GRACE
FDX20257675310,CUST287330,Stout-Brown,Small,2026-01-11,25910,85719,71662,2026-01-21,10,7,2026-01-28,2026-01-23,RESOLVED_IN_GRACE
FDX20254726098,CUST632342,Johnson-Melendez,Mid,2025-12-17,47133,160468,64586,2026-01-01,15,12,2026-01-13,,ELIGIBLE
FDX20253151610,CUST211579,Watson-Pena,Small,2025-12-31,44796,256870,57377,2026-01-10,10,7,2026-01-17,,ELIGIBLE
FDX20251908455,CUST755674,Sims-Brown,Mid,2025-12-29,22758,122852,94617,2026-01-13,15,12,2026-01-25,,ELIGIBLE
FDX20259820377,CUST412942,Lawrence-Acevedo,Small,2025-12-22,14155,65273,56617,2026-01-01,10,7,2026-01-08,2026-01-05,RESOLVED_IN_GRACE
FDX20258099712,CUST982554,Figueroa-Brown,Small,2025-12-29,43178,187678,104784,2026-01-08,10,7,2026-01-15,,ELIGIBLE
FDX20259024879,CUST769987,Cruz-Booth,Small,2026-01-11,24427,96589,31932,2026-01-21,10,7,2026-01-28,2026-01-27,RESOLVED_IN_GRACE
FDX20251546310,CUST632323,Friedman PLC,Small,2025-12-26,57260,330087,217724,2026-01-05,10,7,2026-01-12,2026-01-09,RESOLVED_IN_GRACE
FDX20259430135,CUST738551,Logan-Young,Small,2025-12-25,28015,92890,89515,2026-01-04,10,7,2026-01-11,,ELIGIBLE
FDX20256826541,CUST308573,Ortega-Hogan,Mid,2026-01-01,23773,85446,62820,2026-01-16,15,12,2026-01-28,2026-01-22,RESOLVED_IN_GRACE
FDX20257605473,CUST260263,Hawkins-Russell,Small,2025-12-22,4562,24046,8052,2026-01-01,10,7,2026-01-08,,ELIGIBLE
FDX20253932663,CUST492077,Palmer-Chang,Mid,2025-12-18,7197,21786,12597,2026-01-02,15,12,2026-01-14,,ELIGIBLE
FDX20258670476,CUST899550,Hall-Wade,Small,2026-01-02,52375,172659,159470,2026-01-12,10,7,2026-01-19,2026-01-15,RESOLVED_IN_GRACE
FDX20253019442,CUST269396,Baker-Mejia,Large,2025-12-01,22428,122463,112320,2025-12-26,25,20,2026-01-15,,IN_GRACE
FDX20259694039,CUST665579,Hubbard and Sons,Mid,2026-01-03,30034,98884,90721,2026-01-18,15,12,2026-01-30,,IN_GRACE
FDX20258718703,CUST916449,Estrada-Curtis,Small,2026-01-01,30684,169000,77127,2026-01-11,10,7,2026-01-18,2026-01-15,RESOLVED_IN_GRACE
FDX20256295749,CUST656116,Padilla-Meyer,Small,2026-01-06,4146,13986,5496,2026-01-16,10,7,2026-01-23,,IN_GRACE
FDX20251141240,CUST100599,Nicholson-Palmer,Large,2025-12-01,30672,112903,100339,2025-12-26,25,20,2026-01-15,2026-01-14,RESOLVED_IN_GRACE
FDX20251198306,CUST728038,"Andrade, Mclaughlin and Buchanan",Mid,2026-01-03,2724,10708,2886,2026-01-18,15,12,2026-01-30,,IN_GRACE
FDX20254535838,CUST439902,"Farley, Park and Osborne",Large,2025-12-11,18193,105019,65214,2026-01-05,25,20,2026-01-25,,ELIGIBLE
FDX20257365745,CUST612340,Wade Ltd,Mid,2025-12-19,54082,275097,263149,2026-01-03,15,12,2026-01-15,2026-01-12,RESOLVED_IN_GRACE
FDX20252690268,CUST120422,"Peters, Wade and Deleon",Small,2026-01-08,1958,10684,9673,2026-01-18,10,7,2026-01-25,,ELIGIBLE
FDX20256459913,CUST217301,Lopez-Dean,Small,2026-01-03,9215,50456,44838,2026-01-13,10,7,2026-01-20,,IN_GRACE
FDX20257066680,CUST480612,"Duarte, Miller and Bailey",Small,2026-01-06,29796,83325,82177,2026-01-16,10,7,2026-01-23,,ELIGIBLE
FDX20255357055,CUST972064,Price-Long,Mid,2025-12-26,59751,230510,94156,2026-01-10,15,12,2026-01-22,,ELIGIBLE
FDX20254139896,CUST945964,Mullen-Carlson,Large,2025-12-15,13171,72848,71686,2026-01-09,25,20,2026-01-29,,ELIGIBLE
FDX20255409875,CUST422451,Caldwell LLC,Small,2026-01-13,15930,63940,61970,2026-01-23,10,7,2026-01-30,2026-01-26,RESOLVED_IN_GRACE
FDX20254978534,CUST351083,Doyle-Walton,Mid,2025-12-17,46859,194483,142401,2026-01-01,15,12,2026-01-13,2026-01-11,RESOLVED_IN_GRACE
FDX20255519920,CUST160738,Hernandez-Mcbride,Mid,2025-12-30,59124,195270,70971,2026-01-14,15,12,2026-01-26,2026-01-20,RESOLVED_IN_GRACE
FDX20258907862,CUST352572,Evans-Hampton,Large,2025-12-01,49764,216848,197490,2025-12-26,25,20,2026-01-15,,ELIGIBLE
FDX20256756203,CUST694916,Little-Johnston,Small,2026-01-06,28157,128450,70254,2026-01-16,10,7,2026-01-23,,IN_GRACE
FDX20257139188,CUST182582,Gallegos-Martinez,Small,2026-01-08,30658,141646,109246,2026-01-18,10,7,2026-01-25,,ELIGIBLE
FDX20254085559,CUST189814,Valenzuela-Leblanc,Mid,2025-12-15,41297,126379,55318,2025-12-30,15,12,2026-01-11,2026-01-10,RESOLVED_IN_GRACE
FDX20259367972,CUST867460,Bauer-Davis,Small,2025-12-22,13844,64049,52668,2026-01-01,10,7,2026-01-08,2026-01-08,RESOLVED_IN_GRACE
FDX20258112581,CUST609597,Baker-Anderson,Small,2026-01-14,37430,122869,39831,2026-01-24,10,7,2026-01-31,2026-01-30,RESOLVED_IN_GRACE
FDX20254532148,CUST955662,Owen-Cortez,Mega,2025-12-01,21517,97223,82824,2026-01-05,35,30,2026-02-04,,ELIGIBLE
FDX20258031212,CUST172574,Cox-Cardenas,Small,2026-01-04,28479,89913,57455,2026-01-14,10,7,2026-01-21,,ELIGIBLE
FDX20257246319,CUST897549,Miles-Barnes,Small,2025-12-24,58781,212517,144014,2026-01-03,10,7,2026-01-10,,ELIGIBLE
FDX20257124992,CUST658582,Ross-Brown,Small,2026-01-02,51769,308421,79052,2026-01-12,10,7,2026-01-19,2026-01-13,RESOLVED_IN_GRACE
FDX20257720828,CUST903035,"Chen, Roberson and Moore",Mid,2025-12-23,26997,67565,63008,2026-01-07,15,12,2026-01-19,,ELIGIBLE
FDX20255691405,CUST231869,Wong-Vargas,Mid,2025-12-27,38854,190627,177949,2026-01-11,15,12,2026-01-23,,ELIGIBLE
FDX20258561977,CUST234628,Nelson PLC,Mid,2025-12-21,38884,219042,49101,2026-01-05,15,12,2026-01-17,,ELIGIBLE
FDX20254018040,CUST791798,Guerra PLC,Large,2025-12-01,53797,163073,99492,2025-12-26,25,20,2026-01-15,2026-01-01,RESOLVED_IN_GRACE
FDX20253200150,CUST598369,"Larsen, Anderson and Burgess",Small,2026-01-11,13397,41112,38844,2026-01-21,10,7,2026-01-28,2026-01-23,RESOLVED_IN_GRACE
FDX20254834713,CUST676510,Gilbert-Gutierrez,Small,2026-01-12,14700,61582,61185,2026-01-22,10,7,2026-01-29,,ELIGIBLE
FDX20252675536,CUST273148,Cochran-Atkins,Small,2026-01-05,35689,167224,134244,2026-01-15,10,7,2026-01-22,,ELIGIBLE
FDX20255528994,CUST377932,Newton-Zhang,Small,2025-12-23,5483,13961,13904,2026-01-02,10,7,2026-01-09,,IN_GRACE
FDX20254956154,CUST653306,Johnson-Payne,Mid,2025-12-25,14329,53667,44377,2026-01-09,15,12,2026-01-21,2026-01-16,RESOLVED_IN_GRACE
FDX20258251427,CUST736059,Diaz-Rowe,Small,2025-12-27,46114,133726,63140,2026-01-06,10,7,2026-01-13,,ELIGIBLE
FDX20257390162,CUST543692,Hill-Chavez,Small,2025-12-27,45515,246847,212138,2026-01-06,10,7,2026-01-13,,ELIGIBLE
FDX20254289394,CUST322086,Davis-Howard,Large,2025-12-01,39364,233732,193166,2025-12-26,25,20,2026-01-15,,ELIGIBLE
FDX20253446851,CUST665492,Morton Ltd,Small,2026-01-02,41963,164487,42884,2026-01-12,10,7,2026-01-19,,ELIGIBLE
FDX20253509000,CUST891952,Roberts-Dean,Large,2025-12-13,46513,246264,120113,2026-01-07,25,20,2026-01-27,,ELIGIBLE
FDX20258935405,CUST865388,Short-Jensen,Small,2025-12-27,27086,81586,75613,2026-01-06,10,7,2026-01-13,2026-01-07,RESOLVED_IN_GRACE
FDX20251163448,CUST823378,Mullen Ltd,Mid,2025-12-15,50501,190848,176111,2025-12-30,15,12,2026-01-11,,IN_GRACE
FDX20253962978,CUST310922,Camacho-Nolan,Mid,2026-01-01,39334,131534,100484,2026-01-16,15,12,2026-01-28,,ELIGIBLE
FDX20258071943,CUST847581,Lutz Inc,Small,2026-01-10,8389,41727,29908,2026-01-20,10,7,2026-01-27,,ELIGIBLE
FDX20259381860,CUST426858,Rojas-Collins,Large,2025-12-16,47108,221040,59858,2026-01-10,25,20,2026-01-30,,IN_GRACE
FDX20253256060,CUST518373,Frazier-Carlson,Small,2026-01-12,52824,189817,108200,2026-01-22,10,7,2026-01-29,2026-01-27,RESOLVED_IN_GRACE
FDX20259673937,CUST804314,Ali-Padilla,Small,2026-01-03,45852,241966,187672,2026-01-13,10,7,2026-01-20,,IN_GRACE
FDX20259958741,CUST781446,Reyes-Mitchell,Small,2026-01-12,59298,284310,236671,2026-01-22,10,7,2026-01-29,2026-01-25,RESOLVED_IN_GRACE
FDX20256297024,CUST491559,Gutierrez-Cabrera,Mega,2025-12-01,59336,186490,126623,2026-01-05,35,30,2026-02-04,,ELIGIBLE
FDX20259164132,CUST559381,"Clark, Mendez and Ramirez",Mid,2025-12-26,25453,147873,98960,2026-01-10,15,12,2026-01-22,,ELIGIBLE
FDX20256033738,CUST642717,Lewis-Adams,Large,2025-12-16,57912,305938,192156,2026-01-10,25,20,2026-01-30,,IN_GRACE
FDX20255210645,CUST573417,King-Livingston,Small,2026-01-10,27489,135900,112942,2026-01-20,10,7,2026-01-27,,IN_GRACE
FDX20251800429,CUST226882,Gutierrez-Lucas,Small,2026-01-01,8375,38831,33703,2026-01-11,10,7,2026-01-18,,IN_GRACE
FDX20257684074,CUST359947,Kelley-Gibbs,Large,2025-12-11,51765,197098,113330,2026-01-05,25,20,2026-01-25,2026-01-24,RESOLVED_IN_GRACE
FDX20252660521,CUST335612,Newton-Hall,Mid,2025-12-17,32132,132224,123446,2026-01-01,15,12,2026-01-13,,IN_GRACE
FDX20253740422,CUST167136,Holland-Yang,Small,2026-01-01,17406,46867,40729,2026-01-11,10,7,2026-01-18,,IN_GRACE
FDX20252007243,CUST454508,Todd-Duran,Small,2026-01-01,38755,99129,81028,2026-01-11,10,7,2026-01-18,2026-01-12,RESOLVED_IN_GRACE
FDX20254614941,CUST122056,Mclean and Sons,Mid,2026-01-01,32319,111888,97388,2026-01-16,15,12,2026-01-28,2026-01-26,RESOLVED_IN_GRACE
FDX20255266272,CUST716886,Mayo-Ellis,Large,2025-12-09,20149,89325,56415,2026-01-03,25,20,2026-01-23,,ELIGIBLE
FDX20258995004,CUST680828,Hodges-Riggs,Mega,2025-12-01,21988,115597,111640,2026-01-05,35,30,2026-02-04,,ELIGIBLE
FDX20252615677,CUST341292,Craig-Berger,Small,2026-01-05,43611,175257,124798,2026-01-15,10,7,2026-01-22,,ELIGIBLE
FDX20258547311,CUST717024,Frank-Anderson,Mid,2025-12-30,19660,63609,22492,2026-01-14,15,12,2026-01-26,,ELIGIBLE
FDX20256614605,CUST330914,Price-Vargas,Small,2025-12-23,31115,130607,107337,2026-01-02,10,7,2026-01-09,,ELIGIBLE
FDX20255358202,CUST107540,Flowers-Stout,Small,2026-01-11,55786,184122,153279,2026-01-21,10,7,2026-01-28,2026-01-25,RESOLVED_IN_GRACE
FDX20257055937,CUST174441,May-Stevens,Small,2025-12-25,10376,51210,32878,2026-01-04,10,7,2026-01-11,2026-01-07,RESOLVED_IN_GRACE
FDX20257044941,CUST842225,Kerr Inc,Mid,2026-01-03,44373,171817,83395,2026-01-18,15,12,2026-01-30,2026-01-26,RESOLVED_IN_GRACE
FDX20255323737,CUST761759,Peters PLC,Mega,2025-12-01,55917,232763,204826,2026-01-05,35,30,2026-02-04,2026-01-09,RESOLVED_IN_GRACE
FDX20256773715,CUST161733,Carson-Lopez,Large,2025-12-07,46678,219193,54802,2026-01-01,25,20,2026-01-21,2026-01-10,RESOLVED_IN_GRACE
FDX20251332781,CUST340062,Burke-Anderson,Small,2025-12-24,17850,66965,55843,2026-01-03,10,7,2026-01-10,2026-01-09,RESOLVED_IN_GRACE
FDX20257908201,CUST170674,Rivas LLC,Mid,2025-12-26,35276,115623,115390,2026-01-10,15,12,2026-01-22,2026-01-19,RESOLVED_IN_GRACE
FDX20253034027,CUST132938,"Carey, Hughes and Moore",Small,2025-12-29,23086,132123,120180,2026-01-08,10,7,2026-01-15,,ELIGIBLE
FDX20256890320,CUST446479,Robinson-Brock,Small,2026-01-06,5051,27767,24907,2026-01-16,10,7,2026-01-23,,IN_GRACE
FDX20254337963,CUST174299,Nash-Thompson,Small,2026-01-06,47640,269125,160150,2026-01-16,10,7,2026-01-23,2026-01-19,RESOLVED_IN_GRACE
FDX20253928275,CUST639131,"Schmidt, Barton and Long",Small,2026-01-05,34679,198773,117051,2026-01-15,10,7,2026-01-22,2026-01-19,RESOLVED_IN_GRACE
FDX20255774942,CUST349565,Russell-Guzman,Mega,2025-12-01,34751,186010,93200,2026-01-05,35,30,2026-02-04,2026-02-04,RESOLVED_IN_GRACE
FDX20256957741,CUST392004,Hernandez-Ryan,Small,2026-01-05,45535,244090,132007,2026-01-15,10,7,2026-01-22,,ELIGIBLE
FDX20256454109,CUST801474,"Logan, Perkins and Bell",Mid,2025-12-28,28804,159303,158070,2026-01-12,15,12,2026-01-24,,ELIGIBLE
FDX20259563838,CUST608993,Ellis-Osborn,Small,2026-01-05,53756,279136,72641,2026-01-15,10,7,2026-01-22,,IN_GRACE
FDX20259178787,CUST324643,Oneill Group,Small,2025-12-26,26299,128261,95275,2026-01-05,10,7,2026-01-12,2026-01-08,RESOLVED_IN_GRACE
FDX20258498243,CUST665427,Murray-Bailey,Small,2026-01-05,55489,195890,135857,2026-01-15,10,7,2026-01-22,,ELIGIBLE
FDX20252315459,CUST238739,"Kelley, Blackwell and Huffman",Small,2026-01-12,45880,124908,109948,2026-01-22,10,7,2026-01-29,,ELIGIBLE
FDX20257393310,CUST858490,Clements-Hudson,Mid,2025-12-30,56616,323316,166986,2026-01-14,15,12,2026-01-26,2026-01-15,RESOLVED_IN_GRACE
FDX20255807067,CUST698782,Gonzalez-Baldwin,Mid,2025-12-24,30523,161786,56176,2026-01-08,15,12,2026-01-20,2026-01-19,RESOLVED_IN_GRACE
FDX20258780468,CUST704201,Rodgers-Bird,Small,2026-01-13,56563,263558,178641,2026-01-23,10,7,2026-01-30,,IN_GRACE
FDX20253430151,CUST595631,Boyd Group,Mid,2025-12-20,26923,79617,71886,2026-01-04,15,12,2026-01-16,,ELIGIBLE
FDX20253811450,CUST354801,Mcintosh-Taylor,Large,2025-12-13,43234,158758,84692,2026-01-07,25,20,2026-01-27,,ELIGIBLE
FDX20256660436,CUST922733,Robinson-Sheppard,Small,2026-01-08,44595,118182,44937,2026-01-18,10,7,2026-01-25,2026-01-22,RESOLVED_IN_GRACE
FDX20258076906,CUST595948,Berry LLC,Small,2026-01-09,34783,157028,63345,2026-01-19,10,7,2026-01-26,,IN_GRACE
FDX20257790959,CUST946721,Benson Ltd,Small,2026-01-11,26921,143830,47462,2026-01-21,10,7,2026-01-28,2026-01-23,RESOLVED_IN_GRACE
FDX20252196955,CUST526833,Carter-Barr,Small,2026-01-08,14000,47934,46836,2026-01-18,10,7,2026-01-25,2026-01-21,RESOLVED_IN_GRACE
FDX20252327277,CUST299659,Beck Inc,Large,2025-12-01,20015,51826,27757,2025-12-26,25,20,2026-01-15,,ELIGIBLE
FDX20253717900,CUST198907,"Griffin, Mason and Johnson",Small,2026-01-04,13892,61521,52010,2026-01-14,10,7,2026-01-21,,IN_GRACE
FDX20256765079,CUST201639,Reid-Weber,Mid,2026-01-01,40026,189211,74077,2026-01-16,15,12,2026-01-28,,ELIGIBLE
FDX20254828861,CUST790993,Garcia-Cooper,Small,2026-01-01,37828,181871,49157,2026-01-11,10,7,2026-01-18,2026-01-17,RESOLVED_IN_GRACE
FDX20256259356,CUST551989,Rodriguez-Ingram,Mid,2025-12-24,13774,49128,19475,2026-01-08,15,12,2026-01-20,2026-01-11,RESOLVED_IN_GRACE
FDX20256316334,CUST471507,Martinez-Alexander,Large,2025-12-08,55328,317463,265347,2026-01-02,25,20,2026-01-22,,ELIGIBLE
FDX20255888148,CUST544154,Miller-Watson,Mid,2025-12-13,27228,109365,52861,2025-12-28,15,12,2026-01-09,,ELIGIBLE
FDX20255487442,CUST531071,"Stewart, Roberts and Michael",Mid,2025-12-15,11895,59791,27485,2025-12-30,15,12,2026-01-11,,IN_GRACE
FDX20257634639,CUST589710,Williamson-Johnson,Small,2026-01-09,22049,98508,37630,2026-01-19,10,7,2026-01-26,,ELIGIBLE
FDX20255550787,CUST864491,"Mckee, Mullins and Evans",Mid,2025-12-22,20160,109446,40590,2026-01-06,15,12,2026-01-18,2026-01-11,RESOLVED_IN_GRACE
FDX20258464156,CUST156802,Huerta-Cook,Small,2026-01-02,40443,115165,65133,2026-01-12,10,7,2026-01-19,2026-01-14,RESOLVED_IN_GRACE
FDX20257092894,CUST806073,Campos Group,Small,2025-12-24,9885,40812,18661,2026-01-03,10,7,2026-01-10,,IN_GRACE
FDX20259739850,CUST785197,Francis-Buck,Small,2025-12-27,33093,146603,42901,2026-01-06,10,7,2026-01-13,,ELIGIBLE
FDX20258554590,CUST777568,Huff-Ward,Mid,2025-12-23,20637,107150,100902,2026-01-07,15,12,2026-01-19,2026-01-13,RESOLVED_IN_GRACE
FDX20257945583,CUST203198,Richards Ltd,Small,2026-01-09,59579,157697,136277,2026-01-19,10,7,2026-01-26,,ELIGIBLE
FDX20253807132,CUST163556,Williams-Parker,Mid,2026-01-01,17426,90119,64210,2026-01-16,15,12,2026-01-28,2026-01-22,RESOLVED_IN_GRACE
FDX20254085098,CUST522179,Ferguson Group,Mid,2025-12-30,25626,109242,84802,2026-01-14,15,12,2026-01-26,2026-01-15,RESOLVED_IN_GRACE
FDX20251387572,CUST863587,Howe Inc,Small,2026-01-11,11251,30535,12592,2026-01-21,10,7,2026-01-28,,IN_GRACE
FDX20253097821,CUST455784,"Higgins, Farrell and Gutierrez",Mid,2025-12-28,28440,85982,59259,2026-01-12,15,12,2026-01-24,,ELIGIBLE
FDX20254936391,CUST939482,Lee-Stokes,Large,2025-12-08,17980,49776,24355,2026-01-02,25,20,2026-01-22,,IN_GRACE
FDX20255221936,CUST214576,Campos-White,Mid,2025-12-27,28900,112773,63695,2026-01-11,15,12,2026-01-23,,ELIGIBLE
FDX20252343263,CUST360735,"Ware, Crawford and Montes",Mega,2025-12-01,53467,228157,201211,2026-01-05,35,30,2026-02-04,2026-01-14,RESOLVED_IN_GRACE
FDX20254532803,CUST300896,Marshall-Martin,Mid,2025-12-25,53884,257945,156546,2026-01-09,15,12,2026-01-21,2026-01-11,RESOLVED_IN_GRACE
FDX20253800292,CUST299448,"Hart, Williams and Rodriguez",Mid,2025-12-18,51698,171218,65824,2026-01-02,15,12,2026-01-14,,ELIGIBLE
FDX20257661319,CUST662336,Levine-Clarke,Large,2025-12-05,37611,159374,159137,2025-12-30,25,20,2026-01-19,,ELIGIBLE
FDX20252728209,CUST570405,Rodriguez-Gomez,Small,2026-01-13,44928,268837,69371,2026-01-23,10,7,2026-01-30,,ELIGIBLE
FDX20252603125,CUST246991,Foley LLC,Small,2025-12-29,43106,146424,105707,2026-01-08,10,7,2026-01-15,2026-01-14,RESOLVED_IN_GRACE
FDX20252070258,CUST542374,Brewer-Maynard,Small,2025-12-23,49499,127487,104349,2026-01-02,10,7,2026-01-09,,ELIGIBLE
FDX20258938740,CUST292401,Wilson-Jones,Small,2026-01-13,22794,60873,51472,2026-01-23,10,7,2026-01-30,2026-01-29,RESOLVED_IN_GRACE
FDX20251903041,CUST392075,Palmer-Conrad,Large,2025-12-01,28056,83688,38136,2025-12-26,25,20,2026-01-15,,ELIGIBLE
FDX20251442329,CUST585100,Page and Sons,Mid,2025-12-28,12566,41207,30294,2026-01-12,15,12,2026-01-24,,ELIGIBLE
FDX20257660764,CUST361941,Mason-Hernandez,Small,2025-12-28,44039,172187,130050,2026-01-07,10,7,2026-01-14,2026-01-13,RESOLVED_IN_GRACE
FDX20259790972,CUST179046,Mullins-Decker,Small,2026-01-08,42939,114271,90738,2026-01-18,10,7,2026-01-25,,ELIGIBLE
FDX20252396723,CUST564656,Spencer and Sons,Small,2026-01-01,26810,105827,63940,2026-01-11,10,7,2026-01-18,2026-01-15,RESOLVED_IN_GRACE
FDX20252743629,CUST947272,Wilson PLC,Small,2026-01-09,38033,187540,103131,2026-01-19,10,7,2026-01-26,,ELIGIBLE
FDX20255403218,CUST997546,Williams-Gonzales,Mega,2025-12-01,45487,114862,79129,2026-01-05,35,30,2026-02-04,2026-01-17,RESOLVED_IN_GRACE
FDX20253605071,CUST677057,Henderson-Taylor,Small,2026-01-04,25729,106768,70307,2026-01-14,10,7,2026-01-21,2026-01-19,RESOLVED_IN_GRACE
FDX20252414508,CUST202664,Farrell-Gutierrez,Large,2025-12-01,23321,64993,31583,2025-12-26,25,20,2026-01-15,2026-01-09,RESOLVED_IN_GRACE
FDX20257540534,CUST153045,"Robertson, Butler and Mcconnell",Small,2026-01-02,15409,84770,59033,2026-01-12,10,7,2026-01-19,,ELIGIBLE
FDX20256190378,CUST783823,Brown-Smith,Small,2026-01-01,29595,74854,62344,2026-01-11,10,7,2026-01-18,,IN_GRACE
FDX20254847954,CUST666847,Bryant-Rodriguez,Small,2026-01-04,34164,149279,134848,2026-01-14,10,7,2026-01-21,,ELIGIBLE
FDX20255150624,CUST976638,Frederick-Malone,Mid,2025-12-12,36819,171439,118506,2025-12-27,15,12,2026-01-08,2025-12-31,RESOLVED_IN_GRACE
FDX20255767670,CUST115474,Smith-Stephens,Small,2026-01-08,16710,84122,34653,2026-01-18,10,7,2026-01-25,,IN_GRACE
FDX20258434998,CUST197793,Stokes-Khan,Small,2025-12-22,33491,137458,58615,2026-01-01,10,7,2026-01-08,2026-01-06,RESOLVED_IN_GRACE
FDX20253120836,CUST890170,"Rodriguez, Thomas and Stevens",Mid,2025-12-25,48893,279677,65071,2026-01-09,15,12,2026-01-21,,ELIGIBLE
FDX20253202464,CUST989921,Lopez-Robinson,Mid,2026-01-01,18726,100693,23361,2026-01-16,15,12,2026-01-28,,ELIGIBLE
FDX20259837269,CUST347861,Doyle-Jones,Small,2026-01-02,3415,17049,6330,2026-01-12,10,7,2026-01-19,,ELIGIBLE
FDX20253862327,CUST274389,Burns-Elliott,Large,2025-12-05,47000,181514,151938,2025-12-30,25,20,2026-01-19,,ELIGIBLE
FDX20251479346,CUST526156,"Franklin, Dean and Smith",Small,2026-01-04,38564,195246,75819,2026-01-14,10,7,2026-01-21,,IN_GRACE
FDX20251589802,CUST609231,Parker-Anderson,Small,2025-12-29,29293,147000,31569,2026-01-08,10,7,2026-01-15,,ELIGIBLE
FDX20256986802,CUST604740,Scott-Medina,Mid,2026-01-03,13541,78786,25583,2026-01-18,15,12,2026-01-30,2026-01-21,RESOLVED_IN_GRACE
FDX20256455972,CUST324130,Burgess-Jackson,Small,2026-01-09,5567,32405,20120,2026-01-19,10,7,2026-01-26,,IN_GRACE
FDX20258988550,CUST520521,Payne-Cherry,Small,2025-12-27,26044,109302,29106,2026-01-06,10,7,2026-01-13,2026-01-10,RESOLVED_IN_GRACE
FDX20258838205,CUST161483,Smith-Ramos,Mid,2026-01-01,8327,35821,33665,2026-01-16,15,12,2026-01-28,,IN_GRACE
FDX20255570355,CUST272634,George-Krause,Small,2026-01-13,41181,112684,97760,2026-01-23,10,7,2026-01-30,2026-01-29,RESOLVED_IN_GRACE
FDX20258463259,CUST497382,Morse-Gonzales,Small,2026-01-04,31792,82593,79063,2026-01-14,10,7,2026-01-21,,IN_GRACE
FDX20253266851,CUST102260,Davis-Peterson,Small,2026-01-07,5899,25913,9431,2026-01-17,10,7,2026-01-24,,ELIGIBLE
FDX20253970181,CUST509386,Thomas-Johnson,Small,2025-12-25,12814,34569,14643,2026-01-04,10,7,2026-01-11,,ELIGIBLE
FDX20258659527,CUST378085,Avery-Lewis,Mid,2025-12-15,15079,75971,70676,2025-12-30,15,12,2026-01-11,,ELIGIBLE
FDX20258297709,CUST922157,Robbins-Garza,Small,2025-12-29,15182,54525,35454,2026-01-08,10,7,2026-01-15,,ELIGIBLE
FDX20259782198,CUST923267,Savage-Jones,Small,2026-01-01,41581,112645,101493,2026-01-11,10,7,2026-01-18,,ELIGIBLE
FDX20259955411,CUST577110,Anderson-Snyder,Large,2025-12-07,30101,153781,92441,2026-01-01,25,20,2026-01-21,2026-01-07,RESOLVED_IN_GRACE
FDX20256195254,CUST399105,Fisher-Mack,Mid,2025-12-19,9004,35040,14978,2026-01-03,15,12,2026-01-15,,ELIGIBLE
FDX20256824517,CUST543555,Hammond-Little,Small,2026-01-12,49217,142410,121468,2026-01-22,10,7,2026-01-29,,ELIGIBLE
FDX20259080774,CUST830429,Dixon-Sanchez,Large,2025-12-01,44036,160850,133933,2025-12-26,25,20,2026-01-15,,IN_GRACE
FDX20254810582,CUST865990,Mendez-Lindsey,Large,2025-12-15,17075,92160,47380,2026-01-09,25,20,2026-01-29,,IN_GRACE
FDX20252502467,CUST921414,Hodge-Davis,Mid,2025-12-15,40046,119138,118200,2025-12-30,15,12,2026-01-11,,IN_GRACE
FDX20258413185,CUST682765,Hess-Curtis,Small,2025-12-27,11825,67441,36592,2026-01-06,10,7,2026-01-13,2026-01-13,RESOLVED_IN_GRACE
FDX20256165171,CUST794022,Castro-Horton,Small,2026-01-14,44019,148505,58761,2026-01-24,10,7,2026-01-31,,ELIGIBLE
FDX20257136825,CUST853305,Salas-Parker,Mid,2025-12-15,1660,6912,3497,2025-12-30,15,12,2026-01-11,,ELIGIBLE
FDX20257915632,CUST610311,Morrison-Baker,Large,2025-12-16,3131,15697,4524,2026-01-10,25,20,2026-01-30,,IN_GRACE
FDX20255358838,CUST262316,James-Hernandez,Large,2025-12-16,11960,41259,25653,2026-01-10,25,20,2026-01-30,2026-01-12,RESOLVED_IN_GRACE
FDX20253612506,CUST299122,Adams-Anderson,Small,2026-01-12,58247,160206,131545,2026-01-22,10,7,2026-01-29,,ELIGIBLE
FDX20256093108,CUST411120,"Mullins, Rodriguez and King",Small,2026-01-09,9752,33903,26493,2026-01-19,10,7,2026-01-26,2026-01-21,RESOLVED_IN_GRACE
FDX20251177097,CUST328275,Andersen LLC,Large,2025-12-11,44253,232083,160768,2026-01-05,25,20,2026-01-25,2026-01-14,RESOLVED_IN_GRACE
FDX20251001549,CUST161324,Reid-Boyd,Mega,2025-12-01,13416,63295,16964,2026-01-05,35,30,2026-02-04,2026-01-16,RESOLVED_IN_GRACE
FDX20259779789,CUST707314,"Cabrera, Wilson and Morales",Small,2025-12-28,20248,93107,84603,2026-01-07,10,7,2026-01-14,2026-01-13,RESOLVED_IN_GRACE
FDX20253286742,CUST871476,Williams-Shah,Small,2025-12-27,36986,162647,153527,2026-01-06,10,7,2026-01-13,,ELIGIBLE
FDX20256769431,CUST668532,Moss Ltd,Small,2025-12-22,30657,180095,74307,2026-01-01,10,7,2026-01-08,,ELIGIBLE
FDX20255811072,CUST163918,Davis-Davis,Mid,2025-12-29,59870,293199,97957,2026-01-13,15,12,2026-01-25,2026-01-14,RESOLVED_IN_GRACE
FDX20258871835,CUST884309,"Oconnor, Thompson and Taylor",Small,2025-12-25,27729,94686,47484,2026-01-04,10,7,2026-01-11,,ELIGIBLE
FDX20259977469,CUST428838,Rose-Mahoney,Large,2025-12-15,11905,63745,57367,2026-01-09,25,20,2026-01-29,2026-01-10,RESOLVED_IN_GRACE
FDX20251139537,CUST159942,Perry-Gould,Large,2025-12-13,6687,22202,13591,2026-01-07,25,20,2026-01-27,,IN_GRACE
FDX20259253243,CUST152578,Jones-Oneal,Mid,2026-01-01,39309,112169,77468,2026-01-16,15,12,2026-01-28,,IN_GRACE
FDX20259003857,CUST712554,Sullivan-Nichols,Small,2026-01-09,18453,73392,64569,2026-01-19,10,7,2026-01-26,2026-01-23,RESOLVED_IN_GRACE
FDX20256026630,CUST599948,Bennett-Park,Small,2025-12-25,25464,129624,101432,2026-01-04,10,7,2026-01-11,2026-01-07,RESOLVED_IN_GRACE
FDX20251153219,CUST627276,"Osborn, Saunders and Rowland",Mid,2026-01-01,10501,43995,42683,2026-01-16,15,12,2026-01-28,2026-01-23,RESOLVED_IN_GRACE
FDX20258221506,CUST994141,Smith-Lane,Mid,2025-12-19,2361,12733,2679,2026-01-03,15,12,2026-01-15,,ELIGIBLE
FDX20255914425,CUST656926,Hall-Maldonado,Small,2025-12-23,43884,221537,113422,2026-01-02,10,7,2026-01-09,,ELIGIBLE
FDX20254879150,CUST265080,Terry-Ferguson,Mega,2025-12-01,30333,96230,64027,2026-01-05,35,30,2026-02-04,2026-02-04,RESOLVED_IN_GRACE
FDX20251121097,CUST159642,Barber-Best,Mid,2025-12-22,55014,227356,101383,2026-01-06,15,12,2026-01-18,2026-01-12,RESOLVED_IN_GRACE
FDX20257268704,CUST632496,Diaz-Hansen,Small,2026-01-13,31714,107795,91095,2026-01-23,10,7,2026-01-30,2026-01-28,RESOLVED_IN_GRACE
FDX20254163696,CUST184002,Kelly-King,Small,2025-12-29,32025,171140,97720,2026-01-08,10,7,2026-01-15,,ELIGIBLE
FDX20257907781,CUST992697,Nash-Smith,Mid,2025-12-31,32254,145491,104010,2026-01-15,15,12,2026-01-27,,ELIGIBLE
FDX20258333427,CUST294851,Love Inc,Small,2026-01-01,36649,125814,38496,2026-01-11,10,7,2026-01-18,2026-01-15,RESOLVED_IN_GRACE
FDX20257622840,CUST171849,Jacobson-Kim,Mid,2025-12-18,1736,10048,6202,2026-01-02,15,12,2026-01-14,,ELIGIBLE
FDX20255192561,CUST723939,Cole-Vaughn,Small,2025-12-28,28800,113691,91524,2026-01-07,10,7,2026-01-14,2026-01-11,RESOLVED_IN_GRACE
FDX20253739207,CUST171262,Rogers-Fisher,Mid,2025-12-14,31525,180449,45381,2025-12-29,15,12,2026-01-10,,ELIGIBLE
FDX20257538471,CUST808011,Hobbs-Lamb,Small,2025-12-29,29941,86178,39265,2026-01-08,10,7,2026-01-15,,ELIGIBLE
FDX20257347794,CUST346629,Santos-Carroll,Small,2025-12-29,41792,239208,172896,2026-01-08,10,7,2026-01-15,,ELIGIBLE
FDX20254700926,CUST523389,Rivera-Taylor,Mid,2025-12-30,41258,222095,81406,2026-01-14,15,12,2026-01-26,,ELIGIBLE
FDX20255412076,CUST225710,Villegas-Harvey,Mid,2025-12-26,37266,133314,57590,2026-01-10,15,12,2026-01-22,,ELIGIBLE
FDX20252328918,CUST697347,Franco-Ortega,Mid,2026-01-03,27641,137580,35675,2026-01-18,15,12,2026-01-30,,ELIGIBLE
FDX20258084001,CUST358175,Lee-Schmidt,Small,2026-01-05,53638,291050,89376,2026-01-15,10,7,2026-01-22,,ELIGIBLE
FDX20255019180,CUST707040,Taylor-Freeman,Small,2026-01-13,35096,192158,73533,2026-01-23,10,7,2026-01-30,,ELIGIBLE
FDX20259667278,CUST723398,Waters-Reed,Mid,2025-12-17,27783,159505,46447,2026-01-01,15,12,2026-01-13,,IN_GRACE
FDX20255561139,CUST141672,Villanueva-Davis,Mid,2025-12-30,47863,218657,115275,2026-01-14,15,12,2026-01-26,,ELIGIBLE
FDX20255776085,CUST749468,Vance-Elliott,Mid,2025-12-17,9333,37669,10212,2026-01-01,15,12,2026-01-13,,ELIGIBLE
FDX20259924543,CUST185965,"Love, Ramirez and Bennett",Small,2025-12-23,1585,6760,3189,2026-01-02,10,7,2026-01-09,2026-01-09,RESOLVED_IN_GRACE
FDX20255510085,CUST539589,Wright-Jackson,Large,2025-12-01,33789,94241,76090,2025-12-26,25,20,2026-01-15,,ELIGIBLE
FDX20257927377,CUST789305,Cain-Fleming,Small,2025-12-22,35313,211687,146526,2026-01-01,10,7,2026-01-08,2026-01-02,RESOLVED_IN_GRACE
FDX20254154127,CUST712024,"Webb, Hayes and King",Large,2025-12-05,23434,109335,75576,2025-12-30,25,20,2026-01-19,,ELIGIBLE
FDX20252148634,CUST692683,Pierce-Robbins,Small,2025-12-27,37069,160214,38455,2026-01-06,10,7,2026-01-13,2026-01-13,RESOLVED_IN_GRACE
FDX20254060284,CUST648177,Taylor-Young,Small,2026-01-09,14690,41592,37299,2026-01-19,10,7,2026-01-26,,IN_GRACE
FDX20253292170,CUST431737,Johnson-Davis,Mid,2025-12-30,56506,309368,161735,2026-01-14,15,12,2026-01-26,,ELIGIBLE
FDX20255858602,CUST373432,"Vasquez, Valenzuela and Allen",Small,2025-12-23,26272,105737,88131,2026-01-02,10,7,2026-01-09,,ELIGIBLE
FDX20252851472,CUST314181,Haynes-Gordon,Large,2025-12-14,58512,297596,278218,2026-01-08,25,20,2026-01-28,2026-01-20,RESOLVED_IN_GRACE
FDX20258639388,CUST802258,"Zimmerman, Avila and Morales",Small,2026-01-13,43179,124751,62098,2026-01-23,10,7,2026-01-30,2026-01-27,RESOLVED_IN_GRACE
FDX20258596173,CUST850981,Bowen-Kennedy,Large,2025-12-04,39683,236490,89728,2025-12-29,25,20,2026-01-18,,ELIGIBLE
FDX20255565653,CUST429445,"Mccormick, Mcdonald and Barrett",Mid,2025-12-15,9574,35351,34509,2025-12-30,15,12,2026-01-11,2026-01-04,RESOLVED_IN_GRACE
FDX20259254323,CUST350280,Mendoza-Cortez,Mid,2025-12-21,10251,49283,25863,2026-01-05,15,12,2026-01-17,,IN_GRACE
FDX20254150584,CUST378517,Soto-Brown,Small,2026-01-06,25950,152988,115822,2026-01-16,10,7,2026-01-23,2026-01-19,RESOLVED_IN_GRACE
FDX20256379509,CUST515011,Fletcher Group,Mid,2026-01-01,6952,30451,7542,2026-01-16,15,12,2026-01-28,,ELIGIBLE
FDX20251325400,CUST237235,Hartman-Curtis,Large,2025-12-13,7053,36532,26842,2026-01-07,25,20,2026-01-27,2026-01-10,RESOLVED_IN_GRACE
FDX20253552641,CUST804318,Franklin-Garza,Large,2025-12-03,41922,250653,220419,2025-12-28,25,20,2026-01-17,,IN_GRACE
FDX20251832687,CUST776856,Sandoval-Parker,Small,2026-01-13,18650,83073,19942,2026-01-23,10,7,2026-01-30,,IN_GRACE
FDX20259975319,CUST414569,Hartman-Bennett,Mega,2025-12-01,35729,146992,36091,2026-01-05,35,30,2026-02-04,,ELIGIBLE
FDX20251371294,CUST579434,Hodge-Wilson,Mid,2025-12-31,47535,149901,109306,2026-01-15,15,12,2026-01-27,,IN_GRACE
FDX20254119515,CUST431535,Murphy-Mccarthy,Small,2026-01-14,1576,8154,7961,2026-01-24,10,7,2026-01-31,2026-01-30,RESOLVED_IN_GRACE
FDX20252715864,CUST888387,"Lawrence, Baker and Davis",Small,2025-12-25,46402,220963,173777,2026-01-04,10,7,2026-01-11,,ELIGIBLE
FDX20255733096,CUST176066,Pearson-Abbott,Mid,2025-12-18,58661,173592,106766,2026-01-02,15,12,2026-01-14,,IN_GRACE
FDX20255516344,CUST109767,"Bowen, Banks and Carroll",Small,2026-01-02,12677,34274,28390,2026-01-12,10,7,2026-01-19,,ELIGIBLE
FDX20253097809,CUST580547,Holt-Thomas,Mid,2025-12-29,32127,165364,59248,2026-01-13,15,12,2026-01-25,,ELIGIBLE
FDX20258355410,CUST751332,Hill-Phillips,Small,2026-01-07,48982,136824,110755,2026-01-17,10,7,2026-01-24,,ELIGIBLE
FDX20251137641,CUST690341,Decker-Davis,Small,2026-01-12,55698,214016,70958,2026-01-22,10,7,2026-01-29,,ELIGIBLE
FDX20254905912,CUST204837,Smith-Mathis,Mid,2026-01-03,20176,80073,34917,2026-01-18,15,12,2026-01-30,,ELIGIBLE
FDX20252513254,CUST176819,Taylor-Mcintosh,Small,2025-12-25,29329,145145,105217,2026-01-04,10,7,2026-01-11,,IN_GRACE
FDX20253528052,CUST663750,Williams-Vincent,Small,2025-12-24,25944,122876,104207,2026-01-03,10,7,2026-01-10,,ELIGIBLE
FDX20251247041,CUST323508,Rivera-Morrow,Small,2026-01-14,26358,125272,118028,2026-01-24,10,7,2026-01-31,,ELIGIBLE
FDX20259280890,CUST630458,Ball Group,Small,2025-12-28,11439,47843,38458,2026-01-07,10,7,2026-01-14,2026-01-08,RESOLVED_IN_GRACE
FDX20254643811,CUST378082,"Snyder, Buck and Scott",Mid,2026-01-02,45388,127549,88317,2026-01-17,15,12,2026-01-29,,ELIGIBLE
FDX20256736345,CUST238890,Donaldson LLC,Mid,2025-12-18,5915,17788,6488,2026-01-02,15,12,2026-01-14,,ELIGIBLE
FDX20258050508,CUST465962,Patel-Avila,Small,2026-01-11,55808,289112,55940,2026-01-21,10,7,2026-01-28,,ELIGIBLE
FDX20256227389,CUST172132,Harris-Villarreal,Mid,2025-12-17,4858,27512,6529,2026-01-01,15,12,2026-01-13,2026-01-03,RESOLVED_IN_GRACE
FDX20259361693,CUST356150,Morales-Perkins,Large,2025-12-01,34029,157852,130617,2025-12-26,25,20,2026-01-15,,IN_GRACE
FDX20257231009,CUST487477,Gomez-Powell,Large,2025-12-07,25231,66757,36805,2026-01-01,25,20,2026-01-21,2026-01-02,RESOLVED_IN_GRACE
FDX20258779334,CUST398830,"Mueller, Marquez and James",Small,2026-01-05,25894,71035,35632,2026-01-15,10,7,2026-01-22,2026-01-18,RESOLVED_IN_GRACE
FDX20251532460,CUST265409,Little-Jimenez,Mid,2025-12-13,45089,188497,169228,2025-12-28,15,12,2026-01-09,2025-12-31,RESOLVED_IN_GRACE
FDX20256540652,CUST559469,Brown-Pearson,Small,2026-01-01,46462,176354,138648,2026-01-11,10,7,2026-01-18,,IN_GRACE
FDX20252345920,CUST974244,Velasquez Ltd,Small,2026-01-11,46239,161636,50534,2026-01-21,10,7,2026-01-28,,ELIGIBLE
FDX20253450947,CUST669605,Sanford-Foster,Large,2025-12-10,6867,17558,9687,2026-01-04,25,20,2026-01-24,,ELIGIBLE
FDX20251940167,CUST837715,Wolfe-Molina,Small,2026-01-05,42139,228729,137683,2026-01-15,10,7,2026-01-22,,ELIGIBLE
FDX20255471188,CUST417212,Hart-Garrison,Large,2025-12-17,42418,230136,112942,2026-01-11,25,20,2026-01-31,,ELIGIBLE
FDX20257583744,CUST741390,Griffith-Jarvis,Small,2025-12-31,43994,230757,220794,2026-01-10,10,7,2026-01-17,,ELIGIBLE
FDX20252197636,CUST946305,Hayden-Thompson,Large,2025-12-07,46904,204753,107214,2026-01-01,25,20,2026-01-21,,IN_GRACE
FDX20258887754,CUST785743,Avila-Alvarado,Small,2026-01-09,58395,303049,169088,2026-01-19,10,7,2026-01-26,,IN_GRACE
FDX20254046805,CUST654634,Mcdonald-Berger,Small,2026-01-09,22556,134378,120659,2026-01-19,10,7,2026-01-26,2026-01-23,RESOLVED_IN_GRACE
FDX20254224451,CUST108203,"Ferrell, Grant and Gross",Small,2026-01-05,50531,207390,117221,2026-01-15,10,7,2026-01-22,,IN_GRACE
FDX20255195637,CUST800305,"Edwards, Johnson and Ballard",Mid,2025-12-26,55987,183744,101409,2026-01-10,15,12,2026-01-22,,IN_GRACE
FDX20257401806,CUST956795,Ward-Mcclure,Small,2026-01-05,11418,53683,51757,2026-01-15,10,7,2026-01-22,,IN_GRACE
FDX20251211652,CUST681542,Davis and Sons,Small,2025-12-23,51540,196460,94993,2026-01-02,10,7,2026-01-09,,IN_GRACE
FDX20253046175,CUST413921,Allen-Ford,Small,2026-01-11,5180,22167,7912,2026-01-21,10,7,2026-01-28,2026-01-25,RESOLVED_IN_GRACE
FDX20255176895,CUST795613,Smith-Brown,Mid,2025-12-23,20126,65126,43012,2026-01-07,15,12,2026-01-19,2026-01-19,RESOLVED_IN_GRACE
FDX20257455837,CUST208618,Arias-Martin,Small,2026-01-07,15340,67238,34458,2026-01-17,10,7,2026-01-24,,IN_GRACE
FDX20258431651,CUST240814,Morris-Gay,Large,2025-12-07,4078,23193,16083,2026-01-01,25,20,2026-01-21,2026-01-04,RESOLVED_IN_GRACE
FDX20255146693,CUST377312,Knox-Schwartz,Large,2025-12-17,13798,50115,43851,2026-01-11,25,20,2026-01-31,,IN_GRACE
FDX20251562209,CUST221035,Kirby-Washington,Small,2025-12-31,52682,292296,253838,2026-01-10,10,7,2026-01-17,2026-01-12,RESOLVED_IN_GRACE
FDX20254341683,CUST212235,Allen-Nelson,Mid,2025-12-22,58411,262455,169494,2026-01-06,15,12,2026-01-18,,ELIGIBLE
FDX20258731522,CUST878480,Wolfe-Salas,Large,2025-12-01,53681,237872,204001,2025-12-26,25,20,2026-01-15,2026-01-15,RESOLVED_IN_GRACE
FDX20252576392,CUST680097,Wallace LLC,Large,2025-12-03,30813,126750,100749,2025-12-28,25,20,2026-01-17,,IN_GRACE
FDX20259743263,CUST262998,Frey-Rowe,Mid,2025-12-16,9050,46989,33738,2025-12-31,15,12,2026-01-12,2026-01-01,RESOLVED_IN_GRACE
FDX20254497162,CUST385577,Sherman-Allen,Mid,2025-12-29,56385,279949,140331,2026-01-13,15,12,2026-01-25,2026-01-19,RESOLVED_IN_GRACE
FDX20258932696,CUST395442,Robinson-Buchanan,Small,2026-01-13,34032,185588,57206,2026-01-23,10,7,2026-01-30,2026-01-30,RESOLVED_IN_GRACE
FDX20257528399,CUST734210,Rosario LLC,Small,2026-01-03,53647,254127,132599,2026-01-13,10,7,2026-01-20,,IN_GRACE
FDX20256236326,CUST320861,Mcdowell-Mcneil,Small,2026-01-14,40737,114012,88338,2026-01-24,10,7,2026-01-31,,ELIGIBLE
FDX20256420100,CUST852470,Miller-Scott,Small,2025-12-31,35641,128197,116299,2026-01-10,10,7,2026-01-17,2026-01-16,RESOLVED_IN_GRACE
FDX20253661058,CUST459536,Coffey and Sons,Mid,2025-12-29,27123,135467,93856,2026-01-13,15,12,2026-01-25,,ELIGIBLE
FDX20251707762,CUST313487,Hudson-Perez,Small,2025-12-29,6666,25677,15607,2026-01-08,10,7,2026-01-15,2026-01-13,RESOLVED_IN_GRACE
FDX20259739692,CUST820892,Kennedy-Monroe,Large,2025-12-13,41626,113203,109194,2026-01-07,25,20,2026-01-27,,ELIGIBLE
FDX20253049194,CUST765046,Lee-Hernandez,Small,2026-01-01,5321,20230,18747,2026-01-11,10,7,2026-01-18,,IN_GRACE
FDX20255249882,CUST994343,Taylor-Weaver,Small,2025-12-27,53729,222771,185670,2026-01-06,10,7,2026-01-13,,IN_GRACE
FDX20259073692,CUST376807,Cisneros-Lopez,Mega,2025-12-01,27764,91812,46326,2026-01-05,35,30,2026-02-04,2026-01-29,RESOLVED_IN_GRACE
FDX20256013251,CUST629959,Lawson Inc,Small,2025-12-30,4457,22182,16105,2026-01-09,10,7,2026-01-16,,ELIGIBLE
FDX20254334029,CUST612262,Mosley-Colon,Small,2026-01-11,30611,110014,65414,2026-01-21,10,7,2026-01-28,,IN_GRACE
FDX20257046955,CUST363319,"Werner, Reese and Sanchez",Small,2026-01-05,23172,61443,60195,2026-01-15,10,7,2026-01-22,,IN_GRACE
FDX20251873883,CUST987204,"Hughes, Newman and Jones",Small,2026-01-03,41948,251104,156434,2026-01-13,10,7,2026-01-20,,IN_GRACE
FDX20254653880,CUST153266,Henry-Lutz,Small,2026-01-13,15203,49977,32139,2026-01-23,10,7,2026-01-30,,ELIGIBLE
FDX20252894625,CUST196781,Bass-Peters,Mid,2025-12-22,26002,96919,67596,2026-01-06,15,12,2026-01-18,,ELIGIBLE
FDX20254958849,CUST765095,Walker Inc,Mid,2025-12-20,11026,56490,49768,2026-01-04,15,12,2026-01-16,2026-01-06,RESOLVED_IN_GRACE
FDX20258284023,CUST544151,Washington-Peterson,Large,2025-12-15,7868,23489,9351,2026-01-09,25,20,2026-01-29,,ELIGIBLE
FDX20256444432,CUST969634,Beasley Inc,Mid,2026-01-04,46816,131917,114721,2026-01-19,15,12,2026-01-31,,ELIGIBLE
FDX20251252794,CUST390120,Novak Group,Small,2026-01-12,25875,73969,60886,2026-01-22,10,7,2026-01-29,,ELIGIBLE
FDX20253807840,CUST146228,Jackson-Roy,Large,2025-12-08,17902,71648,62297,2026-01-02,25,20,2026-01-22,,ELIGIBLE
FDX20255632190,CUST103717,Obrien-Davis,Mid,2025-12-25,29306,140331,109219,2026-01-09,15,12,2026-01-21,2026-01-18,RESOLVED_IN_GRACE
FDX20253007387,CUST449759,Stein-Roberts,Small,2026-01-08,45298,197526,103591,2026-01-18,10,7,2026-01-25,,IN_GRACE
FDX20257640561,CUST908577,Huerta PLC,Mid,2025-12-27,55141,181353,65151,2026-01-11,15,12,2026-01-23,,ELIGIBLE
FDX20255078362,CUST237174,"Macdonald, Wells and Conway",Mega,2025-12-01,17409,66916,55215,2026-01-05,35,30,2026-02-04,2026-01-19,RESOLVED_IN_GRACE
FDX20251149818,CUST768061,"Huerta, Bowers and Walter",Small,2025-12-27,9219,39433,31042,2026-01-06,10,7,2026-01-13,2026-01-08,RESOLVED_IN_GRACE
FDX20251704531,CUST374680,White-Gilmore,Mid,2025-12-26,4928,27195,11434,2026-01-10,15,12,2026-01-22,,ELIGIBLE
FDX20258973718,CUST269430,Erickson-Roberson,Mid,2025-12-23,44153,182471,46332,2026-01-07,15,12,2026-01-19,,IN_GRACE
FDX20253600333,CUST877236,"Buck, Prince and Ramirez",Small,2026-01-11,59013,346593,79923,2026-01-21,10,7,2026-01-28,2026-01-23,RESOLVED_IN_GRACE
FDX20257231035,CUST563298,Martin-Henry,Small,2025-12-26,11186,55397,28533,2026-01-05,10,7,2026-01-12,,ELIGIBLE
FDX20252501223,CUST678478,"Wilkerson, Newman and Jordan",Mega,2025-12-01,11649,51808,44111,2026-01-05,35,30,2026-02-04,,ELIGIBLE
FDX20255172867,CUST839945,Dyer and Sons,Mid,2025-12-24,44930,147519,46064,2026-01-08,15,12,2026-01-20,,IN_GRACE
FDX20253645741,CUST548462,Roth-Kane,Mid,2025-12-27,23451,102127,62314,2026-01-11,15,12,2026-01-23,2026-01-20,RESOLVED_IN_GRACE
FDX20259387252,CUST688153,Espinoza-Huffman,Small,2026-01-02,55648,182102,163472,2026-01-12,10,7,2026-01-19,2026-01-17,RESOLVED_IN_GRACE
FDX20252533463,CUST110139,"Skinner, Kelley and Foster",Mid,2025-12-24,35384,202458,162332,2026-01-08,15,12,2026-01-20,2026-01-17,RESOLVED_IN_GRACE
FDX20256677780,CUST217308,"Walsh, Williams and Brewer",Small,2026-01-05,58153,172114,152296,2026-01-15,10,7,2026-01-22,2026-01-20,RESOLVED_IN_GRACE
FDX20252007511,CUST178898,Hall-Flores,Small,2026-01-01,10734,31044,19971,2026-01-11,10,7,2026-01-18,,ELIGIBLE
FDX20252002860,CUST824586,Conley-Taylor,Small,2026-01-08,32333,170365,99280,2026-01-18,10,7,2026-01-25,2026-01-23,RESOLVED_IN_GRACE
FDX20256964596,CUST256294,Wagner-Newman,Large,2025-12-14,49265,264675,122676,2026-01-08,25,20,2026-01-28,2026-01-23,RESOLVED_IN_GRACE
FDX20253582322,CUST672092,Stephens-Ruiz,Mid,2025-12-18,21491,104398,22135,2026-01-02,15,12,2026-01-14,,ELIGIBLE
FDX20259998515,CUST137778,"Fischer, Harvey and Short",Mid,2025-12-16,20812,74902,59076,2025-12-31,15,12,2026-01-12,2026-01-04,RESOLVED_IN_GRACE
FDX20252801733,CUST975136,Underwood-Faulkner,Small,2026-01-12,31362,91996,62935,2026-01-22,10,7,2026-01-29,2026-01-28,RESOLVED_IN_GRACE
FDX20253111034,CUST487151,Wallace-Richmond,Small,2026-01-08,37390,213910,103468,2026-01-18,10,7,2026-01-25,2026-01-24,RESOLVED_IN_GRACE
FDX20259184645,CUST710805,Mcclure-White,Small,2026-01-06,32592,185603,79840,2026-01-16,10,7,2026-01-23,,ELIGIBLE
FDX20254903632,CUST679364,Brown-Valencia,Mid,2025-12-15,6782,25548,20865,2025-12-30,15,12,2026-01-11,,ELIGIBLE
FDX20256314007,CUST255287,Luna-Barrera,Mid,2026-01-03,6646,31623,12647,2026-01-18,15,12,2026-01-30,2026-01-26,RESOLVED_IN_GRACE
FDX20256827024,CUST550664,Wilcox-Holmes,Large,2025-12-01,23516,128957,29731,2025-12-26,25,20,2026-01-15,,ELIGIBLE
FDX20258360481,CUST233636,Frazier-Keith,Small,2025-12-27,54497,207394,144710,2026-01-06,10,7,2026-01-13,,IN_GRACE
FDX20254237420,CUST143860,Park-Hall,Small,2026-01-13,53968,172683,135428,2026-01-23,10,7,2026-01-30,2026-01-30,RESOLVED_IN_GRACE
FDX20251358241,CUST423232,Foster-Pittman,Small,2026-01-11,13357,61167,42586,2026-01-21,10,7,2026-01-28,2026-01-28,RESOLVED_IN_GRACE
FDX20257337911,CUST482364,Fitzgerald-Thompson,Large,2025-12-01,56479,253357,218922,2025-12-26,25,20,2026-01-15,2026-01-12,RESOLVED_IN_GRACE
FDX20257009053,CUST934794,Vega PLC,Small,2026-01-04,35478,173767,154752,2026-01-14,10,7,2026-01-21,,IN_GRACE
FDX20253260430,CUST141832,Jensen-Bell,Small,2025-12-28,40145,237918,160999,2026-01-07,10,7,2026-01-14,,ELIGIBLE
FDX20255205984,CUST475190,Harris-Garcia,Small,2025-12-26,32343,124195,70772,2026-01-05,10,7,2026-01-12,,ELIGIBLE
FDX20251662507,CUST320281,Wolf-Peterson,Large,2025-12-01,19770,92598,86973,2025-12-26,25,20,2026-01-15,,ELIGIBLE
FDX20259142018,CUST815198,Jackson-Horn,Small,2026-01-12,18407,103916,77640,2026-01-22,10,7,2026-01-29,2026-01-29,RESOLVED_IN_GRACE
FDX20258340032,CUST361650,"Fritz, Summers and Hartman",Small,2026-01-06,20827,61146,36267,2026-01-16,10,7,2026-01-23,2026-01-19,RESOLVED_IN_GRACE
FDX20255944490,CUST799330,Gonzalez-Waters,Small,2026-01-13,1779,5393,4279,2026-01-23,10,7,2026-01-30,,ELIGIBLE
FDX20259222379,CUST207786,Johnson-Gardner,Mid,2025-12-27,10425,40023,24054,2026-01-11,15,12,2026-01-23,,IN_GRACE
FDX20254183910,CUST470858,Newman-Hardin,Mid,2026-01-04,59861,150506,150465,2026-01-19,15,12,2026-01-31,,IN_GRACE
FDX20254131076,CUST918011,Moore-Barton,Small,2026-01-04,23015,136451,80026,2026-01-14,10,7,2026-01-21,,ELIGIBLE
FDX20256832845,CUST687080,Roth-Pacheco,Mid,2026-01-04,13427,79139,72891,2026-01-19,15,12,2026-01-31,2026-01-25,RESOLVED_IN_GRACE
FDX20256430463,CUST526117,Norris and Sons,Mid,2025-12-14,44982,129232,121190,2025-12-29,15,12,2026-01-10,,ELIGIBLE
FDX20258858359,CUST750810,Davies-Martinez,Mid,2025-12-17,15183,54417,39882,2026-01-01,15,12,2026-01-13,2026-01-05,RESOLVED_IN_GRACE
FDX20255619177,CUST885884,Davis-Browning,Mid,2025-12-30,35312,167291,42446,2026-01-14,15,12,2026-01-26,,IN_GRACE
FDX20253690116,CUST262060,Blair-Armstrong,Small,2025-12-26,8766,26934,17901,2026-01-05,10,7,2026-01-12,,ELIGIBLE
FDX20252155557,CUST348237,Brennan-Shaw,Small,2025-12-27,56647,280025,131710,2026-01-06,10,7,2026-01-13,,IN_GRACE
FDX20259911007,CUST270395,Smith-Watson,Mid,2026-01-03,53117,210021,178557,2026-01-18,15,12,2026-01-30,,ELIGIBLE
FDX20253600895,CUST938742,Manning-Jordan,Mid,2025-12-22,41086,166259,96389,2026-01-06,15,12,2026-01-18,2026-01-18,RESOLVED_IN_GRACE
FDX20258539415,CUST950155,Kennedy-Carter,Small,2025-12-26,53163,308302,144775,2026-01-05,10,7,2026-01-12,2026-01-09,RESOLVED_IN_GRACE
FDX20255960564,CUST285652,"Maxwell, Payne and Grant",Small,2026-01-03,9287,53400,13868,2026-01-13,10,7,2026-01-20,,ELIGIBLE
FDX20255418267,CUST532322,"Waller, Collins and Montgomery",Small,2026-01-11,25102,116440,97766,2026-01-21,10,7,2026-01-28,,ELIGIBLE
FDX20257159129,CUST125990,Elliott-Rogers,Large,2025-12-09,54146,240763,89824,2026-01-03,25,20,2026-01-23,,ELIGIBLE
FDX20258618181,CUST288073,Willis-Murray,Small,2025-12-24,47719,153982,139630,2026-01-03,10,7,2026-01-10,,ELIGIBLE
FDX20251012076,CUST872343,Patterson-Lawrence,Large,2025-12-16,17228,99942,25367,2026-01-10,25,20,2026-01-30,,ELIGIBLE
FDX20259488562,CUST448321,Daniels-White,Large,2025-12-01,54675,258671,62073,2025-12-26,25,20,2026-01-15,2026-01-09,RESOLVED_IN_GRACE
FDX20257359295,CUST920391,Kennedy-Bishop,Small,2026-01-01,23473,139067,56545,2026-01-11,10,7,2026-01-18,,ELIGIBLE
FDX20254112748,CUST531712,Adams-Moran,Small,2025-12-31,35477,92657,92256,2026-01-10,10,7,2026-01-17,2026-01-13,RESOLVED_IN_GRACE
FDX20251314067,CUST941204,Wood-Ford,Small,2025-12-26,16708,48463,29119,2026-01-05,10,7,2026-01-12,,ELIGIBLE
FDX20257108168,CUST802448,"Olsen, Fields and Mcdonald",Mid,2026-01-03,3801,11653,9589,2026-01-18,15,12,2026-01-30,,ELIGIBLE
FDX20255006173,CUST870763,"Mcguire, Hill and Rice",Mid,2025-12-23,10054,54594,51712,2026-01-07,15,12,2026-01-19,2026-01-12,RESOLVED_IN_GRACE
FDX20256380354,CUST950132,Dalton-Chapman,Small,2026-01-06,17312,59537,20776,2026-01-16,10,7,2026-01-23,2026-01-18,RESOLVED_IN_GRACE
FDX20252062698,CUST360222,Coffey-Jones,Small,2026-01-01,56353,256223,233349,2026-01-11,10,7,2026-01-18,,ELIGIBLE
FDX20257501017,CUST379766,Duncan-Adams,Small,2026-01-11,13051,75262,59940,2026-01-21,10,7,2026-01-28,,ELIGIBLE
FDX20254185480,CUST266931,Short-Ochoa,Mid,2025-12-12,50681,255692,68351,2025-12-27,15,12,2026-01-08,,ELIGIBLE
FDX20259792431,CUST925622,Roberts-Costa,Mid,2025-12-29,36685,145956,120012,2026-01-13,15,12,2026-01-25,,ELIGIBLE
FDX20259347489,CUST835343,Thompson-Peterson,Mid,2025-12-22,44013,152486,81272,2026-01-06,15,12,2026-01-18,2026-01-11,RESOLVED_IN_GRACE
FDX20253585897,CUST213346,Ross-Adams,Mega,2025-12-01,31421,124708,86257,2026-01-05,35,30,2026-02-04,,ELIGIBLE
FDX20255750117,CUST501124,Atkins-Harrison,Mid,2025-12-19,13824,38664,17269,2026-01-03,15,12,2026-01-15,,ELIGIBLE
FDX20256412330,CUST140605,Anderson-Newman,Small,2025-12-26,10023,30070,16894,2026-01-05,10,7,2026-01-12,2026-01-10,RESOLVED_IN_GRACE
FDX20257875379,CUST593554,Bryant-Holland,Mid,2025-12-25,47278,121953,111705,2026-01-09,15,12,2026-01-21,,IN_GRACE
FDX20256402667,CUST333238,Leon-Jones,Mid,2025-12-14,37186,204040,85946,2025-12-29,15,12,2026-01-10,2026-01-07,RESOLVED_IN_GRACE
FDX20252853280,CUST309267,Chandler-Woodard,Small,2025-12-31,33499,154471,132890,2026-01-10,10,7,2026-01-17,2026-01-17,RESOLVED_IN_GRACE
FDX20252614912,CUST956253,"Boyle, Jensen and Smith",Small,2025-12-22,4612,26376,17558,2026-01-01,10,7,2026-01-08,2026-01-05,RESOLVED_IN_GRACE
FDX20259777848,CUST582662,Church-King,Mid,2025-12-17,6583,26908,16374,2026-01-01,15,12,2026-01-13,,IN_GRACE
FDX20252118702,CUST466643,Higgins Ltd,Small,2026-01-08,24222,142158,137175,2026-01-18,10,7,2026-01-25,,IN_GRACE
FDX20251734460,CUST420015,"Jefferson, Reed and Smith",Small,2026-01-10,34966,130842,102284,2026-01-20,10,7,2026-01-27,,ELIGIBLE
FDX20253177250,CUST960394,Johnson-Sullivan,Small,2025-12-29,27802,118880,58164,2026-01-08,10,7,2026-01-15,,ELIGIBLE
FDX20253997061,CUST933980,Daniel-Miller,Small,2026-01-02,24676,118445,67419,2026-01-12,10,7,2026-01-19,,ELIGIBLE
FDX20251524686,CUST338651,"Zamora, Cruz and Dorsey",Mid,2025-12-12,47942,197568,68888,2025-12-27,15,12,2026-01-08,,ELIGIBLE
FDX20254390323,CUST333752,Williams-Wood,Small,2026-01-11,35767,211326,43296,2026-01-21,10,7,2026-01-28,,ELIGIBLE
FDX20252796087,CUST124813,Payne-Hernandez,Small,2026-01-06,12329,72009,68330,2026-01-16,10,7,2026-01-23,,ELIGIBLE
FDX20259143162,CUST792094,White-Johnson,Small,2025-12-22,37608,140162,81987,2026-01-01,10,7,2026-01-08,,IN_GRACE
FDX20254214793,CUST302511,Ray-Page,Small,2025-12-27,10642,31587,16256,2026-01-06,10,7,2026-01-13,,IN_GRACE
FDX20252656810,CUST517821,"Chapman, Morse and Ellison",Large,2025-12-01,44935,249519,229718,2025-12-26,25,20,2026-01-15,,ELIGIBLE
FDX20251533803,CUST444207,Johnston-Perry,Small,2026-01-05,36908,142238,93634,2026-01-15,10,7,2026-01-22,2026-01-20,RESOLVED_IN_GRACE
FDX20257519606,CUST392136,Jenkins-Melton,Mid,2026-01-03,4219,15725,14269,2026-01-18,15,12,2026-01-30,,ELIGIBLE
FDX20259219319,CUST172792,Swanson-Gomez,Small,2026-01-06,19359,99529,96603,2026-01-16,10,7,2026-01-23,,ELIGIBLE
FDX20259821818,CUST910891,Blackwell Group,Mid,2025-12-26,48341,279638,186221,2026-01-10,15,12,2026-01-22,2026-01-15,RESOLVED_IN_GRACE
FDX20255293936,CUST392683,Patterson-Cox,Mid,2025-12-19,13008,67703,45874,2026-01-03,15,12,2026-01-15,,ELIGIBLE
FDX20251823520,CUST468203,Barnes LLC,Small,2025-12-24,59863,190635,190087,2026-01-03,10,7,2026-01-10,2026-01-09,RESOLVED_IN_GRACE
FDX20257146400,CUST772642,Sheppard PLC,Small,2026-01-11,56596,281111,131715,2026-01-21,10,7,2026-01-28,,ELIGIBLE
FDX20254703113,CUST634150,"Acosta, Fields and Morris",Small,2025-12-26,30926,82034,52443,2026-01-05,10,7,2026-01-12,2026-01-07,RESOLVED_IN_GRACE
FDX20252189067,CUST519093,Melton-Webb,Mid,2025-12-30,4413,15005,5711,2026-01-14,15,12,2026-01-26,,ELIGIBLE
FDX20251219548,CUST812526,Harris-Bell,Small,2026-01-12,45399,171226,155464,2026-01-22,10,7,2026-01-29,,ELIGIBLE
FDX20254502044,CUST984642,Hernandez-Murray,Small,2025-12-27,45704,158185,152461,2026-01-06,10,7,2026-01-13,2026-01-11,RESOLVED_IN_GRACE
FDX20259244416,CUST662262,Jackson-Edwards,Small,2026-01-09,36915,165095,150560,2026-01-19,10,7,2026-01-26,2026-01-23,RESOLVED_IN_GRACE
FDX20252341452,CUST447235,Sherman-Ortiz,Small,2026-01-09,7474,44659,18456,2026-01-19,10,7,2026-01-26,,ELIGIBLE
FDX20258852729,CUST128941,Jacobs-Alexander,Small,2026-01-09,15236,86966,36121,2026-01-19,10,7,2026-01-26,,ELIGIBLE
FDX20252018380,CUST220944,Acevedo LLC,Small,2026-01-03,2599,9904,9705,2026-01-13,10,7,2026-01-20,,ELIGIBLE
FDX20257055334,CUST373903,Poole-Anderson,Large,2025-12-04,29850,124646,98394,2025-12-29,25,20,2026-01-18,,ELIGIBLE
FDX20257978536,CUST287241,"Sanchez, Day and Daugherty",Small,2026-01-03,30105,113663,46721,2026-01-13,10,7,2026-01-20,,ELIGIBLE
FDX20257191944,CUST708792,Erickson Ltd,Small,2025-12-23,53119,248799,179087,2026-01-02,10,7,2026-01-09,2026-01-07,RESOLVED_IN_GRACE
FDX20251978112,CUST378361,Price-Stewart,Large,2025-12-07,27006,85364,55021,2026-01-01,25,20,2026-01-21,2026-01-19,RESOLVED_IN_GRACE
FDX20255459646,CUST140115,Evans-Hale,Small,2026-01-14,47534,207419,96332,2026-01-24,10,7,2026-01-31,,IN_GRACE
FDX20259875496,CUST213668,Rollins-Butler,Small,2026-01-08,32380,99827,93035,2026-01-18,10,7,2026-01-25,2026-01-24,RESOLVED_IN_GRACE
FDX20251682046,CUST725550,Jackson-Christensen,Small,2026-01-04,26319,69605,42257,2026-01-14,10,7,2026-01-21,2026-01-16,RESOLVED_IN_GRACE
FDX20252180916,CUST555673,Sweeney-Garrett,Mid,2025-12-14,1912,8923,5869,2025-12-29,15,12,2026-01-10,,IN_GRACE
FDX20256098672,CUST462479,Strickland-Krause,Large,2025-12-01,30914,150821,60601,2025-12-26,25,20,2026-01-15,2026-01-04,RESOLVED_IN_GRACE
FDX20252307538,CUST863934,"Petty, Wyatt and Woods",Mid,2025-12-16,30180,85934,78898,2025-12-31,15,12,2026-01-12,,ELIGIBLE
FDX20254622201,CUST924629,Beard-Pearson,Mid,2025-12-30,1975,8268,3465,2026-01-14,15,12,2026-01-26,,ELIGIBLE
FDX20259715516,CUST428914,Jones-Solomon,Small,2025-12-26,45136,253596,104788,2026-01-05,10,7,2026-01-12,2026-01-12,RESOLVED_IN_GRACE
FDX20252629390,CUST557592,Ferguson-Sloan,Mid,2025-12-13,16040,57529,38778,2025-12-28,15,12,2026-01-09,2026-01-08,RESOLVED_IN_GRACE
FDX20252698275,CUST735656,"Reid, Rhodes and Wyatt",Mega,2025-12-01,47652,215673,173569,2026-01-05,35,30,2026-02-04,,ELIGIBLE
FDX20254875838,CUST636265,Nelson-Avila,Small,2026-01-11,17406,65936,45277,2026-01-21,10,7,2026-01-28,2026-01-23,RESOLVED_IN_GRACE
FDX20259919792,CUST221263,Wells Ltd,Large,2025-12-11,14140,77972,22598,2026-01-05,25,20,2026-01-25,2026-01-20,RESOLVED_IN_GRACE
FDX20257464782,CUST503906,"Brown, Farrell and Taylor",Small,2025-12-28,34248,170071,43829,2026-01-07,10,7,2026-01-14,2026-01-08,RESOLVED_IN_GRACE
FDX20254178618,CUST704596,Anderson-Ingram,Small,2026-01-11,18191,67142,32147,2026-01-21,10,7,2026-01-28,2026-01-24,RESOLVED_IN_GRACE
FDX20254240006,CUST299312,Butler-Watkins,Small,2026-01-01,36282,137425,128781,2026-01-11,10,7,2026-01-18,,IN_GRACE
FDX20259828037,CUST367095,Austin-Bush,Mid,2025-12-17,39773,222591,97005,2026-01-01,15,12,2026-01-13,2026-01-02,RESOLVED_IN_GRACE
FDX20255173551,CUST146542,Ryan-Murphy,Small,2025-12-28,9746,54661,24204,2026-01-07,10,7,2026-01-14,2026-01-13,RESOLVED_IN_GRACE
FDX20254001408,CUST843215,Burch-Bruce,Mid,2025-12-30,43182,141132,65492,2026-01-14,15,12,2026-01-26,,IN_GRACE
FDX20257965641,CUST557239,Smith-Stone,Small,2025-12-29,37594,184265,155077,2026-01-08,10,7,2026-01-15,,ELIGIBLE
FDX20252770234,CUST101773,Blankenship and Sons,Small,2026-01-14,2984,12574,5658,2026-01-24,10,7,2026-01-31,2026-01-31,RESOLVED_IN_GRACE
FDX20257005628,CUST645175,Walker-Cain,Small,2025-12-26,18183,48193,43194,2026-01-05,10,7,2026-01-12,,ELIGIBLE
FDX20258696054,CUST945687,Stout-Bennett,Small,2026-01-09,49132,162778,92525,2026-01-19,10,7,2026-01-26,,ELIGIBLE
FDX20258165129,CUST664607,"Hawkins, Foley and Smith",Small,2026-01-07,23925,104081,61982,2026-01-17,10,7,2026-01-24,2026-01-21,RESOLVED_IN_GRACE
FDX20252746548,CUST820221,"Bolton, Johnson and Zhang",Small,2026-01-11,35657,168261,94097,2026-01-21,10,7,2026-01-28,2026-01-26,RESOLVED_IN_GRACE
FDX20253798595,CUST854377,Miller-Rangel,Small,2026-01-13,53651,252057,173753,2026-01-23,10,7,2026-01-30,,ELIGIBLE
FDX20254026551,CUST877991,Baker-Yu,Small,2025-12-25,44048,120259,82474,2026-01-04,10,7,2026-01-11,,ELIGIBLE
FDX20257737011,CUST872840,Wall Inc,Small,2026-01-09,8332,24237,15140,2026-01-19,10,7,2026-01-26,,IN_GRACE
FDX20259467339,CUST803204,Manning PLC,Small,2026-01-06,32739,154974,103181,2026-01-16,10,7,2026-01-23,2026-01-23,RESOLVED_IN_GRACE
FDX20256662526,CUST306606,Bird Group,Small,2025-12-23,6031,26863,25160,2026-01-02,10,7,2026-01-09,,ELIGIBLE
FDX20253653760,CUST481913,Holmes-Wolfe,Mid,2026-01-04,29112,156355,131917,2026-01-19,15,12,2026-01-31,2026-01-24,RESOLVED_IN_GRACE
FDX20259957363,CUST552248,Brown-Williams,Small,2026-01-10,27696,153771,88019,2026-01-20,10,7,2026-01-27,2026-01-22,RESOLVED_IN_GRACE
FDX20258432510,CUST173372,Graham-Copeland,Small,2025-12-26,36079,141442,139202,2026-01-05,10,7,2026-01-12,,ELIGIBLE
FDX20256911017,CUST796503,Scott-Cunningham,Mega,2025-12-01,58762,236891,158406,2026-01-05,35,30,2026-02-04,2026-01-25,RESOLVED_IN_GRACE
FDX20256287423,CUST446239,Patterson-Padilla,Small,2025-12-30,2165,7845,4446,2026-01-09,10,7,2026-01-16,2026-01-14,RESOLVED_IN_GRACE
FDX20256446792,CUST753425,Young-Ho,Small,2026-01-03,45487,183068,158532,2026-01-13,10,7,2026-01-20,2026-01-17,RESOLVED_IN_GRACE
FDX20257236418,CUST429164,"Choi, Greer and Gallagher",Mid,2025-12-27,50397,185830,104720,2026-01-11,15,12,2026-01-23,,IN_GRACE
FDX20257917972,CUST795612,Davis-Jones,Small,2026-01-02,13782,81095,37154,2026-01-12,10,7,2026-01-19,2026-01-17,RESOLVED_IN_GRACE
FDX20258224069,CUST989208,Peterson-Alexander,Large,2025-12-01,57083,161202,147494,2025-12-26,25,20,2026-01-15,,ELIGIBLE
FDX20256426605,CUST230679,"Rollins, Harrison and Greene",Small,2025-12-28,12184,49034,47859,2026-01-07,10,7,2026-01-14,,ELIGIBLE
FDX20255038654,CUST854717,Burns-Dixon,Mid,2025-12-23,40971,189011,133311,2026-01-07,15,12,2026-01-19,2026-01-16,RESOLVED_IN_GRACE
FDX20254589118,CUST414910,Chase Group,Mid,2025-12-26,31990,170345,146731,2026-01-10,15,12,2026-01-22,,ELIGIBLE
FDX20257292514,CUST631756,Davis-Silva,Small,2026-01-06,3401,8675,6868,2026-01-16,10,7,2026-01-23,,ELIGIBLE
FDX20255262908,CUST424308,Gibson-Gray,Large,2025-12-10,59903,192140,122595,2026-01-04,25,20,2026-01-24,2026-01-24,RESOLVED_IN_GRACE
FDX20257039941,CUST799287,"Singleton, Jones and Levy",Small,2026-01-14,18655,108241,59652,2026-01-24,10,7,2026-01-31,2026-01-29,RESOLVED_IN_GRACE
FDX20258590070,CUST528231,Moore-Stanley,Small,2025-12-29,56570,296830,234169,2026-01-08,10,7,2026-01-15,,ELIGIBLE
FDX20258507800,CUST442027,Wade-Murphy,Mid,2025-12-26,56672,214830,98525,2026-01-10,15,12,2026-01-22,,IN_GRACE
FDX20257662074,CUST521947,Sanchez-Simpson,Mid,2025-12-24,29139,108837,33303,2026-01-08,15,12,2026-01-20,,IN_GRACE
FDX20251003282,CUST831076,Aguilar-Fuller,Small,2026-01-07,33494,137812,36643,2026-01-17,10,7,2026-01-24,,ELIGIBLE
FDX20251581546,CUST410016,Miller-Wright,Mid,2025-12-19,43192,253511,199073,2026-01-03,15,12,2026-01-15,,ELIGIBLE
FDX20255772818,CUST681343,Williamson-Cooley,Mid,2025-12-15,22670,83718,26546,2025-12-30,15,12,2026-01-11,,ELIGIBLE
FDX20251273509,CUST233470,"Obrien, Cook and Rodriguez",Small,2026-01-09,7079,21916,18849,2026-01-19,10,7,2026-01-26,2026-01-20,RESOLVED_IN_GRACE
FDX20259684044,CUST301158,Young-York,Small,2026-01-06,16271,97002,48375,2026-01-16,10,7,2026-01-23,,ELIGIBLE
FDX20253266362,CUST540869,"Castro, Morris and Harris",Small,2026-01-08,39243,232233,46828,2026-01-18,10,7,2026-01-25,,ELIGIBLE
FDX20256064062,CUST797229,Stevens-Smith,Mid,2025-12-12,46969,148178,78599,2025-12-27,15,12,2026-01-08,,IN_GRACE
FDX20251110206,CUST497562,Rogers-Jones,Small,2026-01-14,48773,254197,179530,2026-01-24,10,7,2026-01-31,2026-01-25,RESOLVED_IN_GRACE
FDX20256038767,CUST810219,Harrison-Odom,Large,2025-12-17,58329,344843,255419,2026-01-11,25,20,2026-01-31,,ELIGIBLE
FDX20254722641,CUST884475,Jordan-Miller,Large,2025-12-16,10922,62976,25591,2026-01-10,25,20,2026-01-30,,ELIGIBLE
FDX20254604128,CUST282480,Brown-Moore,Mid,2025-12-13,17736,67661,45542,2025-12-28,15,12,2026-01-09,,ELIGIBLE
FDX20256283223,CUST745414,Gray-White,Mid,2026-01-04,37526,107798,79530,2026-01-19,15,12,2026-01-31,,ELIGIBLE
FDX20251364088,CUST696750,Miller-Gonzalez,Mid,2026-01-01,59898,293429,263075,2026-01-16,15,12,2026-01-28,,ELIGIBLE
FDX20255629792,CUST415568,Cervantes-Harmon,Large,2025-12-01,6460,17401,15321,2025-12-26,25,20,2026-01-15,,ELIGIBLE
FDX20259577712,CUST525800,"Larson, Ruiz and Kane",Mega,2025-12-01,45648,118552,60979,2026-01-05,35,30,2026-02-04,2026-01-17,RESOLVED_IN_GRACE
FDX20253595683,CUST674553,Parker-Smith,Small,2025-12-27,55148,195137,109334,2026-01-06,10,7,2026-01-13,,ELIGIBLE
FDX20252581875,CUST974224,Ramos-Thompson,Small,2025-12-28,31452,115356,57368,2026-01-07,10,7,2026-01-14,,ELIGIBLE
FDX20251633110,CUST100425,Hall-Caldwell,Small,2025-12-31,22869,110085,82950,2026-01-10,10,7,2026-01-17,,ELIGIBLE
FDX20258723723,CUST418635,Pennington-Vazquez,Mid,2025-12-17,2887,9335,8096,2026-01-01,15,12,2026-01-13,,ELIGIBLE
FDX20256966913,CUST400850,Bailey-Bishop,Large,2025-12-06,44487,229142,173200,2025-12-31,25,20,2026-01-20,,ELIGIBLE
FDX20253619042,CUST320392,Hopkins-Johnson,Small,2025-12-27,12359,64418,62621,2026-01-06,10,7,2026-01-13,2026-01-10,RESOLVED_IN_GRACE
FDX20253322104,CUST550770,Jackson-Jones,Small,2026-01-11,6145,25807,18628,2026-01-21,10,7,2026-01-28,,ELIGIBLE
FDX20255445763,CUST923927,Collins LLC,Large,2025-12-13,25474,143396,82030,2026-01-07,25,20,2026-01-27,2026-01-27,RESOLVED_IN_GRACE
FDX20257158628,CUST708158,Cook-Jones,Mid,2026-01-02,25623,124701,116958,2026-01-17,15,12,2026-01-29,2026-01-27,RESOLVED_IN_GRACE
FDX20255191903,CUST736130,Jones-Haley,Small,2026-01-08,45264,190706,137919,2026-01-18,10,7,2026-01-25,,IN_GRACE
FDX20254908993,CUST786508,Hubbard-Medina,Mid,2025-12-18,33916,129436,108410,2026-01-02,15,12,2026-01-14,,IN_GRACE
FDX20255299058,CUST437902,Wilson-Ward,Mid,2026-01-02,23995,140151,98711,2026-01-17,15,12,2026-01-29,,ELIGIBLE
FDX20256038238,CUST587575,Potter-Mendoza,Large,2025-12-04,25804,112724,29135,2025-12-29,25,20,2026-01-18,2026-01-09,RESOLVED_IN_GRACE
FDX20252541912,CUST563246,Schmidt-Johnson,Small,2025-12-24,22747,88323,73435,2026-01-03,10,7,2026-01-10,,ELIGIBLE
FDX20257707501,CUST563638,Jones-Gamble,Small,2026-01-05,10282,31143,24801,2026-01-15,10,7,2026-01-22,,ELIGIBLE
FDX20254647992,CUST808446,Watson-Perez,Small,2025-12-24,9019,32389,25859,2026-01-03,10,7,2026-01-10,2026-01-06,RESOLVED_IN_GRACE
FDX20252295227,CUST324082,Tyler Ltd,Large,2025-12-15,58865,222194,78344,2026-01-09,25,20,2026-01-29,2026-01-27,RESOLVED_IN_GRACE
FDX20256447428,CUST636004,Fuentes-Gomez,Small,2025-12-24,16196,81401,38804,2026-01-03,10,7,2026-01-10,,ELIGIBLE
FDX20259095563,CUST596171,Beard-Smith,Small,2025-12-24,12015,50546,20599,2026-01-03,10,7,2026-01-10,,IN_GRACE
FDX20253900822,CUST932291,Campbell-Wilson,Mid,2026-01-01,49935,298587,285047,2026-01-16,15,12,2026-01-28,,IN_GRACE
FDX20259191918,CUST934692,Salas and Sons,Small,2026-01-13,25549,82669,78567,2026-01-23,10,7,2026-01-30,,ELIGIBLE
FDX20252599943,CUST871711,Rice-Ramirez,Small,2026-01-13,5543,28705,27456,2026-01-23,10,7,2026-01-30,,ELIGIBLE
FDX20256039762,CUST277934,Munoz-Blackwell,Mid,2025-12-22,52201,269331,221346,2026-01-06,15,12,2026-01-18,2026-01-15,RESOLVED_IN_GRACE
FDX20251626991,CUST790855,Butler-Floyd,Mid,2025-12-22,12249,35491,25171,2026-01-06,15,12,2026-01-18,2026-01-17,RESOLVED_IN_GRACE
FDX20257401281,CUST188914,Porter-Neal,Small,2026-01-01,22034,67704,26431,2026-01-11,10,7,2026-01-18,2026-01-16,RESOLVED_IN_GRACE
FDX20252316632,CUST397571,"Barber, Thompson and Mayo",Small,2026-01-08,42732,155319,54860,2026-01-18,10,7,2026-01-25,,ELIGIBLE
FDX20251938227,CUST640490,Morris-Cunningham,Small,2026-01-04,21119,101852,85531,2026-01-14,10,7,2026-01-21,2026-01-17,RESOLVED_IN_GRACE
FDX20256610127,CUST796101,Todd-Warren,Small,2025-12-27,48065,197717,131864,2026-01-06,10,7,2026-01-13,,IN_GRACE
FDX20256837300,CUST763686,Johnson-Peterson,Small,2026-01-04,11260,32084,17961,2026-01-14,10,7,2026-01-21,,ELIGIBLE
FDX20258286418,CUST749342,Carey Ltd,Small,2026-01-02,4145,23297,8585,2026-01-12,10,7,2026-01-19,2026-01-16,RESOLVED_IN_GRACE
FDX20257988074,CUST451470,Banks-Ferguson,Small,2025-12-26,42831,208190,206136,2026-01-05,10,7,2026-01-12,,ELIGIBLE
FDX20253022334,CUST197923,Berger-Ortega,Small,2026-01-13,59283,216908,180715,2026-01-23,10,7,2026-01-30,,ELIGIBLE
FDX20254803691,CUST958179,"Fox, Kim and Riddle",Mid,2026-01-04,14769,38607,31575,2026-01-19,15,12,2026-01-31,,ELIGIBLE
FDX20251191837,CUST887625,Garrison-Terry,Mid,2025-12-24,49383,266830,86475,2026-01-08,15,12,2026-01-20,,ELIGIBLE
FDX20257417066,CUST346277,Black-Garner,Small,2026-01-08,21172,60359,33528,2026-01-18,10,7,2026-01-25,2026-01-25,RESOLVED_IN_GRACE
FDX20251908116,CUST805477,Jackson-Norton,Small,2026-01-03,49261,218146,112692,2026-01-13,10,7,2026-01-20,2026-01-15,RESOLVED_IN_GRACE
FDX20256113416,CUST425498,"Weiss, Lopez and Brown",Mid,2025-12-18,48914,146287,71003,2026-01-02,15,12,2026-01-14,,ELIGIBLE
FDX20259797692,CUST335552,Townsend-Snyder,Small,2025-12-27,49854,199218,124756,2026-01-06,10,7,2026-01-13,,ELIGIBLE
FDX20251690923,CUST945742,"Terry, Mitchell and Stone",Small,2026-01-05,2129,11357,4961,2026-01-15,10,7,2026-01-22,,ELIGIBLE
FDX20256357242,CUST308802,Griffin-Dawson,Small,2026-01-14,39691,151727,140997,2026-01-24,10,7,2026-01-31,2026-01-28,RESOLVED_IN_GRACE
FDX20253509536,CUST254511,Gillespie-Stanley,Large,2025-12-01,16806,60991,59010,2025-12-26,25,20,2026-01-15,,ELIGIBLE
FDX20256483324,CUST125611,Key-Hoover,Small,2025-12-27,56255,146417,131736,2026-01-06,10,7,2026-01-13,2026-01-09,RESOLVED_IN_GRACE
FDX20259428900,CUST148458,Dean-Cooper,Small,2026-01-06,7414,24303,10315,2026-01-16,10,7,2026-01-23,,ELIGIBLE
FDX20254704361,CUST356736,Fuller-Phillips,Mid,2025-12-26,55419,283165,65586,2026-01-10,15,12,2026-01-22,,ELIGIBLE
FDX20253570227,CUST598216,Price-Stuart,Large,2025-12-14,25204,149522,46800,2026-01-08,25,20,2026-01-28,,ELIGIBLE
FDX20251847581,CUST740967,Key LLC,Large,2025-12-17,24672,124358,99602,2026-01-11,25,20,2026-01-31,,ELIGIBLE
FDX20257591477,CUST991014,Ramos-Hernandez,Large,2025-12-01,22273,132096,96745,2025-12-26,25,20,2026-01-15,,ELIGIBLE
FDX20258476199,CUST905819,Jones-Vega,Large,2025-12-12,5506,14646,10131,2026-01-06,25,20,2026-01-26,,ELIGIBLE
FDX20259467953,CUST176365,Carter-Ward,Mid,2025-12-31,55062,263078,214388,2026-01-15,15,12,2026-01-27,,ELIGIBLE
FDX20252511341,CUST577538,Larson-Morales,Small,2026-01-03,18072,50982,27004,2026-01-13,10,7,2026-01-20,2026-01-20,RESOLVED_IN_GRACE
FDX20254725978,CUST534572,Webb-Orozco,Small,2026-01-10,44452,173170,162972,2026-01-20,10,7,2026-01-27,,ELIGIBLE
FDX20258246678,CUST760356,Leach Group,Small,2025-12-22,11583,50250,31406,2026-01-01,10,7,2026-01-08,,ELIGIBLE
FDX20255861752,CUST703634,"Roberts, Lucas and Lopez",Mid,2025-12-25,28149,71441,33807,2026-01-09,15,12,2026-01-21,,IN_GRACE
FDX20257615632,CUST303880,Wilkinson-Cooper,Mid,2025-12-28,37786,117261,52708,2026-01-12,15,12,2026-01-24,2026-01-16,RESOLVED_IN_GRACE
FDX20253483236,CUST853240,Nelson-White,Large,2025-12-01,53923,214132,115061,2025-12-26,25,20,2026-01-15,2026-01-04,RESOLVED_IN_GRACE
FDX20253217764,CUST830180,Perez-Lowe,Small,2026-01-02,53997,266677,240132,2026-01-12,10,7,2026-01-19,2026-01-15,RESOLVED_IN_GRACE
FDX20256639966,CUST502630,Coffey-Compton,Mid,2025-12-31,32497,90241,45743,2026-01-15,15,12,2026-01-27,,ELIGIBLE
FDX20252384877,CUST618392,Marshall-Rivas,Mid,2025-12-27,15546,78240,65821,2026-01-11,15,12,2026-01-23,2026-01-22,RESOLVED_IN_GRACE
FDX20258983516,CUST519066,Thomas-Salinas,Small,2025-12-27,42355,219239,88466,2026-01-06,10,7,2026-01-13,2026-01-10,RESOLVED_IN_GRACE
FDX20251827302,CUST355836,Garza-Harmon,Mid,2025-12-12,29517,145470,84044,2025-12-27,15,12,2026-01-08,2025-12-29,RESOLVED_IN_GRACE
FDX20257697318,CUST254739,"Thornton, Williams and Phillips",Small,2026-01-02,13666,66511,29343,2026-01-12,10,7,2026-01-19,,ELIGIBLE
FDX20255404991,CUST787926,Douglas-Weiss,Small,2026-01-02,20528,68152,28128,2026-01-12,10,7,2026-01-19,2026-01-19,RESOLVED_IN_GRACE
FDX20252427388,CUST821024,Jackson-Steele,Small,2025-12-24,9134,27774,9983,2026-01-03,10,7,2026-01-10,,ELIGIBLE
FDX20257686174,CUST105814,Pratt-Sheppard,Mid,2026-01-02,52177,173806,133342,2026-01-17,15,12,2026-01-29,,IN_GRACE
FDX20259419194,CUST887443,Shaw-Davis,Mid,2025-12-12,7156,40690,20513,2025-12-27,15,12,2026-01-08,,ELIGIBLE
FDX20258289551,CUST907451,Garcia-Hutchinson,Mid,2025-12-19,34431,97032,49097,2026-01-03,15,12,2026-01-15,2026-01-04,RESOLVED_IN_GRACE
FDX20253187332,CUST211764,Price-Bowen,Small,2025-12-29,7546,28367,26946,2026-01-08,10,7,2026-01-15,,ELIGIBLE
FDX20253262755,CUST916232,Parrish PLC,Large,2025-12-04,57814,224571,204741,2025-12-29,25,20,2026-01-18,,ELIGIBLE
FDX20259068540,CUST545798,Williamson-Pennington,Mega,2025-12-01,3752,12046,4583,2026-01-05,35,30,2026-02-04,2026-01-23,RESOLVED_IN_GRACE
FDX20254323709,CUST329471,Stone-Mueller,Mid,2025-12-28,37219,177552,175707,2026-01-12,15,12,2026-01-24,,ELIGIBLE
FDX20259184951,CUST284430,Johnson-Matthews,Mid,2025-12-14,48122,138716,123933,2025-12-29,15,12,2026-01-10,,ELIGIBLE
FDX20257632348,CUST943170,Williams-Walsh,Mega,2025-12-01,26393,154773,80416,2026-01-05,35,30,2026-02-04,2026-01-15,RESOLVED_IN_GRACE
FDX20254290000,CUST829716,Martin-Collins,Mid,2025-12-26,54555,230880,95916,2026-01-10,15,12,2026-01-22,2026-01-14,RESOLVED_IN_GRACE
FDX20259795418,CUST643118,Hampton-Rojas,Mid,2025-12-21,9168,49937,46672,2026-01-05,15,12,2026-01-17,2026-01-07,RESOLVED_IN_GRACE
FDX20255131319,CUST587115,Prince Ltd,Mid,2025-12-18,45808,265440,200496,2026-01-02,15,12,2026-01-14,,ELIGIBLE
FDX20255065372,CUST152657,Davidson-Collier,Mid,2025-12-27,3865,18069,6389,2026-01-11,15,12,2026-01-23,2026-01-13,RESOLVED_IN_GRACE
FDX20252201986,CUST684482,Bailey-Hoffman,Small,2026-01-04,45455,170511,70646,2026-01-14,10,7,2026-01-21,,ELIGIBLE
FDX20255467052,CUST361303,Ramos LLC,Mid,2025-12-23,22532,107782,96140,2026-01-07,15,12,2026-01-19,,ELIGIBLE
FDX20258215305,CUST989545,Duffy Group,Small,2025-12-23,49148,177106,61481,2026-01-02,10,7,2026-01-09,,ELIGIBLE
FDX20256425946,CUST227253,"Mcbride, Jones and Rocha",Large,2025-12-01,30484,96081,61089,2025-12-26,25,20,2026-01-15,,ELIGIBLE
FDX20252503148,CUST578634,Santiago-Chavez,Small,2025-12-22,51331,241321,215442,2026-01-01,10,7,2026-01-08,,ELIGIBLE
FDX20252887937,CUST239816,Hopkins-Cabrera,Mid,2025-12-24,27628,133171,34684,2026-01-08,15,12,2026-01-20,,IN_GRACE
FDX20257938755,CUST940346,Palmer-Anderson,Small,2026-01-10,21186,62035,52922,2026-01-20,10,7,2026-01-27,,ELIGIBLE
FDX20258105832,CUST587213,"Dodson, Weiss and Turner",Mid,2025-12-22,7075,18058,17809,2026-01-06,15,12,2026-01-18,2026-01-10,RESOLVED_IN_GRACE
FDX20257128174,CUST800005,"Bartlett, Reynolds and Tyler",Small,2025-12-28,46771,260544,194406,2026-01-07,10,7,2026-01-14,,IN_GRACE
FDX20256843636,CUST656932,Jones-Schroeder,Small,2026-01-09,7545,39125,11318,2026-01-19,10,7,2026-01-26,2026-01-24,RESOLVED_IN_GRACE
FDX20254195887,CUST686075,Mays-Mayer,Small,2026-01-02,53482,259307,129651,2026-01-12,10,7,2026-01-19,2026-01-13,RESOLVED_IN_GRACE
FDX20256381096,CUST724377,Gonzales-Wallace,Small,2025-12-28,22540,60304,29880,2026-01-07,10,7,2026-01-14,,IN_GRACE
FDX20256780168,CUST432711,Moore-Ball,Small,2026-01-14,17174,90263,44167,2026-01-24,10,7,2026-01-31,2026-01-31,RESOLVED_IN_GRACE
FDX20251406123,CUST891937,Perry-Morgan,Small,2025-12-26,11912,31282,20071,2026-01-05,10,7,2026-01-12,,ELIGIBLE
FDX20256114011,CUST564071,Wolfe PLC,Mid,2026-01-01,19354,82922,58179,2026-01-16,15,12,2026-01-28,2026-01-22,RESOLVED_IN_GRACE
FDX20253839632,CUST742412,Becker-Caldwell,Mid,2025-12-26,29671,77822,61986,2026-01-10,15,12,2026-01-22,2026-01-12,RESOLVED_IN_GRACE
FDX20256867267,CUST954596,Brown-Bowen,Small,2026-01-06,18283,104320,86340,2026-01-16,10,7,2026-01-23,2026-01-20,RESOLVED_IN_GRACE
FDX20258419054,CUST854213,"Mccoy, Orozco and Mueller",Small,2025-12-31,51959,232353,142383,2026-01-10,10,7,2026-01-17,2026-01-11,RESOLVED_IN_GRACE
FDX20253446428,CUST629298,Leblanc-Brown,Mid,2025-12-19,55657,326721,315667,2026-01-03,15,12,2026-01-15,,ELIGIBLE
FDX20258389750,CUST547470,Mcintyre-Robinson,Mid,2025-12-21,31239,123546,123429,2026-01-05,15,12,2026-01-17,2026-01-08,RESOLVED_IN_GRACE
FDX20251752920,CUST970914,Bryant-James,Small,2025-12-27,24968,148012,85160,2026-01-06,10,7,2026-01-13,,ELIGIBLE
FDX20254917305,CUST674485,Kim PLC,Small,2026-01-02,11463,43474,13928,2026-01-12,10,7,2026-01-19,,IN_GRACE
FDX20254350161,CUST567574,Turner-Chan,Mid,2025-12-27,55600,237913,110379,2026-01-11,15,12,2026-01-23,2026-01-13,RESOLVED_IN_GRACE
FDX20257271672,CUST266889,Kelly-Robinson,Small,2026-01-06,27345,71782,40179,2026-01-16,10,7,2026-01-23,,IN_GRACE
FDX20253617098,CUST879779,Carroll-Ramirez,Mid,2026-01-02,44893,242638,213317,2026-01-17,15,12,2026-01-29,,ELIGIBLE
FDX20252439727,CUST597732,Kennedy-Dean,Mid,2025-12-20,34518,181727,54658,2026-01-04,15,12,2026-01-16,,ELIGIBLE
FDX20252885284,CUST571932,Davis-Lewis,Mid,2025-12-22,7583,40332,39447,2026-01-06,15,12,2026-01-18,2026-01-17,RESOLVED_IN_GRACE
FDX20251914996,CUST371782,Carlson-Sellers,Small,2026-01-04,50281,140085,91628,2026-01-14,10,7,2026-01-21,,ELIGIBLE
FDX20255077673,CUST888295,Love-Lopez,Small,2026-01-02,51998,310881,249928,2026-01-12,10,7,2026-01-19,,ELIGIBLE
FDX20253477610,CUST359249,Bentley-Alvarez,Mid,2025-12-22,30302,79815,42620,2026-01-06,15,12,2026-01-18,,IN_GRACE
FDX20255826554,CUST980660,Gonzalez-May,Mid,2025-12-17,51287,278512,211732,2026-01-01,15,12,2026-01-13,,IN_GRACE
FDX20251230406,CUST768636,"Hill, Miller and Mccarthy",Small,2025-12-22,26345,92833,34265,2026-01-01,10,7,2026-01-08,,ELIGIBLE
FDX20256759137,CUST390782,Marshall LLC,Mid,2025-12-30,29321,125591,89831,2026-01-14,15,12,2026-01-26,,ELIGIBLE
FDX20252866934,CUST903013,Cox-Wright,Small,2026-01-13,2988,7693,5817,2026-01-23,10,7,2026-01-30,,ELIGIBLE
FDX20256119031,CUST915451,Powell-Barnett,Small,2026-01-13,40415,174682,145952,2026-01-23,10,7,2026-01-30,,IN_GRACE
FDX20258550780,CUST646622,Reed-Rodriguez,Large,2025-12-09,40637,205637,144764,2026-01-03,25,20,2026-01-23,2026-01-23,RESOLVED_IN_GRACE
FDX20258905261,CUST608136,Boyd-Thomas,Small,2025-12-28,17593,100427,35540,2026-01-07,10,7,2026-01-14,,IN_GRACE
FDX20251381650,CUST757193,Reynolds-Yates,Large,2025-12-01,51691,194191,108890,2025-12-26,25,20,2026-01-15,2026-01-10,RESOLVED_IN_GRACE
FDX20256567967,CUST350867,Lawson-Garcia,Small,2026-01-10,5384,14419,13463,2026-01-20,10,7,2026-01-27,2026-01-21,RESOLVED_IN_GRACE
FDX20254506598,CUST387936,Knox PLC,Mid,2025-12-23,50140,208784,187219,2026-01-07,15,12,2026-01-19,2026-01-08,RESOLVED_IN_GRACE
FDX20254554677,CUST561239,Harris-Wagner,Small,2026-01-03,52706,138692,128727,2026-01-13,10,7,2026-01-20,2026-01-17,RESOLVED_IN_GRACE
FDX20254419219,CUST181247,Nguyen-Harper,Small,2026-01-05,58296,162963,94255,2026-01-15,10,7,2026-01-22,,IN_GRACE
FDX20259778944,CUST848206,Herrera-Lewis,Small,2026-01-11,44489,123950,117815,2026-01-21,10,7,2026-01-28,,ELIGIBLE
FDX20255339561,CUST399607,Mckinney-Washington,Mid,2025-12-20,29081,98641,61802,2026-01-04,15,12,2026-01-16,,ELIGIBLE
FDX20259103837,CUST345884,Woods-Meyer,Mid,2025-12-23,13467,47836,33012,2026-01-07,15,12,2026-01-19,,ELIGIBLE
FDX20253371416,CUST384913,Mcneil-Morgan,Small,2025-12-31,15622,41061,40284,2026-01-10,10,7,2026-01-17,2026-01-14,RESOLVED_IN_GRACE
FDX20251308508,CUST452161,"Kelly, Stephens and Rhodes",Small,2026-01-04,23627,129127,125642,2026-01-14,10,7,2026-01-21,2026-01-18,RESOLVED_IN_GRACE
FDX20257318411,CUST435239,Lawrence-Reid,Mega,2025-12-01,20712,89176,45969,2026-01-05,35,30,2026-02-04,,ELIGIBLE
FDX20259838222,CUST666390,Blackburn Inc,Small,2025-12-27,42332,150682,74235,2026-01-06,10,7,2026-01-13,,ELIGIBLE
FDX20251729507,CUST184491,Mullins-Carlson,Mid,2025-12-18,32178,124361,110792,2026-01-02,15,12,2026-01-14,2026-01-14,RESOLVED_IN_GRACE
FDX20255285846,CUST245095,Parker-Davenport,Mid,2025-12-26,1841,9335,5878,2026-01-10,15,12,2026-01-22,,ELIGIBLE
FDX20253857489,CUST258157,Garner-Williams,Small,2025-12-31,13722,43620,30912,2026-01-10,10,7,2026-01-17,,IN_GRACE
FDX20252008479,CUST342495,Keller-Tran,Mid,2025-12-22,57265,228364,199278,2026-01-06,15,12,2026-01-18,2026-01-18,RESOLVED_IN_GRACE
FDX20255764956,CUST501641,"Norris, Jordan and Juarez",Small,2025-12-26,10765,51411,46836,2026-01-05,10,7,2026-01-12,,IN_GRACE
FDX20254367121,CUST827659,"Mahoney, Wood and Weber",Small,2025-12-22,23629,95031,70299,2026-01-01,10,7,2026-01-08,,ELIGIBLE
FDX20255551347,CUST260227,Mccormick-Anderson,Small,2026-01-05,22233,70336,36098,2026-01-15,10,7,2026-01-22,,ELIGIBLE
FDX20251890622,CUST840734,Obrien-Rodriguez,Mid,2026-01-03,42145,135332,117656,2026-01-18,15,12,2026-01-30,2026-01-25,RESOLVED_IN_GRACE
FDX20258800748,CUST324345,Cruz-Zamora,Mid,2025-12-25,52730,138097,80880,2026-01-09,15,12,2026-01-21,,ELIGIBLE
FDX20251139824,CUST167348,Chan-Leach,Mid,2025-12-24,21869,122748,43508,2026-01-08,15,12,2026-01-20,,IN_GRACE
FDX20252117325,CUST535020,Waller-Bass,Small,2026-01-11,52505,192920,164798,2026-01-21,10,7,2026-01-28,2026-01-25,RESOLVED_IN_GRACE
FDX20257520383,CUST527398,"Owens, Leblanc and Jenkins",Mid,2025-12-15,37063,166161,156191,2025-12-30,15,12,2026-01-11,,ELIGIBLE
FDX20255551832,CUST446954,"Cisneros, Weaver and Johnston",Mid,2025-12-27,15012,73430,61571,2026-01-11,15,12,2026-01-23,2026-01-19,RESOLVED_IN_GRACE
FDX20257043474,CUST668969,Woodard-Gutierrez,Small,2026-01-13,14309,61749,51179,2026-01-23,10,7,2026-01-30,2026-01-30,RESOLVED_IN_GRACE
FDX20252810117,CUST588557,Mays-Garcia,Mid,2025-12-31,43109,158236,62162,2026-01-15,15,12,2026-01-27,2026-01-19,RESOLVED_IN_GRACE
FDX20251320081,CUST535970,Holt-Freeman,Mega,2025-12-01,36357,93119,38489,2026-01-05,35,30,2026-02-04,2026-01-14,RESOLVED_IN_GRACE
FDX20255907261,CUST165290,Vasquez-Chaney,Small,2025-12-27,47038,179299,154830,2026-01-06,10,7,2026-01-13,2026-01-09,RESOLVED_IN_GRACE
FDX20257484783,CUST316881,Klein-Bradley,Mid,2026-01-03,30268,123392,98278,2026-01-18,15,12,2026-01-30,,ELIGIBLE
FDX20254878365,CUST973349,Montgomery Ltd,Small,2026-01-12,21894,108906,77087,2026-01-22,10,7,2026-01-29,2026-01-29,RESOLVED_IN_GRACE
FDX20257387106,CUST540552,Mclaughlin Ltd,Large,2025-12-16,19422,116353,75878,2026-01-10,25,20,2026-01-30,,ELIGIBLE
FDX20259531890,CUST508396,Hill Inc,Small,2025-12-29,49869,250398,236439,2026-01-08,10,7,2026-01-15,2026-01-11,RESOLVED_IN_GRACE
FDX20252671072,CUST907189,Harmon-Reynolds,Small,2026-01-02,7939,32721,15504,2026-01-12,10,7,2026-01-19,,IN_GRACE
FDX20256292472,CUST712451,Riddle PLC,Small,2025-12-23,33684,184706,56840,2026-01-02,10,7,2026-01-09,2026-01-04,RESOLVED_IN_GRACE
FDX20259131281,CUST829308,Curtis PLC,Small,2026-01-04,4029,16630,7764,2026-01-14,10,7,2026-01-21,2026-01-15,RESOLVED_IN_GRACE
FDX20259918107,CUST120480,Elliott-Gutierrez,Small,2026-01-01,31474,122321,76720,2026-01-11,10,7,2026-01-18,,IN_GRACE
FDX20252476741,CUST998348,"Brewer, Bartlett and Washington",Large,2025-12-04,59844,193822,175781,2025-12-29,25,20,2026-01-18,,IN_GRACE
FDX20254127564,CUST902784,Torres-Chandler,Mid,2025-12-28,33008,134901,37899,2026-01-12,15,12,2026-01-24,2026-01-14,RESOLVED_IN_GRACE
FDX20254336572,CUST703655,Bowman-Mcneil,Mega,2025-12-01,18549,69856,52194,2026-01-05,35,30,2026-02-04,,ELIGIBLE
FDX20259399526,CUST498858,Harrington-Keller,Mega,2025-12-01,21285,53850,38090,2026-01-05,35,30,2026-02-04,2026-01-09,RESOLVED_IN_GRACE
FDX20258683734,CUST600149,"Ali, Stanley and Foley",Mid,2026-01-01,8768,46472,26420,2026-01-16,15,12,2026-01-28,2026-01-21,RESOLVED_IN_GRACE
FDX20251360516,CUST106182,Hernandez-Miller,Small,2026-01-02,53879,155529,102358,2026-01-12,10,7,2026-01-19,,ELIGIBLE
FDX20251666934,CUST468845,Mann-Chavez,Small,2025-12-27,30297,99107,45074,2026-01-06,10,7,2026-01-13,2026-01-12,RESOLVED_IN_GRACE
FDX20255150551,CUST413118,Mcbride LLC,Large,2025-12-16,21921,82874,67995,2026-01-10,25,20,2026-01-30,,ELIGIBLE
FDX20259882115,CUST890075,Green-Kelly,Small,2026-01-03,26354,74855,31117,2026-01-13,10,7,2026-01-20,,ELIGIBLE
FDX20256115834,CUST508930,Smith-Wells,Mid,2025-12-25,28636,142239,78601,2026-01-09,15,12,2026-01-21,2026-01-11,RESOLVED_IN_GRACE
FDX20256596369,CUST994905,Jackson-Fernandez,Mid,2025-12-30,8183,30514,20854,2026-01-14,15,12,2026-01-26,,ELIGIBLE
FDX20259219709,CUST976325,Acosta-Powers,Mid,2025-12-17,3534,12083,9678,2026-01-01,15,12,2026-01-13,2026-01-03,RESOLVED_IN_GRACE
FDX20257600153,CUST539375,Horton-Vargas,Mid,2025-12-22,7354,35306,27262,2026-01-06,15,12,2026-01-18,,ELIGIBLE
FDX20253634111,CUST664365,"Park, Rowland and Bray",Mid,2026-01-02,12404,57202,13854,2026-01-17,15,12,2026-01-29,,ELIGIBLE
FDX20251308234,CUST883826,"Donaldson, Daniel and Keller",Mid,2025-12-25,52794,219238,142367,2026-01-09,15,12,2026-01-21,,IN_GRACE
FDX20256818001,CUST870319,Davila-Orr,Mid,2026-01-01,23768,142073,59106,2026-01-16,15,12,2026-01-28,2026-01-23,RESOLVED_IN_GRACE
FDX20256904121,CUST672661,Johnson-Singh,Mid,2026-01-03,24479,95040,47475,2026-01-18,15,12,2026-01-30,2026-01-30,RESOLVED_IN_GRACE
FDX20256962255,CUST938722,Sanchez-Gomez,Small,2026-01-04,27598,134632,59946,2026-01-14,10,7,2026-01-21,,IN_GRACE
FDX20256072192,CUST732556,Giles-Brown,Small,2026-01-08,26388,132365,125093,2026-01-18,10,7,2026-01-25,2026-01-21,RESOLVED_IN_GRACE
FDX20254962858,CUST331251,Harris-Morgan,Mid,2025-12-24,57159,203576,188186,2026-01-08,15,12,2026-01-20,,ELIGIBLE
FDX20259409604,CUST611945,Hatfield-Hudson,Small,2026-01-10,31127,89548,48619,2026-01-20,10,7,2026-01-27,,ELIGIBLE
FDX20255628469,CUST330080,"Wang, Curtis and Blackburn",Large,2025-12-03,54384,143117,80389,2025-12-28,25,20,2026-01-17,,ELIGIBLE
FDX20252040350,CUST386193,Wyatt Inc,Small,2026-01-07,20509,87014,61765,2026-01-17,10,7,2026-01-24,2026-01-20,RESOLVED_IN_GRACE
FDX20255323142,CUST557007,"Herring, Patterson and Mccoy",Large,2025-12-15,23648,133385,70070,2026-01-09,25,20,2026-01-29,2026-01-23,RESOLVED_IN_GRACE
FDX20257495644,CUST609232,Chambers Inc,Small,2026-01-04,53137,243988,60650,2026-01-14,10,7,2026-01-21,2026-01-15,RESOLVED_IN_GRACE
FDX20251494355,CUST130434,"Santiago, Gonzalez and Arnold",Small,2026-01-09,16630,42030,19455,2026-01-19,10,7,2026-01-26,,IN_GRACE
FDX20255700872,CUST507746,Fox-Hensley,Large,2025-12-01,7576,38632,21130,2025-12-26,25,20,2026-01-15,,ELIGIBLE
FDX20254784649,CUST452457,Stark-Newman,Mid,2025-12-25,43674,145273,63621,2026-01-09,15,12,2026-01-21,,ELIGIBLE
FDX20253545240,CUST801364,Atkins-Thomas,Mid,2025-12-15,34041,186739,73319,2025-12-30,15,12,2026-01-11,2026-01-03,RESOLVED_IN_GRACE
FDX20256734220,CUST812131,Burton-Hood,Mid,2025-12-18,35753,138718,112698,2026-01-02,15,12,2026-01-14,,IN_GRACE
FDX20257590872,CUST936912,"Mccann, Phillips and Stewart",Small,2026-01-12,32405,116015,48881,2026-01-22,10,7,2026-01-29,,ELIGIBLE
FDX20253302852,CUST523956,Martin-Burns,Mid,2025-12-29,46750,142823,132160,2026-01-13,15,12,2026-01-25,,IN_GRACE
FDX20252472955,CUST859359,Lynch-Brown,Small,2026-01-05,57680,334720,290999,2026-01-15,10,7,2026-01-22,,ELIGIBLE
FDX20257412371,CUST273061,Li-Marks,Small,2026-01-09,50242,180041,101435,2026-01-19,10,7,2026-01-26,,ELIGIBLE
FDX20259736195,CUST981334,Brown-Callahan,Small,2025-12-24,53787,273502,114539,2026-01-03,10,7,2026-01-10,,ELIGIBLE
FDX20254815608,CUST590094,Farmer-Moore,Small,2025-12-29,36566,139603,122827,2026-01-08,10,7,2026-01-15,,IN_GRACE
FDX20258001691,CUST233827,King-Wall,Small,2026-01-04,53018,147055,129161,2026-01-14,10,7,2026-01-21,,ELIGIBLE
FDX20255032585,CUST752483,Ruiz-Guerra,Mid,2025-12-17,22788,116081,25602,2026-01-01,15,12,2026-01-13,2026-01-11,RESOLVED_IN_GRACE
FDX20253562705,CUST660069,White-Williams,Mid,2025-12-22,14192,52430,16117,2026-01-06,15,12,2026-01-18,,IN_GRACE
FDX20258154895,CUST128276,Sosa-Hull,Small,2026-01-08,52676,290171,203038,2026-01-18,10,7,2026-01-25,,ELIGIBLE
FDX20256240913,CUST513160,"Holder, Doyle and Graham",Mid,2026-01-01,7072,30996,29451,2026-01-16,15,12,2026-01-28,,IN_GRACE
FDX20256524481,CUST720644,Romero-Swanson,Small,2026-01-10,25139,67191,60764,2026-01-20,10,7,2026-01-27,2026-01-21,RESOLVED_IN_GRACE
FDX20258535808,CUST691807,Lawson-Kelly,Small,2026-01-07,6063,21349,12810,2026-01-17,10,7,2026-01-24,,IN_GRACE
FDX20253210769,CUST795205,"Phillips, Gross and Crane",Mid,2026-01-02,54160,317111,190276,2026-01-17,15,12,2026-01-29,,ELIGIBLE
FDX20254468811,CUST128418,Davis-Mccarthy,Small,2026-01-08,57607,341573,67705,2026-01-18,10,7,2026-01-25,,ELIGIBLE
FDX20253324928,CUST188025,Pitts-Garcia,Mid,2026-01-03,17264,61188,51846,2026-01-18,15,12,2026-01-30,2026-01-29,RESOLVED_IN_GRACE
FDX20254394202,CUST773971,Horton PLC,Mid,2025-12-29,18007,81846,35833,2026-01-13,15,12,2026-01-25,,ELIGIBLE
FDX20253317095,CUST549433,Williams-Hunter,Mega,2025-12-01,13874,65739,44243,2026-01-05,35,30,2026-02-04,,ELIGIBLE
FDX20256184132,CUST242291,Donaldson-Fisher,Small,2026-01-05,3723,9562,9383,2026-01-15,10,7,2026-01-22,,ELIGIBLE
FDX20259787997,CUST584125,Sutton-Beard,Mid,2025-12-22,29023,95195,92856,2026-01-06,15,12,2026-01-18,,ELIGIBLE
FDX20253269160,CUST290556,Lopez-Crawford,Mid,2026-01-02,38882,183901,126800,2026-01-17,15,12,2026-01-29,2026-01-29,RESOLVED_IN_GRACE
FDX20258215281,CUST152727,Fisher-Foster,Small,2026-01-01,9633,44062,21510,2026-01-11,10,7,2026-01-18,,ELIGIBLE
FDX20253435253,CUST372793,"Good, Colon and Park",Mid,2025-12-18,40422,194220,107290,2026-01-02,15,12,2026-01-14,,ELIGIBLE
FDX20253651604,CUST497519,"Potts, Garcia and Wilson",Small,2025-12-31,20183,101207,76248,2026-01-10,10,7,2026-01-17,2026-01-15,RESOLVED_IN_GRACE
FDX20256326702,CUST443254,Morgan-Smith,Large,2025-12-01,23081,96195,41193,2025-12-26,25,20,2026-01-15,2025-12-29,RESOLVED_IN_GRACE
FDX20252137730,CUST321941,Brewer-Carpenter,Small,2026-01-07,50119,250072,232391,2026-01-17,10,7,2026-01-24,,IN_GRACE
FDX20259941610,CUST576786,Lewis LLC,Mid,2025-12-18,47254,210862,161318,2026-01-02,15,12,2026-01-14,,ELIGIBLE
FDX20252986209,CUST442722,Hardin-Nelson,Small,2025-12-27,10047,56223,32512,2026-01-06,10,7,2026-01-13,2026-01-08,RESOLVED_IN_GRACE
FDX20254089276,CUST453894,Navarro-Sutton,Small,2026-01-06,34300,86766,35085,2026-01-16,10,7,2026-01-23,,IN_GRACE
FDX20256328403,CUST898207,Nelson-Carlson,Mid,2025-12-17,8856,35735,33185,2026-01-01,15,12,2026-01-13,2026-01-13,RESOLVED_IN_GRACE
FDX20253441467,CUST497542,Chung LLC,Small,2026-01-13,58145,162882,143126,2026-01-23,10,7,2026-01-30,,ELIGIBLE
FDX20251494648,CUST391773,Summers-Meyer,Small,2025-12-24,30783,103786,66290,2026-01-03,10,7,2026-01-10,,IN_GRACE
FDX20256346688,CUST888539,Cook-Walker,Small,2026-01-03,21556,114308,97572,2026-01-13,10,7,2026-01-20,,IN_GRACE
FDX20257946441,CUST972335,Nelson-Lynn,Small,2025-12-28,44902,186852,128506,2026-01-07,10,7,2026-01-14,,IN_GRACE
FDX20257899659,CUST542042,"Gonzalez, Figueroa and Williamson",Mid,2025-12-17,39843,147874,70544,2026-01-01,15,12,2026-01-13,2026-01-07,RESOLVED_IN_GRACE
FDX20256089336,CUST364525,"Hayes, Garcia and Warren",Small,2026-01-12,45681,145015,99328,2026-01-22,10,7,2026-01-29,,ELIGIBLE
FDX20258432381,CUST975467,Morales LLC,Mid,2025-12-15,48135,176136,120329,2025-12-30,15,12,2026-01-11,,ELIGIBLE
FDX20255593537,CUST185884,Gallegos Ltd,Small,2026-01-05,16439,95053,37712,2026-01-15,10,7,2026-01-22,,IN_GRACE
FDX20253549416,CUST593152,"Anthony, Brown and Lynn",Small,2026-01-05,29193,109485,96614,2026-01-15,10,7,2026-01-22,,ELIGIBLE
FDX20254153002,CUST120324,Boyd-Davis,Small,2026-01-13,41217,230552,229549,2026-01-23,10,7,2026-01-30,2026-01-24,RESOLVED_IN_GRACE
FDX20252791327,CUST885408,Franklin-Smith,Small,2026-01-09,46513,128388,53462,2026-01-19,10,7,2026-01-26,,ELIGIBLE
FDX20253206973,CUST665621,"Swanson, Watkins and Flores",Mid,2026-01-02,7430,33155,7848,2026-01-17,15,12,2026-01-29,2026-01-25,RESOLVED_IN_GRACE
FDX20254099531,CUST154615,Townsend-Welch,Large,2025-12-05,37950,121991,54392,2025-12-30,25,20,2026-01-19,2026-01-19,RESOLVED_IN_GRACE
FDX20251439533,CUST466960,Smith-Patrick,Large,2025-12-05,20103,94538,78885,2025-12-30,25,20,2026-01-19,2026-01-12,RESOLVED_IN_GRACE
FDX20255477211,CUST335113,Allen-Hoover,Large,2025-12-02,6408,23864,7749,2025-12-27,25,20,2026-01-16,,ELIGIBLE
FDX20254874049,CUST781725,Fuentes-Sanchez,Large,2025-12-11,57627,214998,206073,2026-01-05,25,20,2026-01-25,,ELIGIBLE
FDX20254895376,CUST171951,Little-Gardner,Small,2025-12-30,21274,126511,58215,2026-01-09,10,7,2026-01-16,,ELIGIBLE
FDX20254874066,CUST919182,Herrera-Jones,Mid,2025-12-27,7389,41371,26290,2026-01-11,15,12,2026-01-23,,ELIGIBLE
FDX20251437625,CUST783414,Chen-Sullivan,Small,2025-12-28,12885,73205,59128,2026-01-07,10,7,2026-01-14,,ELIGIBLE
FDX20257027405,CUST142213,"Rosales, Moore and Hopkins",Mid,2025-12-27,59894,316746,282141,2026-01-11,15,12,2026-01-23,,ELIGIBLE
FDX20252333376,CUST890870,Preston-Holland,Mid,2025-12-23,59797,213775,141947,2026-01-07,15,12,2026-01-19,,ELIGIBLE
FDX20258996058,CUST132537,Weaver-Brooks,Small,2026-01-04,48268,212578,87524,2026-01-14,10,7,2026-01-21,2026-01-21,RESOLVED_IN_GRACE
FDX20253249600,CUST359295,Owens-Moore,Mid,2025-12-14,59630,291110,112581,2025-12-29,15,12,2026-01-10,,ELIGIBLE
FDX20259427608,CUST309044,Matthews-Gregory,Small,2025-12-27,43436,164496,106795,2026-01-06,10,7,2026-01-13,,ELIGIBLE
FDX20258864546,CUST979995,Chang Group,Small,2026-01-03,12574,66488,65637,2026-01-13,10,7,2026-01-20,,ELIGIBLE
FDX20257273997,CUST121369,Taylor-Bowman,Mid,2025-12-17,32424,174506,126586,2026-01-01,15,12,2026-01-13,,ELIGIBLE
FDX20254086613,CUST751517,Bell-Brown,Mega,2025-12-01,57824,250828,230428,2026-01-05,35,30,2026-02-04,,IN_GRACE
FDX20257500504,CUST259784,Figueroa Group,Large,2025-12-01,33739,159553,106457,2025-12-26,25,20,2026-01-15,,ELIGIBLE
FDX20259245088,CUST350132,Padilla Group,Mid,2025-12-31,9671,37816,11252,2026-01-15,15,12,2026-01-27,2026-01-18,RESOLVED_IN_GRACE
FDX20258949832,CUST232352,Jimenez LLC,Mid,2025-12-31,28668,114361,78260,2026-01-15,15,12,2026-01-27,2026-01-20,RESOLVED_IN_GRACE
FDX20253307080,CUST596564,Finley-Perkins,Mid,2025-12-22,43260,227778,167084,2026-01-06,15,12,2026-01-18,2026-01-08,RESOLVED_IN_GRACE
FDX20253747879,CUST801978,Merritt-Bishop,Mega,2025-12-01,55759,161099,100539,2026-01-05,35,30,2026-02-04,,ELIGIBLE
FDX20254242361,CUST219946,Powell-Byrd,Mid,2025-12-26,35424,162008,52449,2026-01-10,15,12,2026-01-22,2026-01-22,RESOLVED_IN_GRACE
FDX20254796232,CUST691364,Vazquez and Sons,Small,2025-12-29,49272,140153,118043,2026-01-08,10,7,2026-01-15,2026-01-15,RESOLVED_IN_GRACE
FDX20251540722,CUST328552,Fields Ltd,Large,2025-12-01,32219,85464,76464,2025-12-26,25,20,2026-01-15,,IN_GRACE
FDX20257854988,CUST587623,Payne and Sons,Small,2025-12-29,59834,286356,267031,2026-01-08,10,7,2026-01-15,,ELIGIBLE
FDX20251251897,CUST833442,Frazier-Perez,Large,2025-12-01,40462,173924,59594,2025-12-26,25,20,2026-01-15,,ELIGIBLE
FDX20255527477,CUST368690,Giles PLC,Large,2025-12-05,48786,122496,112702,2025-12-30,25,20,2026-01-19,,IN_GRACE
FDX20257929728,CUST904150,Hanna-Price,Mid,2025-12-29,49191,274196,80863,2026-01-13,15,12,2026-01-25,2026-01-15,RESOLVED_IN_GRACE
FDX20254733840,CUST486814,Berry-Ward,Small,2025-12-25,28797,87623,33782,2026-01-04,10,7,2026-01-11,,ELIGIBLE
FDX20254402982,CUST275939,Caldwell-Harris,Small,2026-01-03,21206,105617,54995,2026-01-13,10,7,2026-01-20,,ELIGIBLE
FDX20254431982,CUST735324,Gonzalez-Bryant,Large,2025-12-15,18184,70483,64882,2026-01-09,25,20,2026-01-29,,ELIGIBLE
FDX20252109583,CUST736745,Castillo-Moore,Mid,2025-12-17,44074,131608,57583,2026-01-01,15,12,2026-01-13,,ELIGIBLE
FDX20253970879,CUST884256,White-Green,Small,2026-01-12,39676,231530,102883,2026-01-22,10,7,2026-01-29,,ELIGIBLE
FDX20258369982,CUST853252,Clark-Campbell,Mid,2025-12-14,5455,32529,20445,2025-12-29,15,12,2026-01-10,2026-01-04,RESOLVED_IN_GRACE
FDX20259219877,CUST220096,Johnson-Burke,Small,2026-01-02,53944,214402,99153,2026-01-12,10,7,2026-01-19,2026-01-18,RESOLVED_IN_GRACE
FDX20256450844,CUST915573,Brown-Rodriguez,Large,2025-12-10,51795,208647,180107,2026-01-04,25,20,2026-01-24,,ELIGIBLE
FDX20258676330,CUST959099,Olson-Maxwell,Mid,2026-01-04,15451,86577,83107,2026-01-19,15,12,2026-01-31,,ELIGIBLE
FDX20255140345,CUST271720,Johns-Williams,Mid,2025-12-18,37323,205763,125529,2026-01-02,15,12,2026-01-14,2026-01-14,RESOLVED_IN_GRACE
FDX20258173194,CUST426147,Matthews-Bell,Mid,2025-12-28,13606,49820,46180,2026-01-12,15,12,2026-01-24,,IN_GRACE
FDX20257792537,CUST213349,Sullivan-Conner,Mid,2026-01-03,48791,248553,125439,2026-01-18,15,12,2026-01-30,,ELIGIBLE
FDX20251701728,CUST706794,"Clayton, Moore and Cobb",Small,2026-01-02,38171,225339,158361,2026-01-12,10,7,2026-01-19,,ELIGIBLE
FDX20257381619,CUST126925,Williams-Freeman,Mid,2025-12-22,1810,4987,3730,2026-01-06,15,12,2026-01-18,,IN_GRACE
FDX20256249548,CUST427110,Rice-Alvarez,Small,2025-12-23,38220,127269,121126,2026-01-02,10,7,2026-01-09,,ELIGIBLE
FDX20257612751,CUST703766,Cruz-Hayes,Small,2026-01-10,11135,50160,27011,2026-01-20,10,7,2026-01-27,2026-01-22,RESOLVED_IN_GRACE
FDX20259995261,CUST810250,Gray-Hill,Small,2025-12-24,23410,70951,33687,2026-01-03,10,7,2026-01-10,2026-01-04,RESOLVED_IN_GRACE
FDX20259811906,CUST493537,Stein-Campos,Small,2026-01-06,50715,297128,241313,2026-01-16,10,7,2026-01-23,,IN_GRACE
FDX20251646123,CUST515922,Bradford Inc,Small,2026-01-02,52021,275522,269158,2026-01-12,10,7,2026-01-19,2026-01-13,RESOLVED_IN_GRACE
FDX20259735042,CUST849747,Cruz-French,Mid,2025-12-19,37584,136800,136537,2026-01-03,15,12,2026-01-15,2026-01-06,RESOLVED_IN_GRACE
FDX20252834023,CUST307963,Rodgers-Krause,Small,2026-01-08,28119,133614,103059,2026-01-18,10,7,2026-01-25,,ELIGIBLE
FDX20258576751,CUST179688,Andrews-Garrett,Mid,2026-01-03,39874,115519,93495,2026-01-18,15,12,2026-01-30,,ELIGIBLE
FDX20258665517,CUST720859,"Rowland, Lam and Johnson",Mid,2025-12-18,45136,219235,153122,2026-01-02,15,12,2026-01-14,,ELIGIBLE
FDX20251711620,CUST824161,Jarvis Group,Mid,2025-12-29,49211,128146,68662,2026-01-13,15,12,2026-01-25,,ELIGIBLE
FDX20255122525,CUST970917,"Whitehead, Moore and Howard",Small,2025-12-28,36964,148820,84226,2026-01-07,10,7,2026-01-14,2026-01-13,RESOLVED_IN_GRACE
FDX20259702386,CUST757711,Sellers-Willis,Mid,2025-12-17,56785,195247,113147,2026-01-01,15,12,2026-01-13,,ELIGIBLE
FDX20257637254,CUST354646,Nelson-Green,Small,2025-12-24,55825,289270,225323,2026-01-03,10,7,2026-01-10,,ELIGIBLE
FDX20251658532,CUST206851,Lindsey-Jenkins,Small,2025-12-29,25158,123106,33438,2026-01-08,10,7,2026-01-15,,ELIGIBLE
FDX20257499457,CUST831059,Lloyd-Gonzalez,Small,2026-01-02,28361,111198,81118,2026-01-12,10,7,2026-01-19,,ELIGIBLE
FDX20259659168,CUST910004,Williams-Boyd,Small,2025-12-27,51175,303216,190008,2026-01-06,10,7,2026-01-13,,IN_GRACE
FDX20251827040,CUST416232,Cole-Wilson,Small,2025-12-22,10255,32742,10293,2026-01-01,10,7,2026-01-08,,IN_GRACE
FDX20254185160,CUST991597,Young-Garza,Small,2025-12-29,55836,143226,80597,2026-01-08,10,7,2026-01-15,,IN_GRACE
FDX20255885179,CUST817497,Pratt-Underwood,Mid,2025-12-15,46252,239463,48775,2025-12-30,15,12,2026-01-11,2026-01-11,RESOLVED_IN_GRACE
FDX20258374490,CUST729577,Duran Group,Small,2025-12-24,40410,106575,99001,2026-01-03,10,7,2026-01-10,2026-01-04,RESOLVED_IN_GRACE
FDX20257678001,CUST944657,Barr-Castillo,Large,2025-12-01,54632,201058,182405,2025-12-26,25,20,2026-01-15,,IN_GRACE
FDX20256109570,CUST226935,Mcclure Ltd,Mid,2026-01-03,35590,190780,51520,2026-01-18,15,12,2026-01-30,,ELIGIBLE
FDX20255796850,CUST934904,"Mcgee, Bowers and Allen",Mid,2026-01-01,36085,172985,170333,2026-01-16,15,12,2026-01-28,2026-01-28,RESOLVED_IN_GRACE
FDX20258740121,CUST693423,Wells-Duarte,Small,2026-01-08,28822,165587,142761,2026-01-18,10,7,2026-01-25,,ELIGIBLE
FDX20253793181,CUST920652,Perez-Norton,Mid,2025-12-28,50747,278921,109675,2026-01-12,15,12,2026-01-24,2026-01-15,RESOLVED_IN_GRACE
FDX20258087739,CUST143064,Livingston-Moore,Mid,2025-12-28,3897,17912,17013,2026-01-12,15,12,2026-01-24,,ELIGIBLE
FDX20255939543,CUST464069,Bernard-Wagner,Small,2026-01-06,56593,338735,75007,2026-01-16,10,7,2026-01-23,,ELIGIBLE
FDX20251915141,CUST658623,Perry-Lara,Mid,2025-12-23,38897,232206,100390,2026-01-07,15,12,2026-01-19,,ELIGIBLE
FDX20259673311,CUST549186,Smith-Petersen,Mid,2025-12-19,19388,114609,54950,2026-01-03,15,12,2026-01-15,,IN_GRACE
FDX20253386384,CUST793655,Dennis-Johnson,Small,2026-01-02,40419,141561,128550,2026-01-12,10,7,2026-01-19,,ELIGIBLE
FDX20258777564,CUST488571,Nelson-Levine,Large,2025-12-14,47063,231740,175961,2026-01-08,25,20,2026-01-28,,ELIGIBLE
FDX20258578236,CUST172306,Hill-Ferguson,Small,2026-01-06,48852,201944,190626,2026-01-16,10,7,2026-01-23,,IN_GRACE
FDX20252517344,CUST630538,Randall-Miller,Mid,2025-12-12,30352,129536,120020,2025-12-27,15,12,2026-01-08,2025-12-30,RESOLVED_IN_GRACE
FDX20259399643,CUST778998,Williams-Roberts,Large,2025-12-01,41849,212060,132973,2025-12-26,25,20,2026-01-15,,ELIGIBLE
FDX20252898704,CUST457806,"Noble, Stewart and Snow",Small,2026-01-11,5384,29017,14768,2026-01-21,10,7,2026-01-28,,ELIGIBLE
FDX20254016063,CUST113266,"Lowe, Norman and Smith",Small,2025-12-29,45618,184567,134829,2026-01-08,10,7,2026-01-15,,ELIGIBLE
FDX20253270069,CUST990844,Delgado-Lewis,Large,2025-12-01,27384,109965,85270,2025-12-26,25,20,2026-01-15,,IN_GRACE
FDX20257594565,CUST540463,Patterson-Lewis,Mid,2025-12-21,10231,53565,41091,2026-01-05,15,12,2026-01-17,,ELIGIBLE
FDX20257938373,CUST962276,Brown-Morris,Small,2026-01-03,27397,115736,63596,2026-01-13,10,7,2026-01-20,2026-01-14,RESOLVED_IN_GRACE
FDX20256426773,CUST614013,Scott-Sanchez,Small,2026-01-05,52186,287248,185835,2026-01-15,10,7,2026-01-22,,IN_GRACE
FDX20258564609,CUST210665,Brown-Russell,Small,2025-12-23,11996,62898,18743,2026-01-02,10,7,2026-01-09,2026-01-06,RESOLVED_IN_GRACE
FDX20251417955,CUST554582,Estrada Ltd,Mid,2025-12-22,39902,170913,105229,2026-01-06,15,12,2026-01-18,,ELIGIBLE
FDX20254001084,CUST479781,"Daniels, Cooper and Nunez",Large,2025-12-01,32736,157520,78614,2025-12-26,25,20,2026-01-15,,ELIGIBLE
FDX20258611499,CUST766459,"Coleman, Collier and Rivera",Mid,2026-01-03,1728,4650,2521,2026-01-18,15,12,2026-01-30,2026-01-23,RESOLVED_IN_GRACE
FDX20254387856,CUST968962,Young-Dixon,Small,2026-01-12,23378,75795,72844,2026-01-22,10,7,2026-01-29,,IN_GRACE
FDX20258628318,CUST582071,Bauer-Richardson,Large,2025-12-01,11275,32185,17366,2025-12-26,25,20,2026-01-15,,ELIGIBLE
FDX20252512963,CUST841666,Spencer-Robinson,Mega,2025-12-01,30169,98956,82231,2026-01-05,35,30,2026-02-04,2026-01-25,RESOLVED_IN_GRACE
FDX20255195684,CUST260422,"Mclaughlin, Smith and Murray",Mid,2025-12-14,16295,44560,23396,2025-12-29,15,12,2026-01-10,2026-01-01,RESOLVED_IN_GRACE
FDX20256437072,CUST556641,Baldwin-Schneider,Mid,2025-12-19,56888,337043,260804,2026-01-03,15,12,2026-01-15,2026-01-14,RESOLVED_IN_GRACE
FDX20253751363,CUST284692,Salinas LLC,Mid,2026-01-02,18256,68270,29517,2026-01-17,15,12,2026-01-29,,ELIGIBLE
FDX20253072728,CUST869440,Smith-Austin,Mid,2025-12-27,25828,122674,55015,2026-01-11,15,12,2026-01-23,,ELIGIBLE
FDX20252529935,CUST647091,Smith-Webb,Small,2025-12-30,17328,43982,37375,2026-01-09,10,7,2026-01-16,2026-01-15,RESOLVED_IN_GRACE
FDX20252915369,CUST782054,Allen-Evans,Large,2025-12-01,51237,136744,111719,2025-12-26,25,20,2026-01-15,,IN_GRACE
FDX20258539654,CUST383201,Reid-Grant,Mid,2025-12-23,50880,194809,61161,2026-01-07,15,12,2026-01-19,,ELIGIBLE
FDX20257089179,CUST745830,Willis-Reyes,Large,2025-12-01,49501,223654,109033,2025-12-26,25,20,2026-01-15,,ELIGIBLE
FDX20252431206,CUST947458,Martin-Hull,Small,2026-01-09,23455,69980,51811,2026-01-19,10,7,2026-01-26,,IN_GRACE
FDX20259788196,CUST664315,Gonzalez-Butler,Small,2026-01-01,35247,133052,54467,2026-01-11,10,7,2026-01-18,,ELIGIBLE
FDX20257443916,CUST912270,Taylor-Morgan,Small,2026-01-14,43921,148726,79541,2026-01-24,10,7,2026-01-31,2026-01-28,RESOLVED_IN_GRACE
FDX20259584338,CUST606983,Pearson-Ford,Mid,2025-12-29,27695,131972,75942,2026-01-13,15,12,2026-01-25,,ELIGIBLE
FDX20253682671,CUST587455,Yates-Wright,Small,2025-12-23,9506,31966,20732,2026-01-02,10,7,2026-01-09,,ELIGIBLE
FDX20257353173,CUST556732,Dickson-Hopkins,Small,2026-01-01,47905,266033,100361,2026-01-11,10,7,2026-01-18,2026-01-15,RESOLVED_IN_GRACE
FDX20257385526,CUST965845,Schmidt-Steele,Small,2026-01-08,51311,294181,201979,2026-01-18,10,7,2026-01-25,,ELIGIBLE
FDX20251736621,CUST866536,Arias-Faulkner,Small,2026-01-06,40399,107478,48505,2026-01-16,10,7,2026-01-23,,IN_GRACE
FDX20253866974,CUST721254,"Gentry, Buck and Mcdowell",Mid,2025-12-26,48693,215621,103727,2026-01-10,15,12,2026-01-22,2026-01-17,RESOLVED_IN_GRACE
FDX20256623607,CUST381433,Ferrell Group,Mid,2025-12-30,48904,229265,206316,2026-01-14,15,12,2026-01-26,2026-01-18,RESOLVED_IN_GRACE
FDX20253518087,CUST437960,Tate-Higgins,Small,2025-12-24,14222,44468,30362,2026-01-03,10,7,2026-01-10,,IN_GRACE
FDX20253719990,CUST993085,Cantrell-Gonzalez,Small,2026-01-14,29973,105150,58428,2026-01-24,10,7,2026-01-31,,IN_GRACE
FDX20253426109,CUST357420,Miller-Becker,Small,2026-01-08,18399,54485,28193,2026-01-18,10,7,2026-01-25,,ELIGIBLE
FDX20254000886,CUST971084,Hall-Johnson,Mid,2026-01-04,36416,214729,129464,2026-01-19,15,12,2026-01-31,,ELIGIBLE
FDX20251860847,CUST190872,Gallagher Inc,Mid,2025-12-17,47188,222892,88958,2026-01-01,15,12,2026-01-13,,ELIGIBLE
FDX20258039412,CUST392477,Grimes-Adkins,Small,2026-01-10,52180,266669,112703,2026-01-20,10,7,2026-01-27,,ELIGIBLE
FDX20256168426,CUST572700,"Johns, Barnes and Galvan",Mid,2025-12-14,31997,98317,60716,2025-12-29,15,12,2026-01-10,2026-01-06,RESOLVED_IN_GRACE
FDX20256192855,CUST355709,Stewart-Fowler,Large,2025-12-01,45682,160529,70092,2025-12-26,25,20,2026-01-15,2026-01-06,RESOLVED_IN_GRACE
FDX20258486970,CUST886931,Olson-Brown,Mid,2026-01-01,50711,278749,105210,2026-01-16,15,12,2026-01-28,,IN_GRACE
FDX20255844933,CUST587282,Santana-Smith,Large,2025-12-03,8185,21620,12003,2025-12-28,25,20,2026-01-17,2026-01-05,RESOLVED_IN_GRACE
FDX20254031576,CUST697530,Hill-Armstrong,Mid,2025-12-31,48519,244907,240762,2026-01-15,15,12,2026-01-27,2026-01-27,RESOLVED_IN_GRACE
FDX20252972228,CUST739979,Charles-Lutz,Small,2026-01-05,48317,134739,49222,2026-01-15,10,7,2026-01-22,2026-01-20,RESOLVED_IN_GRACE
FDX20253207395,CUST800646,Adams-Reid,Small,2026-01-02,46911,270386,128750,2026-01-12,10,7,2026-01-19,,ELIGIBLE
FDX20254403286,CUST497399,Harrison-Rivera,Mid,2025-12-27,10843,40713,19067,2026-01-11,15,12,2026-01-23,,ELIGIBLE
FDX20251059272,CUST452737,Murphy-Fuentes,Mega,2025-12-01,3730,12674,11033,2026-01-05,35,30,2026-02-04,2026-01-06,RESOLVED_IN_GRACE
FDX20255246497,CUST130094,"Carpenter, Daniels and Chandler",Mid,2025-12-23,19004,73398,31527,2026-01-07,15,12,2026-01-19,,IN_GRACE
FDX20251204812,CUST618317,"Patel, Allen and Vasquez",Small,2026-01-09,16784,100083,42559,2026-01-19,10,7,2026-01-26,,ELIGIBLE
FDX20258694746,CUST992288,Young-Vega,Mega,2025-12-01,46247,148067,129118,2026-01-05,35,30,2026-02-04,,ELIGIBLE
FDX20259348805,CUST440802,Fuentes PLC,Large,2025-12-14,42574,247312,177483,2026-01-08,25,20,2026-01-28,2026-01-15,RESOLVED_IN_GRACE
FDX20259365828,CUST290672,Wilson-Smith,Mid,2025-12-22,36455,127959,84576,2026-01-06,15,12,2026-01-18,,IN_GRACE
FDX20251096478,CUST611233,Mitchell-Mcdaniel,Small,2026-01-12,27624,152240,128030,2026-01-22,10,7,2026-01-29,2026-01-23,RESOLVED_IN_GRACE
FDX20259278999,CUST322423,Kim-Johnson,Mid,2025-12-23,9880,48296,41787,2026-01-07,15,12,2026-01-19,,ELIGIBLE
FDX20254990936,CUST472060,Hess-Warren,Small,2026-01-10,59882,293209,223967,2026-01-20,10,7,2026-01-27,,ELIGIBLE
FDX20254638539,CUST936587,Brown-King,Mid,2025-12-16,2328,8026,6135,2025-12-31,15,12,2026-01-12,2026-01-04,RESOLVED_IN_GRACE
FDX20258981122,CUST370902,Thomas-Yoder,Small,2025-12-28,30328,89061,69154,2026-01-07,10,7,2026-01-14,,IN_GRACE
FDX20258612468,CUST456871,Davidson-Glover,Mid,2025-12-18,35825,194543,133259,2026-01-02,15,12,2026-01-14,2026-01-13,RESOLVED_IN_GRACE
FDX20257881198,CUST393243,Diaz-Ramirez,Small,2026-01-13,45902,144553,108491,2026-01-23,10,7,2026-01-30,,ELIGIBLE
FDX20258413438,CUST725113,Miller-Gomez,Large,2025-12-11,29088,147610,115428,2026-01-05,25,20,2026-01-25,2026-01-18,RESOLVED_IN_GRACE
FDX20252332193,CUST835244,Huber-Davis,Large,2025-12-01,36912,94450,79677,2025-12-26,25,20,2026-01-15,2026-01-08,RESOLVED_IN_GRACE
FDX20251110277,CUST389688,Thompson-Maddox,Small,2025-12-27,20885,100646,67617,2026-01-06,10,7,2026-01-13,2026-01-09,RESOLVED_IN_GRACE
FDX20255105605,CUST682789,Stanley-Burnett,Mid,2025-12-19,21321,72186,27603,2026-01-03,15,12,2026-01-15,2026-01-09,RESOLVED_IN_GRACE
FDX20255665960,CUST110644,Campos-Ross,Small,2026-01-03,33577,171195,91892,2026-01-13,10,7,2026-01-20,2026-01-17,RESOLVED_IN_GRACE
FDX20254483580,CUST641722,Perry-Odonnell,Mega,2025-12-01,42179,146693,99205,2026-01-05,35,30,2026-02-04,2026-01-15,RESOLVED_IN_GRACE
FDX20251820721,CUST300337,Bray-Simmons,Small,2025-12-28,3473,13977,6852,2026-01-07,10,7,2026-01-14,,IN_GRACE
FDX20254101100,CUST189771,"Hopkins, Stephens and Baird",Small,2026-01-02,48246,158748,130721,2026-01-12,10,7,2026-01-19,,ELIGIBLE
FDX20253487325,CUST353080,Cummings-Pace,Mid,2025-12-20,55495,256781,107456,2026-01-04,15,12,2026-01-16,,IN_GRACE
FDX20251923819,CUST855053,Simmons-Brown,Mid,2025-12-21,43947,222241,180889,2026-01-05,15,12,2026-01-17,2026-01-14,RESOLVED_IN_GRACE
FDX20256855581,CUST526170,Parker-Walton,Large,2025-12-15,25267,144004,52029,2026-01-09,25,20,2026-01-29,,ELIGIBLE
FDX20251616077,CUST612311,Castillo-Bell,Large,2025-12-14,18740,64254,53223,2026-01-08,25,20,2026-01-28,2026-01-26,RESOLVED_IN_GRACE
FDX20253438977,CUST682144,Madden-Rivas,Small,2025-12-27,15484,80368,68095,2026-01-06,10,7,2026-01-13,2026-01-11,RESOLVED_IN_GRACE
FDX20251544120,CUST894993,Schneider Ltd,Small,2026-01-06,3991,13597,11475,2026-01-16,10,7,2026-01-23,2026-01-21,RESOLVED_IN_GRACE
FDX20256007018,CUST351997,Garcia-Lowe,Small,2025-12-27,41292,226109,218747,2026-01-06,10,7,2026-01-13,2026-01-12,RESOLVED_IN_GRACE
FDX20256555122,CUST824156,Barrera-Espinoza,Small,2025-12-31,35439,201647,92505,2026-01-10,10,7,2026-01-17,2026-01-16,RESOLVED_IN_GRACE
FDX20252471406,CUST599219,Wang-Brown,Mid,2026-01-02,15342,43617,38062,2026-01-17,15,12,2026-01-29,,ELIGIBLE
FDX20251822609,CUST777278,"Ayers, Davies and Campbell",Small,2026-01-11,25898,67740,41497,2026-01-21,10,7,2026-01-28,2026-01-23,RESOLVED_IN_GRACE
FDX20252826831,CUST846420,"Reilly, Beck and Chandler",Small,2026-01-09,7699,38706,24404,2026-01-19,10,7,2026-01-26,,ELIGIBLE
FDX20257995376,CUST614663,Sanders-Bond,Large,2025-12-01,26019,141285,134058,2025-12-26,25,20,2026-01-15,,ELIGIBLE
FDX20253990511,CUST569945,Porter-Gutierrez,Small,2026-01-01,45683,224466,136239,2026-01-11,10,7,2026-01-18,,ELIGIBLE
FDX20253706755,CUST931450,Torres-Ward,Mid,2025-12-31,53789,229579,74943,2026-01-15,15,12,2026-01-27,,ELIGIBLE
FDX20255771113,CUST118080,Koch-Henderson,Small,2026-01-09,46125,123137,62871,2026-01-19,10,7,2026-01-26,,ELIGIBLE
FDX20253976601,CUST197573,Sanchez-Arnold,Small,2025-12-28,23233,59613,49193,2026-01-07,10,7,2026-01-14,,ELIGIBLE
FDX20258639301,CUST408528,"Pruitt, Mcmahon and French",Small,2025-12-22,30067,132104,126593,2026-01-01,10,7,2026-01-08,2026-01-07,RESOLVED_IN_GRACE
FDX20257042962,CUST332360,Peterson-Williams,Small,2025-12-25,35841,142658,119451,2026-01-04,10,7,2026-01-11,2026-01-10,RESOLVED_IN_GRACE
FDX20251601296,CUST524045,Allen-Cole,Small,2025-12-23,51793,139135,104650,2026-01-02,10,7,2026-01-09,,ELIGIBLE
FDX20252562399,CUST825391,"Cantu, Clark and Stone",Mid,2026-01-04,43851,229621,102349,2026-01-19,15,12,2026-01-31,,IN_GRACE
FDX20256021328,CUST355123,Johnston-Jackson,Mid,2025-12-25,21007,117294,75736,2026-01-09,15,12,2026-01-21,2026-01-17,RESOLVED_IN_GRACE
FDX20256416051,CUST421080,Norton and Sons,Small,2025-12-29,7635,28846,26255,2026-01-08,10,7,2026-01-15,2026-01-13,RESOLVED_IN_GRACE
FDX20257183568,CUST796212,Raymond-Farmer,Small,2026-01-12,45968,254352,158312,2026-01-22,10,7,2026-01-29,2026-01-24,RESOLVED_IN_GRACE
FDX20257357547,CUST709805,Wilson-Bryant,Small,2025-12-27,10827,63735,49072,2026-01-06,10,7,2026-01-13,,ELIGIBLE
FDX20252135258,CUST486945,White-Ward,Large,2025-12-01,24986,143157,36654,2025-12-26,25,20,2026-01-15,2025-12-27,RESOLVED_IN_GRACE
FDX20258169304,CUST596249,Moore-Cross,Mid,2025-12-22,16646,76200,38597,2026-01-06,15,12,2026-01-18,2026-01-09,RESOLVED_IN_GRACE
FDX20252089275,CUST680358,Armstrong-Stanley,Small,2025-12-22,21843,73826,52625,2026-01-01,10,7,2026-01-08,,IN_GRACE
FDX20255912917,CUST656711,Garcia-Green,Mid,2026-01-03,26477,88329,36484,2026-01-18,15,12,2026-01-30,,IN_GRACE
FDX20258898995,CUST460455,Smith-Coleman,Mid,2025-12-17,8260,31307,19809,2026-01-01,15,12,2026-01-13,,ELIGIBLE
FDX20253257303,CUST546173,Johnston-Li,Mid,2025-12-30,38592,201453,102034,2026-01-14,15,12,2026-01-26,,ELIGIBLE
FDX20253047210,CUST882169,Morgan-Campbell,Mid,2025-12-23,45868,230476,123189,2026-01-07,15,12,2026-01-19,,ELIGIBLE
FDX20255603979,CUST677124,"Kane, Coleman and Black",Mega,2025-12-01,14993,75018,59338,2026-01-05,35,30,2026-02-04,,ELIGIBLE
FDX20256523202,CUST446859,Cardenas-Collins,Small,2026-01-04,28673,101547,62380,2026-01-14,10,7,2026-01-21,,ELIGIBLE
FDX20259842477,CUST468900,Smith-Haas,Small,2026-01-13,41810,192819,117577,2026-01-23,10,7,2026-01-30,2026-01-24,RESOLVED_IN_GRACE
FDX20257941705,CUST836996,Williams-Taylor,Small,2026-01-10,14676,73149,51565,2026-01-20,10,7,2026-01-27,,IN_GRACE
FDX20259802102,CUST575786,"Cruz, Garcia and Chang",Mid,2025-12-25,24297,102735,61783,2026-01-09,15,12,2026-01-21,,ELIGIBLE
FDX20254520621,CUST384076,West-Mueller,Small,2025-12-31,28681,119188,85760,2026-01-10,10,7,2026-01-17,2026-01-17,RESOLVED_IN_GRACE
FDX20254507293,CUST421517,Walton-Vaughn,Small,2026-01-11,44919,208766,96924,2026-01-21,10,7,2026-01-28,,ELIGIBLE
FDX20251976175,CUST363615,Finley-Castillo,Small,2026-01-06,6381,31350,8288,2026-01-16,10,7,2026-01-23,,ELIGIBLE
FDX20252833787,CUST341736,Ferguson-Donovan,Mid,2026-01-01,35155,152190,63623,2026-01-16,15,12,2026-01-28,2026-01-17,RESOLVED_IN_GRACE
FDX20259874251,CUST226516,Cochran and Sons,Small,2025-12-22,5011,17429,17107,2026-01-01,10,7,2026-01-08,,ELIGIBLE
FDX20252470854,CUST856321,Beck-Ellis,Mid,2025-12-30,57347,167232,59404,2026-01-14,15,12,2026-01-26,,ELIGIBLE
FDX20259114518,CUST301939,Neal-Burns,Small,2026-01-05,44897,150638,141405,2026-01-15,10,7,2026-01-22,2026-01-22,RESOLVED_IN_GRACE
FDX20255818203,CUST430876,Smith-Simmons,Mid,2025-12-19,32153,107123,81982,2026-01-03,15,12,2026-01-15,2026-01-14,RESOLVED_IN_GRACE
FDX20258164770,CUST225362,Gordon-Lewis,Mid,2025-12-27,26144,94385,48130,2026-01-11,15,12,2026-01-23,,ELIGIBLE
FDX20256309796,CUST878967,Jefferson PLC,Mid,2025-12-29,24498,112431,110587,2026-01-13,15,12,2026-01-25,,IN_GRACE
FDX20255356372,CUST661894,Martin-Johnson,Small,2026-01-12,53583,254858,107293,2026-01-22,10,7,2026-01-29,2026-01-28,RESOLVED_IN_GRACE
FDX20259814602,CUST899213,Lowery PLC,Mid,2025-12-23,47668,167899,69951,2026-01-07,15,12,2026-01-19,2026-01-19,RESOLVED_IN_GRACE
FDX20256936673,CUST823688,Schmidt-Gomez,Small,2025-12-31,14902,55938,47997,2026-01-10,10,7,2026-01-17,2026-01-14,RESOLVED_IN_GRACE
FDX20253176225,CUST294143,"Bruce, Patrick and Ballard",Small,2026-01-01,19057,75668,58273,2026-01-11,10,7,2026-01-18,,ELIGIBLE
FDX20259328158,CUST300845,Dillon-Camacho,Large,2025-12-05,5780,28411,27653,2025-12-30,25,20,2026-01-19,,ELIGIBLE
FDX20259719216,CUST326895,Lane-Day,Mid,2025-12-16,27153,68548,33446,2025-12-31,15,12,2026-01-12,,ELIGIBLE
FDX20259350710,CUST874483,Holden Inc,Small,2026-01-05,39527,131281,43902,2026-01-15,10,7,2026-01-22,2026-01-20,RESOLVED_IN_GRACE
FDX20259262853,CUST607719,Bradshaw-Smith,Small,2025-12-23,2180,7926,6675,2026-01-02,10,7,2026-01-09,,ELIGIBLE
FDX20254018342,CUST389930,Henson Group,Mid,2025-12-19,35539,145311,87486,2026-01-03,15,12,2026-01-15,,ELIGIBLE
FDX20254904421,CUST859782,Mccarty-Berger,Mid,2026-01-03,48685,127716,106666,2026-01-18,15,12,2026-01-30,,IN_GRACE
FDX20255873580,CUST718226,Daniels-Vazquez,Small,2026-01-12,15123,86689,35341,2026-01-22,10,7,2026-01-29,2026-01-26,RESOLVED_IN_GRACE
FDX20254247321,CUST897135,Black-Alexander,Large,2025-12-05,21786,94337,80411,2025-12-30,25,20,2026-01-19,,ELIGIBLE
FDX20251026523,CUST650121,Rogers Ltd,Small,2026-01-08,52195,276663,201884,2026-01-18,10,7,2026-01-25,,ELIGIBLE
FDX20252983186,CUST725780,Hays-Schmidt,Mid,2026-01-04,42653,158458,129746,2026-01-19,15,12,2026-01-31,,ELIGIBLE
FDX20251402431,CUST396745,Gardner-Landry,Large,2025-12-06,32238,147978,79083,2025-12-31,25,20,2026-01-20,,IN_GRACE
FDX20258799486,CUST205409,Nelson-Leon,Small,2025-12-26,41741,199527,114982,2026-01-05,10,7,2026-01-12,,IN_GRACE
FDX20252978465,CUST973074,Stanley-Herrera,Small,2025-12-22,7487,34587,21601,2026-01-01,10,7,2026-01-08,,IN_GRACE
FDX20254478434,CUST303547,Ingram-Brewer,Small,2025-12-27,53598,149272,134385,2026-01-06,10,7,2026-01-13,,ELIGIBLE
FDX20257956372,CUST410636,Price-Harris,Small,2026-01-05,45467,119751,71396,2026-01-15,10,7,2026-01-22,,IN_GRACE
FDX20257946457,CUST338533,Silva-Reyes,Small,2026-01-05,33982,97633,94174,2026-01-15,10,7,2026-01-22,,IN_GRACE
FDX20251763232,CUST478411,Lester-Carter,Mid,2025-12-14,28686,110071,76625,2025-12-29,15,12,2026-01-10,,IN_GRACE
FDX20256600104,CUST288158,Juarez-Dudley,Small,2026-01-13,43344,254958,71509,2026-01-23,10,7,2026-01-30,2026-01-24,RESOLVED_IN_GRACE
FDX20256866154,CUST416950,Nguyen-Hall,Mid,2025-12-14,20214,96419,84549,2025-12-29,15,12,2026-01-10,,IN_GRACE
FDX20254562439,CUST114835,Cantu-Ramirez,Large,2025-12-13,54886,201944,126162,2026-01-07,25,20,2026-01-27,,ELIGIBLE
FDX20251189536,CUST842411,Barnes-White,Small,2025-12-31,28924,129369,104244,2026-01-10,10,7,2026-01-17,,ELIGIBLE
FDX20254375360,CUST660081,"Dorsey, Webster and Perry",Mid,2025-12-18,56248,219301,123079,2026-01-02,15,12,2026-01-14,2026-01-10,RESOLVED_IN_GRACE
FDX20255724912,CUST232731,Baker-Coffey,Small,2025-12-29,53455,189580,114746,2026-01-08,10,7,2026-01-15,2026-01-13,RESOLVED_IN_GRACE
FDX20255268417,CUST387636,Moore-Campbell,Small,2026-01-14,30367,176595,174310,2026-01-24,10,7,2026-01-31,,ELIGIBLE
FDX20252138100,CUST147726,Simon-Freeman,Small,2026-01-06,59314,163216,156857,2026-01-16,10,7,2026-01-23,2026-01-23,RESOLVED_IN_GRACE
FDX20256163566,CUST157174,West Group,Small,2026-01-11,53036,217939,87316,2026-01-21,10,7,2026-01-28,,IN_GRACE
FDX20256037929,CUST680238,Guerrero-Moses,Small,2025-12-26,34344,160911,38275,2026-01-05,10,7,2026-01-12,2026-01-11,RESOLVED_IN_GRACE
FDX20259500841,CUST406327,"Ballard, Reed and Smith",Mid,2025-12-17,23241,109087,80485,2026-01-01,15,12,2026-01-13,,ELIGIBLE
FDX20256434540,CUST831295,Johnson-Smith,Small,2026-01-11,24094,71753,60343,2026-01-21,10,7,2026-01-28,2026-01-23,RESOLVED_IN_GRACE
FDX20251102865,CUST232413,Morris-Mitchell,Mid,2025-12-31,30499,147330,135205,2026-01-15,15,12,2026-01-27,2026-01-20,RESOLVED_IN_GRACE
FDX20252909863,CUST768854,Reeves Group,Small,2025-12-28,50006,242812,166015,2026-01-07,10,7,2026-01-14,,ELIGIBLE
FDX20256591559,CUST889359,Cox Ltd,Mid,2025-12-23,7435,38032,24758,2026-01-07,15,12,2026-01-19,2026-01-16,RESOLVED_IN_GRACE
FDX20256727097,CUST614723,Smith-Sanchez,Small,2026-01-04,34429,117056,92763,2026-01-14,10,7,2026-01-21,,ELIGIBLE
FDX20257644605,CUST207570,Peters-Smith,Mid,2025-12-29,19420,80729,72850,2026-01-13,15,12,2026-01-25,2026-01-18,RESOLVED_IN_GRACE
FDX20251488508,CUST112861,Rodriguez-Best,Small,2026-01-05,24749,67560,64478,2026-01-15,10,7,2026-01-22,,ELIGIBLE
FDX20253946567,CUST701949,Lewis-Anderson,Small,2025-12-28,55200,243716,188398,2026-01-07,10,7,2026-01-14,,IN_GRACE
FDX20254255041,CUST398151,Higgins-Tran,Large,2025-12-04,22400,84091,55388,2025-12-29,25,20,2026-01-18,,ELIGIBLE
FDX20256545118,CUST592198,Weeks PLC,Large,2025-12-01,4159,16869,6743,2025-12-26,25,20,2026-01-15,,ELIGIBLE
FDX20256669639,CUST601968,Wiggins-Olson,Small,2026-01-13,50449,210891,65589,2026-01-23,10,7,2026-01-30,2026-01-25,RESOLVED_IN_GRACE
FDX20259038102,CUST561865,Davis-Harrell,Small,2026-01-12,17211,45981,33971,2026-01-22,10,7,2026-01-29,,ELIGIBLE
FDX20258960796,CUST457256,White-Parks,Mid,2026-01-01,57898,294337,226961,2026-01-16,15,12,2026-01-28,,ELIGIBLE
FDX20251596568,CUST293319,Pineda-Hughes,Large,2025-12-04,40277,202910,113787,2025-12-29,25,20,2026-01-18,,ELIGIBLE
FDX20253277572,CUST153872,"Rios, Cruz and Rodriguez",Small,2025-12-30,27274,147910,111131,2026-01-09,10,7,2026-01-16,,ELIGIBLE
FDX20259078154,CUST364742,Reyes-Ray,Small,2026-01-04,12339,48228,26907,2026-01-14,10,7,2026-01-21,,ELIGIBLE
FDX20253606949,CUST600935,Young-Lewis,Mid,2025-12-26,21040,83034,44523,2026-01-10,15,12,2026-01-22,2026-01-15,RESOLVED_IN_GRACE
FDX20258727886,CUST219629,"Dyer, Torres and Nguyen",Mid,2025-12-18,36128,143495,114098,2026-01-02,15,12,2026-01-14,2026-01-08,RESOLVED_IN_GRACE
FDX20256622207,CUST962050,Welch-Carson,Small,2025-12-29,13087,40063,19203,2026-01-08,10,7,2026-01-15,,ELIGIBLE
FDX20258758960,CUST168517,Flores-Richardson,Large,2025-12-12,55255,164907,145174,2026-01-06,25,20,2026-01-26,2026-01-18,RESOLVED_IN_GRACE
FDX20257944979,CUST520172,Torres-Hodge,Small,2026-01-12,26985,71681,42394,2026-01-22,10,7,2026-01-29,,IN_GRACE
FDX20251939897,CUST615633,Holland-Smith,Small,2025-12-27,34556,145617,42878,2026-01-06,10,7,2026-01-13,,IN_GRACE
FDX20259742158,CUST177680,"Williamson, Vance and Holden",Mid,2025-12-21,1834,8853,6306,2026-01-05,15,12,2026-01-17,2026-01-06,RESOLVED_IN_GRACE
FDX20256022154,CUST705050,Woods-Green,Small,2026-01-09,15234,59719,35572,2026-01-19,10,7,2026-01-26,,ELIGIBLE
FDX20256293259,CUST760021,"Mosley, Fritz and Stokes",Small,2026-01-10,28999,154010,67106,2026-01-20,10,7,2026-01-27,,ELIGIBLE
FDX20259990666,CUST819796,Long-Houston,Small,2026-01-13,26519,122286,26609,2026-01-23,10,7,2026-01-30,2026-01-26,RESOLVED_IN_GRACE
FDX20251314043,CUST156213,Carpenter-Harding,Large,2025-12-01,39996,115351,67775,2025-12-26,25,20,2026-01-15,2026-01-11,RESOLVED_IN_GRACE
FDX20254494064,CUST259097,Phillips-Shaw,Small,2025-12-29,27869,103692,85710,2026-01-08,10,7,2026-01-15,,IN_GRACE
FDX20256565326,CUST256445,Casey-Bell,Mid,2025-12-30,19601,109236,76002,2026-01-14,15,12,2026-01-26,2026-01-26,RESOLVED_IN_GRACE
FDX20256932348,CUST950544,Roberson Ltd,Small,2026-01-04,39696,131359,125819,2026-01-14,10,7,2026-01-21,2026-01-20,RESOLVED_IN_GRACE
FDX20252110870,CUST690180,Rogers-Cox,Large,2025-12-16,59259,169621,115099,2026-01-10,25,20,2026-01-30,,IN_GRACE
FDX20253504920,CUST418594,Hopkins-Fowler,Small,2025-12-27,6812,23133,9718,2026-01-06,10,7,2026-01-13,,ELIGIBLE
FDX20255705338,CUST189318,Werner Inc,Small,2025-12-23,9088,49343,31241,2026-01-02,10,7,2026-01-09,,IN_GRACE
FDX20251522998,CUST360247,Garza-Small,Small,2026-01-12,4401,23364,12191,2026-01-22,10,7,2026-01-29,,ELIGIBLE
FDX20256690033,CUST224205,Leonard-Herring,Mid,2025-12-25,49146,273480,263094,2026-01-09,15,12,2026-01-21,2026-01-20,RESOLVED_IN_GRACE
FDX20257295495,CUST685181,Clay Ltd,Mid,2026-01-02,28046,161701,110099,2026-01-17,15,12,2026-01-29,2026-01-23,RESOLVED_IN_GRACE
FDX20259963616,CUST901577,Mora LLC,Mid,2025-12-12,37626,201222,169408,2025-12-27,15,12,2026-01-08,,ELIGIBLE
FDX20253784505,CUST536390,Moss-Smith,Mid,2025-12-26,48093,138616,131779,2026-01-10,15,12,2026-01-22,,IN_GRACE
FDX20257535837,CUST735770,Lozano-Walters,Small,2025-12-22,38398,107637,43956,2026-01-01,10,7,2026-01-08,2026-01-08,RESOLVED_IN_GRACE
FDX20254143696,CUST725084,Taylor-Lawrence,Small,2025-12-29,55799,218847,87943,2026-01-08,10,7,2026-01-15,,ELIGIBLE
FDX20252960327,CUST929151,Gray-Rogers,Small,2026-01-10,22068,123476,100996,2026-01-20,10,7,2026-01-27,,ELIGIBLE
FDX20256172103,CUST748458,"Stokes, Harrison and Horn",Small,2025-12-27,16023,54137,30223,2026-01-06,10,7,2026-01-13,2026-01-09,RESOLVED_IN_GRACE
FDX20256276424,CUST336650,Delacruz PLC,Mid,2025-12-17,10086,52476,36372,2026-01-01,15,12,2026-01-13,,IN_GRACE
FDX20251530633,CUST913373,Nash Group,Large,2025-12-14,1583,4779,2498,2026-01-08,25,20,2026-01-28,2026-01-25,RESOLVED_IN_GRACE
FDX20255554970,CUST647957,Horn Group,Mid,2025-12-21,22064,96533,22106,2026-01-05,15,12,2026-01-17,2026-01-06,RESOLVED_IN_GRACE
FDX20257943579,CUST498855,Dominguez-Hayden,Mega,2025-12-01,12467,69579,34666,2026-01-05,35,30,2026-02-04,,ELIGIBLE
FDX20252456225,CUST572398,Chapman-Miller,Large,2025-12-10,52972,258762,103571,2026-01-04,25,20,2026-01-24,2026-01-21,RESOLVED_IN_GRACE
FDX20259339189,CUST564226,Solomon Group,Mid,2025-12-25,2257,6509,2512,2026-01-09,15,12,2026-01-21,,IN_GRACE
FDX20254986975,CUST411797,"Spencer, Smith and Rodgers",Small,2026-01-02,5994,21026,20011,2026-01-12,10,7,2026-01-19,,IN_GRACE
FDX20257234137,CUST717113,Cantrell Ltd,Mega,2025-12-01,20787,98342,81826,2026-01-05,35,30,2026-02-04,,ELIGIBLE
FDX20258581730,CUST549660,Dudley-Foster,Mid,2025-12-19,7704,37019,10739,2026-01-03,15,12,2026-01-15,,ELIGIBLE
FDX20256077267,CUST420214,Wood-Rowland,Small,2026-01-02,26061,138412,33243,2026-01-12,10,7,2026-01-19,,IN_GRACE
FDX20254626225,CUST696251,Koch and Sons,Mega,2025-12-01,26716,152520,132677,2026-01-05,35,30,2026-02-04,,ELIGIBLE
FDX20259809723,CUST751194,Vasquez-Wallace,Mid,2026-01-02,7438,38181,17111,2026-01-17,15,12,2026-01-29,,ELIGIBLE
FDX20256072059,CUST163156,Bradford-Mosley,Small,2025-12-28,41318,133686,66181,2026-01-07,10,7,2026-01-14,,ELIGIBLE
FDX20253936226,CUST739244,Lam-Vargas,Small,2026-01-02,27791,151458,130605,2026-01-12,10,7,2026-01-19,,ELIGIBLE
FDX20252882928,CUST876039,Leonard-Lopez,Small,2025-12-31,48949,220329,58433,2026-01-10,10,7,2026-01-17,,IN_GRACE
FDX20257278297,CUST204053,Rivera-Cummings,Mid,2025-12-22,58980,240836,147071,2026-01-06,15,12,2026-01-18,2026-01-08,RESOLVED_IN_GRACE
FDX20251627384,CUST899787,Gonzalez-Brock,Small,2025-12-28,39221,122926,116961,2026-01-07,10,7,2026-01-14,2026-01-09,RESOLVED_IN_GRACE
FDX20254390648,CUST317881,Lindsey PLC,Small,2025-12-25,56112,291376,164058,2026-01-04,10,7,2026-01-11,,IN_GRACE
FDX20252553639,CUST755900,Gibson-Porter,Small,2025-12-22,36381,148364,47061,2026-01-01,10,7,2026-01-08,,IN_GRACE
FDX20258445293,CUST321275,"Brandt, Alvarez and Burke",Large,2025-12-05,34377,142709,138573,2025-12-30,25,20,2026-01-19,,ELIGIBLE
FDX20259489182,CUST377501,Richardson-Jones,Small,2026-01-11,44771,241021,64904,2026-01-21,10,7,2026-01-28,2026-01-25,RESOLVED_IN_GRACE
FDX20251418336,CUST792509,Sims-Walsh,Mega,2025-12-01,2010,9418,2103,2026-01-05,35,30,2026-02-04,,IN_GRACE
FDX20259097744,CUST185131,Hurley LLC,Mid,2025-12-12,43574,190511,82267,2025-12-27,15,12,2026-01-08,,ELIGIBLE
FDX20259389519,CUST264686,"Duran, Martin and Kelley",Large,2025-12-07,40654,155114,133339,2026-01-01,25,20,2026-01-21,,ELIGIBLE
FDX20253584996,CUST351516,"Diaz, Wilson and Scott",Large,2025-12-09,12178,67046,59061,2026-01-03,25,20,2026-01-23,,ELIGIBLE
FDX20254191222,CUST282256,Lynch-Lamb,Mid,2025-12-17,52710,227625,57237,2026-01-01,15,12,2026-01-13,2026-01-09,RESOLVED_IN_GRACE
FDX20256706197,CUST678805,"Hall, Flores and Barrett",Mid,2025-12-18,47505,145346,126169,2026-01-02,15,12,2026-01-14,2026-01-09,RESOLVED_IN_GRACE
FDX20259111313,CUST178711,Rowland-Gibson,Mid,2025-12-26,6987,22503,16669,2026-01-10,15,12,2026-01-22,,IN_GRACE
FDX20259785019,CUST264136,Reyes-Rose,Small,2026-01-07,15918,53396,25125,2026-01-17,10,7,2026-01-24,,ELIGIBLE
FDX20256206955,CUST102805,Patterson-Johnson,Small,2026-01-08,6364,22290,10942,2026-01-18,10,7,2026-01-25,2026-01-23,RESOLVED_IN_GRACE
FDX20256491819,CUST528361,Perez-Gibson,Mid,2025-12-27,24635,82977,33467,2026-01-11,15,12,2026-01-23,,IN_GRACE
FDX20253404091,CUST572387,Moore-Williams,Mid,2025-12-29,4258,19861,18537,2026-01-13,15,12,2026-01-25,,ELIGIBLE
FDX20252648387,CUST822858,Brooks Ltd,Mid,2025-12-17,57835,346875,196869,2026-01-01,15,12,2026-01-13,,ELIGIBLE
FDX20259659503,CUST722656,Mills-Rogers,Large,2025-12-14,4209,21429,5918,2026-01-08,25,20,2026-01-28,2026-01-15,RESOLVED_IN_GRACE
FDX20253226624,CUST592738,Brown-Reid,Mid,2025-12-29,32826,196462,51973,2026-01-13,15,12,2026-01-25,2026-01-21,RESOLVED_IN_GRACE
FDX20254442468,CUST405407,Snyder-Bryant,Small,2026-01-05,34007,132624,102446,2026-01-15,10,7,2026-01-22,,IN_GRACE
FDX20251613249,CUST134225,Rosales Ltd,Mid,2025-12-24,37916,186214,138934,2026-01-08,15,12,2026-01-20,2026-01-11,RESOLVED_IN_GRACE
FDX20258706923,CUST342720,"Hobbs, David and Haynes",Large,2025-12-05,48446,238808,115262,2025-12-30,25,20,2026-01-19,,ELIGIBLE
FDX20257502651,CUST402099,Hernandez-Woodward,Mid,2025-12-23,36948,93275,62419,2026-01-07,15,12,2026-01-19,,ELIGIBLE
FDX20259763492,CUST841296,Gilmore Group,Mid,2026-01-03,27676,83112,32151,2026-01-18,15,12,2026-01-30,2026-01-30,RESOLVED_IN_GRACE
FDX20252943405,CUST396451,Ruiz-Ortiz,Mega,2025-12-01,13382,60620,21987,2026-01-05,35,30,2026-02-04,2026-01-29,RESOLVED_IN_GRACE
FDX20251068952,CUST837135,"Knight, Ruiz and Higgins",Small,2026-01-03,3651,19771,7411,2026-01-13,10,7,2026-01-20,,ELIGIBLE
FDX20256217400,CUST576086,Martinez-Cruz,Mid,2025-12-23,5402,26229,24797,2026-01-07,15,12,2026-01-19,,ELIGIBLE
FDX20251738700,CUST174637,Liu Group,Mid,2025-12-31,55905,236912,75154,2026-01-15,15,12,2026-01-27,,ELIGIBLE
FDX20252460891,CUST820775,King-Hall,Small,2026-01-04,29636,115771,93911,2026-01-14,10,7,2026-01-21,2026-01-20,RESOLVED_IN_GRACE
FDX20256591674,CUST344762,"Rush, Johnson and Shelton",Small,2026-01-14,7614,24540,11223,2026-01-24,10,7,2026-01-31,,IN_GRACE
FDX20258832877,CUST377405,Leblanc-Horton,Small,2025-12-23,9225,41227,23368,2026-01-02,10,7,2026-01-09,,ELIGIBLE
FDX20251774096,CUST926097,Rivera-Rose,Small,2025-12-27,4650,25247,6729,2026-01-06,10,7,2026-01-13,2026-01-11,RESOLVED_IN_GRACE
FDX20252729778,CUST929683,White-Norman,Small,2025-12-22,6865,21141,17796,2026-01-01,10,7,2026-01-08,,IN_GRACE
FDX20259733844,CUST755420,Grimes Ltd,Mega,2025-12-01,49332,157870,136910,2026-01-05,35,30,2026-02-04,2026-01-28,RESOLVED_IN_GRACE
FDX20256242557,CUST718439,Lucas-Boyd,Small,2026-01-09,43775,169735,158436,2026-01-19,10,7,2026-01-26,,ELIGIBLE
FDX20251377156,CUST793300,"Conway, Blanchard and Sullivan",Mid,2026-01-04,46034,276193,267219,2026-01-19,15,12,2026-01-31,,ELIGIBLE
FDX20256236888,CUST942956,Shields Inc,Large,2025-12-01,41391,161581,67037,2025-12-26,25,20,2026-01-15,,ELIGIBLE
FDX20254520626,CUST307428,Roberts-Arnold,Small,2026-01-08,5385,19429,10702,2026-01-18,10,7,2026-01-25,,ELIGIBLE
FDX20256383479,CUST545790,Galvan-Hanson,Mid,2026-01-03,24907,138775,122626,2026-01-18,15,12,2026-01-30,,ELIGIBLE
FDX20254364763,CUST220351,Lopez-Watson,Small,2026-01-13,34790,187767,164635,2026-01-23,10,7,2026-01-30,2026-01-28,RESOLVED_IN_GRACE
FDX20254230379,CUST671015,Rivera-Boyle,Large,2025-12-01,48728,157381,56535,2025-12-26,25,20,2026-01-15,,ELIGIBLE
FDX20255807802,CUST335729,Bean Group,Mid,2025-12-25,29627,177355,69117,2026-01-09,15,12,2026-01-21,2026-01-13,RESOLVED_IN_GRACE
FDX20255641409,CUST779094,Mills-Stevenson,Large,2025-12-01,9038,48505,27682,2025-12-26,25,20,2026-01-15,,IN_GRACE
FDX20259930106,CUST256226,Bell-Gonzalez,Small,2026-01-11,54976,311175,144326,2026-01-21,10,7,2026-01-28,,ELIGIBLE
FDX20256354444,CUST378535,Evans-Chase,Mega,2025-12-01,40823,214903,186305,2026-01-05,35,30,2026-02-04,,ELIGIBLE
FDX20258400692,CUST966785,Lawrence-Farmer,Small,2026-01-05,44629,243927,228421,2026-01-15,10,7,2026-01-22,,IN_GRACE
FDX20252973853,CUST249145,Rowland-Brown,Mid,2025-12-30,41169,130566,43811,2026-01-14,15,12,2026-01-26,2026-01-24,RESOLVED_IN_GRACE
FDX20255574378,CUST174878,Harvey and Sons,Mega,2025-12-01,47630,220499,213636,2026-01-05,35,30,2026-02-04,,ELIGIBLE
FDX20253505186,CUST162535,Davis-King,Mega,2025-12-01,8560,40101,33555,2026-01-05,35,30,2026-02-04,2026-01-18,RESOLVED_IN_GRACE
FDX20253642344,CUST273982,Ochoa Inc,Large,2025-12-09,57872,288222,70560,2026-01-03,25,20,2026-01-23,,ELIGIBLE
FDX20255590865,CUST931131,Brown-Tyler,Small,2025-12-25,20387,98062,24429,2026-01-04,10,7,2026-01-11,,ELIGIBLE
FDX20252920326,CUST422554,Hickman-Williamson,Mid,2025-12-29,24029,81473,29865,2026-01-13,15,12,2026-01-25,2026-01-15,RESOLVED_IN_GRACE
FDX20251255965,CUST723948,Harrington-Warren,Small,2025-12-28,10739,30055,17854,2026-01-07,10,7,2026-01-14,2026-01-14,RESOLVED_IN_GRACE
FDX20259624506,CUST885339,"Hunt, Taylor and Mahoney",Small,2025-12-29,29168,73691,63172,2026-01-08,10,7,2026-01-15,2026-01-09,RESOLVED_IN_GRACE
FDX20252717572,CUST964278,Gray-Murray,Small,2026-01-13,28038,106019,41567,2026-01-23,10,7,2026-01-30,,ELIGIBLE
FDX20254465793,CUST696856,Watson-Bentley,Small,2026-01-11,46656,262601,248160,2026-01-21,10,7,2026-01-28,2026-01-22,RESOLVED_IN_GRACE
FDX20256877363,CUST402630,Green-Blankenship,Small,2026-01-11,18091,61945,44768,2026-01-21,10,7,2026-01-28,2026-01-28,RESOLVED_IN_GRACE
FDX20256343290,CUST560485,Price-Herrera,Mid,2025-12-19,4285,25071,22016,2026-01-03,15,12,2026-01-15,2026-01-15,RESOLVED_IN_GRACE
FDX20255547499,CUST230394,"Neal, Patterson and Mendez",Small,2026-01-02,6439,36124,22808,2026-01-12,10,7,2026-01-19,,ELIGIBLE
FDX20253374929,CUST591465,"Delacruz, Cook and Perry",Small,2026-01-11,8198,28905,9447,2026-01-21,10,7,2026-01-28,2026-01-28,RESOLVED_IN_GRACE
FDX20255752443,CUST822131,Haney-Deleon,Mid,2025-12-31,52252,275283,272657,2026-01-15,15,12,2026-01-27,2026-01-19,RESOLVED_IN_GRACE
FDX20255107483,CUST418862,Reese-Lopez,Large,2025-12-15,19402,104191,93316,2026-01-09,25,20,2026-01-29,,ELIGIBLE
FDX20253873517,CUST833723,Williams-Martinez,Mid,2025-12-14,22843,91659,59607,2025-12-29,15,12,2026-01-10,2026-01-08,RESOLVED_IN_GRACE
FDX20252195257,CUST522060,Gray-Miller,Small,2026-01-02,58862,239533,66683,2026-01-12,10,7,2026-01-19,2026-01-19,RESOLVED_IN_GRACE
FDX20256224048,CUST385470,Jefferson-Wilson,Mid,2025-12-15,27972,71444,66679,2025-12-30,15,12,2026-01-11,,ELIGIBLE
FDX20256683095,CUST624783,Wilson-Robinson,Small,2026-01-01,46071,202318,177536,2026-01-11,10,7,2026-01-18,,ELIGIBLE
FDX20258443172,CUST666211,Diaz and Sons,Small,2026-01-12,3776,16222,5933,2026-01-22,10,7,2026-01-29,2026-01-28,RESOLVED_IN_GRACE
FDX20251851044,CUST617781,"Porter, Wilson and Reed",Mid,2025-12-13,31432,112957,76059,2025-12-28,15,12,2026-01-09,,ELIGIBLE
FDX20253182279,CUST559023,"Marks, James and Parker",Large,2025-12-03,27607,125666,105479,2025-12-28,25,20,2026-01-17,2026-01-15,RESOLVED_IN_GRACE
FDX20251486416,CUST184349,Burton-Patel,Small,2026-01-05,15946,84708,61609,2026-01-15,10,7,2026-01-22,,IN_GRACE
FDX20258897632,CUST727086,Briggs-Davis,Large,2025-12-05,38953,108030,102799,2025-12-30,25,20,2026-01-19,2026-01-08,RESOLVED_IN_GRACE
FDX20251846511,CUST141797,Green-Mclaughlin,Mega,2025-12-01,10783,44925,15906,2026-01-05,35,30,2026-02-04,,ELIGIBLE
FDX20252777158,CUST553014,Carter-Garcia,Small,2025-12-23,21491,72480,65082,2026-01-02,10,7,2026-01-09,,ELIGIBLE
FDX20257435734,CUST870214,Nunez-Hebert,Small,2025-12-28,42044,109324,80101,2026-01-07,10,7,2026-01-14,2026-01-12,RESOLVED_IN_GRACE
FDX20251902612,CUST437978,Robinson-Thompson,Small,2026-01-08,25033,122128,110300,2026-01-18,10,7,2026-01-25,2026-01-22,RESOLVED_IN_GRACE
FDX20252444846,CUST733039,"Wood, Cook and Evans",Mid,2026-01-01,29751,97857,71195,2026-01-16,15,12,2026-01-28,,IN_GRACE
FDX20258154907,CUST362529,Beck-Nguyen,Small,2026-01-10,57072,192627,132478,2026-01-20,10,7,2026-01-27,,IN_GRACE
FDX20257575272,CUST127121,Hernandez-Smith,Mid,2025-12-22,31262,131401,129926,2026-01-06,15,12,2026-01-18,2026-01-13,RESOLVED_IN_GRACE
FDX20254002836,CUST195763,Choi-Mcneil,Mid,2025-12-15,41137,125275,119854,2025-12-30,15,12,2026-01-11,,ELIGIBLE
FDX20258479891,CUST340044,Berry-Hebert,Large,2025-12-01,54349,226415,105532,2025-12-26,25,20,2026-01-15,,ELIGIBLE
FDX20256966385,CUST807053,Kelly Inc,Large,2025-12-01,4442,12673,10843,2025-12-26,25,20,2026-01-15,,ELIGIBLE
FDX20256241884,CUST976566,Jimenez-Brooks,Small,2025-12-29,57643,218999,187501,2026-01-08,10,7,2026-01-15,,IN_GRACE
FDX20256575607,CUST703139,Olson-Tran,Small,2026-01-04,10608,60889,51896,2026-01-14,10,7,2026-01-21,,IN_GRACE
FDX20254324357,CUST715643,"Moran, Murray and Hensley",Mid,2025-12-24,27770,85607,58533,2026-01-08,15,12,2026-01-20,2026-01-13,RESOLVED_IN_GRACE
FDX20259950391,CUST121753,Martin-Anderson,Small,2026-01-01,45559,212286,181546,2026-01-11,10,7,2026-01-18,,ELIGIBLE
FDX20252317776,CUST901909,Vincent Inc,Small,2026-01-09,22482,132547,24359,2026-01-19,10,7,2026-01-26,,ELIGIBLE
FDX20258813071,CUST804938,Wilson-Frazier,Small,2025-12-26,10331,51216,18816,2026-01-05,10,7,2026-01-12,,ELIGIBLE
FDX20253211157,CUST961322,Brown-Horton,Small,2026-01-13,41395,220400,143129,2026-01-23,10,7,2026-01-30,,ELIGIBLE
FDX20252558874,CUST382602,Lopez-Williamson,Large,2025-12-12,7057,21605,19485,2026-01-06,25,20,2026-01-26,,ELIGIBLE
FDX20258856366,CUST704238,Tran-Coleman,Mid,2025-12-14,27074,118402,45044,2025-12-29,15,12,2026-01-10,,ELIGIBLE
FDX20252631802,CUST142185,Horn-Williams,Mid,2025-12-12,51879,271292,156479,2025-12-27,15,12,2026-01-08,2026-01-03,RESOLVED_IN_GRACE
FDX20258643434,CUST900177,Thornton Inc,Mid,2026-01-03,2016,11331,5123,2026-01-18,15,12,2026-01-30,,ELIGIBLE
FDX20256207508,CUST893005,Smith-Phillips,Mid,2025-12-29,21714,122716,38422,2026-01-13,15,12,2026-01-25,2026-01-18,RESOLVED_IN_GRACE
FDX20258808058,CUST283700,Trujillo-Choi,Small,2025-12-24,54447,240980,198204,2026-01-03,10,7,2026-01-10,,ELIGIBLE
FDX20258894449,CUST593355,Murphy-Miller,Large,2025-12-09,40460,209432,167106,2026-01-03,25,20,2026-01-23,,ELIGIBLE
FDX20254887183,CUST644173,Washington-Jimenez,Large,2025-12-08,44128,122371,60503,2026-01-02,25,20,2026-01-22,2026-01-15,RESOLVED_IN_GRACE
FDX20254754647,CUST783157,Fitzpatrick PLC,Large,2025-12-08,25720,113907,46350,2026-01-02,25,20,2026-01-22,2026-01-18,RESOLVED_IN_GRACE
FDX20253411249,CUST563711,Sanchez-James,Mid,2025-12-17,50390,254706,229648,2026-01-01,15,12,2026-01-13,,IN_GRACE
FDX20255329406,CUST391668,Hill-Powers,Mid,2026-01-01,20856,58012,31219,2026-01-16,15,12,2026-01-28,,IN_GRACE
FDX20257097668,CUST290305,Wilson-Arias,Small,2026-01-02,5622,25980,21915,2026-01-12,10,7,2026-01-19,,ELIGIBLE
FDX20257577959,CUST713762,"Lam, Carter and Jacobs",Small,2026-01-11,10159,38915,13001,2026-01-21,10,7,2026-01-28,2026-01-27,RESOLVED_IN_GRACE
FDX20254076154,CUST557058,Dorsey LLC,Small,2026-01-11,11167,49038,20863,2026-01-21,10,7,2026-01-28,2026-01-24,RESOLVED_IN_GRACE
FDX20256541983,CUST765620,Sharp-Powell,Small,2025-12-29,13251,46435,35546,2026-01-08,10,7,2026-01-15,2026-01-10,RESOLVED_IN_GRACE
FDX20256448586,CUST953797,Burns-Thompson,Mid,2025-12-24,23885,110866,28321,2026-01-08,15,12,2026-01-20,2026-01-09,RESOLVED_IN_GRACE
FDX20258604827,CUST615611,Eaton-Martinez,Large,2025-12-01,35644,131187,104126,2025-12-26,25,20,2026-01-15,,ELIGIBLE
FDX20259179005,CUST195674,"Ferguson, Powell and Martinez",Small,2025-12-27,56398,303341,137374,2026-01-06,10,7,2026-01-13,,IN_GRACE
FDX20251507747,CUST592841,Lang-Stevens,Small,2026-01-12,40834,204446,57222,2026-01-22,10,7,2026-01-29,,ELIGIBLE
FDX20252096646,CUST464863,Benitez and Sons,Small,2025-12-25,31162,101465,45317,2026-01-04,10,7,2026-01-11,,ELIGIBLE
FDX20258974787,CUST528184,Stark-Jackson,Small,2025-12-27,25221,70466,47469,2026-01-06,10,7,2026-01-13,2026-01-13,RESOLVED_IN_GRACE
FDX20252893930,CUST449499,Taylor-Butler,Large,2025-12-17,11343,28897,23138,2026-01-11,25,20,2026-01-31,,ELIGIBLE
FDX20256896198,CUST436653,Sandoval-Hamilton,Large,2025-12-15,49482,183385,136109,2026-01-09,25,20,2026-01-29,2026-01-16,RESOLVED_IN_GRACE
FDX20259030449,CUST802685,Harding-Glass,Mid,2025-12-30,51801,152480,76497,2026-01-14,15,12,2026-01-26,,ELIGIBLE
FDX20258738351,CUST209680,Little-Ramos,Small,2025-12-27,48619,152749,116125,2026-01-06,10,7,2026-01-13,,IN_GRACE
FDX20253865574,CUST999398,Benson-Chang,Small,2025-12-29,19338,97033,73563,2026-01-08,10,7,2026-01-15,2026-01-09,RESOLVED_IN_GRACE
FDX20255735492,CUST268637,Long-Bailey,Mega,2025-12-01,23086,138012,131786,2026-01-05,35,30,2026-02-04,,ELIGIBLE
FDX20256848796,CUST445824,Brown-Richardson,Small,2025-12-24,42373,166208,80142,2026-01-03,10,7,2026-01-10,2026-01-09,RESOLVED_IN_GRACE
FDX20253137316,CUST531641,Ewing-Fuller,Large,2025-12-09,11291,44099,21083,2026-01-03,25,20,2026-01-23,2026-01-08,RESOLVED_IN_GRACE
FDX20259521981,CUST827369,Smith-Flynn,Mid,2026-01-03,49053,155027,49921,2026-01-18,15,12,2026-01-30,,IN_GRACE
FDX20252726915,CUST619536,"Davidson, Chen and Le",Small,2026-01-08,41118,125128,60370,2026-01-18,10,7,2026-01-25,,ELIGIBLE
FDX20257806281,CUST402218,Gonzalez-Morton,Large,2025-12-01,59052,299320,130058,2025-12-26,25,20,2026-01-15,,ELIGIBLE
FDX20252794848,CUST794769,Briggs-Smith,Large,2025-12-14,18417,104310,48068,2026-01-08,25,20,2026-01-28,2026-01-12,RESOLVED_IN_GRACE
FDX20256467186,CUST519904,Stewart-Blackwell,Small,2026-01-05,53458,206301,73146,2026-01-15,10,7,2026-01-22,,ELIGIBLE
FDX20252189907,CUST953085,Maxwell Ltd,Large,2025-12-01,19918,53854,51734,2025-12-26,25,20,2026-01-15,,ELIGIBLE
FDX20256068701,CUST897441,"Eaton, Robbins and Cohen",Small,2026-01-07,35054,116791,69819,2026-01-17,10,7,2026-01-24,2026-01-23,RESOLVED_IN_GRACE
FDX20259937987,CUST676818,Davis-Burns,Large,2025-12-01,53952,186478,176000,2025-12-26,25,20,2026-01-15,,IN_GRACE
FDX20258733874,CUST138479,Flores Group,Large,2025-12-01,58906,273543,214027,2025-12-26,25,20,2026-01-15,2026-01-13,RESOLVED_IN_GRACE
FDX20257724584,CUST576919,Johnston-Thompson,Small,2026-01-13,11404,48415,14361,2026-01-23,10,7,2026-01-30,,IN_GRACE
FDX20257936404,CUST192337,Bryant-Johnson,Small,2026-01-10,51066,166616,63736,2026-01-20,10,7,2026-01-27,2026-01-21,RESOLVED_IN_GRACE
FDX20255002629,CUST429795,Miller-Sanchez,Small,2026-01-01,29489,143308,48792,2026-01-11,10,7,2026-01-18,,IN_GRACE
FDX20255088457,CUST364659,"Andersen, Perez and Love",Small,2025-12-27,16447,47194,23558,2026-01-06,10,7,2026-01-13,2026-01-10,RESOLVED_IN_GRACE
FDX20253667917,CUST438977,Osborne LLC,Mid,2025-12-29,42309,241312,63492,2026-01-13,15,12,2026-01-25,,IN_GRACE
FDX20259092903,CUST221552,Vasquez-Gardner,Mid,2025-12-17,34415,100330,36445,2026-01-01,15,12,2026-01-13,,ELIGIBLE
FDX20257439371,CUST910075,Webster-Pierce,Small,2026-01-11,4294,23908,22868,2026-01-21,10,7,2026-01-28,2026-01-25,RESOLVED_IN_GRACE
FDX20252108301,CUST523808,"Cohen, Singleton and Wilkinson",Mega,2025-12-01,11369,48786,22026,2026-01-05,35,30,2026-02-04,2026-01-19,RESOLVED_IN_GRACE
FDX20256716235,CUST639593,Bailey-Vincent,Mid,2025-12-19,24031,120784,92099,2026-01-03,15,12,2026-01-15,2026-01-13,RESOLVED_IN_GRACE
FDX20254493656,CUST964998,Brady-Rivera,Mid,2025-12-27,50967,241507,107863,2026-01-11,15,12,2026-01-23,2026-01-22,RESOLVED_IN_GRACE
FDX20258233471,CUST101206,Mann-Rogers,Mid,2025-12-22,23290,105623,89341,2026-01-06,15,12,2026-01-18,2026-01-14,RESOLVED_IN_GRACE
FDX20258304023,CUST789606,Schultz-Adams,Small,2026-01-01,31099,114740,76558,2026-01-11,10,7,2026-01-18,2026-01-18,RESOLVED_IN_GRACE
FDX20256741177,CUST668950,Thompson-Oconnor,Small,2026-01-12,9855,51966,23827,2026-01-22,10,7,2026-01-29,,IN_GRACE
FDX20254962012,CUST584417,Chavez-Mack,Large,2025-12-01,51782,208231,183448,2025-12-26,25,20,2026-01-15,2026-01-12,RESOLVED_IN_GRACE
FDX20253903892,CUST533321,Clayton-Goodman,Mid,2025-12-29,36442,109940,62056,2026-01-13,15,12,2026-01-25,,ELIGIBLE
FDX20252306851,CUST156837,Stone-Sheppard,Small,2026-01-12,50585,255958,214809,2026-01-22,10,7,2026-01-29,,ELIGIBLE
FDX20259164301,CUST296694,"Glover, Buck and Powers",Mega,2025-12-01,11271,48792,31640,2026-01-05,35,30,2026-02-04,,ELIGIBLE
FDX20252918019,CUST643623,Goodwin PLC,Small,2026-01-12,20861,76489,29266,2026-01-22,10,7,2026-01-29,2026-01-28,RESOLVED_IN_GRACE
FDX20258766314,CUST479353,"Rosario, Walker and Bennett",Small,2026-01-06,22597,83047,44023,2026-01-16,10,7,2026-01-23,,IN_GRACE
FDX20256458938,CUST752878,Oneal LLC,Small,2026-01-01,9151,25092,23880,2026-01-11,10,7,2026-01-18,,ELIGIBLE
FDX20252638360,CUST893188,Hobbs-Johnson,Mid,2025-12-17,32035,149081,121106,2026-01-01,15,12,2026-01-13,2026-01-10,RESOLVED_IN_GRACE
FDX20258469488,CUST622707,Pena-Fischer,Small,2026-01-05,51125,176719,123678,2026-01-15,10,7,2026-01-22,,ELIGIBLE
FDX20253955709,CUST755788,"Reeves, Roberts and Mejia",Mid,2025-12-23,3154,13310,3908,2026-01-07,15,12,2026-01-19,,ELIGIBLE
FDX20256167981,CUST563513,Cooper-Klein,Large,2025-12-03,17853,61131,39899,2025-12-28,25,20,2026-01-17,2026-01-09,RESOLVED_IN_GRACE
FDX20257808088,CUST896907,Lester-Valentine,Small,2026-01-02,16599,77805,64847,2026-01-12,10,7,2026-01-19,,ELIGIBLE
FDX20252167822,CUST154118,Anderson-Miller,Small,2026-01-14,36054,114604,103003,2026-01-24,10,7,2026-01-31,,IN_GRACE
FDX20252824432,CUST313446,Washington Group,Small,2026-01-05,32415,101856,33347,2026-01-15,10,7,2026-01-22,,ELIGIBLE
FDX20257357071,CUST380028,Hardin-King,Mega,2025-12-01,18670,75601,44668,2026-01-05,35,30,2026-02-04,,ELIGIBLE
FDX20256492998,CUST675898,Rivera-Proctor,Small,2025-12-22,32486,138250,82252,2026-01-01,10,7,2026-01-08,2026-01-05,RESOLVED_IN_GRACE
FDX20259292896,CUST237377,Rice Group,Small,2025-12-26,47938,131447,117704,2026-01-05,10,7,2026-01-12,,IN_GRACE
FDX20252031500,CUST402020,Cruz Inc,Small,2026-01-10,9921,57251,29531,2026-01-20,10,7,2026-01-27,,ELIGIBLE
FDX20252518891,CUST559398,Houston LLC,Small,2026-01-01,22533,121940,81088,2026-01-11,10,7,2026-01-18,2026-01-12,RESOLVED_IN_GRACE
FDX20254650919,CUST832168,Myers-Robinson,Large,2025-12-01,48879,156113,56168,2025-12-26,25,20,2026-01-15,2026-01-11,RESOLVED_IN_GRACE
FDX20253330636,CUST608257,Alexander-Rogers,Mid,2025-12-22,22039,82308,26774,2026-01-06,15,12,2026-01-18,,ELIGIBLE
FDX20251003092,CUST227324,Strong LLC,Small,2025-12-28,46327,172216,140277,2026-01-07,10,7,2026-01-14,2026-01-11,RESOLVED_IN_GRACE
FDX20253461642,CUST130271,Williams-Brown,Mid,2025-12-29,37901,189099,87598,2026-01-13,15,12,2026-01-25,,ELIGIBLE
FDX20253503436,CUST760626,Saunders-Zimmerman,Mid,2026-01-04,8232,32750,31475,2026-01-19,15,12,2026-01-31,,IN_GRACE
FDX20258599649,CUST738448,"Dougherty, Hernandez and Carpenter",Large,2025-12-17,10430,52035,18844,2026-01-11,25,20,2026-01-31,,ELIGIBLE
FDX20259912993,CUST938141,Hopkins-Conner,Large,2025-12-08,7744,40877,10002,2026-01-02,25,20,2026-01-22,,ELIGIBLE
FDX20255890613,CUST350921,"Robinson, Murphy and Hernandez",Small,2025-12-27,33007,192800,110479,2026-01-06,10,7,2026-01-13,,ELIGIBLE
FDX20257542823,CUST844261,Roy-Montes,Mega,2025-12-01,48153,141930,81828,2026-01-05,35,30,2026-02-04,,IN_GRACE
FDX20258502096,CUST266071,Collier-Meadows,Mid,2025-12-19,53296,202269,110933,2026-01-03,15,12,2026-01-15,,ELIGIBLE
FDX20254282741,CUST425845,Evans-Hinton,Large,2025-12-01,1748,9576,8457,2025-12-26,25,20,2026-01-15,2025-12-30,RESOLVED_IN_GRACE
FDX20254450430,CUST677596,Mendez-Hernandez,Small,2026-01-11,2497,12593,3834,2026-01-21,10,7,2026-01-28,2026-01-24,RESOLVED_IN_GRACE
FDX20256311628,CUST114338,Jones-Moses,Large,2025-12-01,20253,97224,38909,2025-12-26,25,20,2026-01-15,2026-01-14,RESOLVED_IN_GRACE
FDX20256028724,CUST679077,Walters-Gardner,Small,2025-12-27,53172,289561,153298,2026-01-06,10,7,2026-01-13,,IN_GRACE
FDX20256109503,CUST527809,Greene-Hanson,Small,2025-12-29,21546,100071,82017,2026-01-08,10,7,2026-01-15,,ELIGIBLE
FDX20258293509,CUST197736,Aguilar-Keith,Mid,2025-12-13,21939,90396,48774,2025-12-28,15,12,2026-01-09,,IN_GRACE
FDX20256775801,CUST335615,Montgomery-Holt,Small,2025-12-29,15494,43265,34996,2026-01-08,10,7,2026-01-15,2026-01-15,RESOLVED_IN_GRACE
FDX20252497994,CUST982277,Mcmahon-Young,Small,2025-12-23,41629,229593,66974,2026-01-02,10,7,2026-01-09,,ELIGIBLE
FDX20251136218,CUST218972,"Gray, Johnson and Brown",Small,2025-12-31,54634,168692,144225,2026-01-10,10,7,2026-01-17,,ELIGIBLE
FDX20259563491,CUST583863,"Prince, Hatfield and Williams",Mid,2025-12-28,57290,238232,116739,2026-01-12,15,12,2026-01-24,,ELIGIBLE
FDX20257781307,CUST223172,Kim-Hartman,Small,2026-01-08,16382,94608,48237,2026-01-18,10,7,2026-01-25,2026-01-21,RESOLVED_IN_GRACE
FDX20253140029,CUST779172,Orozco Ltd,Mid,2025-12-30,52977,284650,171183,2026-01-14,15,12,2026-01-26,2026-01-17,RESOLVED_IN_GRACE
FDX20255935599,CUST972565,"Shelton, Owens and Hernandez",Small,2026-01-06,42277,218973,203564,2026-01-16,10,7,2026-01-23,2026-01-20,RESOLVED_IN_GRACE
FDX20252047075,CUST261450,Miller-Curtis,Mid,2026-01-01,3367,9928,3573,2026-01-16,15,12,2026-01-28,,IN_GRACE
FDX20257194532,CUST622584,Tate-Rios,Large,2025-12-01,50652,138612,77655,2025-12-26,25,20,2026-01-15,,ELIGIBLE
FDX20251891328,CUST851413,Pollard Inc,Small,2026-01-05,53392,299464,132702,2026-01-15,10,7,2026-01-22,,ELIGIBLE
FDX20251014148,CUST406039,Dudley-Jackson,Small,2025-12-24,16329,60121,36089,2026-01-03,10,7,2026-01-10,2026-01-08,RESOLVED_IN_GRACE
FDX20257027124,CUST633590,Hess-Peterson,Mid,2026-01-01,40798,232106,136296,2026-01-16,15,12,2026-01-28,2026-01-28,RESOLVED_IN_GRACE
FDX20252840432,CUST839677,Ortiz-Perez,Small,2026-01-09,48124,262585,231891,2026-01-19,10,7,2026-01-26,,IN_GRACE
FDX20255734685,CUST386706,Davidson PLC,Large,2025-12-01,24827,134359,118797,2025-12-26,25,20,2026-01-15,2026-01-09,RESOLVED_IN_GRACE
FDX20251523193,CUST535673,Austin-Reed,Mid,2026-01-01,42584,124500,112141,2026-01-16,15,12,2026-01-28,,ELIGIBLE
FDX20254946691,CUST975271,Payne-Holmes,Small,2026-01-13,35807,155916,47907,2026-01-23,10,7,2026-01-30,,ELIGIBLE
FDX20258242984,CUST605937,"Rice, Ortega and Blackwell",Large,2025-12-01,56410,265848,190558,2025-12-26,25,20,2026-01-15,,ELIGIBLE
FDX20257614724,CUST595158,Brennan-Shea,Mid,2025-12-15,27941,76888,74507,2025-12-30,15,12,2026-01-11,2026-01-02,RESOLVED_IN_GRACE
FDX20256337290,CUST355570,"Henderson, Griffin and Dyer",Small,2025-12-27,9076,34694,27841,2026-01-06,10,7,2026-01-13,,IN_GRACE
FDX20257422144,CUST578975,Wells-Santos,Small,2026-01-08,40216,140765,105639,2026-01-18,10,7,2026-01-25,,IN_GRACE
FDX20257812097,CUST678043,"Padilla, Mcclain and Byrd",Small,2025-12-29,41280,170080,69768,2026-01-08,10,7,2026-01-15,2026-01-12,RESOLVED_IN_GRACE
FDX20257401599,CUST251668,Barrett Ltd,Small,2026-01-11,30146,104147,97644,2026-01-21,10,7,2026-01-28,,ELIGIBLE
FDX20258301277,CUST502219,Thomas-Jennings,Large,2025-12-01,9860,56831,28764,2025-12-26,25,20,2026-01-15,,ELIGIBLE
FDX20254543617,CUST299869,Leach-Baxter,Mid,2025-12-22,39731,111132,67342,2026-01-06,15,12,2026-01-18,2026-01-10,RESOLVED_IN_GRACE
FDX20253909338,CUST728492,"Hubbard, Stone and Obrien",Small,2026-01-12,9202,28253,14686,2026-01-22,10,7,2026-01-29,2026-01-24,RESOLVED_IN_GRACE
FDX20258967020,CUST632929,Bailey-Morris,Small,2026-01-07,16515,98365,95431,2026-01-17,10,7,2026-01-24,2026-01-20,RESOLVED_IN_GRACE
FDX20253333188,CUST882544,Clark-Wise,Small,2025-12-28,18804,52378,47572,2026-01-07,10,7,2026-01-14,,ELIGIBLE
FDX20254157922,CUST243139,"Cooper, Ortiz and Ryan",Small,2026-01-10,2403,10755,9783,2026-01-20,10,7,2026-01-27,,ELIGIBLE
FDX20257452434,CUST173201,Morris-Cole,Mid,2025-12-27,15048,82562,30469,2026-01-11,15,12,2026-01-23,,ELIGIBLE
FDX20257044627,CUST389666,Goodwin-Thornton,Small,2026-01-13,21960,123760,50578,2026-01-23,10,7,2026-01-30,,IN_GRACE
FDX20258000050,CUST910208,Vargas-French,Small,2026-01-01,53768,238318,199408,2026-01-11,10,7,2026-01-18,,ELIGIBLE
FDX20253588175,CUST928381,Turner-Velasquez,Mid,2025-12-31,31864,120246,92135,2026-01-15,15,12,2026-01-27,,ELIGIBLE
FDX20255839738,CUST995916,French-Mcclain,Mid,2025-12-17,32406,175787,162526,2026-01-01,15,12,2026-01-13,,ELIGIBLE
FDX20253106365,CUST535098,Mendoza-York,Mid,2025-12-26,18266,46082,33307,2026-01-10,15,12,2026-01-22,,ELIGIBLE
FDX20253252801,CUST456385,Green-Mayer,Small,2026-01-13,2679,10320,5977,2026-01-23,10,7,2026-01-30,,ELIGIBLE
FDX20251194661,CUST925981,Thompson-Bartlett,Small,2026-01-11,26731,120714,73032,2026-01-21,10,7,2026-01-28,,IN_GRACE
FDX20252203698,CUST632401,Sandoval LLC,Small,2025-12-26,27859,71288,28103,2026-01-05,10,7,2026-01-12,,ELIGIBLE
FDX20251263533,CUST380150,Crane-Webb,Small,2025-12-24,45553,231658,144545,2026-01-03,10,7,2026-01-10,,ELIGIBLE
FDX20253415850,CUST960408,Garza PLC,Small,2025-12-23,48492,157733,69732,2026-01-02,10,7,2026-01-09,,IN_GRACE
FDX20259165493,CUST102689,Scott-Patrick,Small,2026-01-11,57520,287880,280997,2026-01-21,10,7,2026-01-28,2026-01-23,RESOLVED_IN_GRACE
FDX20258327199,CUST396578,Mccormick-Wheeler,Mega,2025-12-01,9373,35293,35175,2026-01-05,35,30,2026-02-04,,ELIGIBLE
FDX20253277939,CUST861319,"Montgomery, Sims and Rodriguez",Small,2025-12-27,46552,257614,79859,2026-01-06,10,7,2026-01-13,,ELIGIBLE
FDX20252420416,CUST413058,"Greer, Thomas and Hayes",Small,2026-01-06,9424,37488,37486,2026-01-16,10,7,2026-01-23,2026-01-21,RESOLVED_IN_GRACE
FDX20253302174,CUST978157,Wood-Brown,Large,2025-12-01,28719,142206,50350,2025-12-26,25,20,2026-01-15,2026-01-11,RESOLVED_IN_GRACE
FDX20257976896,CUST715448,Norris-Parker,Small,2025-12-31,37911,163351,137860,2026-01-10,10,7,2026-01-17,,ELIGIBLE
FDX20258650891,CUST708093,Bruce-Salinas,Large,2025-12-04,30359,93416,58320,2025-12-29,25,20,2026-01-18,,IN_GRACE
FDX20258142130,CUST791998,Holmes-Barnes,Large,2025-12-01,18632,93000,46877,2025-12-26,25,20,2026-01-15,,ELIGIBLE
FDX20254016499,CUST613425,"Kramer, Parrish and Garcia",Small,2026-01-09,40736,155839,66630,2026-01-19,10,7,2026-01-26,,ELIGIBLE
FDX20258623472,CUST255813,Hampton-Moore,Small,2026-01-10,57237,146000,96475,2026-01-20,10,7,2026-01-27,,IN_GRACE
FDX20259546564,CUST568238,Hunt-Hansen,Large,2025-12-05,48811,216438,202487,2025-12-30,25,20,2026-01-19,,ELIGIBLE
FDX20258115631,CUST664742,"Odonnell, Hill and Jenkins",Small,2025-12-27,56453,254086,205854,2026-01-06,10,7,2026-01-13,,IN_GRACE
FDX20258550515,CUST607868,"Charles, Wilson and Wilson",Small,2026-01-14,12385,33366,25567,2026-01-24,10,7,2026-01-31,,ELIGIBLE
FDX20257454441,CUST461888,Collins-Meyer,Mid,2025-12-12,27772,155954,154469,2025-12-27,15,12,2026-01-08,,ELIGIBLE
FDX20256961066,CUST448588,Hughes-Davis,Mega,2025-12-01,27523,73061,45425,2026-01-05,35,30,2026-02-04,2026-01-23,RESOLVED_IN_GRACE
FDX20254787304,CUST678727,Powell-Floyd,Mid,2025-12-23,24589,91829,36975,2026-01-07,15,12,2026-01-19,2026-01-10,RESOLVED_IN_GRACE
FDX20254117056,CUST899929,Woodard-King,Small,2025-12-25,14763,53446,32105,2026-01-04,10,7,2026-01-11,,IN_GRACE
FDX20258126489,CUST669827,Durham PLC,Small,2026-01-05,14973,59717,49120,2026-01-15,10,7,2026-01-22,,ELIGIBLE
FDX20251124654,CUST495533,"Li, Cruz and Perez",Large,2025-12-03,54674,327264,199963,2025-12-28,25,20,2026-01-17,2026-01-16,RESOLVED_IN_GRACE
FDX20259357686,CUST577463,Simon-Hill,Mid,2025-12-21,59059,295082,83064,2026-01-05,15,12,2026-01-17,2026-01-07,RESOLVED_IN_GRACE
FDX20254972005,CUST437408,Schneider-Bentley,Small,2026-01-06,35634,175307,116711,2026-01-16,10,7,2026-01-23,,ELIGIBLE
FDX20259417612,CUST297816,Santiago-Arnold,Mid,2025-12-12,57874,258192,150013,2025-12-27,15,12,2026-01-08,,ELIGIBLE
FDX20255517272,CUST831380,Thomas-Robinson,Large,2025-12-04,7927,24863,16492,2025-12-29,25,20,2026-01-18,2026-01-04,RESOLVED_IN_GRACE
FDX20257892714,CUST350405,Chambers-Robinson,Small,2026-01-11,9256,24093,23557,2026-01-21,10,7,2026-01-28,,IN_GRACE
FDX20257156735,CUST699573,Greene-Jones,Mid,2025-12-26,26980,98257,88280,2026-01-10,15,12,2026-01-22,2026-01-19,RESOLVED_IN_GRACE
FDX20251561397,CUST501574,Sanchez-Barton,Mid,2025-12-18,46209,138681,108316,2026-01-02,15,12,2026-01-14,2026-01-14,RESOLVED_IN_GRACE
FDX20251635269,CUST344907,King-Warren,Mid,2025-12-15,2743,11885,6437,2025-12-30,15,12,2026-01-11,,ELIGIBLE
FDX20259107893,CUST997594,"Wu, Carey and Miller",Small,2026-01-13,53226,231700,119396,2026-01-23,10,7,2026-01-30,,ELIGIBLE
FDX20257183722,CUST913217,Dunlap-Brown,Mid,2025-12-16,42520,244981,67383,2025-12-31,15,12,2026-01-12,,ELIGIBLE
FDX20252898583,CUST530728,Romero PLC,Small,2025-12-26,6950,39961,33870,2026-01-05,10,7,2026-01-12,,ELIGIBLE
FDX20259078781,CUST145767,Perez-Carson,Small,2025-12-22,49119,211414,201001,2026-01-01,10,7,2026-01-08,,ELIGIBLE
FDX20252343236,CUST433632,Duffy-Ward,Mid,2025-12-25,24412,108403,96827,2026-01-09,15,12,2026-01-21,2026-01-20,RESOLVED_IN_GRACE
FDX20253383832,CUST880879,Bennett-Davis,Small,2025-12-29,48014,217623,198148,2026-01-08,10,7,2026-01-15,2026-01-11,RESOLVED_IN_GRACE
FDX20259831661,CUST595951,Foley-Stanley,Mid,2025-12-31,12439,35897,32842,2026-01-15,15,12,2026-01-27,,ELIGIBLE
FDX20255687895,CUST839485,Cervantes-Walker,Small,2025-12-28,17670,76919,55275,2026-01-07,10,7,2026-01-14,,ELIGIBLE
FDX20258800337,CUST950823,Dickson PLC,Mid,2026-01-02,50960,179129,171729,2026-01-17,15,12,2026-01-29,,IN_GRACE
FDX20259672974,CUST499749,Lee-Taylor,Mid,2025-12-27,8342,27689,21780,2026-01-11,15,12,2026-01-23,,ELIGIBLE
FDX20252312558,CUST504832,Wilson-Bridges,Mega,2025-12-01,14176,80617,65802,2026-01-05,35,30,2026-02-04,,ELIGIBLE
FDX20259780469,CUST795928,Shepherd-Nguyen,Small,2026-01-06,23549,134395,88632,2026-01-16,10,7,2026-01-23,,ELIGIBLE
FDX20252483883,CUST930884,Woodard-Hoover,Large,2025-12-01,13117,64830,39314,2025-12-26,25,20,2026-01-15,,ELIGIBLE
FDX20255114298,CUST960616,Barnett-Garza,Small,2025-12-25,31726,135370,99839,2026-01-04,10,7,2026-01-11,,ELIGIBLE
FDX20258926422,CUST783691,Nguyen-Hopkins,Small,2025-12-28,33768,146841,97746,2026-01-07,10,7,2026-01-14,2026-01-10,RESOLVED_IN_GRACE
FDX20252309997,CUST259493,"Mathis, Weber and Williams",Small,2026-01-10,38721,151747,86022,2026-01-20,10,7,2026-01-27,,ELIGIBLE
FDX20256242875,CUST619389,Brown-Edwards,Mid,2025-12-23,53162,279443,164611,2026-01-07,15,12,2026-01-19,,IN_GRACE
FDX20251885405,CUST138817,"Wilkins, Miller and Mcdonald",Large,2025-12-01,6212,22366,19867,2025-12-26,25,20,2026-01-15,,ELIGIBLE
FDX20256763748,CUST232378,Freeman-Moore,Mid,2025-12-29,52326,211712,75735,2026-01-13,15,12,2026-01-25,,ELIGIBLE
FDX20259976368,CUST626690,Thomas-Lozano,Mid,2025-12-12,33319,116961,111387,2025-12-27,15,12,2026-01-08,,ELIGIBLE
FDX20251180915,CUST718849,Burgess Inc,Mid,2026-01-03,6282,34868,17621,2026-01-18,15,12,2026-01-30,2026-01-22,RESOLVED_IN_GRACE
FDX20258866313,CUST448121,Ward-Levine,Mid,2025-12-23,52253,276226,58409,2026-01-07,15,12,2026-01-19,,ELIGIBLE
FDX20258617439,CUST205239,"Walton, Mercado and Lewis",Mega,2025-12-01,37395,178992,115456,2026-01-05,35,30,2026-02-04,,ELIGIBLE
FDX20259601059,CUST986088,Thomas-Hamilton,Small,2026-01-11,13241,61436,45444,2026-01-21,10,7,2026-01-28,2026-01-28,RESOLVED_IN_GRACE
FDX20258872413,CUST561694,Ortiz-Cisneros,Mid,2025-12-18,10037,37674,16606,2026-01-02,15,12,2026-01-14,2026-01-12,RESOLVED_IN_GRACE
FDX20256561881,CUST204555,Ayala-Edwards,Large,2025-12-06,41275,106591,85811,2025-12-31,25,20,2026-01-20,2026-01-16,RESOLVED_IN_GRACE
FDX20258063478,CUST651499,Buck Group,Small,2026-01-06,57174,249376,87315,2026-01-16,10,7,2026-01-23,,IN_GRACE
FDX20256920923,CUST579123,"Bonilla, Rios and Booker",Small,2026-01-02,25310,66888,27483,2026-01-12,10,7,2026-01-19,2026-01-13,RESOLVED_IN_GRACE
FDX20255942868,CUST116093,Lucero-Ashley,Small,2026-01-11,6414,18721,10083,2026-01-21,10,7,2026-01-28,,ELIGIBLE
FDX20255852112,CUST857537,Li Group,Small,2025-12-29,41463,131513,85281,2026-01-08,10,7,2026-01-15,,ELIGIBLE
FDX20253810320,CUST251157,Owens-Cardenas,Large,2025-12-08,21681,123105,21710,2026-01-02,25,20,2026-01-22,2026-01-12,RESOLVED_IN_GRACE
FDX20251592675,CUST529893,Jackson-Lowery,Small,2026-01-04,20050,74167,69161,2026-01-14,10,7,2026-01-21,,IN_GRACE
FDX20256101462,CUST786587,Hampton-Klein,Large,2025-12-01,14529,63368,30986,2025-12-26,25,20,2026-01-15,2026-01-11,RESOLVED_IN_GRACE
FDX20255369510,CUST261859,Leon-Wright,Mega,2025-12-01,42032,146048,141403,2026-01-05,35,30,2026-02-04,,ELIGIBLE
FDX20252030419,CUST178463,Larson-Smith,Small,2025-12-24,6388,24540,6806,2026-01-03,10,7,2026-01-10,2026-01-04,RESOLVED_IN_GRACE
FDX20258938316,CUST592296,Stone-Edwards,Mega,2025-12-01,1666,8462,4891,2026-01-05,35,30,2026-02-04,2026-01-09,RESOLVED_IN_GRACE
FDX20253836678,CUST919488,"Paul, Manning and Hess",Small,2025-12-31,53943,235644,119502,2026-01-10,10,7,2026-01-17,,ELIGIBLE
FDX20251866037,CUST377896,"Glenn, Johnson and Farmer",Small,2025-12-24,55601,259658,240159,2026-01-03,10,7,2026-01-10,,ELIGIBLE
FDX20255894806,CUST455007,"Cochran, Mitchell and Cooper",Small,2026-01-13,41188,107832,82064,2026-01-23,10,7,2026-01-30,2026-01-30,RESOLVED_IN_GRACE
FDX20251457985,CUST753534,Hensley Ltd,Mid,2025-12-30,42711,130255,87619,2026-01-14,15,12,2026-01-26,2026-01-22,RESOLVED_IN_GRACE
FDX20255811968,CUST826353,Horton-Brown,Mid,2025-12-25,16191,75231,59541,2026-01-09,15,12,2026-01-21,,ELIGIBLE
FDX20259132926,CUST516791,Parker-Moreno,Mid,2025-12-29,3253,14381,10694,2026-01-13,15,12,2026-01-25,,ELIGIBLE
FDX20252384290,CUST781403,Stephenson-Travis,Small,2026-01-10,41679,204045,162734,2026-01-20,10,7,2026-01-27,,IN_GRACE
FDX20253127708,CUST184216,Hernandez-Whitaker,Mega,2025-12-01,45167,173515,95905,2026-01-05,35,30,2026-02-04,,ELIGIBLE
FDX20259482495,CUST993140,Moody-Kennedy,Small,2025-12-24,31128,101610,35921,2026-01-03,10,7,2026-01-10,2026-01-08,RESOLVED_IN_GRACE
FDX20252289534,CUST444525,"Buckley, Dickerson and Downs",Small,2026-01-02,45775,217827,76752,2026-01-12,10,7,2026-01-19,,ELIGIBLE
FDX20255661529,CUST993744,Brooks-Johnson,Large,2025-12-01,4452,24252,10390,2025-12-26,25,20,2026-01-15,,ELIGIBLE
FDX20255228713,CUST807115,Johnson-Munoz,Mid,2026-01-02,51417,179311,111457,2026-01-17,15,12,2026-01-29,2026-01-20,RESOLVED_IN_GRACE
FDX20253223631,CUST659543,Sanchez-Dean,Small,2026-01-14,29834,114634,59157,2026-01-24,10,7,2026-01-31,2026-01-30,RESOLVED_IN_GRACE
FDX20255713926,CUST498468,Davis-Kelly,Small,2026-01-13,12867,35911,24789,2026-01-23,10,7,2026-01-30,,IN_GRACE
FDX20255617376,CUST432043,Fitzgerald LLC,Large,2025-12-01,34852,191782,136289,2025-12-26,25,20,2026-01-15,,ELIGIBLE
FDX20255311001,CUST757246,Moody PLC,Mid,2025-12-25,38699,211784,80178,2026-01-09,15,12,2026-01-21,,ELIGIBLE
FDX20251238286,CUST853629,Hatfield-Allen,Small,2026-01-13,18995,95075,80464,2026-01-23,10,7,2026-01-30,,IN_GRACE
FDX20252871488,CUST896290,King-Flores,Mid,2025-12-18,8286,42491,32143,2026-01-02,15,12,2026-01-14,2026-01-08,RESOLVED_IN_GRACE
FDX20253929534,CUST611650,Andrade-Williams,Small,2026-01-13,46197,231865,208218,2026-01-23,10,7,2026-01-30,,ELIGIBLE
FDX20253535634,CUST667296,"Castillo, Daugherty and White",Small,2026-01-02,14310,46061,39483,2026-01-12,10,7,2026-01-19,,ELIGIBLE
FDX20258493596,CUST137642,Smith-Reeves,Mid,2025-12-26,58938,275505,181334,2026-01-10,15,12,2026-01-22,2026-01-11,RESOLVED_IN_GRACE
FDX20257203657,CUST747453,Wright-Stewart,Small,2026-01-06,9268,26959,20266,2026-01-16,10,7,2026-01-23,2026-01-19,RESOLVED_IN_GRACE
FDX20253942713,CUST171744,"Robles, Moore and Rivera",Mega,2025-12-01,45922,139938,107072,2026-01-05,35,30,2026-02-04,,ELIGIBLE
FDX20255383091,CUST346174,Edwards-Lin,Large,2025-12-01,45797,245337,99694,2025-12-26,25,20,2026-01-15,2026-01-01,RESOLVED_IN_GRACE
FDX20254962709,CUST761820,"Doyle, Gutierrez and Jenkins",Small,2025-12-22,49351,231828,50557,2026-01-01,10,7,2026-01-08,2026-01-08,RESOLVED_IN_GRACE
FDX20259135582,CUST817644,"Gonzales, Fisher and West",Mid,2025-12-23,39919,210948,173081,2026-01-07,15,12,2026-01-19,2026-01-13,RESOLVED_IN_GRACE
FDX20254033474,CUST401338,Mitchell Group,Small,2026-01-13,28127,136952,100455,2026-01-23,10,7,2026-01-30,,ELIGIBLE
FDX20259848116,CUST338536,Weber-West,Small,2025-12-27,46579,256966,214574,2026-01-06,10,7,2026-01-13,,ELIGIBLE
FDX20251555166,CUST883041,Rodriguez-Howard,Small,2026-01-10,46501,260509,156627,2026-01-20,10,7,2026-01-27,,IN_GRACE
FDX20256752034,CUST194769,Frazier-Henderson,Mid,2026-01-03,50935,143809,55513,2026-01-18,15,12,2026-01-30,2026-01-27,RESOLVED_IN_GRACE
FDX20252416021,CUST555052,Cochran-Mccoy,Large,2025-12-01,23980,139242,86145,2025-12-26,25,20,2026-01-15,,ELIGIBLE
FDX20253433874,CUST203225,Reynolds-Murphy,Mega,2025-12-01,14637,59317,47467,2026-01-05,35,30,2026-02-04,,IN_GRACE
FDX20253586212,CUST897305,Cuevas-Acosta,Mega,2025-12-01,26305,128525,103789,2026-01-05,35,30,2026-02-04,,ELIGIBLE
FDX20259320631,CUST764532,Wise-Walsh,Small,2026-01-12,20724,79667,66393,2026-01-22,10,7,2026-01-29,,ELIGIBLE
FDX20257928115,CUST838083,French Ltd,Large,2025-12-12,14249,62539,32193,2026-01-06,25,20,2026-01-26,,IN_GRACE
FDX20257428475,CUST205389,"Bennett, Perez and Klein",Large,2025-12-13,19295,113272,25987,2026-01-07,25,20,2026-01-27,,ELIGIBLE
FDX20254992095,CUST565230,Watson Ltd,Mid,2025-12-16,12524,56389,25681,2025-12-31,15,12,2026-01-12,,ELIGIBLE
FDX20258385078,CUST274446,Howard-Coleman,Small,2025-12-26,11355,60499,37281,2026-01-05,10,7,2026-01-12,2026-01-12,RESOLVED_IN_GRACE
FDX20253806547,CUST827712,Guzman-Rios,Mid,2025-12-19,33795,170713,145021,2026-01-03,15,12,2026-01-15,2026-01-09,RESOLVED_IN_GRACE
FDX20254537589,CUST414012,Johnson-Perez,Mid,2025-12-28,40462,204363,109625,2026-01-12,15,12,2026-01-24,,ELIGIBLE
FDX20256789409,CUST130353,"Newton, Edwards and Donovan",Small,2026-01-13,49692,211990,185546,2026-01-23,10,7,2026-01-30,,ELIGIBLE
FDX20251911435,CUST148225,Dunn-Davis,Mid,2026-01-01,30627,162526,132141,2026-01-16,15,12,2026-01-28,,ELIGIBLE
FDX20255435820,CUST440131,Saunders-Johnson,Mid,2025-12-26,26732,147966,60716,2026-01-10,15,12,2026-01-22,,IN_GRACE
FDX20252946062,CUST934816,Dunn-Smith,Mid,2025-12-26,55191,290903,221131,2026-01-10,15,12,2026-01-22,2026-01-15,RESOLVED_IN_GRACE
FDX20251881193,CUST158845,Paul LLC,Mid,2025-12-20,30507,173860,51034,2026-01-04,15,12,2026-01-16,,ELIGIBLE
FDX20253811868,CUST407618,Lawrence LLC,Mid,2026-01-01,24363,107251,106723,2026-01-16,15,12,2026-01-28,,IN_GRACE
FDX20258784878,CUST475876,"Bass, King and Morgan",Small,2025-12-27,54528,198871,126637,2026-01-06,10,7,2026-01-13,,ELIGIBLE
FDX20257689827,CUST493049,Boyd-Oneill,Mid,2025-12-23,57446,259837,123700,2026-01-07,15,12,2026-01-19,2026-01-13,RESOLVED_IN_GRACE
FDX20258989846,CUST551607,Casey PLC,Mid,2025-12-17,43952,119337,60953,2026-01-01,15,12,2026-01-13,,ELIGIBLE
FDX20256056101,CUST252640,Hicks-Wright,Mid,2025-12-16,18092,46771,43475,2025-12-31,15,12,2026-01-12,,ELIGIBLE
FDX20258990421,CUST356059,"Hamilton, Bennett and Jones",Mega,2025-12-01,25390,95107,83413,2026-01-05,35,30,2026-02-04,,ELIGIBLE
FDX20259934217,CUST656968,Miles-Buck,Small,2025-12-22,33950,107111,34678,2026-01-01,10,7,2026-01-08,,ELIGIBLE
FDX20254920186,CUST532067,Sullivan-Odom,Small,2025-12-24,38144,166897,127171,2026-01-03,10,7,2026-01-10,,ELIGIBLE
FDX20257371999,CUST693418,Carter-King,Mid,2025-12-17,56009,277442,216216,2026-01-01,15,12,2026-01-13,,ELIGIBLE
FDX20257544296,CUST814919,"Jones, Green and Camacho",Mid,2026-01-01,27607,110281,57359,2026-01-16,15,12,2026-01-28,2026-01-27,RESOLVED_IN_GRACE
FDX20258962291,CUST931016,Morgan-Clark,Large,2025-12-17,42377,173758,129609,2026-01-11,25,20,2026-01-31,2026-01-12,RESOLVED_IN_GRACE
FDX20255406118,CUST288803,"Mcclain, Davis and Baker",Small,2026-01-03,17033,71478,69771,2026-01-13,10,7,2026-01-20,2026-01-20,RESOLVED_IN_GRACE
FDX20253435210,CUST278240,Briggs PLC,Large,2025-12-04,24398,97650,97007,2025-12-29,25,20,2026-01-18,,ELIGIBLE
FDX20259899342,CUST283573,"Bond, Ramirez and Matthews",Mid,2026-01-01,58313,154311,121494,2026-01-16,15,12,2026-01-28,2026-01-25,RESOLVED_IN_GRACE
FDX20258293631,CUST182804,"Mann, Cortez and Lewis",Mid,2025-12-25,1977,8010,3857,2026-01-09,15,12,2026-01-21,2026-01-18,RESOLVED_IN_GRACE
FDX20251199028,CUST739098,"Hicks, Richards and Stewart",Mega,2025-12-01,15650,52148,50625,2026-01-05,35,30,2026-02-04,2026-01-17,RESOLVED_IN_GRACE
FDX20255845129,CUST501126,Burch-Ho,Small,2026-01-05,27905,145829,52610,2026-01-15,10,7,2026-01-22,,ELIGIBLE
FDX20258529960,CUST749813,Crawford and Sons,Small,2026-01-11,13724,81601,29566,2026-01-21,10,7,2026-01-28,,IN_GRACE
FDX20257408965,CUST816318,Howard-Bennett,Small,2025-12-25,17731,71005,57107,2026-01-04,10,7,2026-01-11,,ELIGIBLE
FDX20256296376,CUST352528,"Hale, Lewis and Davidson",Mega,2025-12-01,26388,105677,95182,2026-01-05,35,30,2026-02-04,2026-01-07,RESOLVED_IN_GRACE
FDX20259896176,CUST621841,Grimes-Brooks,Small,2025-12-25,47154,190419,54802,2026-01-04,10,7,2026-01-11,,ELIGIBLE
FDX20251688161,CUST711484,Woodard-Jones,Small,2025-12-27,32611,110547,92720,2026-01-06,10,7,2026-01-13,,ELIGIBLE
FDX20252633502,CUST250069,Bradley-Dominguez,Mid,2025-12-28,15199,41625,41509,2026-01-12,15,12,2026-01-24,,ELIGIBLE
FDX20259913623,CUST343467,Burgess-Smith,Small,2025-12-26,58875,219233,81776,2026-01-05,10,7,2026-01-12,,ELIGIBLE
FDX20256936250,CUST583550,Brewer-Murray,Small,2026-01-08,24552,61551,49870,2026-01-18,10,7,2026-01-25,,ELIGIBLE
FDX20258244164,CUST768891,Nichols-Taylor,Small,2025-12-25,15814,51113,32693,2026-01-04,10,7,2026-01-11,,ELIGIBLE
FDX20255573311,CUST366314,Hill-Owens,Mid,2026-01-03,56447,148801,97633,2026-01-18,15,12,2026-01-30,,IN_GRACE
FDX20256619820,CUST581894,Wood-Thompson,Small,2025-12-31,8273,22185,21415,2026-01-10,10,7,2026-01-17,2026-01-16,RESOLVED_IN_GRACE
FDX20255535319,CUST367729,Taylor-Stevens,Small,2026-01-06,59138,184847,112564,2026-01-16,10,7,2026-01-23,2026-01-19,RESOLVED_IN_GRACE
FDX20255480989,CUST799233,Tran-Nelson,Mid,2025-12-13,35351,118583,105207,2025-12-28,15,12,2026-01-09,,IN_GRACE
FDX20252648810,CUST109853,Bridges-Moran,Mid,2025-12-27,31119,160587,107327,2026-01-11,15,12,2026-01-23,2026-01-18,RESOLVED_IN_GRACE
FDX20255283960,CUST943718,Garcia-Bowen,Small,2025-12-29,14998,50739,34092,2026-01-08,10,7,2026-01-15,,IN_GRACE
FDX20257562471,CUST587853,Young-Vasquez,Mid,2025-12-22,27358,129642,64206,2026-01-06,15,12,2026-01-18,,ELIGIBLE
FDX20258736118,CUST401603,Webster and Sons,Mid,2025-12-16,43948,221816,113803,2025-12-31,15,12,2026-01-12,,ELIGIBLE
FDX20255056679,CUST810526,Fisher-King,Small,2026-01-08,46828,220379,160043,2026-01-18,10,7,2026-01-25,2026-01-24,RESOLVED_IN_GRACE
FDX20254270310,CUST673149,"Francis, Merritt and Nicholson",Mid,2025-12-17,3947,13924,7525,2026-01-01,15,12,2026-01-13,,ELIGIBLE
FDX20259723352,CUST265649,Huffman-Boyer,Small,2025-12-26,57255,178917,175669,2026-01-05,10,7,2026-01-12,,ELIGIBLE
FDX20256660743,CUST177449,"Gomez, Graves and Friedman",Small,2026-01-06,33330,109089,108090,2026-01-16,10,7,2026-01-23,2026-01-21,RESOLVED_IN_GRACE
FDX20254018500,CUST563187,Parker and Sons,Small,2026-01-04,32599,116159,47208,2026-01-14,10,7,2026-01-21,,ELIGIBLE
FDX20256255795,CUST462351,Stewart-Anderson,Mega,2025-12-01,23498,136685,42717,2026-01-05,35,30,2026-02-04,2026-01-31,RESOLVED_IN_GRACE
FDX20251177469,CUST716113,Gutierrez-Barron,Mega,2025-12-01,5018,21840,7305,2026-01-05,35,30,2026-02-04,,ELIGIBLE
FDX20251142206,CUST413685,Jimenez-Hobbs,Mega,2025-12-01,4997,15401,5343,2026-01-05,35,30,2026-02-04,,IN_GRACE
FDX20252140044,CUST769975,Phelps Inc,Small,2025-12-28,13233,74257,45295,2026-01-07,10,7,2026-01-14,,ELIGIBLE
FDX20251200679,CUST544920,Henry-Washington,Small,2025-12-24,30087,81104,61736,2026-01-03,10,7,2026-01-10,,ELIGIBLE
FDX20257899609,CUST823846,"Hammond, Simmons and Swanson",Small,2026-01-06,54203,275313,83084,2026-01-16,10,7,2026-01-23,,ELIGIBLE
FDX20252639113,CUST362246,Moore-Wilcox,Mid,2025-12-12,46199,271819,132155,2025-12-27,15,12,2026-01-08,2025-12-29,RESOLVED_IN_GRACE
FDX20259812472,CUST579027,"Young, Romero and Ray",Small,2025-12-31,27173,107126,95035,2026-01-10,10,7,2026-01-17,,ELIGIBLE
FDX20252743274,CUST986365,"Harmon, Jones and Mahoney",Small,2026-01-13,18694,85525,79181,2026-01-23,10,7,2026-01-30,2026-01-27,RESOLVED_IN_GRACE
FDX20258481668,CUST416797,Wright PLC,Small,2026-01-01,38579,219479,91580,2026-01-11,10,7,2026-01-18,2026-01-16,RESOLVED_IN_GRACE
FDX20256897466,CUST308894,Armstrong Inc,Large,2025-12-15,14365,51382,15788,2026-01-09,25,20,2026-01-29,,ELIGIBLE
FDX20254681195,CUST503380,Rosario-Martinez,Small,2026-01-10,29491,85155,46765,2026-01-20,10,7,2026-01-27,,ELIGIBLE
FDX20255752935,CUST994787,Brown-Dixon,Small,2025-12-25,17989,59059,39054,2026-01-04,10,7,2026-01-11,,IN_GRACE
FDX20255226115,CUST606680,Smith-Jones,Mid,2025-12-29,30806,162906,128115,2026-01-13,15,12,2026-01-25,,IN_GRACE
FDX20254239337,CUST211834,Wade-Hayes,Mid,2025-12-27,19167,109921,88386,2026-01-11,15,12,2026-01-23,,IN_GRACE
FDX20251571126,CUST348728,Phillips-Martin,Mid,2026-01-01,40168,155568,152236,2026-01-16,15,12,2026-01-28,,ELIGIBLE
FDX20251397627,CUST499889,Peterson-Franklin,Small,2026-01-11,23873,62687,46413,2026-01-21,10,7,2026-01-28,2026-01-27,RESOLVED_IN_GRACE
FDX20252542518,CUST699704,Blankenship-Morrison,Small,2026-01-01,51137,295962,231035,2026-01-11,10,7,2026-01-18,,IN_GRACE
FDX20251954320,CUST476395,"Jennings, Jennings and Lee",Small,2026-01-12,13520,60662,15597,2026-01-22,10,7,2026-01-29,,ELIGIBLE
FDX20254637715,CUST702733,Ayala LLC,Small,2025-12-31,13671,64804,15571,2026-01-10,10,7,2026-01-17,,ELIGIBLE
FDX20253043299,CUST410244,Andrews and Sons,Mid,2025-12-18,49092,228501,187466,2026-01-02,15,12,2026-01-14,,ELIGIBLE
FDX20253012881,CUST833247,Ryan-Flores,Mid,2025-12-31,32326,124608,89042,2026-01-15,15,12,2026-01-27,,ELIGIBLE
FDX20252449322,CUST409571,Clark-Mendez,Mid,2025-12-17,51059,250971,66908,2026-01-01,15,12,2026-01-13,2026-01-09,RESOLVED_IN_GRACE
FDX20253179482,CUST123005,George-Nolan,Mid,2025-12-26,7083,38564,34809,2026-01-10,15,12,2026-01-22,2026-01-22,RESOLVED_IN_GRACE
FDX20257307535,CUST970357,Roberts-Luna,Mid,2025-12-31,37004,181665,68395,2026-01-15,15,12,2026-01-27,,ELIGIBLE
FDX20254099902,CUST790203,Williams-Robertson,Small,2025-12-24,11980,69252,23929,2026-01-03,10,7,2026-01-10,2026-01-05,RESOLVED_IN_GRACE
FDX20252859671,CUST515032,Cameron Ltd,Small,2025-12-27,59371,336850,268628,2026-01-06,10,7,2026-01-13,,ELIGIBLE
FDX20254091420,CUST387813,Compton Ltd,Large,2025-12-08,7716,26447,26393,2026-01-02,25,20,2026-01-22,,ELIGIBLE
FDX20255250268,CUST108491,Reeves-Rivera,Mid,2025-12-12,8695,25910,14842,2025-12-27,15,12,2026-01-08,,IN_GRACE
FDX20255942041,CUST693419,Tate-Jimenez,Mid,2025-12-18,33742,144873,66975,2026-01-02,15,12,2026-01-14,,ELIGIBLE
FDX20258834214,CUST819112,Smith-Gonzalez,Small,2025-12-22,25349,141782,109839,2026-01-01,10,7,2026-01-08,,ELIGIBLE
FDX20252270273,CUST916118,"Christensen, Russell and Shaffer",Large,2025-12-04,40051,236682,118063,2025-12-29,25,20,2026-01-18,,IN_GRACE
FDX20258607523,CUST880841,"Wiggins, Johnson and Barton",Mid,2025-12-19,45551,140734,137286,2026-01-03,15,12,2026-01-15,,ELIGIBLE
FDX20255636946,CUST151426,Reid Ltd,Mid,2025-12-30,49761,178692,168935,2026-01-14,15,12,2026-01-26,,ELIGIBLE
FDX20258163592,CUST735863,Patterson-Hill,Large,2025-12-01,17783,77108,44733,2025-12-26,25,20,2026-01-15,,ELIGIBLE
FDX20256425820,CUST881369,Le-Anthony,Large,2025-12-04,34303,144201,35480,2025-12-29,25,20,2026-01-18,,ELIGIBLE
FDX20255317391,CUST620856,Shelton-Kirby,Small,2025-12-26,23419,124741,24953,2026-01-05,10,7,2026-01-12,,ELIGIBLE
FDX20253717339,CUST973294,Campbell-Grimes,Large,2025-12-01,33565,159773,42233,2025-12-26,25,20,2026-01-15,,IN_GRACE
FDX20252241464,CUST400096,Gonzales LLC,Small,2026-01-01,51208,139782,133517,2026-01-11,10,7,2026-01-18,,IN_GRACE
FDX20255652111,CUST913423,Tucker-Young,Mid,2025-12-25,54102,241282,222183,2026-01-09,15,12,2026-01-21,2026-01-15,RESOLVED_IN_GRACE
FDX20252046686,CUST937665,Hickman PLC,Small,2026-01-14,9305,52309,11268,2026-01-24,10,7,2026-01-31,2026-01-31,RESOLVED_IN_GRACE
FDX20257422301,CUST341296,Walker-Burgess,Small,2025-12-29,29504,108799,34855,2026-01-08,10,7,2026-01-15,,ELIGIBLE
FDX20257519465,CUST736553,Sweeney-Johnson,Mid,2025-12-27,34003,89701,63826,2026-01-11,15,12,2026-01-23,2026-01-20,RESOLVED_IN_GRACE
FDX20256581020,CUST940886,Wilkerson-Peterson,Large,2025-12-01,14933,87227,85429,2025-12-26,25,20,2026-01-15,,ELIGIBLE
FDX20252007616,CUST469435,Browning Inc,Small,2025-12-27,46112,194287,161813,2026-01-06,10,7,2026-01-13,,ELIGIBLE
FDX20255332524,CUST329642,Tanner-Smith,Small,2025-12-29,36293,186513,106784,2026-01-08,10,7,2026-01-15,,IN_GRACE
FDX20255440339,CUST767542,Cook-Hart,Mid,2025-12-19,35073,113408,36466,2026-01-03,15,12,2026-01-15,,ELIGIBLE
FDX20253985161,CUST299367,Fernandez Inc,Small,2025-12-26,16442,57771,50359,2026-01-05,10,7,2026-01-12,2026-01-12,RESOLVED_IN_GRACE
FDX20258391619,CUST751051,"Frost, Fields and Williams",Mid,2025-12-28,51882,221788,173107,2026-01-12,15,12,2026-01-24,2026-01-16,RESOLVED_IN_GRACE
FDX20252164313,CUST362801,Wilson-Carter,Mega,2025-12-01,29867,117732,116365,2026-01-05,35,30,2026-02-04,,ELIGIBLE
FDX20259249722,CUST810687,Hall-Thompson,Large,2025-12-12,20161,51350,48602,2026-01-06,25,20,2026-01-26,2026-01-16,RESOLVED_IN_GRACE
FDX20254366669,CUST892280,Rogers-Martin,Small,2026-01-12,59017,216307,92911,2026-01-22,10,7,2026-01-29,,ELIGIBLE
FDX20257587312,CUST855948,Combs PLC,Large,2025-12-04,32905,106471,100285,2025-12-29,25,20,2026-01-18,2025-12-31,RESOLVED_IN_GRACE
FDX20253993762,CUST904751,Allen-Vega,Small,2025-12-31,41761,106994,54156,2026-01-10,10,7,2026-01-17,,ELIGIBLE
FDX20259255351,CUST791201,Wilson-Le,Mid,2025-12-18,9212,51435,38813,2026-01-02,15,12,2026-01-14,,ELIGIBLE
FDX20252819161,CUST813928,Alvarez-Lee,Small,2026-01-12,37812,158718,141602,2026-01-22,10,7,2026-01-29,,ELIGIBLE
FDX20253413781,CUST979060,Jackson-Clayton,Small,2025-12-26,44964,214635,112159,2026-01-05,10,7,2026-01-12,,IN_GRACE
FDX20258235234,CUST243423,Lawrence-Hernandez,Small,2026-01-14,17602,92459,28442,2026-01-24,10,7,2026-01-31,,ELIGIBLE
FDX20254663917,CUST758765,"Parker, Williams and Clark",Mid,2025-12-24,29550,138421,127094,2026-01-08,15,12,2026-01-20,,IN_GRACE
FDX20252782574,CUST201883,Holden-Riley,Large,2025-12-04,35530,131504,117341,2025-12-29,25,20,2026-01-18,,ELIGIBLE
FDX20258408511,CUST757937,Sharp-Hale,Mid,2025-12-16,34436,194700,104423,2025-12-31,15,12,2026-01-12,,ELIGIBLE
FDX20255345236,CUST777737,Pena and Sons,Large,2025-12-09,18610,111657,53626,2026-01-03,25,20,2026-01-23,2026-01-05,RESOLVED_IN_GRACE
FDX20252732870,CUST141337,"Cardenas, Martinez and Nguyen",Mid,2026-01-01,37598,176688,94119,2026-01-16,15,12,2026-01-28,,IN_GRACE
FDX20251584868,CUST423939,Clark-Perry,Small,2026-01-09,3069,10947,4594,2026-01-19,10,7,2026-01-26,,ELIGIBLE
FDX20252223386,CUST926918,Williams-Randolph,Mid,2025-12-31,42500,115077,102946,2026-01-15,15,12,2026-01-27,,ELIGIBLE
FDX20252181322,CUST562236,"Sullivan, Martin and Joseph",Small,2026-01-12,42547,203817,156766,2026-01-22,10,7,2026-01-29,2026-01-23,RESOLVED_IN_GRACE
FDX20255204309,CUST134985,Dickson-Greene,Small,2026-01-05,56860,329123,236312,2026-01-15,10,7,2026-01-22,2026-01-17,RESOLVED_IN_GRACE
FDX20258480659,CUST707727,Myers-Castro,Small,2026-01-06,29243,154281,111162,2026-01-16,10,7,2026-01-23,2026-01-23,RESOLVED_IN_GRACE
FDX20251314820,CUST482584,Wong-Brewer,Mid,2025-12-28,5044,16679,10968,2026-01-12,15,12,2026-01-24,,ELIGIBLE
FDX20259350043,CUST867934,Luna-Reyes,Small,2026-01-03,11917,43339,39226,2026-01-13,10,7,2026-01-20,2026-01-19,RESOLVED_IN_GRACE
FDX20253497360,CUST237795,Beard PLC,Mid,2026-01-02,3974,12070,8946,2026-01-17,15,12,2026-01-29,,ELIGIBLE
FDX20251014556,CUST194511,Moore-Young,Small,2026-01-12,40698,207180,140600,2026-01-22,10,7,2026-01-29,2026-01-24,RESOLVED_IN_GRACE
FDX20251634776,CUST409445,"Ruiz, Johnson and Johnson",Small,2026-01-01,15848,41017,35521,2026-01-11,10,7,2026-01-18,,ELIGIBLE
FDX20257551231,CUST442589,Gross-Gonzalez,Small,2026-01-13,55404,181798,174712,2026-01-23,10,7,2026-01-30,,ELIGIBLE
FDX20255470062,CUST883790,Lee Group,Mega,2025-12-01,17614,67511,43798,2026-01-05,35,30,2026-02-04,,ELIGIBLE
FDX20253543551,CUST535686,Tanner-Watts,Large,2025-12-14,24609,96221,25030,2026-01-08,25,20,2026-01-28,2026-01-16,RESOLVED_IN_GRACE
FDX20256533643,CUST284171,Vasquez-Schmitt,Small,2025-12-28,3423,15768,13208,2026-01-07,10,7,2026-01-14,2026-01-13,RESOLVED_IN_GRACE
FDX20257565434,CUST310548,"Allen, Smith and Rhodes",Mid,2025-12-17,40373,131691,86670,2026-01-01,15,12,2026-01-13,,ELIGIBLE
FDX20251062138,CUST238579,Swanson-Smith,Mid,2025-12-21,19534,56715,31330,2026-01-05,15,12,2026-01-17,,IN_GRACE
FDX20259646691,CUST924718,Terry-Davis,Mid,2025-12-17,46236,236939,100887,2026-01-01,15,12,2026-01-13,,ELIGIBLE
FDX20259232235,CUST665610,Davis-Scott,Large,2025-12-16,12205,32199,16054,2026-01-10,25,20,2026-01-30,2026-01-15,RESOLVED_IN_GRACE
FDX20259021848,CUST483629,"Adams, Scott and Brooks",Mid,2025-12-12,58279,310311,217992,2025-12-27,15,12,2026-01-08,,ELIGIBLE
FDX20258315833,CUST656639,Lucas-Franklin,Small,2026-01-05,24914,90465,37158,2026-01-15,10,7,2026-01-22,,ELIGIBLE
FDX20257776531,CUST626169,"Barrett, Mendez and Johnson",Small,2025-12-31,38097,180794,39244,2026-01-10,10,7,2026-01-17,,IN_GRACE
FDX20252176077,CUST385765,Schmidt PLC,Large,2025-12-01,2941,12139,5038,2025-12-26,25,20,2026-01-15,,ELIGIBLE
FDX20254789081,CUST970813,Swanson-White,Mid,2025-12-25,14638,41732,36405,2026-01-09,15,12,2026-01-21,,ELIGIBLE
FDX20251055488,CUST272537,"Ford, Alvarado and Miller",Small,2025-12-29,36345,109216,41454,2026-01-08,10,7,2026-01-15,2026-01-15,RESOLVED_IN_GRACE
FDX20257449562,CUST369452,Clark-Lopez,Small,2026-01-03,46907,218063,182482,2026-01-13,10,7,2026-01-20,2026-01-15,RESOLVED_IN_GRACE
FDX20259087731,CUST964749,"Little, Jacobson and Cowan",Mega,2025-12-01,54436,150630,93882,2026-01-05,35,30,2026-02-04,,ELIGIBLE
FDX20253033459,CUST605254,Gordon-Baldwin,Small,2025-12-27,36125,204932,68747,2026-01-06,10,7,2026-01-13,,IN_GRACE
FDX20259980912,CUST945664,Walker-Ward,Mid,2025-12-23,52733,313528,61261,2026-01-07,15,12,2026-01-19,,ELIGIBLE
FDX20257021650,CUST409478,"Fowler, Stephens and Morgan",Mid,2025-12-22,38633,158844,157914,2026-01-06,15,12,2026-01-18,,ELIGIBLE
FDX20256594190,CUST882824,Myers-West,Mid,2025-12-22,5164,24267,14906,2026-01-06,15,12,2026-01-18,,IN_GRACE
FDX20256080612,CUST455168,"Holmes, Anderson and Reynolds",Large,2025-12-09,36279,128430,95036,2026-01-03,25,20,2026-01-23,,ELIGIBLE
FDX20257721201,CUST943298,Khan-Thompson,Mid,2026-01-03,15755,73217,39276,2026-01-18,15,12,2026-01-30,,ELIGIBLE
FDX20251926012,CUST220764,Olson-Johnson,Small,2026-01-04,30562,175559,157810,2026-01-14,10,7,2026-01-21,,ELIGIBLE
FDX20252521139,CUST591081,Sandoval-Green,Mid,2025-12-16,40821,219248,94448,2025-12-31,15,12,2026-01-12,,ELIGIBLE
FDX20257129645,CUST178957,"Moreno, Gomez and Robinson",Small,2026-01-01,39963,237646,236169,2026-01-11,10,7,2026-01-18,2026-01-13,RESOLVED_IN_GRACE
FDX20259969540,CUST247594,Vazquez-Lee,Small,2026-01-08,19253,91321,62168,2026-01-18,10,7,2026-01-25,,ELIGIBLE
FDX20256705306,CUST890785,Santos-Meyer,Large,2025-12-09,17012,77019,71398,2026-01-03,25,20,2026-01-23,,IN_GRACE
FDX20252349840,CUST336574,Walters-Zamora,Small,2025-12-27,8379,33226,11152,2026-01-06,10,7,2026-01-13,,ELIGIBLE
FDX20258711468,CUST809176,Murphy-Benitez,Small,2026-01-13,36613,112085,100316,2026-01-23,10,7,2026-01-30,,ELIGIBLE
FDX20255864699,CUST859396,Trujillo-Harper,Large,2025-12-14,11024,39867,36081,2026-01-08,25,20,2026-01-28,,IN_GRACE
FDX20254407796,CUST807166,Cox-Gonzales,Mid,2025-12-15,35265,202239,71462,2025-12-30,15,12,2026-01-11,,ELIGIBLE
FDX20253963163,CUST516716,Hudson-Phillips,Small,2025-12-24,30112,111257,47348,2026-01-03,10,7,2026-01-10,,ELIGIBLE
FDX20251659867,CUST986827,Long-Rollins,Large,2025-12-10,39961,192972,65773,2026-01-04,25,20,2026-01-24,,ELIGIBLE
FDX20257445196,CUST943671,"Richard, Hart and Berry",Small,2026-01-03,34559,131393,58763,2026-01-13,10,7,2026-01-20,2026-01-20,RESOLVED_IN_GRACE
FDX20254204501,CUST684384,"Thompson, Jones and Williamson",Small,2026-01-01,25246,110973,109986,2026-01-11,10,7,2026-01-18,,ELIGIBLE
FDX20256014212,CUST483542,"Galloway, Rodriguez and Keller",Mid,2025-12-27,32107,170124,141893,2026-01-11,15,12,2026-01-23,,ELIGIBLE
FDX20257544871,CUST194689,Hughes-Little,Small,2026-01-13,52225,268939,257599,2026-01-23,10,7,2026-01-30,,ELIGIBLE
FDX20252791270,CUST929090,Nolan-Hall,Small,2025-12-27,35968,176608,56747,2026-01-06,10,7,2026-01-13,,ELIGIBLE
FDX20257027401,CUST513741,Dunn-Wilcox,Small,2026-01-04,23555,103248,101116,2026-01-14,10,7,2026-01-21,2026-01-15,RESOLVED_IN_GRACE
FDX20259162175,CUST114594,Torres-Walker,Small,2025-12-26,17469,47187,34288,2026-01-05,10,7,2026-01-12,2026-01-06,RESOLVED_IN_GRACE
FDX20252423756,CUST377304,Velasquez-Nguyen,Small,2025-12-26,39195,208932,201875,2026-01-05,10,7,2026-01-12,,ELIGIBLE
FDX20258348147,CUST662636,Flores-Hood,Large,2025-12-13,23018,97303,57332,2026-01-07,25,20,2026-01-27,2026-01-24,RESOLVED_IN_GRACE
FDX20254178686,CUST229592,Smith-Rocha,Small,2026-01-09,31219,128861,44760,2026-01-19,10,7,2026-01-26,2026-01-25,RESOLVED_IN_GRACE
FDX20253347853,CUST576877,Romero-Acevedo,Mid,2025-12-12,53876,223447,57780,2025-12-27,15,12,2026-01-08,2026-01-08,RESOLVED_IN_GRACE
FDX20251598917,CUST486490,Ochoa-Shah,Small,2026-01-13,51451,205742,185799,2026-01-23,10,7,2026-01-30,,IN_GRACE
FDX20254239558,CUST805511,Lee-Galloway,Mega,2025-12-01,37833,168434,114536,2026-01-05,35,30,2026-02-04,2026-01-29,RESOLVED_IN_GRACE
FDX20251425547,CUST885395,Ortega-Bush,Small,2026-01-05,9045,51604,30366,2026-01-15,10,7,2026-01-22,,ELIGIBLE
FDX20255001116,CUST805000,Fitzgerald-Lewis,Mid,2025-12-16,49806,132497,116707,2025-12-31,15,12,2026-01-12,2026-01-10,RESOLVED_IN_GRACE
FDX20259207960,CUST374896,Singh-Green,Small,2025-12-23,10427,42798,19867,2026-01-02,10,7,2026-01-09,,ELIGIBLE
FDX20257522436,CUST712955,Barry LLC,Mid,2025-12-23,28187,163769,104334,2026-01-07,15,12,2026-01-19,,ELIGIBLE
FDX20252056840,CUST499534,Carlson-Ramirez,Mid,2026-01-04,4191,14365,9637,2026-01-19,15,12,2026-01-31,2026-01-20,RESOLVED_IN_GRACE
FDX20256162867,CUST962367,Pena-Hernandez,Mid,2025-12-22,30573,130561,108647,2026-01-06,15,12,2026-01-18,2026-01-12,RESOLVED_IN_GRACE
FDX20259383308,CUST769567,Miles-Hunt,Small,2026-01-01,24219,106723,103037,2026-01-11,10,7,2026-01-18,2026-01-17,RESOLVED_IN_GRACE
FDX20259958027,CUST489518,Harper-Jones,Mid,2025-12-29,53923,189943,150462,2026-01-13,15,12,2026-01-25,2026-01-19,RESOLVED_IN_GRACE
FDX20258538125,CUST213609,"Rich, Steele and Smith",Large,2025-12-01,34812,153978,45009,2025-12-26,25,20,2026-01-15,,ELIGIBLE
FDX20251275453,CUST807617,"Guzman, Crawford and Chapman",Mid,2026-01-01,57782,160708,124338,2026-01-16,15,12,2026-01-28,,ELIGIBLE
FDX20251621473,CUST345180,"Duffy, Ray and Williams",Mid,2025-12-14,51086,162869,138123,2025-12-29,15,12,2026-01-10,,ELIGIBLE
FDX20256692259,CUST594379,Acosta-Dunn,Mid,2025-12-27,11497,58012,40243,2026-01-11,15,12,2026-01-23,,ELIGIBLE
FDX20251940437,CUST126240,Arias Inc,Mid,2025-12-15,52353,217320,131002,2025-12-30,15,12,2026-01-11,,ELIGIBLE
FDX20256665977,CUST749641,Moore-Johnson,Small,2026-01-13,30796,177605,149291,2026-01-23,10,7,2026-01-30,,IN_GRACE
FDX20251718308,CUST688678,Daniel-Obrien,Small,2025-12-22,42629,236766,171907,2026-01-01,10,7,2026-01-08,,ELIGIBLE
FDX20257803292,CUST443939,Mcintyre-Arnold,Small,2026-01-04,19293,97004,94583,2026-01-14,10,7,2026-01-21,2026-01-21,RESOLVED_IN_GRACE
FDX20252982850,CUST739717,Bowman Inc,Small,2026-01-06,13291,57471,31894,2026-01-16,10,7,2026-01-23,2026-01-22,RESOLVED_IN_GRACE
FDX20254551370,CUST332120,Norris-Rodriguez,Mid,2025-12-17,9198,27130,16302,2026-01-01,15,12,2026-01-13,2026-01-10,RESOLVED_IN_GRACE
FDX20259776491,CUST779112,"Delgado, Brown and Carter",Large,2025-12-05,30819,96496,68627,2025-12-30,25,20,2026-01-19,,ELIGIBLE
FDX20258690178,CUST166287,"Velazquez, Bond and Mcgee",Mega,2025-12-01,49777,278266,262699,2026-01-05,35,30,2026-02-04,2026-01-31,RESOLVED_IN_GRACE
FDX20253499027,CUST766269,Daniel-Norris,Small,2026-01-04,17773,76054,56841,2026-01-14,10,7,2026-01-21,,ELIGIBLE
FDX20254908850,CUST963874,Lara-Lee,Small,2025-12-27,32297,161442,37348,2026-01-06,10,7,2026-01-13,,ELIGIBLE
FDX20252208521,CUST586819,Lloyd Inc,Large,2025-12-08,2615,14621,3632,2026-01-02,25,20,2026-01-22,,ELIGIBLE
FDX20251618704,CUST835132,Williams-Lawson,Small,2026-01-04,48076,194907,134828,2026-01-14,10,7,2026-01-21,2026-01-17,RESOLVED_IN_GRACE
FDX20253375493,CUST416869,Ramos-Martin,Small,2025-12-28,40811,176530,122217,2026-01-07,10,7,2026-01-14,2026-01-12,RESOLVED_IN_GRACE
FDX20259202292,CUST780776,Costa Group,Mid,2025-12-16,46588,225536,167657,2025-12-31,15,12,2026-01-12,2026-01-05,RESOLVED_IN_GRACE
FDX20251319824,CUST528129,Bailey-Thomas,Mid,2026-01-01,48661,149314,105857,2026-01-16,15,12,2026-01-28,2026-01-23,RESOLVED_IN_GRACE
FDX20258905753,CUST222343,Houston-Smith,Mid,2025-12-20,10188,38411,32396,2026-01-04,15,12,2026-01-16,,ELIGIBLE
FDX20251768424,CUST246566,"Singh, Burnett and Davis",Small,2026-01-06,38438,185464,149003,2026-01-16,10,7,2026-01-23,,ELIGIBLE
FDX20255071537,CUST147549,"Small, Levy and Stewart",Large,2025-12-01,44687,239795,75466,2025-12-26,25,20,2026-01-15,,ELIGIBLE
FDX20253190059,CUST139019,"Wilcox, Brown and Wilkinson",Small,2026-01-12,11595,50606,35451,2026-01-22,10,7,2026-01-29,2026-01-27,RESOLVED_IN_GRACE
FDX20251241008,CUST419149,Booker Inc,Small,2025-12-26,15983,62469,17940,2026-01-05,10,7,2026-01-12,,ELIGIBLE
FDX20253889858,CUST616554,Goodman-Freeman,Small,2025-12-28,12559,60914,40800,2026-01-07,10,7,2026-01-14,,ELIGIBLE
FDX20251838156,CUST221761,Roberts-Butler,Small,2025-12-26,30778,111483,33507,2026-01-05,10,7,2026-01-12,,IN_GRACE
FDX20256156264,CUST201913,Curtis-Stanley,Small,2025-12-23,26115,104756,42358,2026-01-02,10,7,2026-01-09,,ELIGIBLE
FDX20252632292,CUST346205,Fox-Morton,Small,2026-01-05,52764,172506,172205,2026-01-15,10,7,2026-01-22,,ELIGIBLE
FDX20258653507,CUST663658,Hill-Jackson,Small,2025-12-27,52343,170976,116675,2026-01-06,10,7,2026-01-13,,ELIGIBLE
FDX20253863692,CUST242254,Avery Ltd,Small,2026-01-05,11168,59552,37205,2026-01-15,10,7,2026-01-22,,IN_GRACE
FDX20252073030,CUST507524,Young-Williams,Small,2026-01-06,25122,88671,77896,2026-01-16,10,7,2026-01-23,,IN_GRACE
FDX20252783941,CUST575679,Edwards-Smith,Mid,2025-12-15,5612,23304,17664,2025-12-30,15,12,2026-01-11,,ELIGIBLE
FDX20252915617,CUST489033,Nelson-Brown,Mid,2025-12-25,8917,45014,22152,2026-01-09,15,12,2026-01-21,2026-01-14,RESOLVED_IN_GRACE
FDX20259340683,CUST803055,Davis-Garner,Small,2026-01-01,8264,36927,29136,2026-01-11,10,7,2026-01-18,,ELIGIBLE
FDX20254700592,CUST879238,Thompson-Jenkins,Mid,2025-12-30,55182,150911,62506,2026-01-14,15,12,2026-01-26,,ELIGIBLE
FDX20252058811,CUST830316,Lloyd-Hammond,Small,2026-01-13,23715,96369,71495,2026-01-23,10,7,2026-01-30,2026-01-26,RESOLVED_IN_GRACE
FDX20254399754,CUST666432,Mckenzie and Sons,Mid,2025-12-17,37917,157879,141503,2026-01-01,15,12,2026-01-13,,IN_GRACE
FDX20258150641,CUST539486,Foster-Robinson,Small,2026-01-10,20491,97520,67106,2026-01-20,10,7,2026-01-27,2026-01-25,RESOLVED_IN_GRACE
FDX20256659678,CUST715870,Gomez-Warren,Small,2025-12-24,23533,106480,80567,2026-01-03,10,7,2026-01-10,,ELIGIBLE
FDX20257744585,CUST878325,Pitts-Reyes,Mid,2025-12-27,54021,184161,179616,2026-01-11,15,12,2026-01-23,2026-01-13,RESOLVED_IN_GRACE
FDX20256439759,CUST861894,Stout-Thomas,Large,2025-12-04,29284,146380,116258,2025-12-29,25,20,2026-01-18,2026-01-05,RESOLVED_IN_GRACE
FDX20253026728,CUST262029,Warren-Williams,Mid,2026-01-01,14839,61542,57963,2026-01-16,15,12,2026-01-28,,ELIGIBLE
FDX20253304005,CUST535037,Lin Group,Large,2025-12-01,33196,174655,141884,2025-12-26,25,20,2026-01-15,,ELIGIBLE
FDX20256395382,CUST786735,Jenkins Ltd,Small,2026-01-01,28681,138414,35754,2026-01-11,10,7,2026-01-18,,ELIGIBLE
FDX20254577436,CUST203831,Morris-Miller,Small,2026-01-01,38232,188935,40271,2026-01-11,10,7,2026-01-18,,IN_GRACE
FDX20251764815,CUST974190,Navarro LLC,Small,2026-01-09,21260,65163,23224,2026-01-19,10,7,2026-01-26,,ELIGIBLE
FDX20253909968,CUST613117,Fuller-Thomas,Small,2026-01-09,34447,140823,133947,2026-01-19,10,7,2026-01-26,,ELIGIBLE
FDX20256628818,CUST745558,"Miles, Gill and Adams",Small,2026-01-09,48524,134630,87020,2026-01-19,10,7,2026-01-26,,ELIGIBLE
FDX20252060687,CUST527940,Taylor-Osborne,Large,2025-12-01,14667,41874,30187,2025-12-26,25,20,2026-01-15,,ELIGIBLE
FDX20253025773,CUST393328,"Mcmahon, Adams and Chase",Mid,2026-01-02,7319,30439,18120,2026-01-17,15,12,2026-01-29,,ELIGIBLE
FDX20255595168,CUST134305,Smith-Estrada,Large,2025-12-16,46096,238853,192675,2026-01-10,25,20,2026-01-30,,ELIGIBLE
FDX20253369560,CUST823811,Guerrero-Reynolds,Mid,2025-12-30,22540,77147,28666,2026-01-14,15,12,2026-01-26,,ELIGIBLE
FDX20257965133,CUST488528,Mcknight-Lowe,Mid,2025-12-30,42508,226015,195356,2026-01-14,15,12,2026-01-26,2026-01-18,RESOLVED_IN_GRACE
FDX20253819425,CUST327823,Williams-Hughes,Mega,2025-12-01,16118,65917,52555,2026-01-05,35,30,2026-02-04,,ELIGIBLE
FDX20257206350,CUST564920,Lewis-Boyle,Small,2026-01-14,26647,72675,67021,2026-01-24,10,7,2026-01-31,,ELIGIBLE
FDX20253768343,CUST566297,Phelps-Contreras,Small,2025-12-30,46172,179018,64146,2026-01-09,10,7,2026-01-16,,ELIGIBLE
FDX20258359513,CUST347582,Anderson-Brady,Large,2025-12-15,45293,223393,54742,2026-01-09,25,20,2026-01-29,,ELIGIBLE
FDX20255087678,CUST997004,Hicks-King,Small,2025-12-25,35808,164985,161068,2026-01-04,10,7,2026-01-11,,ELIGIBLE
FDX20251682814,CUST480303,"Joyce, Moon and Hood",Small,2026-01-07,59391,284176,192083,2026-01-17,10,7,2026-01-24,,ELIGIBLE
FDX20253237592,CUST204180,Oneill-Holder,Mega,2025-12-01,37303,139166,122005,2026-01-05,35,30,2026-02-04,2026-01-27,RESOLVED_IN_GRACE
FDX20252677182,CUST818987,Neal-Frazier,Small,2026-01-10,3101,9193,3374,2026-01-20,10,7,2026-01-27,,ELIGIBLE
FDX20257310431,CUST485178,Ryan-Green,Small,2026-01-09,25653,112865,97987,2026-01-19,10,7,2026-01-26,2026-01-21,RESOLVED_IN_GRACE
FDX20253646667,CUST670913,"Mckay, Jackson and Shepard",Mid,2025-12-30,40639,122117,52807,2026-01-14,15,12,2026-01-26,2026-01-16,RESOLVED_IN_GRACE
FDX20251262233,CUST776149,Martinez-Delgado,Small,2026-01-02,25710,91093,37061,2026-01-12,10,7,2026-01-19,2026-01-13,RESOLVED_IN_GRACE
FDX20259169958,CUST476096,Curry-Barnes,Large,2025-12-01,12101,56852,30781,2025-12-26,25,20,2026-01-15,2025-12-28,RESOLVED_IN_GRACE
FDX20252354300,CUST163491,Garza-Harper,Small,2025-12-24,3661,19164,15263,2026-01-03,10,7,2026-01-10,2026-01-05,RESOLVED_IN_GRACE
FDX20251106528,CUST517479,Hudson-Johnson,Large,2025-12-08,46455,178360,103375,2026-01-02,25,20,2026-01-22,,ELIGIBLE
FDX20251121198,CUST389282,Norton-Robbins,Small,2025-12-23,38899,210867,102598,2026-01-02,10,7,2026-01-09,,ELIGIBLE
FDX20254010048,CUST299028,Bender-Jones,Small,2026-01-01,34253,162628,39832,2026-01-11,10,7,2026-01-18,2026-01-13,RESOLVED_IN_GRACE
FDX20252495541,CUST228093,Sandoval-Gray,Mega,2025-12-01,1659,9600,7140,2026-01-05,35,30,2026-02-04,2026-02-03,RESOLVED_IN_GRACE
FDX20255760225,CUST989227,Johnson-Hayes,Large,2025-12-04,16979,78055,53712,2025-12-29,25,20,2026-01-18,2026-01-13,RESOLVED_IN_GRACE
FDX20257983050,CUST964226,Butler-Lara,Small,2025-12-28,35497,110966,43726,2026-01-07,10,7,2026-01-14,,IN_GRACE
FDX20258986164,CUST576805,Johnston-Gomez,Small,2026-01-04,38173,150811,107406,2026-01-14,10,7,2026-01-21,,ELIGIBLE
FDX20253128901,CUST196126,Little-Hamilton,Mid,2025-12-27,20974,89571,79929,2026-01-11,15,12,2026-01-23,2026-01-20,RESOLVED_IN_GRACE
FDX20254458794,CUST794963,Aguilar Inc,Mega,2025-12-01,8010,44689,35024,2026-01-05,35,30,2026-02-04,,IN_GRACE
FDX20253400615,CUST322409,Yoder-Blevins,Small,2025-12-30,52154,249085,165472,2026-01-09,10,7,2026-01-16,,ELIGIBLE
FDX20255545782,CUST772875,"Dominguez, Robbins and Allen",Small,2025-12-28,27988,102536,63766,2026-01-07,10,7,2026-01-14,,ELIGIBLE
FDX20259775941,CUST770556,Martinez-Hill,Mid,2025-12-13,59216,183459,156097,2025-12-28,15,12,2026-01-09,,ELIGIBLE
FDX20258556779,CUST726152,Clark-Poole,Small,2026-01-01,2017,9495,3922,2026-01-11,10,7,2026-01-18,,IN_GRACE
FDX20257912738,CUST122394,Cochran-Becker,Mid,2025-12-21,21093,119906,112759,2026-01-05,15,12,2026-01-17,,ELIGIBLE
FDX20255014011,CUST153035,Peterson-Preston,Large,2025-12-05,7575,25018,17207,2025-12-30,25,20,2026-01-19,2026-01-05,RESOLVED_IN_GRACE
FDX20253928445,CUST925013,Anderson PLC,Small,2026-01-12,50183,231561,164206,2026-01-22,10,7,2026-01-29,,ELIGIBLE
FDX20251631179,CUST449709,Smith-Lucas,Small,2025-12-25,20643,114617,57093,2026-01-04,10,7,2026-01-11,,ELIGIBLE
FDX20254019906,CUST355400,"Cunningham, Acevedo and Boyer",Mid,2025-12-31,11258,55213,31374,2026-01-15,15,12,2026-01-27,2026-01-20,RESOLVED_IN_GRACE
FDX20259386722,CUST232040,Holmes-Gray,Small,2026-01-11,57089,150582,90860,2026-01-21,10,7,2026-01-28,,ELIGIBLE
FDX20252476750,CUST925206,Russo Inc,Large,2025-12-11,31849,164588,82737,2026-01-05,25,20,2026-01-25,,ELIGIBLE
FDX20256053293,CUST692002,"Hunter, Thompson and Pope",Small,2026-01-11,51733,308697,252268,2026-01-21,10,7,2026-01-28,,ELIGIBLE
FDX20256836014,CUST315173,Sanders-Hernandez,Small,2025-12-26,12408,63454,51681,2026-01-05,10,7,2026-01-12,,ELIGIBLE
FDX20258026061,CUST171942,Mcdaniel-Johnson,Large,2025-12-13,55267,251962,161819,2026-01-07,25,20,2026-01-27,2026-01-15,RESOLVED_IN_GRACE
FDX20251076672,CUST970127,Oconnell PLC,Small,2025-12-27,30489,154063,133366,2026-01-06,10,7,2026-01-13,2026-01-12,RESOLVED_IN_GRACE
FDX20254953366,CUST902325,Donovan Inc,Mid,2025-12-27,22947,125299,35126,2026-01-11,15,12,2026-01-23,2026-01-22,RESOLVED_IN_GRACE
FDX20254219595,CUST681128,Smith-Warner,Small,2025-12-24,46920,261391,171273,2026-01-03,10,7,2026-01-10,,ELIGIBLE
FDX20252971454,CUST317220,Parker-Robinson,Mid,2026-01-03,30573,116061,66306,2026-01-18,15,12,2026-01-30,2026-01-28,RESOLVED_IN_GRACE
FDX20259895263,CUST714867,Mccall PLC,Small,2025-12-25,38624,140800,79400,2026-01-04,10,7,2026-01-11,,ELIGIBLE
FDX20252605308,CUST326441,Walker-Bell,Large,2025-12-08,26939,136353,85379,2026-01-02,25,20,2026-01-22,2026-01-05,RESOLVED_IN_GRACE
FDX20257071696,CUST952547,Bolton-Bennett,Mid,2025-12-17,21551,87594,71885,2026-01-01,15,12,2026-01-13,,IN_GRACE
FDX20259515120,CUST344316,Hansen-Cunningham,Mid,2025-12-17,54941,297223,111885,2026-01-01,15,12,2026-01-13,2026-01-11,RESOLVED_IN_GRACE
FDX20254678843,CUST444519,Haynes Inc,Mid,2025-12-21,41909,192579,107267,2026-01-05,15,12,2026-01-17,,ELIGIBLE
FDX20258788252,CUST911984,"Marquez, Barnes and Chapman",Small,2025-12-23,7519,29513,18341,2026-01-02,10,7,2026-01-09,,IN_GRACE
FDX20254491484,CUST254721,Vasquez Group,Large,2025-12-11,54458,250744,160200,2026-01-05,25,20,2026-01-25,,ELIGIBLE
FDX20255637668,CUST926952,Thompson-Mcneil,Mega,2025-12-01,21878,73592,34722,2026-01-05,35,30,2026-02-04,,ELIGIBLE
FDX20251890350,CUST724932,"Mills, Wilson and Bailey",Mid,2026-01-03,41807,177694,44490,2026-01-18,15,12,2026-01-30,,ELIGIBLE
FDX20254250065,CUST102973,"Barrera, Reed and Torres",Mid,2025-12-21,11500,53578,49729,2026-01-05,15,12,2026-01-17,,ELIGIBLE
FDX20252890441,CUST390743,Ayers-Bass,Small,2026-01-11,51242,131017,124055,2026-01-21,10,7,2026-01-28,,IN_GRACE
FDX20253503452,CUST251716,"Hanna, Chavez and Fleming",Large,2025-12-01,38550,194687,108875,2025-12-26,25,20,2026-01-15,2026-01-14,RESOLVED_IN_GRACE
FDX20258959326,CUST236306,Booker-Woods,Small,2026-01-05,26967,118597,81794,2026-01-15,10,7,2026-01-22,,ELIGIBLE
FDX20259346913,CUST666456,Mccullough-Bruce,Small,2025-12-28,45256,249287,62000,2026-01-07,10,7,2026-01-14,2026-01-08,RESOLVED_IN_GRACE
FDX20253958222,CUST362829,Marshall-Hamilton,Mid,2025-12-27,44838,253069,92564,2026-01-11,15,12,2026-01-23,2026-01-14,RESOLVED_IN_GRACE
FDX20253680321,CUST937302,Thomas-Myers,Mega,2025-12-01,39284,136455,71133,2026-01-05,35,30,2026-02-04,,ELIGIBLE
FDX20251723359,CUST282973,Wells-Ortiz,Large,2025-12-08,45080,148457,79983,2026-01-02,25,20,2026-01-22,,ELIGIBLE
FDX20251906432,CUST215266,Johnson-Howard,Small,2026-01-08,26646,140039,90955,2026-01-18,10,7,2026-01-25,2026-01-20,RESOLVED_IN_GRACE
FDX20257110145,CUST793169,Steele Group,Small,2026-01-10,13672,37617,21095,2026-01-20,10,7,2026-01-27,2026-01-24,RESOLVED_IN_GRACE
FDX20255782589,CUST127032,Gibson-Hanson,Large,2025-12-13,15117,52891,46965,2026-01-07,25,20,2026-01-27,2026-01-25,RESOLVED_IN_GRACE
FDX20254516332,CUST238205,Johnson-Robles,Small,2025-12-25,52194,201222,66148,2026-01-04,10,7,2026-01-11,2026-01-08,RESOLVED_IN_GRACE
FDX20258292580,CUST115582,"Murphy, Kidd and Douglas",Small,2026-01-12,45768,131281,72474,2026-01-22,10,7,2026-01-29,,ELIGIBLE
FDX20255217486,CUST475644,Robinson-Stevens,Mid,2025-12-21,35230,142296,99709,2026-01-05,15,12,2026-01-17,2026-01-10,RESOLVED_IN_GRACE
FDX20256608533,CUST928358,Mann-Hughes,Small,2026-01-06,47823,256088,133486,2026-01-16,10,7,2026-01-23,,ELIGIBLE
FDX20258602555,CUST926730,Watts-Mercado,Mega,2025-12-01,33990,150700,66051,2026-01-05,35,30,2026-02-04,2026-01-07,RESOLVED_IN_GRACE
FDX20251726746,CUST349489,Martin-Ray,Small,2026-01-12,18899,90461,61872,2026-01-22,10,7,2026-01-29,,IN_GRACE
FDX20252751895,CUST717457,Gregory-Scott,Small,2026-01-08,39780,200386,125121,2026-01-18,10,7,2026-01-25,,ELIGIBLE
FDX20251880075,CUST439498,Olsen-Garcia,Mid,2025-12-22,45787,232262,219481,2026-01-06,15,12,2026-01-18,,ELIGIBLE
FDX20253950904,CUST116547,Berry-Mclean,Large,2025-12-01,27674,154608,135080,2025-12-26,25,20,2026-01-15,,ELIGIBLE
FDX20253651565,CUST282710,Cook-Huffman,Small,2025-12-30,45152,210355,165836,2026-01-09,10,7,2026-01-16,2026-01-14,RESOLVED_IN_GRACE
FDX20251487633,CUST378258,Benson-Spears,Mid,2025-12-30,26755,140499,115490,2026-01-14,15,12,2026-01-26,2026-01-15,RESOLVED_IN_GRACE
FDX20259137979,CUST154944,Moran-Hill,Small,2025-12-27,5046,24167,16099,2026-01-06,10,7,2026-01-13,,ELIGIBLE
FDX20259638650,CUST232915,Marks-Kim,Small,2025-12-26,5897,19059,12378,2026-01-05,10,7,2026-01-12,2026-01-11,RESOLVED_IN_GRACE
FDX20252947249,CUST877747,Goodman-Wood,Mega,2025-12-01,50560,251961,221388,2026-01-05,35,30,2026-02-04,,IN_GRACE
FDX20252188825,CUST541409,Buchanan-Underwood,Small,2026-01-14,29310,107502,62792,2026-01-24,10,7,2026-01-31,,IN_GRACE
FDX20254947676,CUST651640,Rogers-Gray,Small,2026-01-04,40930,171522,69088,2026-01-14,10,7,2026-01-21,,ELIGIBLE
FDX20258462856,CUST219169,Moore-Washington,Large,2025-12-09,28647,101002,50353,2026-01-03,25,20,2026-01-23,,ELIGIBLE
FDX20256468907,CUST881886,Jones-Thomas,Small,2025-12-25,32098,85018,56191,2026-01-04,10,7,2026-01-11,,IN_GRACE
FDX20258030765,CUST166645,Weiss LLC,Mid,2025-12-25,28440,85173,45175,2026-01-09,15,12,2026-01-21,,ELIGIBLE
FDX20254334495,CUST599380,Robinson-Stewart,Small,2026-01-06,29968,121467,55249,2026-01-16,10,7,2026-01-23,2026-01-19,RESOLVED_IN_GRACE
FDX20256464086,CUST570050,Edwards-Wu,Mid,2025-12-27,53904,201133,100453,2026-01-11,15,12,2026-01-23,,IN_GRACE
FDX20254859820,CUST915809,Hamilton-Martinez,Small,2026-01-08,4272,11686,6662,2026-01-18,10,7,2026-01-25,,ELIGIBLE
FDX20252847722,CUST479625,"Mccall, White and Martin",Small,2026-01-05,11391,34229,33837,2026-01-15,10,7,2026-01-22,,IN_GRACE
FDX20256471590,CUST638169,Dickson-Harper,Mid,2025-12-25,34930,143855,93004,2026-01-09,15,12,2026-01-21,,ELIGIBLE
FDX20254821548,CUST722503,Jones-Anthony,Small,2026-01-04,17887,74595,64768,2026-01-14,10,7,2026-01-21,,ELIGIBLE
FDX20252645243,CUST214351,Floyd-Gonzalez,Mid,2025-12-22,8037,32172,12535,2026-01-06,15,12,2026-01-18,,ELIGIBLE
FDX20254978185,CUST573962,Aguirre-Williams,Small,2026-01-06,4823,20234,10160,2026-01-16,10,7,2026-01-23,,ELIGIBLE
FDX20257922203,CUST628313,"Townsend, Martinez and Mitchell",Small,2026-01-02,6927,38012,25750,2026-01-12,10,7,2026-01-19,2026-01-13,RESOLVED_IN_GRACE
FDX20254354702,CUST332311,"Stephenson, Roth and Baker",Mid,2025-12-25,38963,188528,44652,2026-01-09,15,12,2026-01-21,,ELIGIBLE
FDX20257300387,CUST744986,Huff-Stevens,Mid,2025-12-18,54221,224767,161398,2026-01-02,15,12,2026-01-14,,ELIGIBLE
FDX20254702106,CUST145471,Poole-West,Small,2025-12-27,26014,147262,39289,2026-01-06,10,7,2026-01-13,,IN_GRACE
FDX20252233623,CUST862569,Gonzalez-Ramsey,Mid,2025-12-23,16929,56988,37677,2026-01-07,15,12,2026-01-19,,ELIGIBLE
FDX20258901905,CUST921273,"Mcgrath, Watkins and Hooper",Mega,2025-12-01,59114,291264,142870,2026-01-05,35,30,2026-02-04,,IN_GRACE
FDX20259127012,CUST790909,Jackson-Potter,Mid,2025-12-23,4754,14755,9064,2026-01-07,15,12,2026-01-19,2026-01-11,RESOLVED_IN_GRACE
FDX20251911663,CUST646781,"Madden, Lynn and Ruiz",Large,2025-12-10,13665,46338,36916,2026-01-04,25,20,2026-01-24,2026-01-23,RESOLVED_IN_GRACE
FDX20258312602,CUST416282,Curtis-Ashley,Mega,2025-12-01,34314,199559,159040,2026-01-05,35,30,2026-02-04,2026-02-03,RESOLVED_IN_GRACE
FDX20253431711,CUST580292,Reyes-Sampson,Small,2026-01-10,29242,126943,122331,2026-01-20,10,7,2026-01-27,,ELIGIBLE
FDX20254626649,CUST774591,Booth-Knox,Mid,2025-12-25,14922,49505,47032,2026-01-09,15,12,2026-01-21,2026-01-20,RESOLVED_IN_GRACE
FDX20258633480,CUST132663,Lucero Group,Mid,2025-12-26,40234,113068,76822,2026-01-10,15,12,2026-01-22,,ELIGIBLE
FDX20253987363,CUST163780,Holmes-Baker,Mid,2025-12-18,9944,38439,16643,2026-01-02,15,12,2026-01-14,2026-01-11,RESOLVED_IN_GRACE
FDX20257498324,CUST602248,Lynch-Singleton,Small,2026-01-07,7777,19493,14366,2026-01-17,10,7,2026-01-24,2026-01-18,RESOLVED_IN_GRACE
FDX20257266039,CUST988456,Foster-Wells,Small,2026-01-02,50257,258131,211633,2026-01-12,10,7,2026-01-19,2026-01-13,RESOLVED_IN_GRACE
FDX20253288489,CUST521126,Mcfarland-Payne,Small,2025-12-23,49778,253174,61107,2026-01-02,10,7,2026-01-09,,IN_GRACE
FDX20258679606,CUST546980,"Patterson, Russo and Marshall",Small,2025-12-29,4000,15957,6475,2026-01-08,10,7,2026-01-15,,IN_GRACE
FDX20254257379,CUST819425,Rivers Inc,Small,2025-12-30,9817,29884,27142,2026-01-09,10,7,2026-01-16,,ELIGIBLE
FDX20257016144,CUST213206,Wilkins-Gillespie,Mega,2025-12-01,19015,93356,79193,2026-01-05,35,30,2026-02-04,2026-02-03,RESOLVED_IN_GRACE
FDX20255524723,CUST614084,Reed-Lester,Mid,2025-12-22,56458,312669,260538,2026-01-06,15,12,2026-01-18,2026-01-11,RESOLVED_IN_GRACE
FDX20254392535,CUST847006,Bailey-Goodwin,Mega,2025-12-01,39535,205379,134391,2026-01-05,35,30,2026-02-04,,ELIGIBLE
FDX20256635321,CUST565108,White-Guerrero,Large,2025-12-01,42010,110511,85755,2025-12-26,25,20,2026-01-15,,IN_GRACE
FDX20253134259,CUST177060,Gibson-Vasquez,Small,2026-01-11,57025,177349,119032,2026-01-21,10,7,2026-01-28,,ELIGIBLE
FDX20251538457,CUST184714,Pierce-Murphy,Large,2025-12-01,2741,9804,5619,2025-12-26,25,20,2026-01-15,2026-01-15,RESOLVED_IN_GRACE
FDX20252000789,CUST437758,Jones-White,Mid,2025-12-19,42160,217916,67242,2026-01-03,15,12,2026-01-15,,ELIGIBLE
FDX20255707756,CUST737846,Santos Inc,Small,2026-01-04,8909,48544,27909,2026-01-14,10,7,2026-01-21,,IN_GRACE
FDX20253290115,CUST255539,Leon Inc,Small,2025-12-22,15627,59811,48644,2026-01-01,10,7,2026-01-08,,ELIGIBLE
FDX20252864104,CUST168872,"Evans, Garner and Taylor",Small,2025-12-25,55346,189152,67076,2026-01-04,10,7,2026-01-11,2026-01-07,RESOLVED_IN_GRACE
FDX20258810369,CUST232321,Allen Ltd,Mid,2025-12-17,58342,147490,140591,2026-01-01,15,12,2026-01-13,,IN_GRACE
FDX20258693677,CUST388375,Silva-Jones,Mid,2025-12-14,33218,145846,129106,2025-12-29,15,12,2026-01-10,,ELIGIBLE
FDX20258016631,CUST754644,Horne-Henderson,Large,2025-12-08,50128,221338,82503,2026-01-02,25,20,2026-01-22,,IN_GRACE
FDX20253872281,CUST763829,Wright-Bradley,Small,2026-01-04,15972,42561,30000,2026-01-14,10,7,2026-01-21,,ELIGIBLE
FDX20256764248,CUST713799,Snyder Inc,Small,2026-01-14,6533,16687,16287,2026-01-24,10,7,2026-01-31,2026-01-31,RESOLVED_IN_GRACE
FDX20254688530,CUST674993,Schultz-Garcia,Large,2025-12-16,11536,38010,15099,2026-01-10,25,20,2026-01-30,2026-01-23,RESOLVED_IN_GRACE
FDX20255951988,CUST846746,Lane-Mitchell,Small,2025-12-27,37529,213300,112895,2026-01-06,10,7,2026-01-13,,ELIGIBLE
FDX20253630468,CUST440981,Rodriguez-Hamilton,Small,2025-12-24,23726,85682,77669,2026-01-03,10,7,2026-01-10,,IN_GRACE
FDX20253851044,CUST499407,Richardson-Carter,Small,2026-01-01,31640,93548,50154,2026-01-11,10,7,2026-01-18,,ELIGIBLE
FDX20254853765,CUST726410,Ballard-Turner,Small,2026-01-09,30795,108340,51110,2026-01-19,10,7,2026-01-26,,ELIGIBLE
FDX20252450798,CUST656329,Wallace-Mann,Small,2026-01-12,4365,15555,8392,2026-01-22,10,7,2026-01-29,,ELIGIBLE
FDX20257907115,CUST409222,Stewart-Torres,Small,2026-01-06,6918,37270,11055,2026-01-16,10,7,2026-01-23,,IN_GRACE
FDX20259753827,CUST575755,Foley-Griffith,Small,2026-01-06,30563,113369,63188,2026-01-16,10,7,2026-01-23,,IN_GRACE
FDX20259207638,CUST630108,Perez-Fowler,Small,2026-01-09,53918,157598,77460,2026-01-19,10,7,2026-01-26,,ELIGIBLE
FDX20254631304,CUST734836,Humphrey Inc,Small,2025-12-31,28616,127243,82517,2026-01-10,10,7,2026-01-17,,ELIGIBLE
FDX20258943827,CUST551096,Olson-Clark,Mid,2025-12-15,24528,113505,30194,2025-12-30,15,12,2026-01-11,2026-01-02,RESOLVED_IN_GRACE
FDX20258763873,CUST203996,Li-Melton,Small,2026-01-11,16026,53253,42352,2026-01-21,10,7,2026-01-28,2026-01-22,RESOLVED_IN_GRACE
FDX20255683710,CUST931621,Perkins-Gregory,Small,2025-12-24,28620,118185,73152,2026-01-03,10,7,2026-01-10,2026-01-08,RESOLVED_IN_GRACE
FDX20251243334,CUST835869,Foster-Welch,Small,2026-01-08,2952,14237,5336,2026-01-18,10,7,2026-01-25,,ELIGIBLE
FDX20258182500,CUST219971,Brooks-Riley,Small,2026-01-05,17919,74529,39274,2026-01-15,10,7,2026-01-22,2026-01-18,RESOLVED_IN_GRACE
FDX20255138170,CUST994217,Watson-Cordova,Large,2025-12-10,23675,78820,51264,2026-01-04,25,20,2026-01-24,,IN_GRACE
FDX20255157921,CUST786516,Morris-Daniels,Small,2025-12-25,31443,96805,90048,2026-01-04,10,7,2026-01-11,,IN_GRACE
FDX20256491114,CUST782535,Mccoy Inc,Mid,2025-12-22,5048,20548,11686,2026-01-06,15,12,2026-01-18,2026-01-17,RESOLVED_IN_GRACE
FDX20258285484,CUST906315,Stephens-Scott,Mid,2026-01-04,59934,273847,255857,2026-01-19,15,12,2026-01-31,,ELIGIBLE
FDX20254731363,CUST678116,Manning-Hall,Small,2025-12-31,5264,17877,12713,2026-01-10,10,7,2026-01-17,2026-01-16,RESOLVED_IN_GRACE
FDX20253499296,CUST855855,"Rivas, Lopez and Scott",Small,2026-01-05,22083,69983,22588,2026-01-15,10,7,2026-01-22,,ELIGIBLE
FDX20251085187,CUST325468,Prince-Walls,Mega,2025-12-01,2004,7928,7617,2026-01-05,35,30,2026-02-04,,IN_GRACE
FDX20258009048,CUST550961,Bell-Strickland,Small,2026-01-04,30114,147356,94002,2026-01-14,10,7,2026-01-21,,IN_GRACE
FDX20251741958,CUST573489,Bright LLC,Small,2026-01-05,4230,17558,13717,2026-01-15,10,7,2026-01-22,2026-01-16,RESOLVED_IN_GRACE
FDX20251672073,CUST339592,"Navarro, Reese and Roberts",Small,2026-01-14,22419,116649,32382,2026-01-24,10,7,2026-01-31,,ELIGIBLE
FDX20258896240,CUST533914,Hall-Olson,Large,2025-12-10,52133,148943,75441,2026-01-04,25,20,2026-01-24,2026-01-07,RESOLVED_IN_GRACE
FDX20259459346,CUST455395,Perez-Kim,Mid,2025-12-25,47232,255063,71168,2026-01-09,15,12,2026-01-21,2026-01-16,RESOLVED_IN_GRACE
FDX20251564059,CUST967611,Hill-Smith,Small,2026-01-01,31229,168269,84341,2026-01-11,10,7,2026-01-18,,ELIGIBLE
FDX20258142021,CUST575528,Briggs-Banks,Small,2026-01-03,54596,183735,181976,2026-01-13,10,7,2026-01-20,,ELIGIBLE
FDX20259910743,CUST518098,Ward-Rice,Small,2026-01-02,17289,67141,29585,2026-01-12,10,7,2026-01-19,,ELIGIBLE
FDX20257615594,CUST536196,Mosley-Koch,Mid,2025-12-24,39140,158047,138786,2026-01-08,15,12,2026-01-20,,ELIGIBLE
FDX20259040805,CUST865054,Rose-Jimenez,Small,2025-12-27,47130,178471,51507,2026-01-06,10,7,2026-01-13,,ELIGIBLE
FDX20252644153,CUST199704,Lewis-Howard,Mid,2025-12-20,42764,204054,114235,2026-01-04,15,12,2026-01-16,,ELIGIBLE
FDX20258590706,CUST427730,Wise-Wong,Mega,2025-12-01,36216,127486,112599,2026-01-05,35,30,2026-02-04,2026-01-28,RESOLVED_IN_GRACE
FDX20259309504,CUST547494,Collins-Welch,Small,2025-12-29,22450,66859,49883,2026-01-08,10,7,2026-01-15,,ELIGIBLE
FDX20255035113,CUST427704,Olson-Banks,Mid,2025-12-17,23182,119962,30530,2026-01-01,15,12,2026-01-13,2026-01-09,RESOLVED_IN_GRACE
FDX20252394044,CUST797416,Hudson-Kane,Small,2026-01-03,39621,176856,88994,2026-01-13,10,7,2026-01-20,2026-01-15,RESOLVED_IN_GRACE
FDX20251208423,CUST367271,Cabrera-Duarte,Small,2025-12-27,57905,173145,150476,2026-01-06,10,7,2026-01-13,,ELIGIBLE
FDX20257821919,CUST492483,Mckinney-Miller,Small,2026-01-06,36103,120036,40306,2026-01-16,10,7,2026-01-23,,ELIGIBLE
FDX20254657541,CUST260053,Gray-May,Small,2026-01-08,11193,45769,22769,2026-01-18,10,7,2026-01-25,,IN_GRACE
FDX20253226537,CUST820184,Mcdaniel-Strickland,Large,2025-12-12,27448,158195,62190,2026-01-06,25,20,2026-01-26,,ELIGIBLE
FDX20257013049,CUST597305,Brewer Inc,Mid,2025-12-25,28518,169582,167014,2026-01-09,15,12,2026-01-21,2026-01-15,RESOLVED_IN_GRACE
FDX20255962539,CUST170394,Daniels-Adams,Mid,2025-12-28,42661,193400,71593,2026-01-12,15,12,2026-01-24,,IN_GRACE
FDX20255010801,CUST195656,Smith-Harris,Large,2025-12-01,39087,104152,48437,2025-12-26,25,20,2026-01-15,2025-12-28,RESOLVED_IN_GRACE
FDX20252522188,CUST972176,Hardy-Clark,Small,2026-01-01,21461,62672,25707,2026-01-11,10,7,2026-01-18,2026-01-14,RESOLVED_IN_GRACE
FDX20251267263,CUST189511,Graham-Mcdonald,Mid,2025-12-12,48036,199986,190740,2025-12-27,15,12,2026-01-08,2026-01-05,RESOLVED_IN_GRACE
FDX20259049422,CUST197758,Chan-Saunders,Large,2025-12-09,3648,21884,14004,2026-01-03,25,20,2026-01-23,2026-01-07,RESOLVED_IN_GRACE
FDX20256114309,CUST552855,Poole-Moore,Large,2025-12-04,4770,19178,7888,2025-12-29,25,20,2026-01-18,2026-01-08,RESOLVED_IN_GRACE
FDX20253714601,CUST201255,Love-Santos,Mid,2025-12-22,27147,115711,59628,2026-01-06,15,12,2026-01-18,,ELIGIBLE
FDX20258705487,CUST880758,Jensen-Frank,Small,2025-12-28,16197,67797,29506,2026-01-07,10,7,2026-01-14,,IN_GRACE
FDX20251409590,CUST874683,Davis-Wright,Large,2025-12-09,51566,191335,53273,2026-01-03,25,20,2026-01-23,,ELIGIBLE
FDX20258630962,CUST490748,"Stafford, Weeks and Brown",Large,2025-12-14,22190,118650,115076,2026-01-08,25,20,2026-01-28,,ELIGIBLE
FDX20258780612,CUST951201,Holloway-Kerr,Small,2025-12-29,52109,226820,131448,2026-01-08,10,7,2026-01-15,,IN_GRACE
FDX20253325723,CUST236435,Hernandez-Robinson,Mid,2025-12-12,14181,65956,60092,2025-12-27,15,12,2026-01-08,,ELIGIBLE
FDX20257800818,CUST683397,Duke-Bradley,Mid,2025-12-20,58549,160248,58928,2026-01-04,15,12,2026-01-16,,ELIGIBLE
FDX20254102874,CUST162894,Jones-Morris,Small,2026-01-12,39356,172264,70686,2026-01-22,10,7,2026-01-29,,IN_GRACE
FDX20257214624,CUST714953,Medina-Burton,Small,2026-01-13,28082,104748,58659,2026-01-23,10,7,2026-01-30,,ELIGIBLE
FDX20258789590,CUST688866,Bennett-Wright,Small,2025-12-31,31046,136462,35372,2026-01-10,10,7,2026-01-17,,ELIGIBLE
FDX20251022878,CUST688967,Salazar-Clark,Small,2025-12-25,43429,147034,55997,2026-01-04,10,7,2026-01-11,2026-01-11,RESOLVED_IN_GRACE
FDX20252186125,CUST445658,Smith-Ruiz,Mid,2025-12-17,31805,80917,80740,2026-01-01,15,12,2026-01-13,2026-01-06,RESOLVED_IN_GRACE
FDX20257457202,CUST802559,Todd-Grant,Small,2025-12-31,30390,84034,37685,2026-01-10,10,7,2026-01-17,,IN_GRACE
FDX20256585238,CUST228168,Garcia-Rodriguez,Small,2026-01-08,55168,186137,99864,2026-01-18,10,7,2026-01-25,2026-01-24,RESOLVED_IN_GRACE
FDX20259907365,CUST530764,Farley Inc,Mid,2025-12-19,47379,281605,91843,2026-01-03,15,12,2026-01-15,,IN_GRACE
FDX20251548852,CUST470774,Rivas-Salazar,Large,2025-12-12,37662,152868,150725,2026-01-06,25,20,2026-01-26,,ELIGIBLE
FDX20255975954,CUST797660,Anderson-Patel,Mid,2025-12-16,15404,79639,69127,2025-12-31,15,12,2026-01-12,,ELIGIBLE
FDX20258145454,CUST886730,"Perkins, Brown and Nichols",Large,2025-12-16,38553,219773,62810,2026-01-10,25,20,2026-01-30,,ELIGIBLE
FDX20255526314,CUST543481,"Whitaker, Zimmerman and Smith",Mid,2025-12-22,30930,161465,141104,2026-01-06,15,12,2026-01-18,,ELIGIBLE
FDX20254475340,CUST856086,Barr Ltd,Small,2025-12-28,56999,283812,155070,2026-01-07,10,7,2026-01-14,,ELIGIBLE
FDX20252358267,CUST153945,"Austin, Howell and Smith",Small,2025-12-23,26448,135481,40661,2026-01-02,10,7,2026-01-09,,ELIGIBLE
FDX20256632022,CUST401601,Mendoza-Butler,Small,2025-12-29,31254,127757,110569,2026-01-08,10,7,2026-01-15,,IN_GRACE
FDX20251919587,CUST729575,Ryan PLC,Mega,2025-12-01,30627,125715,35451,2026-01-05,35,30,2026-02-04,,IN_GRACE
FDX20259635845,CUST427626,Thomas-Rhodes,Small,2026-01-01,24739,141054,37111,2026-01-11,10,7,2026-01-18,2026-01-15,RESOLVED_IN_GRACE
FDX20257106747,CUST468727,Wiley-Cross,Mid,2026-01-02,49963,186970,112610,2026-01-17,15,12,2026-01-29,,IN_GRACE
FDX20251865076,CUST208633,Glass-Hale,Small,2025-12-27,3500,20242,5767,2026-01-06,10,7,2026-01-13,2026-01-07,RESOLVED_IN_GRACE
FDX20252861709,CUST705991,Hawkins-Robinson,Small,2025-12-27,46433,207088,141613,2026-01-06,10,7,2026-01-13,,ELIGIBLE
FDX20257424918,CUST632060,Monroe PLC,Mega,2025-12-01,59989,304548,81999,2026-01-05,35,30,2026-02-04,,IN_GRACE
FDX20257133596,CUST323072,Chavez-Lewis,Small,2026-01-08,52254,229836,211264,2026-01-18,10,7,2026-01-25,,ELIGIBLE
FDX20258807325,CUST262246,Goodman Group,Large,2025-12-01,51902,273461,101500,2025-12-26,25,20,2026-01-15,2026-01-03,RESOLVED_IN_GRACE
FDX20251685757,CUST788637,Lee-Rhodes,Mid,2025-12-28,48520,140603,112499,2026-01-12,15,12,2026-01-24,,ELIGIBLE
FDX20257133266,CUST605612,Miller Group,Mid,2025-12-18,40091,155770,89346,2026-01-02,15,12,2026-01-14,2026-01-07,RESOLVED_IN_GRACE
FDX20257147725,CUST335137,Shaw-Williams,Mid,2025-12-19,43677,240150,50998,2026-01-03,15,12,2026-01-15,,ELIGIBLE
FDX20253940499,CUST988432,Thomas-Lee,Large,2025-12-08,35521,167728,103075,2026-01-02,25,20,2026-01-22,2026-01-12,RESOLVED_IN_GRACE
FDX20252124172,CUST213475,Levy and Sons,Small,2026-01-06,4328,17139,10068,2026-01-16,10,7,2026-01-23,2026-01-22,RESOLVED_IN_GRACE
FDX20254434507,CUST467121,"Collins, Patterson and Taylor",Mid,2025-12-23,48513,286296,126111,2026-01-07,15,12,2026-01-19,,ELIGIBLE
FDX20253322064,CUST986438,Maxwell-Perez,Large,2025-12-13,58523,239353,97645,2026-01-07,25,20,2026-01-27,,ELIGIBLE
FDX20256619187,CUST683286,Steele-Coffey,Mid,2025-12-26,49999,212565,199665,2026-01-10,15,12,2026-01-22,2026-01-14,RESOLVED_IN_GRACE
FDX20255003592,CUST485415,Gibson LLC,Mid,2025-12-17,56611,238155,179054,2026-01-01,15,12,2026-01-13,2026-01-02,RESOLVED_IN_GRACE
FDX20252905181,CUST220465,Rivers-Young,Mid,2025-12-17,45012,242936,145202,2026-01-01,15,12,2026-01-13,2026-01-07,RESOLVED_IN_GRACE
FDX20259027788,CUST899649,Murphy-Evans,Mid,2025-12-12,1939,9570,4076,2025-12-27,15,12,2026-01-08,,ELIGIBLE
FDX20254519758,CUST392099,Dennis-Figueroa,Mid,2025-12-24,27187,91550,84160,2026-01-08,15,12,2026-01-20,2026-01-09,RESOLVED_IN_GRACE
FDX20254782209,CUST701987,Holder-Mckinney,Small,2026-01-06,32234,151099,147673,2026-01-16,10,7,2026-01-23,2026-01-22,RESOLVED_IN_GRACE
FDX20256376490,CUST337144,Mathews-Farrell,Small,2026-01-03,22493,111987,41787,2026-01-13,10,7,2026-01-20,2026-01-19,RESOLVED_IN_GRACE
FDX20256917519,CUST946432,Moran-Castro,Mid,2026-01-01,48767,169702,107771,2026-01-16,15,12,2026-01-28,,ELIGIBLE
FDX20255485520,CUST549956,Kent Ltd,Small,2026-01-06,8752,40917,30432,2026-01-16,10,7,2026-01-23,2026-01-23,RESOLVED_IN_GRACE
FDX20259448435,CUST986209,Soto-Dickerson,Mid,2025-12-13,11993,56895,13701,2025-12-28,15,12,2026-01-09,2025-12-31,RESOLVED_IN_GRACE
FDX20258095573,CUST688215,"Bentley, Church and Spencer",Small,2026-01-14,55907,305331,228305,2026-01-24,10,7,2026-01-31,2026-01-28,RESOLVED_IN_GRACE
FDX20255649727,CUST904711,Anderson-Williams,Small,2025-12-23,53118,149796,69014,2026-01-02,10,7,2026-01-09,,IN_GRACE
FDX20251913687,CUST958182,"Garza, Benson and Willis",Small,2025-12-25,38273,210005,172630,2026-01-04,10,7,2026-01-11,,ELIGIBLE
FDX20252063158,CUST751924,Chavez-Rogers,Small,2026-01-05,57909,150006,73315,2026-01-15,10,7,2026-01-22,,ELIGIBLE
FDX20257254777,CUST743378,Hooper-Vazquez,Small,2025-12-28,3229,18006,17747,2026-01-07,10,7,2026-01-14,,ELIGIBLE
FDX20256791940,CUST807764,Graham-Sexton,Small,2026-01-12,53138,190590,167434,2026-01-22,10,7,2026-01-29,,ELIGIBLE
FDX20258590191,CUST773918,Bradley-Perez,Small,2026-01-10,56447,141963,133469,2026-01-20,10,7,2026-01-27,,ELIGIBLE
FDX20259157533,CUST683783,Reed-Price,Small,2025-12-26,44056,127966,121331,2026-01-05,10,7,2026-01-12,,ELIGIBLE
FDX20259412936,CUST127529,Mccullough-Figueroa,Mid,2025-12-30,19741,49809,46433,2026-01-14,15,12,2026-01-26,2026-01-23,RESOLVED_IN_GRACE
FDX20259836267,CUST738577,Fletcher-Green,Small,2026-01-06,5906,30079,7510,2026-01-16,10,7,2026-01-23,,ELIGIBLE
FDX20253058722,CUST789786,Meza-Hill,Mid,2025-12-22,4710,18207,6937,2026-01-06,15,12,2026-01-18,,IN_GRACE
FDX20258888040,CUST969752,Garcia and Sons,Small,2025-12-27,34241,176080,140728,2026-01-06,10,7,2026-01-13,,IN_GRACE
FDX20259923876,CUST827157,Hawkins-Meyers,Large,2025-12-15,45197,157055,114321,2026-01-09,25,20,2026-01-29,,ELIGIBLE
FDX20259939831,CUST380439,"Oneill, Steele and Ruiz",Small,2026-01-01,3080,13347,11663,2026-01-11,10,7,2026-01-18,,ELIGIBLE
FDX20255903382,CUST130359,Miller-Clay,Small,2026-01-02,31766,140355,139675,2026-01-12,10,7,2026-01-19,,ELIGIBLE
FDX20258582938,CUST289179,Stewart-Schultz,Large,2025-12-01,33674,195745,163635,2025-12-26,25,20,2026-01-15,2025-12-28,RESOLVED_IN_GRACE
FDX20257176462,CUST386544,Logan-Lozano,Mid,2025-12-26,7046,26709,26335,2026-01-10,15,12,2026-01-22,,ELIGIBLE
FDX20252101048,CUST836833,Ho-Griffith,Mid,2025-12-30,31918,97375,77639,2026-01-14,15,12,2026-01-26,,ELIGIBLE
FDX20254160048,CUST899444,"Walls, Dominguez and Williams",Small,2026-01-11,26777,133332,43743,2026-01-21,10,7,2026-01-28,,ELIGIBLE
FDX20258681853,CUST423993,Foster-Harris,Small,2026-01-09,59233,174442,73019,2026-01-19,10,7,2026-01-26,,ELIGIBLE
FDX20252464797,CUST456331,Peterson-Moore,Small,2026-01-11,38407,184058,150290,2026-01-21,10,7,2026-01-28,2026-01-27,RESOLVED_IN_GRACE
FDX20252345036,CUST468074,Best-Juarez,Small,2025-12-26,44494,216415,124686,2026-01-05,10,7,2026-01-12,2026-01-09,RESOLVED_IN_GRACE
FDX20257554564,CUST106402,"Vargas, Ayala and Ramirez",Mega,2025-12-01,3346,16407,10712,2026-01-05,35,30,2026-02-04,2026-01-12,RESOLVED_IN_GRACE
FDX20253999964,CUST290217,Wilkins-King,Small,2026-01-04,43163,191251,138063,2026-01-14,10,7,2026-01-21,2026-01-18,RESOLVED_IN_GRACE
FDX20255838090,CUST250210,Williams-Smith,Small,2025-12-22,47071,265245,226861,2026-01-01,10,7,2026-01-08,,ELIGIBLE
FDX20252290961,CUST693830,Holt-Robles,Mid,2025-12-22,8844,41536,35629,2026-01-06,15,12,2026-01-18,,ELIGIBLE
FDX20252834838,CUST789275,"Bray, Morrison and Mcknight",Large,2025-12-14,12460,40934,13669,2026-01-08,25,20,2026-01-28,,ELIGIBLE
FDX20253764318,CUST520252,Miller-Mills,Mid,2025-12-28,24706,77510,38118,2026-01-12,15,12,2026-01-24,,ELIGIBLE
FDX20255629550,CUST172965,"Carr, Holloway and King",Small,2026-01-02,25643,116702,57121,2026-01-12,10,7,2026-01-19,,ELIGIBLE
FDX20252879460,CUST248766,Wilson-Wallace,Mid,2025-12-16,57564,335100,298507,2025-12-31,15,12,2026-01-12,,ELIGIBLE
FDX20253482256,CUST876962,Lopez-Oconnor,Large,2025-12-09,53737,208347,192842,2026-01-03,25,20,2026-01-23,,IN_GRACE
FDX20259327014,CUST763928,Small PLC,Mid,2025-12-15,52777,307635,212635,2025-12-30,15,12,2026-01-11,,ELIGIBLE
FDX20253524938,CUST132146,Owens-Matthews,Mid,2025-12-29,12949,55421,15890,2026-01-13,15,12,2026-01-25,2026-01-14,RESOLVED_IN_GRACE
FDX20254426849,CUST196214,"Lee, Cabrera and Harper",Small,2026-01-04,34005,131794,47877,2026-01-14,10,7,2026-01-21,,IN_GRACE
FDX20259735688,CUST882354,Briggs-Jenkins,Small,2026-01-09,29314,134492,127225,2026-01-19,10,7,2026-01-26,2026-01-22,RESOLVED_IN_GRACE
FDX20251380679,CUST656251,Harper-Hughes,Small,2025-12-22,59124,337203,334344,2026-01-01,10,7,2026-01-08,,IN_GRACE
FDX20255918567,CUST325583,Jones-Hall,Small,2026-01-06,28767,155667,90748,2026-01-16,10,7,2026-01-23,2026-01-18,RESOLVED_IN_GRACE
FDX20257988325,CUST494468,Myers-Avila,Small,2026-01-03,25296,134194,41109,2026-01-13,10,7,2026-01-20,,ELIGIBLE
FDX20253215051,CUST540226,Clayton-Brown,Small,2025-12-28,37610,128291,52421,2026-01-07,10,7,2026-01-14,,IN_GRACE
FDX20258950805,CUST575682,"Sampson, Garrett and Cook",Mid,2025-12-18,33616,179321,163806,2026-01-02,15,12,2026-01-14,,ELIGIBLE
FDX20256816664,CUST457455,Friedman-Rice,Small,2026-01-10,18679,80093,48122,2026-01-20,10,7,2026-01-27,,ELIGIBLE
FDX20258048611,CUST265055,Kirby and Sons,Mid,2025-12-31,19991,115398,79121,2026-01-15,15,12,2026-01-27,2026-01-25,RESOLVED_IN_GRACE
FDX20258446735,CUST488028,Hayes Inc,Mid,2025-12-18,17147,67365,57400,2026-01-02,15,12,2026-01-14,2026-01-12,RESOLVED_IN_GRACE
FDX20251360413,CUST426775,Ramirez-Adams,Small,2025-12-24,45190,200293,189386,2026-01-03,10,7,2026-01-10,,ELIGIBLE
FDX20255890840,CUST856648,Sullivan-Vaughan,Small,2026-01-09,21612,82362,56807,2026-01-19,10,7,2026-01-26,2026-01-21,RESOLVED_IN_GRACE
FDX20254171911,CUST440140,Lopez and Sons,Large,2025-12-04,25934,115511,105155,2025-12-29,25,20,2026-01-18,,ELIGIBLE
FDX20252056117,CUST914571,Ellison and Sons,Small,2026-01-10,39424,221682,71981,2026-01-20,10,7,2026-01-27,,IN_GRACE
FDX20251369713,CUST695164,Joyce LLC,Small,2026-01-14,13128,55801,22604,2026-01-24,10,7,2026-01-31,,IN_GRACE
FDX20254897818,CUST725185,Lopez-Floyd,Large,2025-12-05,52160,139862,62679,2025-12-30,25,20,2026-01-19,,ELIGIBLE
FDX20259717785,CUST189083,Anderson-Lawson,Mid,2025-12-17,41584,156427,49655,2026-01-01,15,12,2026-01-13,,ELIGIBLE
FDX20256635087,CUST155164,Graham-Potter,Large,2025-12-05,47180,217555,113809,2025-12-30,25,20,2026-01-19,2026-01-13,RESOLVED_IN_GRACE
FDX20257907041,CUST263137,"Hansen, Williams and Kim",Small,2026-01-05,43470,260175,75736,2026-01-15,10,7,2026-01-22,,ELIGIBLE
FDX20256751103,CUST265056,Wolfe-Meyer,Small,2026-01-06,11245,53115,43416,2026-01-16,10,7,2026-01-23,,ELIGIBLE
FDX20256474513,CUST891083,Sawyer-Gilbert,Small,2026-01-01,8835,41004,11752,2026-01-11,10,7,2026-01-18,2026-01-16,RESOLVED_IN_GRACE
FDX20259156216,CUST747850,Baker-Love,Small,2025-12-29,29040,149312,104432,2026-01-08,10,7,2026-01-15,,IN_GRACE
FDX20259894713,CUST152179,Perez-Floyd,Large,2025-12-10,13896,48556,38115,2026-01-04,25,20,2026-01-24,2026-01-12,RESOLVED_IN_GRACE
FDX20258470161,CUST806707,Cortez PLC,Small,2026-01-10,45949,124721,73852,2026-01-20,10,7,2026-01-27,,IN_GRACE
FDX20258684083,CUST185544,Yang-Robinson,Small,2026-01-13,42598,126497,74752,2026-01-23,10,7,2026-01-30,,ELIGIBLE
FDX20256101655,CUST385320,Cordova Inc,Mid,2025-12-30,51612,274549,177019,2026-01-14,15,12,2026-01-26,2026-01-23,RESOLVED_IN_GRACE
FDX20253213824,CUST564637,Murillo-Alvarez,Mid,2026-01-04,15704,41855,26220,2026-01-19,15,12,2026-01-31,,ELIGIBLE
FDX20256142132,CUST794093,Bryant-Thompson,Small,2026-01-09,43534,211940,182567,2026-01-19,10,7,2026-01-26,2026-01-21,RESOLVED_IN_GRACE
FDX20253881270,CUST544611,Moore-Caldwell,Large,2025-12-01,35290,192799,160448,2025-12-26,25,20,2026-01-15,,ELIGIBLE
FDX20255362201,CUST609253,Matthews-Mueller,Mid,2025-12-17,26004,95437,56861,2026-01-01,15,12,2026-01-13,2026-01-07,RESOLVED_IN_GRACE
FDX20254804769,CUST736565,Miller-Morales,Mid,2026-01-03,56753,228778,103397,2026-01-18,15,12,2026-01-30,,ELIGIBLE
FDX20259124251,CUST563516,Estrada-Moore,Large,2025-12-01,29256,163520,74256,2025-12-26,25,20,2026-01-15,,ELIGIBLE
FDX20257239485,CUST534303,Boyer Group,Small,2025-12-31,4990,16923,14791,2026-01-10,10,7,2026-01-17,2026-01-16,RESOLVED_IN_GRACE
FDX20255834292,CUST386436,Smith-Simpson,Large,2025-12-04,19638,113446,52875,2025-12-29,25,20,2026-01-18,,ELIGIBLE
FDX20251793880,CUST326040,Ryan-Jensen,Mid,2026-01-03,32960,148483,49198,2026-01-18,15,12,2026-01-30,,IN_GRACE
FDX20253488704,CUST891615,Moran and Sons,Large,2025-12-01,8953,28486,27254,2025-12-26,25,20,2026-01-15,,IN_GRACE
FDX20256924385,CUST637234,Smith-Ayers,Small,2026-01-13,11831,56003,50555,2026-01-23,10,7,2026-01-30,,ELIGIBLE
FDX20255771138,CUST219346,"Rowe, Jones and Hammond",Small,2026-01-02,57500,317932,211964,2026-01-12,10,7,2026-01-19,,IN_GRACE
FDX20258649177,CUST461939,"Summers, Shannon and Sullivan",Large,2025-12-01,14408,55050,38550,2025-12-26,25,20,2026-01-15,,ELIGIBLE
FDX20253791109,CUST550797,"Graham, Rodriguez and Hall",Small,2026-01-06,9509,53398,24631,2026-01-16,10,7,2026-01-23,,IN_GRACE
FDX20253697606,CUST216276,Tyler-Strong,Large,2025-12-04,38893,140538,55609,2025-12-29,25,20,2026-01-18,,IN_GRACE
FDX20259981123,CUST397005,Carter-Ramirez,Small,2026-01-09,10507,40752,13217,2026-01-19,10,7,2026-01-26,2026-01-23,RESOLVED_IN_GRACE
FDX20255785643,CUST811163,Smith-Jensen,Mid,2025-12-27,43756,229999,177628,2026-01-11,15,12,2026-01-23,2026-01-18,RESOLVED_IN_GRACE
FDX20254058159,CUST811444,"Mata, Smith and Fernandez",Small,2026-01-09,23496,59798,39506,2026-01-19,10,7,2026-01-26,,ELIGIBLE
FDX20253942041,CUST721946,Jones-Petty,Small,2026-01-04,38702,169343,128572,2026-01-14,10,7,2026-01-21,,ELIGIBLE
FDX20253575047,CUST610271,"Ellis, Harding and Vincent",Mid,2026-01-04,48765,237092,146681,2026-01-19,15,12,2026-01-31,2026-01-30,RESOLVED_IN_GRACE
FDX20253705405,CUST652530,Benjamin-Valdez,Small,2026-01-11,43991,124520,85444,2026-01-21,10,7,2026-01-28,,IN_GRACE
FDX20254991389,CUST799539,Jones-Cruz,Mid,2025-12-18,22842,120328,113638,2026-01-02,15,12,2026-01-14,,IN_GRACE
FDX20252961547,CUST423401,Santiago and Sons,Small,2026-01-02,44764,241657,234758,2026-01-12,10,7,2026-01-19,,IN_GRACE
FDX20251690406,CUST147623,Lambert-Wilson,Mid,2026-01-04,33122,185168,180589,2026-01-19,15,12,2026-01-31,,ELIGIBLE
FDX20256312100,CUST331230,Glass-Brown,Small,2026-01-01,6669,31702,16520,2026-01-11,10,7,2026-01-18,,ELIGIBLE
FDX20253121873,CUST514463,Randall LLC,Small,2025-12-22,14858,42005,18971,2026-01-01,10,7,2026-01-08,,IN_GRACE
FDX20258396883,CUST728437,Whitehead-Garcia,Small,2026-01-11,45364,192385,100855,2026-01-21,10,7,2026-01-28,,IN_GRACE
FDX20255368907,CUST157443,Jones-Patterson,Mid,2025-12-23,21279,95043,48331,2026-01-07,15,12,2026-01-19,,ELIGIBLE
FDX20257202069,CUST108060,Bowen-Copeland,Small,2026-01-13,24420,93508,90336,2026-01-23,10,7,2026-01-30,,ELIGIBLE
FDX20254095339,CUST314353,Massey-Hamilton,Mid,2025-12-17,47091,137778,56096,2026-01-01,15,12,2026-01-13,2026-01-13,RESOLVED_IN_GRACE
FDX20254441935,CUST416061,Huff Inc,Small,2025-12-25,23154,122759,69254,2026-01-04,10,7,2026-01-11,,IN_GRACE
FDX20251581986,CUST321494,Valenzuela-Fisher,Mid,2025-12-17,3574,18562,5879,2026-01-01,15,12,2026-01-13,2026-01-09,RESOLVED_IN_GRACE
FDX20256317433,CUST904624,"Villa, Bell and Rodriguez",Mega,2025-12-01,11849,32909,32129,2026-01-05,35,30,2026-02-04,,ELIGIBLE
FDX20256768795,CUST243901,Freeman Inc,Mid,2025-12-15,19304,52800,31631,2025-12-30,15,12,2026-01-11,,ELIGIBLE
FDX20253482092,CUST901280,Reed-Stewart,Mid,2025-12-22,26438,143627,118428,2026-01-06,15,12,2026-01-18,,ELIGIBLE
FDX20257256474,CUST367931,Patterson-Thornton,Small,2026-01-14,57509,241593,175659,2026-01-24,10,7,2026-01-31,2026-01-30,RESOLVED_IN_GRACE
FDX20258523391,CUST403507,"Smith, Espinoza and Potts",Small,2026-01-04,24590,116224,49028,2026-01-14,10,7,2026-01-21,2026-01-19,RESOLVED_IN_GRACE
FDX20253727935,CUST444061,Taylor-Pittman,Large,2025-12-05,18315,58702,31387,2025-12-30,25,20,2026-01-19,,IN_GRACE
FDX20259953043,CUST225812,Becker-Hanna,Small,2026-01-09,39289,124546,92627,2026-01-19,10,7,2026-01-26,,ELIGIBLE
FDX20256059333,CUST108105,Hunter-Gomez,Mid,2025-12-24,36616,141028,140292,2026-01-08,15,12,2026-01-20,,ELIGIBLE
FDX20253038264,CUST621546,Johnson-Walker,Small,2026-01-12,31686,79839,65820,2026-01-22,10,7,2026-01-29,,ELIGIBLE
FDX20251418175,CUST883301,Black Group,Large,2025-12-01,36699,133090,79233,2025-12-26,25,20,2026-01-15,,ELIGIBLE
FDX20257787429,CUST551574,Patterson-Mendez,Small,2025-12-23,2586,13014,11967,2026-01-02,10,7,2026-01-09,,IN_GRACE
FDX20259378825,CUST284229,Williams-Foster,Small,2026-01-12,51242,199480,110966,2026-01-22,10,7,2026-01-29,,IN_GRACE
FDX20253439136,CUST235461,Mckay Group,Large,2025-12-01,52225,282398,220840,2025-12-26,25,20,2026-01-15,,ELIGIBLE
FDX20258684648,CUST498676,Logan-Miller,Small,2026-01-09,19364,83278,71915,2026-01-19,10,7,2026-01-26,,ELIGIBLE
FDX20256372365,CUST658453,Green-Gutierrez,Mid,2025-12-19,8456,23120,21331,2026-01-03,15,12,2026-01-15,,IN_GRACE
FDX20253618139,CUST837852,Meyer-Gordon,Small,2025-12-31,48479,138880,50529,2026-01-10,10,7,2026-01-17,,IN_GRACE
FDX20251072046,CUST341288,"Richards, Becker and Deleon",Small,2025-12-27,21150,71999,53051,2026-01-06,10,7,2026-01-13,,ELIGIBLE
FDX20259512910,CUST624563,Avila and Sons,Small,2026-01-02,52586,286917,176827,2026-01-12,10,7,2026-01-19,,ELIGIBLE
FDX20256557966,CUST685864,Terrell Inc,Small,2026-01-11,18568,87198,43858,2026-01-21,10,7,2026-01-28,,ELIGIBLE
FDX20255958621,CUST973835,Lang LLC,Small,2026-01-11,24359,97388,44053,2026-01-21,10,7,2026-01-28,2026-01-22,RESOLVED_IN_GRACE
FDX20258950901,CUST800499,"Carrillo, Carney and Stark",Small,2025-12-24,1591,4851,3739,2026-01-03,10,7,2026-01-10,,ELIGIBLE
FDX20255862493,CUST945362,"Garcia, Ferguson and Walters",Mid,2025-12-16,53908,153383,120090,2025-12-31,15,12,2026-01-12,,IN_GRACE
FDX20253467651,CUST471371,Drake LLC,Small,2025-12-24,37262,208143,205132,2026-01-03,10,7,2026-01-10,,ELIGIBLE
FDX20258417300,CUST175576,Barker-Lawrence,Small,2026-01-11,41801,213464,202048,2026-01-21,10,7,2026-01-28,,ELIGIBLE
FDX20256682181,CUST516359,Mason-Hoffman,Small,2026-01-11,42292,135515,70358,2026-01-21,10,7,2026-01-28,,ELIGIBLE
FDX20252884343,CUST878086,"Lawson, Weaver and Alexander",Mid,2025-12-25,11698,67663,27781,2026-01-09,15,12,2026-01-21,,ELIGIBLE
FDX20259035971,CUST144357,Calderon-Simmons,Small,2026-01-08,25729,123081,67797,2026-01-18,10,7,2026-01-25,,ELIGIBLE
FDX20251672446,CUST557409,Young-Russell,Mid,2025-12-28,15271,72823,35369,2026-01-12,15,12,2026-01-24,,IN_GRACE
FDX20253339134,CUST119651,Tucker-Phillips,Mid,2025-12-26,53704,266065,219945,2026-01-10,15,12,2026-01-22,,IN_GRACE
FDX20252960855,CUST582087,Herring-Mann,Mid,2025-12-22,6583,19758,8043,2026-01-06,15,12,2026-01-18,,ELIGIBLE
FDX20256168761,CUST181644,Cole-Perry,Mega,2025-12-01,22795,122455,27721,2026-01-05,35,30,2026-02-04,,IN_GRACE
FDX20251416001,CUST428267,Harding Group,Mid,2026-01-02,57539,193301,136068,2026-01-17,15,12,2026-01-29,,ELIGIBLE
FDX20257738231,CUST703727,Hughes-Martinez,Mid,2025-12-21,31519,127219,83373,2026-01-05,15,12,2026-01-17,,IN_GRACE
FDX20254697107,CUST550137,"Hampton, Jackson and Mckee",Small,2025-12-22,4987,15498,11737,2026-01-01,10,7,2026-01-08,,IN_GRACE
FDX20258482180,CUST701253,Hernandez-Roberts,Small,2025-12-26,20262,71806,45450,2026-01-05,10,7,2026-01-12,,ELIGIBLE
FDX20256996068,CUST524068,Coleman-Moore,Small,2026-01-01,13779,54231,35689,2026-01-11,10,7,2026-01-18,2026-01-14,RESOLVED_IN_GRACE
FDX20252551575,CUST843963,Griffin-Castaneda,Large,2025-12-05,20101,104807,41422,2025-12-30,25,20,2026-01-19,,ELIGIBLE
FDX20256475520,CUST771237,Owens-Hart,Small,2025-12-28,1712,5737,5650,2026-01-07,10,7,2026-01-14,2026-01-08,RESOLVED_IN_GRACE
FDX20251923311,CUST537983,Hill-Ford,Small,2025-12-29,55929,200250,145499,2026-01-08,10,7,2026-01-15,2026-01-14,RESOLVED_IN_GRACE
FDX20254274069,CUST403578,Roberts-Jones,Small,2025-12-23,17927,96790,68964,2026-01-02,10,7,2026-01-09,,ELIGIBLE
FDX20259832094,CUST220768,Perry-Johnson,Large,2025-12-01,42327,150281,61212,2025-12-26,25,20,2026-01-15,2026-01-03,RESOLVED_IN_GRACE
FDX20254726955,CUST524707,Mcfarland-Davis,Small,2026-01-13,38830,171652,39869,2026-01-23,10,7,2026-01-30,2026-01-27,RESOLVED_IN_GRACE
FDX20255662844,CUST121869,Bennett-Dean,Small,2025-12-25,56323,162659,154725,2026-01-04,10,7,2026-01-11,,ELIGIBLE
FDX20254283564,CUST440544,"Craig, Watson and Sharp",Large,2025-12-04,30651,108886,69330,2025-12-29,25,20,2026-01-18,,IN_GRACE
FDX20251378303,CUST280222,Garcia-Lopez,Mid,2026-01-04,16512,59380,41738,2026-01-19,15,12,2026-01-31,,IN_GRACE
FDX20252402399,CUST940247,"Branch, Thomas and Strong",Small,2026-01-08,26601,74636,67510,2026-01-18,10,7,2026-01-25,2026-01-21,RESOLVED_IN_GRACE
FDX20258473546,CUST748151,Larson-Carter,Mid,2025-12-30,56104,208204,179910,2026-01-14,15,12,2026-01-26,2026-01-25,RESOLVED_IN_GRACE
FDX20252465941,CUST582446,Webb-Guzman,Small,2026-01-04,4749,13531,11583,2026-01-14,10,7,2026-01-21,,IN_GRACE
FDX20259586369,CUST972442,Wall-Livingston,Mid,2025-12-14,4824,20246,20001,2025-12-29,15,12,2026-01-10,,ELIGIBLE
FDX20257617330,CUST823108,Miller-Lewis,Small,2026-01-10,38900,117432,45646,2026-01-20,10,7,2026-01-27,,ELIGIBLE
FDX20254262330,CUST479430,Garrison Ltd,Small,2026-01-12,30433,151853,131855,2026-01-22,10,7,2026-01-29,,ELIGIBLE
FDX20259228643,CUST192410,Medina-Moran,Large,2025-12-01,24927,76519,50563,2025-12-26,25,20,2026-01-15,,ELIGIBLE
FDX20256331091,CUST557925,Dodson and Sons,Mid,2025-12-30,13944,56965,22690,2026-01-14,15,12,2026-01-26,2026-01-16,RESOLVED_IN_GRACE
FDX20259582482,CUST985506,Tucker Ltd,Small,2026-01-12,18523,87752,29717,2026-01-22,10,7,2026-01-29,2026-01-28,RESOLVED_IN_GRACE
FDX20251940322,CUST211005,Coffey-West,Small,2026-01-13,13120,32829,18705,2026-01-23,10,7,2026-01-30,2026-01-25,RESOLVED_IN_GRACE
FDX20257057663,CUST355135,Poole-Gibson,Mid,2025-12-30,20575,65421,52530,2026-01-14,15,12,2026-01-26,,ELIGIBLE
FDX20257669916,CUST556839,Fowler-Baker,Small,2026-01-02,23648,111464,32478,2026-01-12,10,7,2026-01-19,,ELIGIBLE
FDX20253482120,CUST717476,Mendez PLC,Small,2026-01-02,26598,133944,32051,2026-01-12,10,7,2026-01-19,,ELIGIBLE
FDX20258174616,CUST519902,Richardson-Henry,Small,2025-12-24,41304,191716,155630,2026-01-03,10,7,2026-01-10,2026-01-06,RESOLVED_IN_GRACE
FDX20257201361,CUST649414,Williams LLC,Mid,2025-12-17,45045,135128,114353,2026-01-01,15,12,2026-01-13,,IN_GRACE
FDX20257477894,CUST182467,Clark-Williams,Small,2025-12-27,49467,211688,120196,2026-01-06,10,7,2026-01-13,,ELIGIBLE
FDX20257255068,CUST514991,Mccarty Group,Mid,2025-12-12,9485,36278,16639,2025-12-27,15,12,2026-01-08,2026-01-07,RESOLVED_IN_GRACE
FDX20251204527,CUST425346,Welch-Rogers,Mid,2025-12-31,14414,64526,40108,2026-01-15,15,12,2026-01-27,2026-01-21,RESOLVED_IN_GRACE
FDX20255775640,CUST882033,Evans-Soto,Small,2026-01-07,49394,126718,67806,2026-01-17,10,7,2026-01-24,,ELIGIBLE
FDX20256786800,CUST456005,Baird-Gomez,Small,2026-01-02,35440,133235,113726,2026-01-12,10,7,2026-01-19,,ELIGIBLE
FDX20256894759,CUST332335,Smith-Summers,Large,2025-12-12,53936,152492,97024,2026-01-06,25,20,2026-01-26,,IN_GRACE
FDX20256168814,CUST449247,"Keith, Turner and Steele",Mid,2025-12-22,29752,165690,113505,2026-01-06,15,12,2026-01-18,2026-01-15,RESOLVED_IN_GRACE
FDX20258475525,CUST916964,Gomez-Herrera,Small,2025-12-28,9139,37240,30333,2026-01-07,10,7,2026-01-14,2026-01-12,RESOLVED_IN_GRACE
FDX20252469661,CUST276299,Williams-Nelson,Small,2026-01-10,7981,41807,32439,2026-01-20,10,7,2026-01-27,2026-01-26,RESOLVED_IN_GRACE
FDX20254618764,CUST180089,Snyder-Payne,Small,2026-01-05,32527,153249,54866,2026-01-15,10,7,2026-01-22,,ELIGIBLE
FDX20258452780,CUST635280,Medina-Black,Small,2026-01-05,38581,112061,81729,2026-01-15,10,7,2026-01-22,,ELIGIBLE
FDX20257972774,CUST763984,Wagner-Giles,Mid,2025-12-16,13144,52784,51983,2025-12-31,15,12,2026-01-12,2026-01-03,RESOLVED_IN_GRACE
FDX20258423991,CUST219565,Burton-Hoffman,Large,2025-12-01,12653,37244,31818,2025-12-26,25,20,2026-01-15,,ELIGIBLE
FDX20255842475,CUST656379,Valentine-Wyatt,Mid,2025-12-18,58043,175553,142338,2026-01-02,15,12,2026-01-14,,ELIGIBLE
FDX20253747945,CUST634723,Cannon-Valenzuela,Small,2025-12-29,46429,142979,131679,2026-01-08,10,7,2026-01-15,2026-01-11,RESOLVED_IN_GRACE
FDX20258110724,CUST303322,Mann-White,Mid,2025-12-27,11987,67350,50187,2026-01-11,15,12,2026-01-23,2026-01-21,RESOLVED_IN_GRACE
FDX20257949018,CUST913934,Harrison-Murphy,Small,2026-01-02,19216,114071,34014,2026-01-12,10,7,2026-01-19,,ELIGIBLE
FDX20253341557,CUST466346,"Roberson, Francis and Simpson",Large,2025-12-14,20518,65733,39146,2026-01-08,25,20,2026-01-28,2026-01-09,RESOLVED_IN_GRACE
FDX20252444148,CUST468154,Howard-Parker,Small,2026-01-05,50722,148848,79085,2026-01-15,10,7,2026-01-22,2026-01-22,RESOLVED_IN_GRACE
FDX20253409867,CUST862712,Walker-Bray,Mid,2025-12-13,35135,135261,126016,2025-12-28,15,12,2026-01-09,,ELIGIBLE
FDX20254486033,CUST958729,Wright-Gordon,Small,2026-01-08,47589,222983,198910,2026-01-18,10,7,2026-01-25,,ELIGIBLE
FDX20256087374,CUST776796,Fuller Inc,Mid,2025-12-26,39581,148644,115666,2026-01-10,15,12,2026-01-22,,ELIGIBLE
FDX20258962686,CUST954628,"Stone, Taylor and Watson",Small,2026-01-02,9429,42217,20465,2026-01-12,10,7,2026-01-19,,ELIGIBLE
FDX20259813089,CUST254864,Young-Ramirez,Large,2025-12-17,28513,113414,48676,2026-01-11,25,20,2026-01-31,,ELIGIBLE
FDX20256627359,CUST347745,Delacruz-Hawkins,Small,2025-12-22,1874,5673,5268,2026-01-01,10,7,2026-01-08,2026-01-03,RESOLVED_IN_GRACE
FDX20252109238,CUST207798,"Thomas, Hall and Smith",Small,2025-12-27,55291,324507,71296,2026-01-06,10,7,2026-01-13,,ELIGIBLE
FDX20257304414,CUST253557,Hoover LLC,Small,2026-01-07,8582,36207,18476,2026-01-17,10,7,2026-01-24,,IN_GRACE
FDX20252483915,CUST368402,Nelson-Robertson,Mega,2025-12-01,59828,160831,79770,2026-01-05,35,30,2026-02-04,,IN_GRACE
FDX20251111046,CUST306854,"Powers, Johnson and Thomas",Mid,2025-12-14,4884,28793,26071,2025-12-29,15,12,2026-01-10,,IN_GRACE
FDX20257869609,CUST281926,Garrett Inc,Small,2025-12-28,21339,93615,78465,2026-01-07,10,7,2026-01-14,2026-01-12,RESOLVED_IN_GRACE
FDX20255585697,CUST731661,Rosales-Dennis,Large,2025-12-01,34477,153496,102709,2025-12-26,25,20,2026-01-15,,ELIGIBLE
FDX20257954391,CUST260295,Carrillo-Thompson,Small,2026-01-10,27124,120664,74832,2026-01-20,10,7,2026-01-27,2026-01-25,RESOLVED_IN_GRACE
FDX20253934217,CUST897143,"Braun, Wilson and Richardson",Large,2025-12-01,20983,123728,30695,2025-12-26,25,20,2026-01-15,,ELIGIBLE
FDX20258753086,CUST896028,Malone-Johnson,Small,2026-01-01,46787,259170,85289,2026-01-11,10,7,2026-01-18,,IN_GRACE
FDX20253297254,CUST787351,Moyer-Johnson,Small,2025-12-26,31866,104125,48200,2026-01-05,10,7,2026-01-12,,IN_GRACE
FDX20254342987,CUST179013,Hurst-Moore,Mid,2025-12-29,17706,87654,68245,2026-01-13,15,12,2026-01-25,2026-01-21,RESOLVED_IN_GRACE
FDX20254120669,CUST285751,Little LLC,Mega,2025-12-01,59624,324178,231039,2026-01-05,35,30,2026-02-04,,ELIGIBLE
FDX20257405029,CUST910389,Wade-Lyons,Small,2026-01-08,41258,129826,95828,2026-01-18,10,7,2026-01-25,,IN_GRACE
FDX20255856386,CUST758452,Keller-Lee,Small,2025-12-27,21958,90692,38178,2026-01-06,10,7,2026-01-13,2026-01-09,RESOLVED_IN_GRACE
FDX20259230660,CUST618119,"Carson, Rodriguez and Walker",Small,2025-12-24,14042,44904,37612,2026-01-03,10,7,2026-01-10,,ELIGIBLE
FDX20251708550,CUST586490,Archer-Hill,Mid,2025-12-14,8950,40716,30400,2025-12-29,15,12,2026-01-10,,ELIGIBLE
FDX20256066600,CUST891093,"Nichols, Bell and Hall",Small,2026-01-06,3167,9475,3972,2026-01-16,10,7,2026-01-23,,ELIGIBLE
FDX20256098837,CUST691119,Thomas-Lewis,Small,2026-01-13,13996,39029,30949,2026-01-23,10,7,2026-01-30,,ELIGIBLE
FDX20259289630,CUST896788,Ali-Hamilton,Small,2026-01-05,22120,73308,36389,2026-01-15,10,7,2026-01-22,,ELIGIBLE
FDX20258775431,CUST707616,Macdonald-Miller,Small,2026-01-10,8207,32290,21400,2026-01-20,10,7,2026-01-27,2026-01-27,RESOLVED_IN_GRACE
FDX20254766824,CUST570711,Salazar-Collins,Large,2025-12-01,59028,287455,260224,2025-12-26,25,20,2026-01-15,2026-01-01,RESOLVED_IN_GRACE
FDX20251450300,CUST814220,Rodriguez-Le,Large,2025-12-01,59644,210929,135618,2025-12-26,25,20,2026-01-15,,ELIGIBLE
FDX20251041048,CUST691912,Acosta PLC,Mega,2025-12-01,13495,69332,29925,2026-01-05,35,30,2026-02-04,,ELIGIBLE
FDX20253584093,CUST774225,Mills-Sherman,Small,2025-12-26,48375,124179,64809,2026-01-05,10,7,2026-01-12,2026-01-07,RESOLVED_IN_GRACE
FDX20255406989,CUST766158,Scott-Velasquez,Mid,2025-12-12,59263,338611,191277,2025-12-27,15,12,2026-01-08,2026-01-03,RESOLVED_IN_GRACE
FDX20256036006,CUST754858,Hill-Lee,Small,2026-01-08,12913,58041,44148,2026-01-18,10,7,2026-01-25,2026-01-25,RESOLVED_IN_GRACE
FDX20258927925,CUST438908,Wheeler-Bartlett,Small,2025-12-22,6852,37765,14804,2026-01-01,10,7,2026-01-08,,IN_GRACE
FDX20253083343,CUST757685,Robinson-Flynn,Large,2025-12-04,52641,173046,53955,2025-12-29,25,20,2026-01-18,,ELIGIBLE
FDX20255826621,CUST431495,Rollins and Sons,Small,2025-12-28,10638,47116,26818,2026-01-07,10,7,2026-01-14,2026-01-14,RESOLVED_IN_GRACE
FDX20257998729,CUST258290,"Palmer, Williams and Reese",Small,2026-01-10,51148,194228,92809,2026-01-20,10,7,2026-01-27,,IN_GRACE
FDX20254009367,CUST561124,Stephens-Lawrence,Mega,2025-12-01,17342,78541,45123,2026-01-05,35,30,2026-02-04,2026-01-20,RESOLVED_IN_GRACE
FDX20259252486,CUST171603,Dougherty Inc,Small,2026-01-05,53918,145111,112662,2026-01-15,10,7,2026-01-22,,ELIGIBLE
FDX20255106228,CUST591699,Walker-Gonzalez,Small,2026-01-14,32569,131867,36453,2026-01-24,10,7,2026-01-31,,ELIGIBLE
FDX20251477187,CUST563688,Conley-Jensen,Mid,2025-12-12,21877,72336,62448,2025-12-27,15,12,2026-01-08,2026-01-08,RESOLVED_IN_GRACE
FDX20253002438,CUST762055,Marquez and Sons,Small,2026-01-01,14469,78889,56050,2026-01-11,10,7,2026-01-18,,ELIGIBLE
FDX20255650930,CUST417530,Spears Group,Mid,2025-12-23,44826,266741,241773,2026-01-07,15,12,2026-01-19,2026-01-16,RESOLVED_IN_GRACE
FDX20259272010,CUST935012,"Payne, Black and Potts",Small,2026-01-09,33841,168460,145673,2026-01-19,10,7,2026-01-26,,IN_GRACE
FDX20252119456,CUST388016,Olsen-Parsons,Mid,2025-12-21,47921,223385,171067,2026-01-05,15,12,2026-01-17,,ELIGIBLE
FDX20257069317,CUST720148,Joseph-Sullivan,Mid,2025-12-23,21317,60082,56646,2026-01-07,15,12,2026-01-19,,ELIGIBLE
FDX20259061215,CUST158900,Gomez-Mcdonald,Large,2025-12-07,47427,249431,175037,2026-01-01,25,20,2026-01-21,,IN_GRACE
FDX20258316015,CUST469038,"Bullock, Brewer and Jones",Mid,2025-12-30,58074,180336,67909,2026-01-14,15,12,2026-01-26,,ELIGIBLE
FDX20255327037,CUST631981,Cook-Lindsey,Mid,2025-12-26,4102,17608,14756,2026-01-10,15,12,2026-01-22,2026-01-16,RESOLVED_IN_GRACE
FDX20258986637,CUST177794,Davis-Jennings,Small,2026-01-09,13196,52133,16588,2026-01-19,10,7,2026-01-26,,IN_GRACE
FDX20253006281,CUST425486,Brown-Bailey,Small,2025-12-23,2841,11052,6423,2026-01-02,10,7,2026-01-09,,ELIGIBLE
FDX20257261294,CUST584172,Garcia-Wright,Large,2025-12-12,47306,127648,95851,2026-01-06,25,20,2026-01-26,2026-01-09,RESOLVED_IN_GRACE
FDX20259598757,CUST573866,Wallace-Sanders,Mid,2025-12-15,2723,14885,5092,2025-12-30,15,12,2026-01-11,,ELIGIBLE
FDX20251294357,CUST139434,Lane-Rojas,Small,2026-01-01,20089,110770,38120,2026-01-11,10,7,2026-01-18,,ELIGIBLE
FDX20255354311,CUST159653,Nunez and Sons,Small,2026-01-02,24087,96459,48053,2026-01-12,10,7,2026-01-19,2026-01-16,RESOLVED_IN_GRACE
FDX20253732123,CUST486649,Proctor-Ramirez,Small,2025-12-25,24198,98419,32682,2026-01-04,10,7,2026-01-11,,IN_GRACE
FDX20251981641,CUST972097,Jones-Evans,Small,2026-01-04,30130,172965,169551,2026-01-14,10,7,2026-01-21,2026-01-19,RESOLVED_IN_GRACE
FDX20253451774,CUST401022,West-Johnson,Mid,2025-12-17,45468,168030,123262,2026-01-01,15,12,2026-01-13,2026-01-04,RESOLVED_IN_GRACE
FDX20256363359,CUST180458,"Conner, Cole and Robbins",Small,2026-01-09,33310,193900,147185,2026-01-19,10,7,2026-01-26,2026-01-26,RESOLVED_IN_GRACE
FDX20258735034,CUST775981,Thomas-Patterson,Large,2025-12-01,48942,183679,132582,2025-12-26,25,20,2026-01-15,2026-01-01,RESOLVED_IN_GRACE
FDX20253273269,CUST996840,Johnson-Reese,Mega,2025-12-01,15887,76125,58981,2026-01-05,35,30,2026-02-04,,ELIGIBLE
FDX20256995933,CUST194682,Ramirez-Owens,Large,2025-12-14,8276,47066,44408,2026-01-08,25,20,2026-01-28,2026-01-14,RESOLVED_IN_GRACE
FDX20253739867,CUST744883,Delgado-Hall,Small,2025-12-28,53603,268038,204744,2026-01-07,10,7,2026-01-14,,ELIGIBLE
FDX20251887318,CUST722937,Thomas-Burns,Small,2026-01-03,13999,59987,56473,2026-01-13,10,7,2026-01-20,,ELIGIBLE
FDX20255574649,CUST631699,Nichols-Wong,Small,2026-01-06,14063,79106,55125,2026-01-16,10,7,2026-01-23,,ELIGIBLE
FDX20257059317,CUST503159,Oliver-Guerrero,Large,2025-12-12,12405,61120,48402,2026-01-06,25,20,2026-01-26,2026-01-20,RESOLVED_IN_GRACE
FDX20258038277,CUST585188,Ramirez-Cruz,Mid,2026-01-03,35314,91082,66647,2026-01-18,15,12,2026-01-30,,ELIGIBLE
FDX20256972425,CUST708519,Bowman-Burgess,Large,2025-12-01,59475,342042,80305,2025-12-26,25,20,2026-01-15,,IN_GRACE
FDX20251817300,CUST681242,Adams-King,Small,2025-12-31,19469,72349,62114,2026-01-10,10,7,2026-01-17,,ELIGIBLE
FDX20255862980,CUST930281,Russell-Wheeler,Large,2025-12-11,58935,208219,151283,2026-01-05,25,20,2026-01-25,,ELIGIBLE
FDX20255893311,CUST874814,Decker Ltd,Small,2026-01-01,31424,179914,91975,2026-01-11,10,7,2026-01-18,,IN_GRACE
FDX20259885420,CUST143015,Moore-Coleman,Small,2025-12-22,6682,33779,26807,2026-01-01,10,7,2026-01-08,,IN_GRACE
FDX20252288937,CUST571579,Hicks-Clark,Mid,2025-12-17,40958,198658,192690,2026-01-01,15,12,2026-01-13,,IN_GRACE
FDX20259621249,CUST949153,Mullins LLC,Small,2026-01-06,16918,46933,43808,2026-01-16,10,7,2026-01-23,,ELIGIBLE
FDX20254251673,CUST699425,"Pittman, Hunt and Ryan",Mega,2025-12-01,6785,30933,29122,2026-01-05,35,30,2026-02-04,,ELIGIBLE
FDX20254074382,CUST783501,Wright-Guzman,Mid,2025-12-18,39418,147588,127821,2026-01-02,15,12,2026-01-14,,IN_GRACE
FDX20252585592,CUST297383,Blackwell-Marquez,Mid,2025-12-22,6800,38325,13064,2026-01-06,15,12,2026-01-18,2026-01-12,RESOLVED_IN_GRACE
FDX20253804075,CUST437145,Hardy-Michael,Mid,2025-12-27,17847,65094,64188,2026-01-11,15,12,2026-01-23,,ELIGIBLE
FDX20256412444,CUST734394,Brown-Robinson,Mid,2025-12-28,32143,174717,47092,2026-01-12,15,12,2026-01-24,2026-01-18,RESOLVED_IN_GRACE
FDX20256305130,CUST598733,King-Parsons,Large,2025-12-14,1948,11547,9636,2026-01-08,25,20,2026-01-28,,ELIGIBLE
FDX20256051155,CUST625721,"Burke, Rasmussen and Johnson",Small,2026-01-04,57511,315597,58375,2026-01-14,10,7,2026-01-21,,ELIGIBLE
FDX20255554325,CUST258189,Cannon-Hawkins,Small,2026-01-07,33980,147797,83126,2026-01-17,10,7,2026-01-24,2026-01-18,RESOLVED_IN_GRACE
FDX20257082121,CUST164879,Moore-Walton,Small,2026-01-02,48896,268670,193489,2026-01-12,10,7,2026-01-19,,ELIGIBLE
FDX20252607817,CUST572407,Galloway Inc,Mid,2025-12-25,52246,208611,200709,2026-01-09,15,12,2026-01-21,,ELIGIBLE
FDX20259966085,CUST208529,Thompson-Lang,Mid,2025-12-17,20017,102405,45945,2026-01-01,15,12,2026-01-13,2026-01-07,RESOLVED_IN_GRACE
FDX20256899361,CUST950360,Griffin-Cabrera,Small,2025-12-27,31388,128000,97522,2026-01-06,10,7,2026-01-13,,ELIGIBLE
FDX20253411179,CUST978053,Pineda-Mills,Mid,2025-12-17,28772,164250,137457,2026-01-01,15,12,2026-01-13,,ELIGIBLE
FDX20251216386,CUST460120,Obrien-Cross,Mid,2025-12-15,9708,28902,17496,2025-12-30,15,12,2026-01-11,,IN_GRACE
FDX20253297630,CUST849014,Dean Inc,Mid,2026-01-01,37337,215810,40347,2026-01-16,15,12,2026-01-28,,IN_GRACE
FDX20259693462,CUST188425,Martin-Murray,Mid,2026-01-01,54706,222054,206435,2026-01-16,15,12,2026-01-28,2026-01-22,RESOLVED_IN_GRACE
FDX20255721406,CUST629057,Moore-Kelly,Small,2026-01-01,6281,35719,31877,2026-01-11,10,7,2026-01-18,2026-01-18,RESOLVED_IN_GRACE
FDX20257258139,CUST777513,Lewis-Thompson,Small,2026-01-05,18356,82095,36671,2026-01-15,10,7,2026-01-22,,ELIGIBLE
FDX20259135255,CUST280941,Hart-Taylor,Small,2026-01-11,49986,219073,122836,2026-01-21,10,7,2026-01-28,,ELIGIBLE
FDX20257912120,CUST141043,Jackson-Ramirez,Small,2025-12-28,50537,171251,71886,2026-01-07,10,7,2026-01-14,,ELIGIBLE
FDX20256709506,CUST359778,Dickerson-Harris,Large,2025-12-01,25799,140872,69421,2025-12-26,25,20,2026-01-15,,ELIGIBLE
FDX20253735175,CUST841995,Anderson-Atkinson,Large,2025-12-15,23562,72119,36416,2026-01-09,25,20,2026-01-29,,IN_GRACE
FDX20252718286,CUST559022,Martinez-Allen,Small,2025-12-28,55051,187153,64113,2026-01-07,10,7,2026-01-14,2026-01-13,RESOLVED_IN_GRACE
FDX20254655356,CUST560767,Dennis-Henson,Small,2026-01-08,22956,137649,31779,2026-01-18,10,7,2026-01-25,,ELIGIBLE
FDX20253593001,CUST649525,Conley-Mueller,Large,2025-12-14,24504,99814,37121,2026-01-08,25,20,2026-01-28,2026-01-27,RESOLVED_IN_GRACE
FDX20259445363,CUST648141,Knight-Williams,Small,2026-01-13,28597,98777,75047,2026-01-23,10,7,2026-01-30,,ELIGIBLE
FDX20254709668,CUST739427,Brown-Contreras,Mid,2025-12-25,8691,51897,15211,2026-01-09,15,12,2026-01-21,,IN_GRACE
FDX20254161109,CUST266457,Schmidt-Sanchez,Mega,2025-12-01,3198,17770,9927,2026-01-05,35,30,2026-02-04,,ELIGIBLE
FDX20259818990,CUST481574,Shaw-Bailey,Small,2026-01-02,34129,125773,79037,2026-01-12,10,7,2026-01-19,2026-01-13,RESOLVED_IN_GRACE
FDX20259927083,CUST490963,Gray-Frederick,Small,2026-01-02,45574,174331,173674,2026-01-12,10,7,2026-01-19,,ELIGIBLE
FDX20252912044,CUST396635,Wright-Gutierrez,Mid,2025-12-28,57897,257172,118027,2026-01-12,15,12,2026-01-24,2026-01-19,RESOLVED_IN_GRACE
FDX20258001908,CUST506235,"Davis, Swanson and Anderson",Small,2026-01-06,51065,220849,209768,2026-01-16,10,7,2026-01-23,,ELIGIBLE
FDX20258725762,CUST528625,Adkins Group,Large,2025-12-16,2143,12348,7634,2026-01-10,25,20,2026-01-30,2026-01-11,RESOLVED_IN_GRACE
FDX20252281784,CUST912085,Compton-Turner,Small,2025-12-27,18002,49257,34098,2026-01-06,10,7,2026-01-13,2026-01-08,RESOLVED_IN_GRACE
FDX20252955647,CUST454803,"Farmer, Lopez and Cook",Small,2026-01-03,34046,200838,71365,2026-01-13,10,7,2026-01-20,,ELIGIBLE
FDX20253201710,CUST811875,Hale-Willis,Small,2026-01-12,10718,42343,19264,2026-01-22,10,7,2026-01-29,,ELIGIBLE
FDX20251291577,CUST726928,Kramer Inc,Small,2025-12-29,10302,53267,42209,2026-01-08,10,7,2026-01-15,,IN_GRACE
FDX20259044980,CUST154909,Waters-Smith,Large,2025-12-06,56765,273594,263031,2025-12-31,25,20,2026-01-20,,ELIGIBLE
FDX20256841992,CUST927564,Wall-Meyer,Small,2025-12-27,54573,258623,64937,2026-01-06,10,7,2026-01-13,,IN_GRACE
FDX20256227335,CUST761532,Hernandez-Montes,Large,2025-12-01,47989,172065,163793,2025-12-26,25,20,2026-01-15,,ELIGIBLE
FDX20257082891,CUST778748,Lee-Newton,Small,2026-01-12,55636,316936,100852,2026-01-22,10,7,2026-01-29,2026-01-24,RESOLVED_IN_GRACE
FDX20253332267,CUST450905,Robinson-Sanders,Small,2025-12-25,43004,250376,72373,2026-01-04,10,7,2026-01-11,,IN_GRACE
FDX20258414487,CUST169113,Castaneda-Wolf,Large,2025-12-07,10670,60488,15924,2026-01-01,25,20,2026-01-21,2026-01-16,RESOLVED_IN_GRACE
FDX20259776515,CUST445705,Miller-Sims,Small,2025-12-23,5637,31338,26021,2026-01-02,10,7,2026-01-09,,ELIGIBLE
FDX20256738565,CUST199096,Lawrence-Elliott,Mid,2026-01-01,44350,260350,240988,2026-01-16,15,12,2026-01-28,2026-01-20,RESOLVED_IN_GRACE
FDX20253889156,CUST685066,Wheeler-Terry,Mid,2025-12-15,24654,101901,82734,2025-12-30,15,12,2026-01-11,,ELIGIBLE
FDX20256111753,CUST811332,"Gregory, Holder and Hernandez",Mid,2025-12-22,50109,209199,86554,2026-01-06,15,12,2026-01-18,,IN_GRACE
FDX20251482504,CUST505341,Glenn-Pittman,Small,2026-01-02,55311,169735,64565,2026-01-12,10,7,2026-01-19,,ELIGIBLE
FDX20252989725,CUST397949,Christensen PLC,Large,2025-12-01,12066,59081,32852,2025-12-26,25,20,2026-01-15,,ELIGIBLE
FDX20254730545,CUST364236,Cole-Ruiz,Small,2025-12-23,39598,209911,103605,2026-01-02,10,7,2026-01-09,,ELIGIBLE
FDX20253159470,CUST858889,Cruz-Maldonado,Small,2025-12-25,51138,258404,108143,2026-01-04,10,7,2026-01-11,,ELIGIBLE
FDX20253388393,CUST992931,Joseph-Morris,Large,2025-12-01,6109,18145,11119,2025-12-26,25,20,2026-01-15,2026-01-15,RESOLVED_IN_GRACE
FDX20254801288,CUST788457,Ramirez-Walters,Large,2025-12-05,56632,195540,119181,2025-12-30,25,20,2026-01-19,2026-01-03,RESOLVED_IN_GRACE
FDX20256157791,CUST731977,Maldonado-Johnson,Small,2025-12-26,2558,15161,10813,2026-01-05,10,7,2026-01-12,2026-01-09,RESOLVED_IN_GRACE
FDX20253102926,CUST257677,Saunders Group,Small,2026-01-12,12115,46063,15643,2026-01-22,10,7,2026-01-29,2026-01-29,RESOLVED_IN_GRACE
FDX20254520547,CUST449555,Goodman-Roberts,Large,2025-12-01,29810,170470,117452,2025-12-26,25,20,2026-01-15,,ELIGIBLE
FDX20253184699,CUST185461,Stephens-Williams,Small,2025-12-31,52714,284212,120718,2026-01-10,10,7,2026-01-17,,ELIGIBLE
FDX20252318772,CUST711046,Gibson-Buchanan,Small,2025-12-27,45627,120973,49133,2026-01-06,10,7,2026-01-13,,IN_GRACE
FDX20258127046,CUST795847,Rogers-Taylor,Mid,2025-12-14,16892,95578,86694,2025-12-29,15,12,2026-01-10,2025-12-31,RESOLVED_IN_GRACE
FDX20252874387,CUST248298,Warren-Brooks,Mid,2025-12-21,34886,192225,39791,2026-01-05,15,12,2026-01-17,,IN_GRACE
FDX20252304181,CUST466813,Benton-Brown,Mega,2025-12-01,17455,89838,72175,2026-01-05,35,30,2026-02-04,,ELIGIBLE
FDX20251315519,CUST425301,Waller-Gray,Small,2026-01-02,21019,124261,69807,2026-01-12,10,7,2026-01-19,,ELIGIBLE
FDX20259124448,CUST787923,Palmer-Peck,Small,2025-12-22,48375,145232,137177,2026-01-01,10,7,2026-01-08,,ELIGIBLE
FDX20258235132,CUST832409,Bowers-Green,Mid,2025-12-22,3953,10611,5009,2026-01-06,15,12,2026-01-18,2026-01-08,RESOLVED_IN_GRACE
FDX20251713315,CUST794299,Hendricks-Tran,Small,2026-01-13,34320,105862,74238,2026-01-23,10,7,2026-01-30,,ELIGIBLE
FDX20254294223,CUST510997,Nelson-Stuart,Small,2025-12-27,6467,24451,7244,2026-01-06,10,7,2026-01-13,,ELIGIBLE
FDX20252808875,CUST235215,Curry-Shaffer,Small,2026-01-04,37149,104307,95835,2026-01-14,10,7,2026-01-21,2026-01-15,RESOLVED_IN_GRACE
FDX20251550170,CUST723945,Aguilar-Alexander,Mid,2025-12-22,10328,59754,27484,2026-01-06,15,12,2026-01-18,,IN_GRACE
FDX20259614751,CUST843266,"Rojas, Berg and Bryant",Small,2025-12-25,29199,81212,57026,2026-01-04,10,7,2026-01-11,,ELIGIBLE
FDX20251994305,CUST188834,Hill-Ramos,Small,2026-01-04,43076,251909,166436,2026-01-14,10,7,2026-01-21,,ELIGIBLE
FDX20258869895,CUST424620,Tran-Mathews,Small,2025-12-31,36427,149474,120513,2026-01-10,10,7,2026-01-17,,IN_GRACE
FDX20252995183,CUST686072,Miles-Fuller,Small,2025-12-31,53439,299360,103655,2026-01-10,10,7,2026-01-17,,ELIGIBLE
FDX20255244844,CUST494976,Graham LLC,Small,2026-01-06,13540,38059,22765,2026-01-16,10,7,2026-01-23,,ELIGIBLE
FDX20251726143,CUST774751,Johnson-Esparza,Mid,2025-12-16,38716,222159,41532,2025-12-31,15,12,2026-01-12,2026-01-04,RESOLVED_IN_GRACE
FDX20252111446,CUST930117,Hanson-Padilla,Mid,2025-12-16,45064,146308,47764,2025-12-31,15,12,2026-01-12,2026-01-05,RESOLVED_IN_GRACE
FDX20256060776,CUST444432,Jackson-Lynch,Large,2025-12-08,13801,76722,34208,2026-01-02,25,20,2026-01-22,2026-01-18,RESOLVED_IN_GRACE
FDX20251172342,CUST952686,Wang Inc,Small,2026-01-09,18264,59622,31694,2026-01-19,10,7,2026-01-26,2026-01-22,RESOLVED_IN_GRACE
FDX20252619061,CUST234001,Lopez-Meyer,Large,2025-12-05,21517,70793,28363,2025-12-30,25,20,2026-01-19,,ELIGIBLE
FDX20253076911,CUST802667,"Erickson, Herrera and Curry",Mega,2025-12-01,4343,17596,10261,2026-01-05,35,30,2026-02-04,,IN_GRACE
FDX20254446060,CUST836971,"Blackburn, Burgess and Jackson",Small,2025-12-27,5847,16091,6187,2026-01-06,10,7,2026-01-13,2026-01-09,RESOLVED_IN_GRACE
FDX20254355853,CUST969226,"Shah, Wilson and Walters",Mid,2025-12-26,56776,245512,57285,2026-01-10,15,12,2026-01-22,,ELIGIBLE
FDX20254100124,CUST874661,Preston and Sons,Small,2026-01-02,5801,14894,10589,2026-01-12,10,7,2026-01-19,2026-01-13,RESOLVED_IN_GRACE
FDX20256897756,CUST818709,Sloan LLC,Mid,2025-12-14,14559,44389,22240,2025-12-29,15,12,2026-01-10,,ELIGIBLE
FDX20251490886,CUST651963,Brooks-Rose,Mid,2026-01-02,23535,106860,67307,2026-01-17,15,12,2026-01-29,2026-01-29,RESOLVED_IN_GRACE
FDX20252523024,CUST197992,Franklin-Woods,Small,2026-01-08,31332,153201,71107,2026-01-18,10,7,2026-01-25,2026-01-20,RESOLVED_IN_GRACE
FDX20253442040,CUST777406,Chase-Armstrong,Mega,2025-12-01,4601,23310,20079,2026-01-05,35,30,2026-02-04,,ELIGIBLE
FDX20255653591,CUST803024,Kemp Group,Small,2026-01-01,51296,166707,141032,2026-01-11,10,7,2026-01-18,2026-01-17,RESOLVED_IN_GRACE
FDX20256835728,CUST543973,Martinez-Dunlap,Mid,2025-12-17,9882,39910,29437,2026-01-01,15,12,2026-01-13,2026-01-07,RESOLVED_IN_GRACE
FDX20256908990,CUST633188,Bryan-Martin,Mid,2025-12-14,29238,172057,150939,2025-12-29,15,12,2026-01-10,,IN_GRACE
FDX20253693705,CUST479404,Carter-Klein,Mega,2025-12-01,10050,30701,26077,2026-01-05,35,30,2026-02-04,,IN_GRACE
FDX20259399251,CUST119116,Hicks-Mora,Small,2025-12-26,26257,75702,72838,2026-01-05,10,7,2026-01-12,,IN_GRACE
FDX20255057108,CUST480211,Dennis-Kim,Small,2025-12-28,35757,194346,193019,2026-01-07,10,7,2026-01-14,,ELIGIBLE
FDX20259470971,CUST423869,"Booth, Schultz and Hubbard",Mid,2025-12-19,59907,348604,320382,2026-01-03,15,12,2026-01-15,,IN_GRACE
FDX20252146505,CUST289019,Jackson-Webb,Mega,2025-12-01,48378,266100,264167,2026-01-05,35,30,2026-02-04,2026-01-20,RESOLVED_IN_GRACE
FDX20252662717,CUST324597,Campbell LLC,Large,2025-12-12,33685,139723,96091,2026-01-06,25,20,2026-01-26,,IN_GRACE
FDX20251234617,CUST458332,Gentry-Bass,Small,2025-12-30,49705,239069,146977,2026-01-09,10,7,2026-01-16,,ELIGIBLE
FDX20259872441,CUST903373,Freeman-Rodgers,Small,2026-01-02,58173,162095,86712,2026-01-12,10,7,2026-01-19,,ELIGIBLE
FDX20254640623,CUST609892,Jones-Pham,Small,2026-01-07,34274,148649,95185,2026-01-17,10,7,2026-01-24,,ELIGIBLE
FDX20254213634,CUST301332,Velez-Warren,Mid,2025-12-26,44510,131317,61391,2026-01-10,15,12,2026-01-22,,ELIGIBLE
FDX20255728772,CUST337547,Stone-Rollins,Mid,2025-12-25,53262,189013,75288,2026-01-09,15,12,2026-01-21,,IN_GRACE
FDX20253881880,CUST244247,George-Weaver,Small,2026-01-09,36432,218345,186839,2026-01-19,10,7,2026-01-26,,ELIGIBLE
FDX20251072627,CUST262471,Holmes-Fisher,Mega,2025-12-01,16128,80606,46043,2026-01-05,35,30,2026-02-04,,ELIGIBLE
FDX20252655671,CUST180913,Hall-Williams,Small,2026-01-05,43654,151271,49122,2026-01-15,10,7,2026-01-22,,ELIGIBLE
FDX20254590582,CUST410160,"Sparks, Lopez and Jones",Small,2026-01-13,19701,115663,82163,2026-01-23,10,7,2026-01-30,,ELIGIBLE
FDX20259458992,CUST985447,Hinton Ltd,Mega,2025-12-01,16234,43130,25242,2026-01-05,35,30,2026-02-04,2026-01-17,RESOLVED_IN_GRACE
FDX20258964404,CUST926403,Montoya-Taylor,Mid,2025-12-14,9161,42134,25735,2025-12-29,15,12,2026-01-10,,ELIGIBLE
FDX20257148229,CUST206053,Fleming-Brown,Mid,2025-12-21,22411,100798,88116,2026-01-05,15,12,2026-01-17,2026-01-12,RESOLVED_IN_GRACE
FDX20254105895,CUST632351,Nelson-Hamilton,Small,2026-01-13,34910,193245,57059,2026-01-23,10,7,2026-01-30,,ELIGIBLE
FDX20258376368,CUST908320,Cooper-Nelson,Small,2025-12-27,43783,229058,102331,2026-01-06,10,7,2026-01-13,2026-01-09,RESOLVED_IN_GRACE
FDX20252800606,CUST665990,Foster-Bruce,Large,2025-12-01,8936,39987,27139,2025-12-26,25,20,2026-01-15,,ELIGIBLE
FDX20254034134,CUST975686,Jennings-Phillips,Large,2025-12-04,46430,124102,111786,2025-12-29,25,20,2026-01-18,,ELIGIBLE
FDX20256952931,CUST874524,Erickson-Wilcox,Small,2026-01-04,39428,204145,121137,2026-01-14,10,7,2026-01-21,,IN_GRACE
FDX20257368883,CUST652108,Delacruz-Walsh,Mid,2025-12-15,49204,133508,81706,2025-12-30,15,12,2026-01-11,,ELIGIBLE
FDX20258115080,CUST139581,Gillespie-Turner,Small,2026-01-01,42550,134409,88141,2026-01-11,10,7,2026-01-18,,ELIGIBLE
FDX20254594921,CUST794083,"Maldonado, Johnson and Ellis",Small,2026-01-05,58933,274330,269921,2026-01-15,10,7,2026-01-22,,ELIGIBLE
FDX20259627700,CUST453123,Robinson-Lawson,Small,2025-12-22,22405,122858,65849,2026-01-01,10,7,2026-01-08,2026-01-06,RESOLVED_IN_GRACE
FDX20254817726,CUST903531,Brown-Cervantes,Small,2026-01-04,14129,72594,21078,2026-01-14,10,7,2026-01-21,,ELIGIBLE
FDX20257838023,CUST748052,Rose-Perez,Mid,2025-12-30,51781,270834,218913,2026-01-14,15,12,2026-01-26,,ELIGIBLE
FDX20252893232,CUST237414,Mejia Ltd,Small,2026-01-02,22818,88295,66181,2026-01-12,10,7,2026-01-19,2026-01-16,RESOLVED_IN_GRACE
FDX20256272748,CUST726258,"Sweeney, Powell and Velazquez",Small,2026-01-13,48705,158516,53026,2026-01-23,10,7,2026-01-30,,ELIGIBLE
FDX20253073922,CUST495019,Fletcher-Miller,Small,2026-01-10,25204,99569,65268,2026-01-20,10,7,2026-01-27,,ELIGIBLE
FDX20258816533,CUST261745,Castillo-Sanchez,Mid,2026-01-01,40883,152332,141442,2026-01-16,15,12,2026-01-28,,ELIGIBLE
FDX20252850798,CUST270128,Thomas-Salazar,Mega,2025-12-01,16936,80582,28909,2026-01-05,35,30,2026-02-04,2026-01-20,RESOLVED_IN_GRACE
FDX20259719581,CUST289630,Diaz-Saunders,Small,2026-01-08,6818,39139,25284,2026-01-18,10,7,2026-01-25,,ELIGIBLE
FDX20253280231,CUST971728,Hill-Allen,Mid,2025-12-20,22222,88540,26297,2026-01-04,15,12,2026-01-16,,ELIGIBLE
FDX20259318412,CUST826501,Lee-Atkins,Small,2026-01-05,28407,100888,96113,2026-01-15,10,7,2026-01-22,2026-01-18,RESOLVED_IN_GRACE
FDX20257060776,CUST908554,"Callahan, Brown and Green",Small,2025-12-28,57037,252817,176597,2026-01-07,10,7,2026-01-14,,IN_GRACE
FDX20255836389,CUST755087,Andrews-Barnes,Small,2025-12-26,2052,6279,2498,2026-01-05,10,7,2026-01-12,,ELIGIBLE
FDX20251681298,CUST948343,Bennett-Ponce,Small,2025-12-30,49923,247558,216354,2026-01-09,10,7,2026-01-16,2026-01-10,RESOLVED_IN_GRACE
FDX20252379891,CUST273580,Wheeler-Hamilton,Small,2026-01-12,51813,222623,103512,2026-01-22,10,7,2026-01-29,,IN_GRACE
FDX20256504863,CUST856215,Hardin-Jones,Small,2025-12-25,31557,152151,117635,2026-01-04,10,7,2026-01-11,2026-01-07,RESOLVED_IN_GRACE
FDX20259283126,CUST558933,"Bauer, Ray and Stephenson",Small,2025-12-27,13683,37822,36187,2026-01-06,10,7,2026-01-13,2026-01-09,RESOLVED_IN_GRACE
FDX20252941503,CUST145814,Smith-Mckay,Mid,2025-12-14,25030,147625,70674,2025-12-29,15,12,2026-01-10,2026-01-10,RESOLVED_IN_GRACE
FDX20257455555,CUST530816,Davidson-Torres,Large,2025-12-13,23557,87602,67713,2026-01-07,25,20,2026-01-27,,IN_GRACE
FDX20255758210,CUST481995,Ramirez-Thompson,Large,2025-12-14,22445,91105,59461,2026-01-08,25,20,2026-01-28,,ELIGIBLE
FDX20258666277,CUST809217,"Berry, Sexton and Powell",Large,2025-12-13,51262,137595,110267,2026-01-07,25,20,2026-01-27,,ELIGIBLE
FDX20256234607,CUST854540,Griffin-Arias,Large,2025-12-13,51231,263382,236883,2026-01-07,25,20,2026-01-27,,ELIGIBLE
FDX20258448343,CUST349068,Stanley-White,Small,2025-12-22,40394,209297,159940,2026-01-01,10,7,2026-01-08,,IN_GRACE
FDX20254789527,CUST565776,"Haynes, Sanders and Bernard",Small,2025-12-27,32169,171981,164115,2026-01-06,10,7,2026-01-13,,IN_GRACE
FDX20257833061,CUST740255,Morris-Long,Mid,2025-12-23,58813,284823,199858,2026-01-07,15,12,2026-01-19,,ELIGIBLE
FDX20255875279,CUST398768,Weber-House,Small,2025-12-25,54092,289322,283920,2026-01-04,10,7,2026-01-11,,ELIGIBLE
FDX20258180005,CUST888939,Brown-Lee,Small,2025-12-27,12296,72967,59207,2026-01-06,10,7,2026-01-13,,ELIGIBLE
FDX20254167286,CUST884897,Vega-Cannon,Small,2026-01-12,49335,158837,154069,2026-01-22,10,7,2026-01-29,,ELIGIBLE
FDX20252167847,CUST921874,"Barry, Ramos and Stewart",Mid,2025-12-12,8437,46070,10487,2025-12-27,15,12,2026-01-08,2026-01-08,RESOLVED_IN_GRACE
FDX20258980532,CUST570735,Mills-Kim,Small,2025-12-23,4036,17553,16809,2026-01-02,10,7,2026-01-09,,ELIGIBLE
FDX20257164643,CUST345369,Williams-Carter,Small,2026-01-14,10664,27259,19748,2026-01-24,10,7,2026-01-31,2026-01-25,RESOLVED_IN_GRACE
FDX20254008109,CUST659951,Watkins-Reed,Small,2026-01-10,51899,291896,133256,2026-01-20,10,7,2026-01-27,,IN_GRACE
FDX20251214510,CUST350786,Foster-Chaney,Mid,2025-12-12,33906,184355,51745,2025-12-27,15,12,2026-01-08,,ELIGIBLE
FDX20259248490,CUST424500,Flores-Curtis,Mid,2025-12-16,9678,35584,19346,2025-12-31,15,12,2026-01-12,,IN_GRACE
FDX20252764491,CUST947903,Graham-Thompson,Small,2026-01-09,27880,83547,72974,2026-01-19,10,7,2026-01-26,,ELIGIBLE
FDX20257649981,CUST922471,Johnson-Hayden,Large,2025-12-14,30571,124538,118214,2026-01-08,25,20,2026-01-28,,ELIGIBLE
FDX20258349399,CUST591798,Wheeler-Estes,Small,2026-01-09,33729,154762,124542,2026-01-19,10,7,2026-01-26,2026-01-20,RESOLVED_IN_GRACE
FDX20259768819,CUST975679,Nguyen-Lee,Mid,2025-12-30,59991,223243,84836,2026-01-14,15,12,2026-01-26,2026-01-15,RESOLVED_IN_GRACE
FDX20252426162,CUST303440,Lane-Summers,Mega,2025-12-01,46985,198890,191675,2026-01-05,35,30,2026-02-04,,ELIGIBLE
FDX20253000143,CUST485709,Wilson-Livingston,Mega,2025-12-01,29518,127384,92888,2026-01-05,35,30,2026-02-04,,ELIGIBLE
FDX20253405308,CUST811256,Caldwell-Barrett,Mid,2025-12-27,6862,34253,20573,2026-01-11,15,12,2026-01-23,,ELIGIBLE
FDX20257623837,CUST698128,Edwards-Wilson,Small,2025-12-23,18350,108202,54187,2026-01-02,10,7,2026-01-09,,ELIGIBLE
FDX20257721360,CUST561999,"Davila, White and Murphy",Mid,2025-12-17,11260,56553,19522,2026-01-01,15,12,2026-01-13,2026-01-06,RESOLVED_IN_GRACE
FDX20252706614,CUST584106,"Grant, Jennings and Young",Mid,2025-12-25,21201,118218,28972,2026-01-09,15,12,2026-01-21,,ELIGIBLE
FDX20253830705,CUST906814,Wilson-Day,Small,2025-12-23,47093,185564,155732,2026-01-02,10,7,2026-01-09,,ELIGIBLE
FDX20252085660,CUST395459,Richardson-Chan,Small,2025-12-29,32303,91526,39838,2026-01-08,10,7,2026-01-15,,IN_GRACE
FDX20257102041,CUST915922,Curry and Sons,Large,2025-12-01,54269,139780,69666,2025-12-26,25,20,2026-01-15,,IN_GRACE
FDX20254340115,CUST500422,Alvarez-Nguyen,Large,2025-12-11,34404,146720,95509,2026-01-05,25,20,2026-01-25,,IN_GRACE
FDX20256681296,CUST627335,Schneider-Evans,Small,2025-12-27,52525,134924,82793,2026-01-06,10,7,2026-01-13,2026-01-08,RESOLVED_IN_GRACE
FDX20254359863,CUST653081,Barron-Lopez,Mid,2025-12-26,11791,50861,42150,2026-01-10,15,12,2026-01-22,2026-01-11,RESOLVED_IN_GRACE
FDX20257782844,CUST538997,Krueger-Hill,Small,2026-01-06,46912,192060,123918,2026-01-16,10,7,2026-01-23,2026-01-18,RESOLVED_IN_GRACE
FDX20253059607,CUST269930,Burton-Ellison,Small,2025-12-31,53000,140141,113762,2026-01-10,10,7,2026-01-17,2026-01-12,RESOLVED_IN_GRACE
FDX20254906904,CUST956572,Sparks Group,Mid,2025-12-13,10321,45984,34976,2025-12-28,15,12,2026-01-09,,ELIGIBLE
FDX20258125354,CUST309398,Jennings LLC,Small,2025-12-23,44714,222709,183679,2026-01-02,10,7,2026-01-09,2026-01-07,RESOLVED_IN_GRACE
FDX20259373678,CUST940181,Chase-Fisher,Mid,2025-12-13,41710,230860,214009,2025-12-28,15,12,2026-01-09,,ELIGIBLE
FDX20255672762,CUST734035,Wright-Fleming,Small,2026-01-11,59967,217122,75654,2026-01-21,10,7,2026-01-28,,IN_GRACE
FDX20255579723,CUST245121,Davis-Cantrell,Mid,2025-12-18,50964,183453,65918,2026-01-02,15,12,2026-01-14,,ELIGIBLE
FDX20257714837,CUST362147,Glover-Garza,Small,2026-01-03,18590,98778,48419,2026-01-13,10,7,2026-01-20,2026-01-18,RESOLVED_IN_GRACE
FDX20256974321,CUST154714,Garcia-Smith,Large,2025-12-14,8125,46618,38536,2026-01-08,25,20,2026-01-28,,ELIGIBLE
FDX20258983040,CUST772324,Smith-Oneal,Mid,2025-12-23,30487,158048,108448,2026-01-07,15,12,2026-01-19,,ELIGIBLE
FDX20257785437,CUST603935,Clark-Davis,Small,2025-12-23,59063,341823,321317,2026-01-02,10,7,2026-01-09,,ELIGIBLE
FDX20259129112,CUST489244,Mcneil-Dickerson,Mid,2026-01-01,40158,137811,74383,2026-01-16,15,12,2026-01-28,2026-01-23,RESOLVED_IN_GRACE
FDX20259580111,CUST681478,Brooks-Jones,Small,2025-12-28,56647,291985,98811,2026-01-07,10,7,2026-01-14,,ELIGIBLE
FDX20255679008,CUST207573,Murphy-Nelson,Mid,2025-12-29,20087,111442,23014,2026-01-13,15,12,2026-01-25,2026-01-18,RESOLVED_IN_GRACE
FDX20253472527,CUST845957,Martinez-Huber,Mid,2025-12-26,57538,282098,89312,2026-01-10,15,12,2026-01-22,,ELIGIBLE
FDX20258627505,CUST986982,Johnson-Bauer,Large,2025-12-01,8399,43282,20958,2025-12-26,25,20,2026-01-15,,IN_GRACE
FDX20252812554,CUST640970,Hurst LLC,Small,2026-01-13,5378,16500,13760,2026-01-23,10,7,2026-01-30,2026-01-27,RESOLVED_IN_GRACE
FDX20253050009,CUST992512,Banks-Torres,Mid,2025-12-15,51818,205150,116059,2025-12-30,15,12,2026-01-11,2026-01-02,RESOLVED_IN_GRACE
FDX20255205877,CUST230734,Maldonado-Moore,Small,2025-12-29,17717,49779,44392,2026-01-08,10,7,2026-01-15,,ELIGIBLE
FDX20259209786,CUST398910,Thomas-Howard,Mega,2025-12-01,18820,93878,68490,2026-01-05,35,30,2026-02-04,,ELIGIBLE
FDX20259342869,CUST187949,Munoz LLC,Small,2026-01-01,54950,234783,80351,2026-01-11,10,7,2026-01-18,2026-01-16,RESOLVED_IN_GRACE
FDX20254872547,CUST900185,House-Collins,Large,2025-12-13,53086,165403,74850,2026-01-07,25,20,2026-01-27,,ELIGIBLE
FDX20253258353,CUST268099,Garcia-Paul,Mid,2026-01-01,31890,127855,109835,2026-01-16,15,12,2026-01-28,,IN_GRACE
FDX20251498677,CUST386042,Marks-Anderson,Small,2026-01-01,6787,32519,8650,2026-01-11,10,7,2026-01-18,,IN_GRACE
FDX20252671067,CUST571145,"Flowers, Wright and Becker",Small,2026-01-07,2913,11308,7356,2026-01-17,10,7,2026-01-24,,IN_GRACE
FDX20251886716,CUST638289,Jones-Casey,Mid,2025-12-31,17361,102615,77692,2026-01-15,15,12,2026-01-27,2026-01-20,RESOLVED_IN_GRACE
FDX20252144687,CUST254506,Fowler-Perez,Small,2025-12-22,14463,83922,34721,2026-01-01,10,7,2026-01-08,,IN_GRACE
FDX20259357316,CUST971415,Potts-Brown,Large,2025-12-08,24706,111747,86178,2026-01-02,25,20,2026-01-22,,ELIGIBLE
FDX20251448771,CUST558723,Davidson-Kelley,Mid,2026-01-01,20899,55960,42565,2026-01-16,15,12,2026-01-28,2026-01-20,RESOLVED_IN_GRACE
FDX20254004727,CUST196168,Nunez-Stewart,Small,2026-01-11,26399,84094,47056,2026-01-21,10,7,2026-01-28,,ELIGIBLE
FDX20257419516,CUST332823,Jacobson and Sons,Small,2025-12-31,7490,40004,29502,2026-01-10,10,7,2026-01-17,2026-01-12,RESOLVED_IN_GRACE
FDX20256485409,CUST956375,Johnson-Young,Large,2025-12-01,14967,45508,17360,2025-12-26,25,20,2026-01-15,2026-01-06,RESOLVED_IN_GRACE
FDX20253562495,CUST573041,"Reynolds, Pope and Mason",Small,2026-01-09,18397,53149,22752,2026-01-19,10,7,2026-01-26,,ELIGIBLE
FDX20256079345,CUST466566,Mitchell-Barnes,Small,2026-01-11,8941,41746,10711,2026-01-21,10,7,2026-01-28,,ELIGIBLE
FDX20252616210,CUST127965,"Wallace, Miller and Holmes",Mid,2025-12-26,43448,144667,47087,2026-01-10,15,12,2026-01-22,,ELIGIBLE
FDX20252283746,CUST535050,Coleman-Contreras,Small,2026-01-08,26349,67389,58383,2026-01-18,10,7,2026-01-25,2026-01-19,RESOLVED_IN_GRACE
FDX20259723295,CUST155843,Ray-Stark,Small,2026-01-04,17742,92655,70434,2026-01-14,10,7,2026-01-21,,ELIGIBLE
FDX20259257536,CUST515712,Pitts-Henry,Small,2025-12-24,44073,263027,97524,2026-01-03,10,7,2026-01-10,,IN_GRACE
FDX20258818548,CUST626392,Nguyen-Bryant,Small,2026-01-14,4957,13474,10863,2026-01-24,10,7,2026-01-31,,IN_GRACE
FDX20254387852,CUST492127,Terry and Sons,Small,2026-01-01,58591,180187,81729,2026-01-11,10,7,2026-01-18,,IN_GRACE
FDX20255925168,CUST347231,Scott-Parker,Large,2025-12-01,6440,38215,16574,2025-12-26,25,20,2026-01-15,2026-01-04,RESOLVED_IN_GRACE
FDX20259353359,CUST504924,Walker-Andrews,Mid,2025-12-24,12244,72994,68907,2026-01-08,15,12,2026-01-20,,ELIGIBLE
FDX20259225036,CUST185569,Young-Davis,Small,2026-01-01,29276,130565,114995,2026-01-11,10,7,2026-01-18,,ELIGIBLE
FDX20259469050,CUST493124,Smith-Cantrell,Small,2025-12-31,17513,92820,65424,2026-01-10,10,7,2026-01-17,,ELIGIBLE
FDX20255390014,CUST335445,Oconnell-James,Small,2026-01-12,54997,189964,124599,2026-01-22,10,7,2026-01-29,,IN_GRACE
FDX20256764913,CUST129556,Shaw-Thompson,Small,2025-12-22,45394,149159,86807,2026-01-01,10,7,2026-01-08,2026-01-08,RESOLVED_IN_GRACE
FDX20251296459,CUST434165,"Howe, Howard and Johnson",Large,2025-12-17,29314,89003,37420,2026-01-11,25,20,2026-01-31,,ELIGIBLE
FDX20251530135,CUST203896,"Lewis, Cook and Hubbard",Small,2026-01-11,56059,247457,84545,2026-01-21,10,7,2026-01-28,,IN_GRACE
FDX20258221021,CUST979940,Meyer Inc,Mid,2025-12-18,46419,198011,196070,2026-01-02,15,12,2026-01-14,2026-01-14,RESOLVED_IN_GRACE
FDX20252998738,CUST849421,Davis-Perez,Small,2025-12-27,41549,185420,112363,2026-01-06,10,7,2026-01-13,2026-01-12,RESOLVED_IN_GRACE
FDX20257436241,CUST781533,Lowe-Boyd,Mid,2025-12-30,10784,54032,16372,2026-01-14,15,12,2026-01-26,,IN_GRACE
FDX20258551685,CUST451577,Andrews-Mcguire,Large,2025-12-01,36492,127302,79673,2025-12-26,25,20,2026-01-15,2026-01-06,RESOLVED_IN_GRACE
FDX20256277427,CUST929822,Ewing-White,Small,2025-12-22,15239,66840,65255,2026-01-01,10,7,2026-01-08,,ELIGIBLE
FDX20257313879,CUST253143,Williams-Greer,Mega,2025-12-01,52223,213585,192552,2026-01-05,35,30,2026-02-04,,ELIGIBLE
FDX20258424860,CUST244283,Farrell PLC,Mid,2025-12-12,11607,55328,46338,2025-12-27,15,12,2026-01-08,,ELIGIBLE
FDX20258711752,CUST140163,Alexander-Thompson,Small,2026-01-07,9839,48763,13772,2026-01-17,10,7,2026-01-24,,IN_GRACE
FDX20251603663,CUST400814,"Gaines, Luna and Boyle",Mid,2025-12-25,36486,105169,71837,2026-01-09,15,12,2026-01-21,,ELIGIBLE
FDX20251551295,CUST970068,"Winters, Mccullough and Hampton",Large,2025-12-08,57304,303702,209486,2026-01-02,25,20,2026-01-22,,ELIGIBLE
FDX20253967372,CUST595404,Young-Harris,Mid,2025-12-22,55044,309814,136556,2026-01-06,15,12,2026-01-18,2026-01-07,RESOLVED_IN_GRACE
FDX20256084244,CUST829884,Hunt Inc,Mid,2026-01-04,13491,46277,22244,2026-01-19,15,12,2026-01-31,,ELIGIBLE
FDX20253753883,CUST971482,Johnson-Harris,Mega,2025-12-01,14269,58435,50651,2026-01-05,35,30,2026-02-04,,IN_GRACE
FDX20259245659,CUST245534,"Pierce, Kent and Miller",Mid,2025-12-22,25777,142188,55922,2026-01-06,15,12,2026-01-18,2026-01-12,RESOLVED_IN_GRACE
FDX20258225630,CUST895702,Fischer-Carroll,Mid,2025-12-18,35000,94835,80459,2026-01-02,15,12,2026-01-14,,IN_GRACE
FDX20253256338,CUST839808,Taylor-Jones,Small,2026-01-05,15017,81429,58697,2026-01-15,10,7,2026-01-22,,IN_GRACE
FDX20256242203,CUST591897,Ford-Santos,Small,2026-01-02,58902,316295,103832,2026-01-12,10,7,2026-01-19,,ELIGIBLE
FDX20257527687,CUST570392,Mccormick PLC,Large,2025-12-02,34791,154855,38757,2025-12-27,25,20,2026-01-16,2026-01-07,RESOLVED_IN_GRACE
FDX20259178136,CUST745239,"Richmond, Daniels and Singh",Small,2026-01-13,3336,16463,8515,2026-01-23,10,7,2026-01-30,,ELIGIBLE
FDX20252835125,CUST105506,Miller-Jackson,Small,2026-01-09,4486,25515,20774,2026-01-19,10,7,2026-01-26,,IN_GRACE
FDX20259230125,CUST183074,Potts Ltd,Small,2025-12-28,48428,254365,71504,2026-01-07,10,7,2026-01-14,,ELIGIBLE
FDX20258882244,CUST119927,"Cox, Davis and Lawrence",Mid,2025-12-15,39898,217988,95424,2025-12-30,15,12,2026-01-11,,ELIGIBLE
FDX20258984462,CUST368355,Daniel-Harris,Mid,2025-12-29,25139,96827,63764,2026-01-13,15,12,2026-01-25,,IN_GRACE
FDX20253622462,CUST326130,Odom-Lee,Small,2025-12-28,10118,48765,21969,2026-01-07,10,7,2026-01-14,,IN_GRACE
FDX20259500764,CUST975522,Henry-Crawford,Small,2025-12-26,19882,111749,84414,2026-01-05,10,7,2026-01-12,2026-01-09,RESOLVED_IN_GRACE
FDX20251935113,CUST256782,Clark-Hernandez,Mid,2025-12-27,33116,115965,70507,2026-01-11,15,12,2026-01-23,,IN_GRACE
FDX20257566347,CUST675462,Haley-Mata,Small,2026-01-12,52526,203004,200766,2026-01-22,10,7,2026-01-29,2026-01-26,RESOLVED_IN_GRACE
FDX20255418967,CUST862560,Rios PLC,Large,2025-12-01,18837,79241,21060,2025-12-26,25,20,2026-01-15,,ELIGIBLE
FDX20259299539,CUST738457,Alexander Group,Small,2025-12-27,21561,109887,58564,2026-01-06,10,7,2026-01-13,,IN_GRACE
FDX20257338393,CUST653408,Arnold-Young,Mid,2025-12-23,54370,149784,60767,2026-01-07,15,12,2026-01-19,2026-01-14,RESOLVED_IN_GRACE
FDX20256918393,CUST543814,Rojas-Santiago,Large,2025-12-16,2070,8341,6725,2026-01-10,25,20,2026-01-30,,ELIGIBLE
FDX20255772070,CUST216587,"Bradley, Singh and Jimenez",Small,2025-12-31,36369,205451,170333,2026-01-10,10,7,2026-01-17,,IN_GRACE
FDX20256376808,CUST913875,Johnson-James,Large,2025-12-14,10394,51555,29900,2026-01-08,25,20,2026-01-28,2026-01-26,RESOLVED_IN_GRACE
FDX20252030523,CUST402096,Arroyo-Savage,Small,2025-12-25,29968,91422,78577,2026-01-04,10,7,2026-01-11,,ELIGIBLE
FDX20251472228,CUST349183,Davidson-French,Small,2026-01-08,45513,233706,140973,2026-01-18,10,7,2026-01-25,,ELIGIBLE
FDX20251756962,CUST415779,Marsh-Williams,Mid,2026-01-01,54336,231524,108833,2026-01-16,15,12,2026-01-28,,ELIGIBLE
FDX20253150806,CUST227767,Boone LLC,Small,2026-01-12,34060,145788,111876,2026-01-22,10,7,2026-01-29,,ELIGIBLE
FDX20257147341,CUST150068,Patterson LLC,Large,2025-12-15,16433,92538,90157,2026-01-09,25,20,2026-01-29,,ELIGIBLE
FDX20256853181,CUST350021,Mcknight-Williams,Large,2025-12-07,24544,146764,137966,2026-01-01,25,20,2026-01-21,2026-01-11,RESOLVED_IN_GRACE
FDX20251451304,CUST540218,Lee-Ramos,Mid,2025-12-31,44309,210344,49734,2026-01-15,15,12,2026-01-27,2026-01-25,RESOLVED_IN_GRACE
FDX20256725334,CUST769989,Rocha-Sweeney,Small,2026-01-10,8097,24820,12071,2026-01-20,10,7,2026-01-27,2026-01-21,RESOLVED_IN_GRACE
FDX20257384961,CUST932463,Preston-Donaldson,Large,2025-12-01,59561,215529,65946,2025-12-26,25,20,2026-01-15,2026-01-10,RESOLVED_IN_GRACE
FDX20252633262,CUST753064,Lee-Wagner,Small,2026-01-02,11799,53120,28398,2026-01-12,10,7,2026-01-19,,ELIGIBLE
FDX20258183134,CUST579318,Zuniga Ltd,Small,2026-01-01,54572,229288,106506,2026-01-11,10,7,2026-01-18,2026-01-16,RESOLVED_IN_GRACE
FDX20256790539,CUST165858,Harris-Silva,Small,2025-12-28,30012,80734,36079,2026-01-07,10,7,2026-01-14,2026-01-14,RESOLVED_IN_GRACE
FDX20256995607,CUST216242,Curtis-Brooks,Large,2025-12-04,29951,82799,67536,2025-12-29,25,20,2026-01-18,,ELIGIBLE
FDX20257911031,CUST977330,"Floyd, Perez and Shelton",Large,2025-12-11,56147,301453,280131,2026-01-05,25,20,2026-01-25,,ELIGIBLE
FDX20256893320,CUST624108,Key-Bradford,Small,2025-12-30,54863,195497,91913,2026-01-09,10,7,2026-01-16,2026-01-16,RESOLVED_IN_GRACE
FDX20251947061,CUST725726,Perry-Sanford,Large,2025-12-01,42934,173623,104371,2025-12-26,25,20,2026-01-15,,IN_GRACE
FDX20255097480,CUST662093,Turner-Bonilla,Small,2026-01-04,3536,16054,12771,2026-01-14,10,7,2026-01-21,,ELIGIBLE
FDX20255154272,CUST117233,Hernandez-Walker,Small,2026-01-08,10892,53256,19809,2026-01-18,10,7,2026-01-25,2026-01-21,RESOLVED_IN_GRACE
FDX20254936305,CUST762652,Thompson-Lewis,Small,2025-12-25,45306,140568,137929,2026-01-04,10,7,2026-01-11,,ELIGIBLE
FDX20256236161,CUST640410,Diaz-Patel,Small,2025-12-30,32755,120769,59138,2026-01-09,10,7,2026-01-16,2026-01-10,RESOLVED_IN_GRACE
FDX20252425085,CUST702980,Coleman-Johnson,Small,2026-01-09,46433,219430,61315,2026-01-19,10,7,2026-01-26,2026-01-21,RESOLVED_IN_GRACE
FDX20252098911,CUST353690,Rowe-Scott,Small,2025-12-29,10130,49686,13978,2026-01-08,10,7,2026-01-15,2026-01-14,RESOLVED_IN_GRACE
FDX20256115582,CUST853448,"Rivera, Spencer and Wright",Small,2025-12-23,55582,199546,133477,2026-01-02,10,7,2026-01-09,,ELIGIBLE
FDX20252920509,CUST250551,"Schmitt, Chen and Frey",Large,2025-12-01,17656,88310,84308,2025-12-26,25,20,2026-01-15,,IN_GRACE
FDX20256663891,CUST405420,Brennan-Murphy,Large,2025-12-14,36310,124677,71363,2026-01-08,25,20,2026-01-28,2026-01-13,RESOLVED_IN_GRACE
FDX20253848423,CUST550089,Moore-Harris,Small,2026-01-06,31641,152084,106772,2026-01-16,10,7,2026-01-23,,ELIGIBLE
FDX20251330712,CUST101640,Barnes-Pena,Small,2026-01-14,24928,82674,69864,2026-01-24,10,7,2026-01-31,,IN_GRACE
FDX20256471332,CUST744674,Anderson-Daniel,Mid,2025-12-23,17411,71535,23362,2026-01-07,15,12,2026-01-19,2026-01-15,RESOLVED_IN_GRACE
FDX20251627092,CUST469954,"Horn, Walker and Hanna",Small,2026-01-13,40266,170027,114965,2026-01-23,10,7,2026-01-30,2026-01-27,RESOLVED_IN_GRACE
FDX20258732776,CUST352249,Davis-Cameron,Small,2025-12-28,49073,191511,137185,2026-01-07,10,7,2026-01-14,,IN_GRACE
FDX20258087921,CUST698384,Fritz Inc,Large,2025-12-12,53826,214858,212291,2026-01-06,25,20,2026-01-26,2026-01-18,RESOLVED_IN_GRACE
FDX20259636236,CUST536802,"Patrick, Simmons and Gray",Small,2026-01-11,48112,283642,140921,2026-01-21,10,7,2026-01-28,,IN_GRACE
FDX20258066104,CUST296412,Peterson-Anderson,Mid,2025-12-23,56728,261467,248891,2026-01-07,15,12,2026-01-19,,IN_GRACE
FDX20255473122,CUST796643,Mccoy-Miles,Small,2025-12-22,34731,201625,65133,2026-01-01,10,7,2026-01-08,,ELIGIBLE
FDX20251342293,CUST800674,Reyes-Walker,Small,2026-01-01,12857,61543,60379,2026-01-11,10,7,2026-01-18,2026-01-13,RESOLVED_IN_GRACE
FDX20258880256,CUST189772,Woodward-Holland,Mega,2025-12-01,49056,151264,113676,2026-01-05,35,30,2026-02-04,,IN_GRACE
FDX20251373065,CUST648913,Murray LLC,Mid,2025-12-30,48006,195485,85683,2026-01-14,15,12,2026-01-26,,ELIGIBLE
FDX20256310229,CUST478120,"Levy, Hernandez and Weaver",Mid,2025-12-29,30299,171344,58209,2026-01-13,15,12,2026-01-25,,ELIGIBLE
FDX20257337385,CUST170966,Brown-Miller,Small,2025-12-30,36174,120395,53570,2026-01-09,10,7,2026-01-16,2026-01-16,RESOLVED_IN_GRACE
FDX20257548160,CUST651613,"Martin, Allen and Rush",Mid,2025-12-25,11007,45857,12558,2026-01-09,15,12,2026-01-21,,IN_GRACE
FDX20256409332,CUST670511,Carr-Evans,Small,2025-12-29,12077,44169,31728,2026-01-08,10,7,2026-01-15,,ELIGIBLE
FDX20252639564,CUST631971,Benton-Campbell,Small,2026-01-06,15175,63767,58799,2026-01-16,10,7,2026-01-23,,ELIGIBLE
FDX20259193298,CUST924613,Maynard and Sons,Small,2026-01-10,9976,56121,35368,2026-01-20,10,7,2026-01-27,,ELIGIBLE
FDX20252678672,CUST632280,Cooke PLC,Mega,2025-12-01,8208,35647,21598,2026-01-05,35,30,2026-02-04,,ELIGIBLE
FDX20254454568,CUST681070,Foster-Smith,Mid,2025-12-27,54957,208334,62925,2026-01-11,15,12,2026-01-23,,IN_GRACE
FDX20256636598,CUST121322,Fernandez-Chavez,Small,2026-01-04,51729,303992,124283,2026-01-14,10,7,2026-01-21,,ELIGIBLE
FDX20259333769,CUST509420,Flynn-Rodriguez,Small,2026-01-13,4149,14929,10529,2026-01-23,10,7,2026-01-30,,ELIGIBLE
FDX20259435056,CUST592972,Duncan Group,Mid,2025-12-27,23543,106905,36558,2026-01-11,15,12,2026-01-23,2026-01-13,RESOLVED_IN_GRACE
FDX20256696526,CUST145649,Arnold-Mejia,Mid,2026-01-02,12206,66719,36963,2026-01-17,15,12,2026-01-29,2026-01-21,RESOLVED_IN_GRACE
FDX20253795540,CUST766549,Franco Group,Mid,2025-12-17,34572,96844,42617,2026-01-01,15,12,2026-01-13,2026-01-02,RESOLVED_IN_GRACE
FDX20256025126,CUST505674,Lawson-Boyd,Mid,2025-12-26,24451,61985,33354,2026-01-10,15,12,2026-01-22,2026-01-22,RESOLVED_IN_GRACE
FDX20257095738,CUST491435,Baker-Perez,Small,2026-01-01,58480,180608,128196,2026-01-11,10,7,2026-01-18,2026-01-17,RESOLVED_IN_GRACE
FDX20258314717,CUST365971,Guzman-King,Small,2026-01-08,41024,145010,45986,2026-01-18,10,7,2026-01-25,,ELIGIBLE
FDX20254384948,CUST883618,Cox-Marshall,Mid,2025-12-12,32749,183445,109282,2025-12-27,15,12,2026-01-08,,ELIGIBLE
FDX20259337466,CUST117031,Reeves-Tyler,Small,2025-12-29,46010,203763,200062,2026-01-08,10,7,2026-01-15,,ELIGIBLE
FDX20252263679,CUST474440,Anderson-George,Mid,2025-12-25,24864,84403,76843,2026-01-09,15,12,2026-01-21,,ELIGIBLE
FDX20259989803,CUST926823,"Stuart, Johnson and Cole",Small,2026-01-12,35964,184041,71309,2026-01-22,10,7,2026-01-29,,ELIGIBLE
FDX20254591668,CUST170841,Campbell-Parker,Small,2025-12-26,30490,178440,140590,2026-01-05,10,7,2026-01-12,2026-01-09,RESOLVED_IN_GRACE
FDX20255821026,CUST461551,Frazier-Lin,Small,2026-01-02,33056,186788,104597,2026-01-12,10,7,2026-01-19,2026-01-14,RESOLVED_IN_GRACE
FDX20255448564,CUST352838,Key-Hoffman,Small,2025-12-23,15018,78501,28793,2026-01-02,10,7,2026-01-09,,IN_GRACE
FDX20251797443,CUST868544,Li-Wolfe,Large,2025-12-07,22363,90640,50808,2026-01-01,25,20,2026-01-21,,ELIGIBLE
FDX20255988206,CUST789023,Chavez-Smith,Mid,2025-12-22,50783,187050,170532,2026-01-06,15,12,2026-01-18,2026-01-10,RESOLVED_IN_GRACE
FDX20257744899,CUST758775,Waller Group,Large,2025-12-01,49433,158497,143208,2025-12-26,25,20,2026-01-15,,ELIGIBLE
FDX20254789737,CUST208699,Stewart-Powell,Large,2025-12-07,30366,144076,58670,2026-01-01,25,20,2026-01-21,,ELIGIBLE
FDX20252542796,CUST908977,Spears-Perry,Mid,2025-12-16,41340,212986,192981,2025-12-31,15,12,2026-01-12,,ELIGIBLE
FDX20252589366,CUST710169,Weaver-Merritt,Large,2025-12-14,13762,39635,25057,2026-01-08,25,20,2026-01-28,,ELIGIBLE
FDX20256651204,CUST870899,Hahn-Ramsey,Small,2026-01-04,9344,24705,9539,2026-01-14,10,7,2026-01-21,,IN_GRACE
FDX20255586302,CUST893435,Jackson-Rogers,Small,2025-12-25,10540,51211,10632,2026-01-04,10,7,2026-01-11,2026-01-08,RESOLVED_IN_GRACE
FDX20252128599,CUST448671,Gaines Group,Small,2026-01-08,30402,175172,73690,2026-01-18,10,7,2026-01-25,2026-01-19,RESOLVED_IN_GRACE
FDX20259909769,CUST239890,Hardy Ltd,Mid,2025-12-24,18372,58624,34846,2026-01-08,15,12,2026-01-20,2026-01-20,RESOLVED_IN_GRACE
FDX20258973680,CUST146489,Miller-King,Mid,2025-12-13,35704,139770,110316,2025-12-28,15,12,2026-01-09,,ELIGIBLE
FDX20258165647,CUST469412,Whitney-Chandler,Large,2025-12-01,45178,213256,135163,2025-12-26,25,20,2026-01-15,,ELIGIBLE
FDX20254518839,CUST672536,Juarez LLC,Mega,2025-12-01,15693,71784,20168,2026-01-05,35,30,2026-02-04,,ELIGIBLE
FDX20256827003,CUST454992,Atkinson LLC,Mid,2025-12-13,25171,109650,87614,2025-12-28,15,12,2026-01-09,,ELIGIBLE
FDX20252286168,CUST953025,Kim-Gonzalez,Mid,2025-12-22,17793,51782,19519,2026-01-06,15,12,2026-01-18,2026-01-12,RESOLVED_IN_GRACE
FDX20256064152,CUST774020,Parsons-Clark,Large,2025-12-04,13395,33768,31755,2025-12-29,25,20,2026-01-18,2026-01-17,RESOLVED_IN_GRACE
FDX20259466446,CUST283594,May-Ochoa,Mid,2025-12-31,38162,146403,46746,2026-01-15,15,12,2026-01-27,2026-01-24,RESOLVED_IN_GRACE
FDX20256031638,CUST970720,Smith Group,Mid,2025-12-31,31199,107092,35173,2026-01-15,15,12,2026-01-27,,ELIGIBLE
FDX20258263032,CUST916990,"Schaefer, Williams and Oconnell",Large,2025-12-04,45098,261733,139824,2025-12-29,25,20,2026-01-18,,ELIGIBLE
FDX20256257190,CUST817941,Zamora Ltd,Small,2026-01-06,4890,27832,25294,2026-01-16,10,7,2026-01-23,,ELIGIBLE
FDX20254356734,CUST587192,Hickman-Monroe,Mid,2025-12-19,15235,53352,45845,2026-01-03,15,12,2026-01-15,2026-01-11,RESOLVED_IN_GRACE
FDX20257951039,CUST829168,Saunders-White,Large,2025-12-02,57205,202711,84848,2025-12-27,25,20,2026-01-16,,ELIGIBLE
FDX20257749490,CUST601776,Woods-Shepherd,Small,2025-12-27,10031,56294,22664,2026-01-06,10,7,2026-01-13,2026-01-09,RESOLVED_IN_GRACE
FDX20255215523,CUST762423,Brown-Stuart,Large,2025-12-05,7112,42096,27516,2025-12-30,25,20,2026-01-19,,ELIGIBLE
FDX20259646460,CUST291132,Thompson-Alvarado,Small,2026-01-08,35394,133034,42166,2026-01-18,10,7,2026-01-25,,ELIGIBLE
FDX20258603914,CUST950916,"Quinn, Stewart and Valenzuela",Small,2026-01-10,51778,171364,141478,2026-01-20,10,7,2026-01-27,,ELIGIBLE
FDX20254029979,CUST241403,Gray-Blackburn,Small,2026-01-01,46741,235830,222335,2026-01-11,10,7,2026-01-18,,ELIGIBLE
FDX20251312111,CUST166165,Schultz-Mckinney,Mid,2026-01-01,25952,144380,109694,2026-01-16,15,12,2026-01-28,,ELIGIBLE
FDX20259660803,CUST850827,Patton-Nelson,Small,2026-01-07,55859,322288,69910,2026-01-17,10,7,2026-01-24,,ELIGIBLE
FDX20254129604,CUST913894,Davenport-Richardson,Large,2025-12-01,35938,109424,89936,2025-12-26,25,20,2026-01-15,,ELIGIBLE
FDX20259375247,CUST579911,Warner Ltd,Large,2025-12-01,37158,186766,42017,2025-12-26,25,20,2026-01-15,,ELIGIBLE
FDX20254572755,CUST138780,Gilbert-Thomas,Mid,2025-12-16,1516,8766,1997,2025-12-31,15,12,2026-01-12,,IN_GRACE
FDX20258839914,CUST407696,Contreras-Reyes,Small,2026-01-08,32437,100850,55089,2026-01-18,10,7,2026-01-25,,ELIGIBLE
FDX20255495219,CUST311383,Ewing and Sons,Small,2025-12-22,3303,17444,14037,2026-01-01,10,7,2026-01-08,,IN_GRACE
FDX20259937547,CUST145934,Owens-White,Small,2026-01-08,42673,231879,65057,2026-01-18,10,7,2026-01-25,,IN_GRACE
FDX20258276689,CUST929538,Wallace-Jarvis,Mid,2025-12-25,58608,187577,182309,2026-01-09,15,12,2026-01-21,,ELIGIBLE
FDX20252004647,CUST309159,Johnson-Thornton,Mid,2025-12-21,50860,158931,119338,2026-01-05,15,12,2026-01-17,2026-01-15,RESOLVED_IN_GRACE
FDX20259762229,CUST143941,Berry-Alvarez,Small,2026-01-01,56895,339522,203316,2026-01-11,10,7,2026-01-18,,IN_GRACE
FDX20254366315,CUST430926,"Boyd, Cabrera and Clay",Mid,2025-12-23,24252,84221,40328,2026-01-07,15,12,2026-01-19,,ELIGIBLE
FDX20257111514,CUST425138,Scott-Walton,Small,2026-01-07,40573,186196,148976,2026-01-17,10,7,2026-01-24,2026-01-24,RESOLVED_IN_GRACE
FDX20258759239,CUST640418,Fields-Schaefer,Small,2025-12-28,3977,12094,5898,2026-01-07,10,7,2026-01-14,2026-01-09,RESOLVED_IN_GRACE
FDX20253478727,CUST517568,Golden-Hamilton,Small,2025-12-24,6440,26843,26778,2026-01-03,10,7,2026-01-10,,ELIGIBLE
FDX20255032805,CUST955015,King-Harding,Small,2025-12-31,52602,295040,187893,2026-01-10,10,7,2026-01-17,,ELIGIBLE
FDX20253524512,CUST669408,Calhoun-Hill,Mid,2025-12-30,48789,243753,140743,2026-01-14,15,12,2026-01-26,,IN_GRACE
FDX20256037789,CUST596395,Guerrero PLC,Mid,2025-12-23,9035,37668,20856,2026-01-07,15,12,2026-01-19,,ELIGIBLE
FDX20258304611,CUST365618,Carr-Eaton,Mid,2025-12-27,30694,180224,38441,2026-01-11,15,12,2026-01-23,,ELIGIBLE
FDX20257883025,CUST138399,Young-Cuevas,Mega,2025-12-01,14456,47107,20898,2026-01-05,35,30,2026-02-04,,ELIGIBLE
FDX20256346113,CUST889882,Rangel Inc,Small,2025-12-31,2401,6930,5955,2026-01-10,10,7,2026-01-17,,ELIGIBLE
FDX20252080914,CUST778324,Smith-Frey,Small,2026-01-11,58105,146055,137404,2026-01-21,10,7,2026-01-28,2026-01-24,RESOLVED_IN_GRACE
FDX20254415137,CUST300386,"Cowan, Murray and Weaver",Large,2025-12-01,5893,29964,16910,2025-12-26,25,20,2026-01-15,2025-12-27,RESOLVED_IN_GRACE
FDX20257919567,CUST400009,Ruiz and Sons,Small,2026-01-14,12595,49815,20574,2026-01-24,10,7,2026-01-31,,ELIGIBLE
FDX20255478422,CUST474314,Reed-Lara,Large,2025-12-11,15985,41536,17527,2026-01-05,25,20,2026-01-25,,IN_GRACE
FDX20255815809,CUST918771,Jackson-Ryan,Small,2025-12-27,30578,143715,112533,2026-01-06,10,7,2026-01-13,,ELIGIBLE
FDX20253694157,CUST150126,Silva-Estrada,Large,2025-12-01,37299,148716,101999,2025-12-26,25,20,2026-01-15,2026-01-07,RESOLVED_IN_GRACE
FDX20255302460,CUST787584,Carrillo PLC,Mid,2026-01-03,35295,180074,162328,2026-01-18,15,12,2026-01-30,,ELIGIBLE
FDX20254961601,CUST448048,Marshall-Moore,Small,2026-01-04,22769,101574,93706,2026-01-14,10,7,2026-01-21,2026-01-17,RESOLVED_IN_GRACE
FDX20257809300,CUST386488,Jones-Anderson,Small,2026-01-01,1820,9364,4595,2026-01-11,10,7,2026-01-18,,IN_GRACE
FDX20255001087,CUST230521,Woodard-Jennings,Large,2025-12-01,39185,123381,78986,2025-12-26,25,20,2026-01-15,,ELIGIBLE
FDX20252905196,CUST938171,Anthony-Anderson,Mid,2026-01-01,23471,64325,42913,2026-01-16,15,12,2026-01-28,,ELIGIBLE
FDX20253515949,CUST485896,Powers-Dodson,Mid,2025-12-22,42041,219852,88171,2026-01-06,15,12,2026-01-18,,ELIGIBLE
FDX20254219816,CUST558176,Nolan PLC,Small,2025-12-23,17759,70010,44779,2026-01-02,10,7,2026-01-09,,ELIGIBLE
FDX20251464798,CUST519453,Hooper-Jones,Small,2025-12-23,42265,182016,145378,2026-01-02,10,7,2026-01-09,,IN_GRACE
FDX20255120259,CUST879414,Villanueva PLC,Mid,2026-01-03,9884,53894,21548,2026-01-18,15,12,2026-01-30,,IN_GRACE
FDX20256210006,CUST561097,Davis-Wall,Large,2025-12-01,34379,142209,78827,2025-12-26,25,20,2026-01-15,,ELIGIBLE
FDX20258787307,CUST505426,Foster-Henry,Small,2025-12-24,8340,38550,38200,2026-01-03,10,7,2026-01-10,2026-01-04,RESOLVED_IN_GRACE
FDX20259143364,CUST455505,Thompson-Torres,Small,2026-01-01,20376,68547,22955,2026-01-11,10,7,2026-01-18,2026-01-14,RESOLVED_IN_GRACE
FDX20258317096,CUST295892,Carey-Lopez,Small,2026-01-10,53485,192947,124366,2026-01-20,10,7,2026-01-27,2026-01-27,RESOLVED_IN_GRACE
FDX20258080306,CUST620306,Sanchez LLC,Small,2026-01-06,44893,197154,56947,2026-01-16,10,7,2026-01-23,,ELIGIBLE
FDX20251620819,CUST825686,Andrade Ltd,Mid,2026-01-01,46194,183445,151409,2026-01-16,15,12,2026-01-28,,IN_GRACE
FDX20254388838,CUST621691,Frazier-Delgado,Small,2026-01-04,11083,34656,27040,2026-01-14,10,7,2026-01-21,,ELIGIBLE
FDX20253673591,CUST485191,Mason-Martinez,Small,2025-12-28,58958,248599,127322,2026-01-07,10,7,2026-01-14,2026-01-13,RESOLVED_IN_GRACE
FDX20255575347,CUST936020,Mason-Bass,Mid,2026-01-04,14173,54823,53807,2026-01-19,15,12,2026-01-31,2026-01-23,RESOLVED_IN_GRACE
FDX20253288926,CUST644500,"Houston, Bowers and Estrada",Mega,2025-12-01,57750,294844,294794,2026-01-05,35,30,2026-02-04,2026-01-15,RESOLVED_IN_GRACE
FDX20251488919,CUST379676,Hubbard-Black,Small,2025-12-22,8487,35167,34180,2026-01-01,10,7,2026-01-08,,ELIGIBLE
FDX20255335179,CUST940064,Horn-Bernard,Small,2025-12-27,59094,335131,257096,2026-01-06,10,7,2026-01-13,2026-01-10,RESOLVED_IN_GRACE
FDX20255660240,CUST186624,Wiggins-Evans,Small,2026-01-02,18304,109241,22696,2026-01-12,10,7,2026-01-19,,ELIGIBLE
FDX20253952542,CUST862400,Lee-Salinas,Small,2026-01-10,30441,148966,147672,2026-01-20,10,7,2026-01-27,,IN_GRACE
FDX20251708541,CUST545120,Kelley-Mcclure,Small,2026-01-12,45984,261693,222148,2026-01-22,10,7,2026-01-29,,ELIGIBLE
FDX20259151075,CUST182760,Clayton-Fowler,Large,2025-12-01,58975,329620,278895,2025-12-26,25,20,2026-01-15,,ELIGIBLE
FDX20251334013,CUST551524,Glenn-Dunn,Small,2025-12-24,38438,229983,221014,2026-01-03,10,7,2026-01-10,,ELIGIBLE
FDX20251928237,CUST731718,Dalton LLC,Small,2026-01-06,56283,235053,195979,2026-01-16,10,7,2026-01-23,2026-01-19,RESOLVED_IN_GRACE
FDX20252408104,CUST962287,Baker-Snyder,Mid,2025-12-30,30763,112392,112105,2026-01-14,15,12,2026-01-26,,IN_GRACE
FDX20256266448,CUST289222,"Harding, Thomas and Simmons",Small,2026-01-09,6439,18916,7333,2026-01-19,10,7,2026-01-26,,ELIGIBLE
FDX20255999260,CUST671971,Rowe-Mcdonald,Mid,2025-12-17,27405,153135,133710,2026-01-01,15,12,2026-01-13,,ELIGIBLE
FDX20252066723,CUST408036,"Giles, Brown and Bailey",Small,2026-01-09,30123,135302,114154,2026-01-19,10,7,2026-01-26,,ELIGIBLE
FDX20257828441,CUST436814,Alvarado and Sons,Small,2026-01-07,11411,56628,30396,2026-01-17,10,7,2026-01-24,2026-01-18,RESOLVED_IN_GRACE
FDX20257097414,CUST207581,Graham-Hart,Small,2026-01-03,34530,144992,116425,2026-01-13,10,7,2026-01-20,,ELIGIBLE
FDX20252515088,CUST183958,"Zavala, Ray and Garza",Small,2025-12-24,16976,85242,75960,2026-01-03,10,7,2026-01-10,,ELIGIBLE
FDX20257658793,CUST443848,Wolf-Malone,Small,2026-01-05,36756,171994,119863,2026-01-15,10,7,2026-01-22,,ELIGIBLE
FDX20253358208,CUST793024,Richard-Mcmillan,Small,2025-12-31,15696,69027,46675,2026-01-10,10,7,2026-01-17,,IN_GRACE
FDX20254960113,CUST410000,Salas-Hicks,Large,2025-12-10,4933,14707,7556,2026-01-04,25,20,2026-01-24,,ELIGIBLE
FDX20252877913,CUST421384,Cunningham-Mueller,Small,2025-12-31,19767,77304,75047,2026-01-10,10,7,2026-01-17,2026-01-11,RESOLVED_IN_GRACE
FDX20259392777,CUST567576,Santos-Wiley,Small,2026-01-01,29756,171453,99478,2026-01-11,10,7,2026-01-18,,IN_GRACE
FDX20253024047,CUST731894,Bowman-Peters,Small,2026-01-10,24855,140470,93213,2026-01-20,10,7,2026-01-27,,ELIGIBLE
FDX20259756994,CUST852524,Thompson-Ford,Small,2026-01-02,11148,44822,27325,2026-01-12,10,7,2026-01-19,2026-01-16,RESOLVED_IN_GRACE
FDX20259812402,CUST546815,Wade-Davis,Small,2025-12-25,37320,95212,55041,2026-01-04,10,7,2026-01-11,2026-01-08,RESOLVED_IN_GRACE
FDX20255224638,CUST274739,Blair-Fleming,Mid,2025-12-23,1679,6595,2000,2026-01-07,15,12,2026-01-19,,ELIGIBLE
FDX20259329067,CUST823270,Johnson-Collins,Mid,2025-12-16,33119,165145,85785,2025-12-31,15,12,2026-01-12,,ELIGIBLE
FDX20252514123,CUST565471,Meza-Peterson,Mid,2025-12-25,26992,112642,35940,2026-01-09,15,12,2026-01-21,,ELIGIBLE
FDX20254994266,CUST468623,Ruiz-Bradley,Small,2025-12-29,54046,268536,171239,2026-01-08,10,7,2026-01-15,,ELIGIBLE
FDX20253051464,CUST568849,Smith-Barron,Mid,2025-12-21,25962,116535,101971,2026-01-05,15,12,2026-01-17,,ELIGIBLE
FDX20256258152,CUST144412,King-Graham,Small,2026-01-04,13193,61300,58887,2026-01-14,10,7,2026-01-21,,IN_GRACE
FDX20256524500,CUST862120,Castro-Baker,Mid,2025-12-13,40132,136915,46708,2025-12-28,15,12,2026-01-09,,ELIGIBLE
FDX20257542286,CUST469685,Hansen-Scott,Mid,2025-12-22,56136,198162,97826,2026-01-06,15,12,2026-01-18,,IN_GRACE
FDX20254958384,CUST744718,Landry-Schmidt,Mid,2025-12-13,32277,107999,77141,2025-12-28,15,12,2026-01-09,,IN_GRACE
FDX20258094564,CUST556068,Walker-Moore,Small,2025-12-24,52376,261046,83259,2026-01-03,10,7,2026-01-10,,ELIGIBLE
FDX20254657573,CUST387892,Cisneros-Terry,Large,2025-12-04,10739,50715,36258,2025-12-29,25,20,2026-01-18,2026-01-14,RESOLVED_IN_GRACE
FDX20253420581,CUST770532,Wood LLC,Small,2025-12-29,13597,38734,18653,2026-01-08,10,7,2026-01-15,,ELIGIBLE
FDX20252792041,CUST929924,Powell-Osborne,Small,2025-12-26,57378,208762,58651,2026-01-05,10,7,2026-01-12,2026-01-06,RESOLVED_IN_GRACE
FDX20253938600,CUST160144,Sutton LLC,Small,2025-12-26,37713,183781,157731,2026-01-05,10,7,2026-01-12,,IN_GRACE
FDX20254592146,CUST178686,Winters-Fields,Mid,2025-12-27,44736,244471,195759,2026-01-11,15,12,2026-01-23,,ELIGIBLE
FDX20255606139,CUST803787,Lamb-Phillips,Small,2026-01-08,24367,137853,39458,2026-01-18,10,7,2026-01-25,,ELIGIBLE
FDX20258373173,CUST768480,Clements-Johnson,Small,2026-01-09,25578,94632,44172,2026-01-19,10,7,2026-01-26,,IN_GRACE
FDX20257851404,CUST525942,Trujillo and Sons,Small,2026-01-13,47744,199296,95356,2026-01-23,10,7,2026-01-30,,ELIGIBLE
FDX20255266545,CUST480959,Yates Inc,Small,2026-01-13,23809,110425,73702,2026-01-23,10,7,2026-01-30,,IN_GRACE
FDX20251938272,CUST638009,Murray-Beltran,Small,2026-01-12,2792,7093,2798,2026-01-22,10,7,2026-01-29,2026-01-29,RESOLVED_IN_GRACE
FDX20259226851,CUST940010,Navarro-Walker,Small,2026-01-08,23365,122782,93841,2026-01-18,10,7,2026-01-25,2026-01-20,RESOLVED_IN_GRACE
FDX20259950140,CUST886325,Chan-Hill,Small,2026-01-06,28190,156112,107586,2026-01-16,10,7,2026-01-23,,ELIGIBLE
FDX20257286506,CUST812413,Clark-Garcia,Small,2026-01-05,4526,22747,11261,2026-01-15,10,7,2026-01-22,2026-01-16,RESOLVED_IN_GRACE
FDX20252895176,CUST267758,Burton-Garcia,Small,2026-01-09,14750,54482,19545,2026-01-19,10,7,2026-01-26,2026-01-26,RESOLVED_IN_GRACE
FDX20256309820,CUST132653,Phillips-Lee,Mid,2025-12-23,17614,97893,70784,2026-01-07,15,12,2026-01-19,2026-01-13,RESOLVED_IN_GRACE
FDX20258109870,CUST249715,Warner-George,Mid,2026-01-01,44376,160497,60761,2026-01-16,15,12,2026-01-28,,ELIGIBLE
FDX20258966730,CUST989894,Harrell-Parks,Mid,2025-12-24,40055,235293,124773,2026-01-08,15,12,2026-01-20,,ELIGIBLE
FDX20255133011,CUST737086,Floyd Inc,Small,2026-01-02,29921,170782,170457,2026-01-12,10,7,2026-01-19,,ELIGIBLE
FDX20255659599,CUST811027,Silva-Singleton,Small,2025-12-29,18995,105657,76822,2026-01-08,10,7,2026-01-15,,ELIGIBLE
FDX20253431212,CUST919264,George-Palmer,Small,2026-01-02,55001,144740,120318,2026-01-12,10,7,2026-01-19,2026-01-19,RESOLVED_IN_GRACE
FDX20257090096,CUST559457,Floyd-Mosley,Mid,2025-12-30,4351,17859,5071,2026-01-14,15,12,2026-01-26,,ELIGIBLE
FDX20258972898,CUST136489,Hall-Miles,Large,2025-12-03,3131,15998,7593,2025-12-28,25,20,2026-01-17,,ELIGIBLE
FDX20257169641,CUST232361,Cole-Turner,Small,2026-01-06,26228,78587,44446,2026-01-16,10,7,2026-01-23,,ELIGIBLE
FDX20256170258,CUST170499,Brennan PLC,Small,2025-12-29,53088,195533,117974,2026-01-08,10,7,2026-01-15,2026-01-15,RESOLVED_IN_GRACE
FDX20251353566,CUST347459,Jenkins-Banks,Mid,2025-12-29,30672,80793,34006,2026-01-13,15,12,2026-01-25,,ELIGIBLE
FDX20251584005,CUST916332,Stevens-Collier,Small,2025-12-22,52875,205004,73674,2026-01-01,10,7,2026-01-08,,ELIGIBLE
FDX20251917249,CUST776502,Ford-Daniels,Mid,2026-01-02,49313,251260,130281,2026-01-17,15,12,2026-01-29,,ELIGIBLE
FDX20255021093,CUST484123,"Anderson, Patterson and Park",Mid,2025-12-22,59940,224223,111575,2026-01-06,15,12,2026-01-18,,ELIGIBLE
FDX20255244348,CUST479742,Rodriguez Inc,Small,2026-01-08,26896,140616,84263,2026-01-18,10,7,2026-01-25,2026-01-19,RESOLVED_IN_GRACE
FDX20257454030,CUST501451,Vega-Brown,Small,2026-01-11,44774,211963,107259,2026-01-21,10,7,2026-01-28,2026-01-26,RESOLVED_IN_GRACE
FDX20256188664,CUST694799,Coleman-Torres,Mid,2025-12-17,47541,239027,162009,2026-01-01,15,12,2026-01-13,,ELIGIBLE
FDX20257087698,CUST133958,Ortiz Ltd,Large,2025-12-05,13719,39496,25442,2025-12-30,25,20,2026-01-19,2026-01-15,RESOLVED_IN_GRACE
FDX20253047722,CUST734487,Bailey-Butler,Mega,2025-12-01,47891,248123,126809,2026-01-05,35,30,2026-02-04,,ELIGIBLE
FDX20259974312,CUST260891,Graham-Young,Small,2026-01-06,56055,141765,98657,2026-01-16,10,7,2026-01-23,2026-01-19,RESOLVED_IN_GRACE
FDX20254965830,CUST812048,"Beasley, Miller and Francis",Small,2026-01-11,26053,130876,83348,2026-01-21,10,7,2026-01-28,2026-01-25,RESOLVED_IN_GRACE
FDX20258422287,CUST571778,Greene-Mitchell,Small,2026-01-02,9491,33507,19009,2026-01-12,10,7,2026-01-19,2026-01-19,RESOLVED_IN_GRACE
FDX20257517462,CUST488984,Berry-Taylor,Mid,2025-12-23,36837,187044,167770,2026-01-07,15,12,2026-01-19,,ELIGIBLE
FDX20251131971,CUST490084,Parsons Ltd,Small,2026-01-01,21659,62937,39619,2026-01-11,10,7,2026-01-18,,ELIGIBLE
FDX20257593035,CUST565504,Byrd-Martinez,Mid,2025-12-23,12663,63706,45817,2026-01-07,15,12,2026-01-19,2026-01-13,RESOLVED_IN_GRACE
FDX20255287143,CUST900152,Cox-Griffith,Small,2026-01-13,59327,209623,75978,2026-01-23,10,7,2026-01-30,2026-01-26,RESOLVED_IN_GRACE
FDX20256048065,CUST180620,Larson-Lee,Small,2026-01-04,8632,45362,41604,2026-01-14,10,7,2026-01-21,2026-01-19,RESOLVED_IN_GRACE
FDX20252514149,CUST701800,Oliver-Reed,Mid,2025-12-18,32310,103466,87132,2026-01-02,15,12,2026-01-14,,ELIGIBLE
FDX20254950370,CUST244383,Hickman-Allen,Small,2025-12-29,15081,84154,48928,2026-01-08,10,7,2026-01-15,2026-01-14,RESOLVED_IN_GRACE
FDX20255989928,CUST655178,Rivera-Valencia,Small,2026-01-14,38983,142552,49751,2026-01-24,10,7,2026-01-31,,IN_GRACE
FDX20254529699,CUST484774,Middleton Inc,Small,2026-01-13,42983,149670,60855,2026-01-23,10,7,2026-01-30,,IN_GRACE
FDX20253688166,CUST517368,Hodges-Johnson,Small,2026-01-06,14931,84103,43609,2026-01-16,10,7,2026-01-23,,IN_GRACE
FDX20258362611,CUST429657,Soto PLC,Small,2025-12-25,39264,235563,81001,2026-01-04,10,7,2026-01-11,,ELIGIBLE
FDX20256321470,CUST781113,Quinn-Wilson,Small,2025-12-27,9539,44428,11099,2026-01-06,10,7,2026-01-13,2026-01-07,RESOLVED_IN_GRACE
FDX20257816395,CUST392227,"Gallagher, Howe and Kelley",Small,2026-01-01,31713,170858,63936,2026-01-11,10,7,2026-01-18,,ELIGIBLE
FDX20251568440,CUST361736,Webb-Clark,Small,2026-01-14,15368,47504,37054,2026-01-24,10,7,2026-01-31,2026-01-30,RESOLVED_IN_GRACE
FDX20255597569,CUST218959,Hamilton-Walker,Large,2025-12-01,1940,7221,4177,2025-12-26,25,20,2026-01-15,2026-01-12,RESOLVED_IN_GRACE
FDX20252343763,CUST127172,Little-May,Mid,2025-12-22,18445,106601,64465,2026-01-06,15,12,2026-01-18,,ELIGIBLE
FDX20259249220,CUST871411,Hampton Group,Large,2025-12-08,29019,131972,92323,2026-01-02,25,20,2026-01-22,2026-01-05,RESOLVED_IN_GRACE
FDX20258903600,CUST295085,Flowers PLC,Small,2026-01-09,25314,150677,60168,2026-01-19,10,7,2026-01-26,2026-01-20,RESOLVED_IN_GRACE
FDX20257928341,CUST623285,Garrett-Green,Small,2026-01-03,49609,245829,219977,2026-01-13,10,7,2026-01-20,,ELIGIBLE
FDX20256582152,CUST642895,Anderson-Gill,Small,2025-12-24,47095,217317,149485,2026-01-03,10,7,2026-01-10,2026-01-04,RESOLVED_IN_GRACE
FDX20258086125,CUST505785,Mcfarland-Miller,Mid,2025-12-21,20944,93732,75691,2026-01-05,15,12,2026-01-17,2026-01-14,RESOLVED_IN_GRACE
FDX20252684358,CUST688956,Love-Rogers,Mid,2026-01-03,40107,160736,115700,2026-01-18,15,12,2026-01-30,,IN_GRACE
FDX20253690114,CUST223481,Gonzalez PLC,Small,2026-01-04,7039,20832,13623,2026-01-14,10,7,2026-01-21,,ELIGIBLE
FDX20255378351,CUST374492,Hahn PLC,Small,2025-12-29,46432,197375,143578,2026-01-08,10,7,2026-01-15,,ELIGIBLE
FDX20259494883,CUST912609,Ellis-Fischer,Small,2026-01-09,30347,161444,135380,2026-01-19,10,7,2026-01-26,,ELIGIBLE
FDX20252113457,CUST372933,Anderson-Fitzgerald,Large,2025-12-05,33714,187426,151710,2025-12-30,25,20,2026-01-19,,IN_GRACE
FDX20256903169,CUST838237,"Chavez, Olson and Johnson",Mid,2025-12-19,50772,231656,148405,2026-01-03,15,12,2026-01-15,,ELIGIBLE
FDX20258061035,CUST567951,Johnson-Palmer,Small,2026-01-11,55005,261724,243637,2026-01-21,10,7,2026-01-28,,ELIGIBLE
FDX20256482263,CUST324993,Wilson-Henry,Small,2026-01-13,29878,125140,82420,2026-01-23,10,7,2026-01-30,,IN_GRACE
FDX20258604470,CUST741599,Hogan-Smith,Large,2025-12-01,57947,210850,183948,2025-12-26,25,20,2026-01-15,,ELIGIBLE
FDX20251458871,CUST399449,Barker-Phillips,Small,2025-12-27,27324,74453,64164,2026-01-06,10,7,2026-01-13,2026-01-09,RESOLVED_IN_GRACE
FDX20251874073,CUST827691,Lozano and Sons,Mid,2025-12-21,9739,24898,17933,2026-01-05,15,12,2026-01-17,,ELIGIBLE
FDX20254082639,CUST615060,Davis-Mitchell,Small,2025-12-29,45488,203379,82103,2026-01-08,10,7,2026-01-15,2026-01-13,RESOLVED_IN_GRACE
FDX20258439100,CUST309902,Harper-Frank,Small,2026-01-12,30059,115890,73251,2026-01-22,10,7,2026-01-29,,ELIGIBLE
FDX20253283248,CUST228594,Gonzalez-Williams,Mega,2025-12-01,59202,232062,107710,2026-01-05,35,30,2026-02-04,,ELIGIBLE
FDX20251051603,CUST242321,Branch-Nelson,Mid,2026-01-03,6127,31406,18046,2026-01-18,15,12,2026-01-30,,ELIGIBLE
FDX20257721990,CUST994253,Haas-Vazquez,Mid,2025-12-30,5564,23331,23169,2026-01-14,15,12,2026-01-26,,ELIGIBLE
FDX20254356706,CUST177649,"Blake, Simon and Camacho",Small,2026-01-08,35539,153741,104904,2026-01-18,10,7,2026-01-25,,IN_GRACE
FDX20256126237,CUST574001,Sharp-Price,Small,2026-01-08,10305,58613,42263,2026-01-18,10,7,2026-01-25,2026-01-20,RESOLVED_IN_GRACE
FDX20256263378,CUST281043,"West, Harris and Elliott",Small,2026-01-07,32172,127693,71373,2026-01-17,10,7,2026-01-24,,ELIGIBLE
FDX20252379624,CUST848022,Burke-Garcia,Small,2026-01-13,50022,197373,87179,2026-01-23,10,7,2026-01-30,,IN_GRACE
FDX20252859388,CUST566732,"Dickerson, Chandler and Thompson",Large,2025-12-17,12419,31371,26546,2026-01-11,25,20,2026-01-31,,IN_GRACE
FDX20253647821,CUST192055,Brown-Lane,Small,2026-01-07,6546,38874,29478,2026-01-17,10,7,2026-01-24,2026-01-22,RESOLVED_IN_GRACE
FDX20255187652,CUST949884,Frank-Cordova,Mid,2025-12-24,25211,68347,52353,2026-01-08,15,12,2026-01-20,,ELIGIBLE
FDX20259663182,CUST815054,Gray-Quinn,Mid,2025-12-17,59853,308838,104461,2026-01-01,15,12,2026-01-13,2026-01-11,RESOLVED_IN_GRACE
FDX20253182597,CUST986593,Williams-Wade,Small,2026-01-01,55689,279786,178218,2026-01-11,10,7,2026-01-18,,ELIGIBLE
FDX20257883963,CUST435112,Murphy-Morton,Mid,2026-01-03,52856,310250,113715,2026-01-18,15,12,2026-01-30,,ELIGIBLE
FDX20256358628,CUST800280,Carter-Taylor,Small,2026-01-04,43793,247418,156985,2026-01-14,10,7,2026-01-21,,IN_GRACE
FDX20258574743,CUST464301,Thomas Group,Mid,2026-01-01,52953,312100,125207,2026-01-16,15,12,2026-01-28,,ELIGIBLE
FDX20259025640,CUST844007,"Copeland, Mcpherson and Villa",Small,2026-01-03,3774,10445,6886,2026-01-13,10,7,2026-01-20,2026-01-20,RESOLVED_IN_GRACE
FDX20253239922,CUST168093,Carroll-Davis,Small,2026-01-01,32888,100529,72902,2026-01-11,10,7,2026-01-18,2026-01-15,RESOLVED_IN_GRACE
FDX20255373482,CUST676713,Gonzalez-Washington,Mid,2025-12-18,57916,257981,110913,2026-01-02,15,12,2026-01-14,,ELIGIBLE
FDX20253910495,CUST668507,Evans-Smith,Small,2026-01-12,39783,109267,71994,2026-01-22,10,7,2026-01-29,2026-01-24,RESOLVED_IN_GRACE
FDX20256495887,CUST404466,Rasmussen-Camacho,Large,2025-12-17,53935,157832,87613,2026-01-11,25,20,2026-01-31,2026-01-19,RESOLVED_IN_GRACE
FDX20255727774,CUST414527,Jackson-Willis,Large,2025-12-14,5144,19216,6601,2026-01-08,25,20,2026-01-28,,ELIGIBLE
FDX20254333024,CUST992717,Hanson-Turner,Small,2025-12-26,37150,184140,86935,2026-01-05,10,7,2026-01-12,,ELIGIBLE
FDX20252415979,CUST265156,Carroll-Tyler,Small,2026-01-03,38637,159261,70332,2026-01-13,10,7,2026-01-20,,ELIGIBLE
FDX20257954096,CUST846385,Carter-Clarke,Small,2026-01-02,55291,143422,65643,2026-01-12,10,7,2026-01-19,2026-01-13,RESOLVED_IN_GRACE
FDX20257167297,CUST844031,Brennan-Pierce,Large,2025-12-14,8842,48351,42154,2026-01-08,25,20,2026-01-28,2026-01-17,RESOLVED_IN_GRACE
FDX20254051595,CUST834233,Cunningham-Hardy,Large,2025-12-09,45316,118913,97808,2026-01-03,25,20,2026-01-23,,ELIGIBLE
FDX20257601736,CUST768676,Cruz-Hernandez,Small,2025-12-22,24676,94666,90443,2026-01-01,10,7,2026-01-08,2026-01-06,RESOLVED_IN_GRACE
FDX20257330379,CUST282547,Harrison-Santiago,Large,2025-12-01,22693,101707,91252,2025-12-26,25,20,2026-01-15,,ELIGIBLE
FDX20254766269,CUST932250,"Wilkinson, Padilla and Allen",Small,2026-01-07,34146,127279,82843,2026-01-17,10,7,2026-01-24,,ELIGIBLE
FDX20251347869,CUST479052,Medina-Finley,Small,2025-12-31,10244,44585,33540,2026-01-10,10,7,2026-01-17,2026-01-12,RESOLVED_IN_GRACE
FDX20251385374,CUST633469,Greene Ltd,Mega,2025-12-01,38823,199999,66175,2026-01-05,35,30,2026-02-04,,ELIGIBLE
FDX20254837070,CUST335134,Miller-Woods,Mid,2025-12-30,24018,69851,42137,2026-01-14,15,12,2026-01-26,,ELIGIBLE
FDX20252492779,CUST227257,Ramirez-Brown,Small,2025-12-29,14139,62352,54025,2026-01-08,10,7,2026-01-15,2026-01-12,RESOLVED_IN_GRACE
FDX20258758202,CUST310743,Mcdaniel-Erickson,Small,2026-01-01,18077,67896,47884,2026-01-11,10,7,2026-01-18,,ELIGIBLE
FDX20254326354,CUST930541,Patel Ltd,Mid,2026-01-01,47867,256842,103211,2026-01-16,15,12,2026-01-28,,IN_GRACE
FDX20255391992,CUST245622,"Villarreal, Williams and Johnson",Small,2026-01-14,22299,65296,51991,2026-01-24,10,7,2026-01-31,,ELIGIBLE
FDX20253831255,CUST348235,Snyder-Harmon,Mega,2025-12-01,38978,149800,124196,2026-01-05,35,30,2026-02-04,,ELIGIBLE
FDX20251835219,CUST928766,"Carlson, Rios and Miller",Large,2025-12-04,34377,145747,127781,2025-12-29,25,20,2026-01-18,,ELIGIBLE
FDX20257728249,CUST618019,Parker-Fisher,Small,2026-01-01,7332,39849,15246,2026-01-11,10,7,2026-01-18,,ELIGIBLE
FDX20258195804,CUST127560,Carson-Williams,Mid,2025-12-12,23007,103273,75097,2025-12-27,15,12,2026-01-08,,ELIGIBLE
FDX20255364723,CUST478427,Conner PLC,Large,2025-12-01,29301,154205,85927,2025-12-26,25,20,2026-01-15,,ELIGIBLE
FDX20253504019,CUST680933,Diaz-Walker,Large,2025-12-09,58959,212262,112261,2026-01-03,25,20,2026-01-23,2026-01-21,RESOLVED_IN_GRACE
FDX20252494200,CUST700076,Sims-Haney,Mid,2025-12-26,48164,271186,141330,2026-01-10,15,12,2026-01-22,,ELIGIBLE
FDX20257172675,CUST486831,Pierce-Ramos,Large,2025-12-16,48069,260995,162721,2026-01-10,25,20,2026-01-30,2026-01-19,RESOLVED_IN_GRACE
FDX20253854188,CUST590110,Myers-Lamb,Large,2025-12-01,5975,30140,27383,2025-12-26,25,20,2026-01-15,2026-01-13,RESOLVED_IN_GRACE
FDX20252968815,CUST942700,Mckinney-Fox,Large,2025-12-10,10731,48258,36098,2026-01-04,25,20,2026-01-24,2026-01-06,RESOLVED_IN_GRACE
FDX20251236808,CUST678443,Murillo-Wagner,Small,2026-01-01,46883,149363,125526,2026-01-11,10,7,2026-01-18,,ELIGIBLE
FDX20259822092,CUST236074,Martin-Mckinney,Small,2025-12-26,41786,133521,98430,2026-01-05,10,7,2026-01-12,,IN_GRACE
FDX20258300752,CUST741674,Hernandez-Cook,Mid,2025-12-15,9948,42154,38151,2025-12-30,15,12,2026-01-11,,ELIGIBLE
FDX20258611954,CUST190403,Rodriguez-Velazquez,Small,2026-01-13,29324,152314,69500,2026-01-23,10,7,2026-01-30,2026-01-29,RESOLVED_IN_GRACE
FDX20259290445,CUST168941,Edwards-Mitchell,Small,2026-01-11,32336,136008,124568,2026-01-21,10,7,2026-01-28,,IN_GRACE
FDX20252988307,CUST424314,Cline-Taylor,Small,2026-01-13,12517,70083,25357,2026-01-23,10,7,2026-01-30,2026-01-27,RESOLVED_IN_GRACE
FDX20254766215,CUST517500,Jones-Silva,Small,2026-01-01,54040,314407,299369,2026-01-11,10,7,2026-01-18,,IN_GRACE
FDX20254408213,CUST851759,Evans-West,Small,2026-01-06,36671,128895,54678,2026-01-16,10,7,2026-01-23,2026-01-20,RESOLVED_IN_GRACE
FDX20254196800,CUST853789,Macdonald Inc,Large,2025-12-11,35920,202522,130786,2026-01-05,25,20,2026-01-25,2026-01-09,RESOLVED_IN_GRACE
FDX20255466142,CUST601916,Martin-Mitchell,Small,2025-12-27,33301,160565,93276,2026-01-06,10,7,2026-01-13,2026-01-08,RESOLVED_IN_GRACE
FDX20255831200,CUST651231,"Berg, Krueger and Reyes",Small,2025-12-24,29949,137968,103950,2026-01-03,10,7,2026-01-10,,ELIGIBLE
FDX20259290765,CUST530749,Oconnor Group,Small,2025-12-25,49137,281754,281513,2026-01-04,10,7,2026-01-11,,ELIGIBLE
FDX20257410129,CUST906527,James-Brown,Mid,2025-12-17,4685,14676,4749,2026-01-01,15,12,2026-01-13,,IN_GRACE
FDX20253184382,CUST529322,Ross-Sawyer,Large,2025-12-08,10092,57634,15143,2026-01-02,25,20,2026-01-22,,ELIGIBLE
FDX20258236157,CUST963333,Mcdaniel-Martinez,Small,2026-01-07,41261,118389,82261,2026-01-17,10,7,2026-01-24,2026-01-24,RESOLVED_IN_GRACE
FDX20254466272,CUST702826,Reyes-Ruiz,Small,2026-01-14,48705,155108,49888,2026-01-24,10,7,2026-01-31,,IN_GRACE
FDX20254616607,CUST177333,Bell-Jimenez,Large,2025-12-01,13812,69921,57092,2025-12-26,25,20,2026-01-15,2026-01-10,RESOLVED_IN_GRACE
FDX20255747402,CUST231414,Marsh-Lucero,Large,2025-12-01,11910,36384,16124,2025-12-26,25,20,2026-01-15,,ELIGIBLE
FDX20254176986,CUST432427,Mills Group,Large,2025-12-01,9639,48039,14569,2025-12-26,25,20,2026-01-15,2026-01-14,RESOLVED_IN_GRACE
FDX20258018429,CUST773540,Smith-Evans,Small,2026-01-09,4217,20928,13195,2026-01-19,10,7,2026-01-26,2026-01-22,RESOLVED_IN_GRACE
FDX20254026104,CUST177767,Calderon LLC,Large,2025-12-01,49407,223837,94370,2025-12-26,25,20,2026-01-15,2026-01-05,RESOLVED_IN_GRACE
FDX20257853897,CUST571832,Lowe-Richmond,Mid,2025-12-24,54945,326925,196849,2026-01-08,15,12,2026-01-20,,ELIGIBLE
FDX20253448514,CUST588461,Thomas-Phillips,Mid,2025-12-30,28833,162341,76771,2026-01-14,15,12,2026-01-26,2026-01-17,RESOLVED_IN_GRACE
FDX20251482732,CUST813145,Alexander-Wagner,Small,2026-01-14,3836,11127,7036,2026-01-24,10,7,2026-01-31,,ELIGIBLE
FDX20255868629,CUST642491,Young Inc,Large,2025-12-01,23558,114603,77039,2025-12-26,25,20,2026-01-15,2026-01-02,RESOLVED_IN_GRACE
FDX20255392266,CUST461249,"Abbott, Wood and Hawkins",Small,2026-01-13,42929,169141,121785,2026-01-23,10,7,2026-01-30,2026-01-25,RESOLVED_IN_GRACE
FDX20254950793,CUST234568,Mcpherson-Hoffman,Small,2025-12-25,45940,207336,55500,2026-01-04,10,7,2026-01-11,,IN_GRACE
FDX20258566133,CUST969325,"Ortiz, Cowan and King",Small,2025-12-28,35704,109662,73446,2026-01-07,10,7,2026-01-14,2026-01-09,RESOLVED_IN_GRACE
FDX20255166084,CUST918164,Booth-Guerra,Small,2025-12-28,49458,158110,99692,2026-01-07,10,7,2026-01-14,2026-01-09,RESOLVED_IN_GRACE
FDX20257201492,CUST678083,Davis-Cox,Large,2025-12-01,22670,88208,34642,2025-12-26,25,20,2026-01-15,,ELIGIBLE
FDX20258686718,CUST770872,Collier-Pearson,Mid,2025-12-21,19621,50951,27322,2026-01-05,15,12,2026-01-17,2026-01-06,RESOLVED_IN_GRACE
FDX20252438456,CUST716338,Andrade-Bowman,Mid,2026-01-02,43653,238766,125934,2026-01-17,15,12,2026-01-29,2026-01-23,RESOLVED_IN_GRACE
FDX20251173144,CUST290802,Sanders-Wright,Small,2025-12-26,57541,299906,255909,2026-01-05,10,7,2026-01-12,,IN_GRACE
FDX20258866528,CUST905077,"Stephens, Brewer and Melendez",Mid,2025-12-15,36040,199962,110441,2025-12-30,15,12,2026-01-11,,ELIGIBLE
FDX20253234807,CUST235300,"Blair, Walker and Bailey",Small,2026-01-05,5795,23454,11025,2026-01-15,10,7,2026-01-22,2026-01-16,RESOLVED_IN_GRACE
FDX20256423167,CUST553633,Hunter-Hardy,Mid,2025-12-27,10749,45424,30247,2026-01-11,15,12,2026-01-23,,IN_GRACE
FDX20257669861,CUST627290,Elliott-Donovan,Small,2025-12-24,13927,57526,17155,2026-01-03,10,7,2026-01-10,,IN_GRACE
FDX20254560421,CUST158104,Aguirre-Gonzalez,Small,2026-01-04,33472,120382,81847,2026-01-14,10,7,2026-01-21,2026-01-15,RESOLVED_IN_GRACE
FDX20257433986,CUST971776,Beasley-Wilson,Mid,2025-12-15,51305,285613,106973,2025-12-30,15,12,2026-01-11,2026-01-11,RESOLVED_IN_GRACE
FDX20258101643,CUST230192,Williams-Aguilar,Small,2026-01-05,58327,210501,106586,2026-01-15,10,7,2026-01-22,,ELIGIBLE
FDX20255298752,CUST643269,"Monroe, Miller and Farley",Small,2026-01-09,35283,95299,91314,2026-01-19,10,7,2026-01-26,,IN_GRACE
FDX20252225669,CUST260448,"Alvarez, Ramirez and Roberts",Large,2025-12-14,39789,221534,46196,2026-01-08,25,20,2026-01-28,,ELIGIBLE
FDX20252598523,CUST418897,"Ward, Morris and Juarez",Small,2025-12-24,10656,44006,28339,2026-01-03,10,7,2026-01-10,2026-01-04,RESOLVED_IN_GRACE
FDX20251985700,CUST272655,Walters-Cardenas,Mega,2025-12-01,21310,79779,26948,2026-01-05,35,30,2026-02-04,,ELIGIBLE
FDX20251874304,CUST269834,Mcdaniel PLC,Mid,2025-12-26,3076,17843,3273,2026-01-10,15,12,2026-01-22,,IN_GRACE
FDX20256584506,CUST438334,Williams-Chen,Small,2025-12-25,32174,143902,44782,2026-01-04,10,7,2026-01-11,2026-01-10,RESOLVED_IN_GRACE
FDX20254939985,CUST843788,Swanson-Harmon,Small,2026-01-11,38020,140634,68901,2026-01-21,10,7,2026-01-28,,ELIGIBLE
FDX20258900934,CUST336422,"Pennington, Alexander and Reid",Mid,2025-12-15,45912,200906,109226,2025-12-30,15,12,2026-01-11,,IN_GRACE
FDX20256944195,CUST462831,Vargas-Watkins,Small,2026-01-06,9968,56964,41078,2026-01-16,10,7,2026-01-23,,ELIGIBLE
FDX20251763562,CUST644103,Rogers-Hernandez,Small,2026-01-11,42761,164734,106923,2026-01-21,10,7,2026-01-28,,ELIGIBLE
FDX20251089942,CUST397846,Brooks-Collins,Small,2025-12-29,30084,121687,75061,2026-01-08,10,7,2026-01-15,,ELIGIBLE
FDX20255255656,CUST987025,Mueller Inc,Large,2025-12-14,18359,74787,44431,2026-01-08,25,20,2026-01-28,,ELIGIBLE
FDX20259464810,CUST182690,Taylor-Parker,Small,2026-01-11,5751,28715,9921,2026-01-21,10,7,2026-01-28,,ELIGIBLE
FDX20257391073,CUST362778,Krueger-Sanders,Small,2025-12-22,30585,123250,92951,2026-01-01,10,7,2026-01-08,,ELIGIBLE
FDX20256075231,CUST305837,Guerrero-Smith,Large,2025-12-01,16261,62773,37264,2025-12-26,25,20,2026-01-15,,IN_GRACE
FDX20257621913,CUST765905,Miller-Poole,Small,2026-01-06,21815,127598,35805,2026-01-16,10,7,2026-01-23,,ELIGIBLE
FDX20257222689,CUST677599,Giles-Robertson,Small,2026-01-06,20380,112311,33136,2026-01-16,10,7,2026-01-23,,ELIGIBLE
FDX20253218589,CUST387782,Lucas Ltd,Small,2026-01-13,13278,58730,39904,2026-01-23,10,7,2026-01-30,2026-01-27,RESOLVED_IN_GRACE
FDX20251689962,CUST231250,Dominguez-Thomas,Mid,2025-12-13,8430,32202,30821,2025-12-28,15,12,2026-01-09,,ELIGIBLE
FDX20254009366,CUST755383,Moran-Bell,Large,2025-12-04,17691,82244,31922,2025-12-29,25,20,2026-01-18,,ELIGIBLE
FDX20255366969,CUST417534,Miller-Bean,Large,2025-12-09,53839,285880,249129,2026-01-03,25,20,2026-01-23,,IN_GRACE
FDX20253849886,CUST744274,Tucker-Williamson,Small,2026-01-13,58513,179715,138102,2026-01-23,10,7,2026-01-30,,ELIGIBLE
FDX20259451467,CUST659392,Lopez-Salazar,Mega,2025-12-01,18949,70864,49270,2026-01-05,35,30,2026-02-04,2026-01-28,RESOLVED_IN_GRACE
FDX20259268480,CUST197966,Guzman-Bowers,Small,2026-01-14,4842,16654,5972,2026-01-24,10,7,2026-01-31,,ELIGIBLE
FDX20256690441,CUST626986,"Bradshaw, Estes and Long",Small,2026-01-05,24158,68111,66210,2026-01-15,10,7,2026-01-22,,ELIGIBLE
FDX20258853160,CUST772124,Gross Inc,Large,2025-12-05,7937,26647,16282,2025-12-30,25,20,2026-01-19,,ELIGIBLE
FDX20253213242,CUST276827,Gomez-Hartman,Small,2026-01-08,55928,198168,121348,2026-01-18,10,7,2026-01-25,2026-01-23,RESOLVED_IN_GRACE
FDX20252504043,CUST720556,Solis-Cooper,Small,2025-12-23,4812,26338,9976,2026-01-02,10,7,2026-01-09,2026-01-06,RESOLVED_IN_GRACE
FDX20256323702,CUST708851,Cooper-Todd,Mid,2025-12-23,42049,246573,202752,2026-01-07,15,12,2026-01-19,2026-01-18,RESOLVED_IN_GRACE
FDX20259899034,CUST261684,Bridges-Sweeney,Small,2026-01-12,59520,235454,191705,2026-01-22,10,7,2026-01-29,2026-01-24,RESOLVED_IN_GRACE
FDX20258263354,CUST279516,"Church, Johnson and Smith",Small,2026-01-12,59934,225338,176971,2026-01-22,10,7,2026-01-29,,ELIGIBLE
FDX20253378937,CUST790731,"Silva, Taylor and Davis",Small,2026-01-13,32508,106035,60717,2026-01-23,10,7,2026-01-30,2026-01-29,RESOLVED_IN_GRACE
FDX20255368887,CUST754813,Caldwell-Perez,Mid,2025-12-25,59470,296778,77786,2026-01-09,15,12,2026-01-21,2026-01-12,RESOLVED_IN_GRACE
FDX20252960284,CUST855638,Alvarado-English,Small,2026-01-10,41019,113924,69992,2026-01-20,10,7,2026-01-27,,ELIGIBLE
FDX20256255791,CUST734534,Hart Inc,Mid,2025-12-29,30986,92134,76117,2026-01-13,15,12,2026-01-25,,ELIGIBLE
FDX20251740918,CUST454019,Clarke-Reed,Small,2025-12-22,40855,130879,60258,2026-01-01,10,7,2026-01-08,,ELIGIBLE
FDX20253145327,CUST983456,"Day, Wheeler and Thomas",Mid,2026-01-04,30440,121534,109011,2026-01-19,15,12,2026-01-31,,ELIGIBLE
FDX20259375364,CUST690996,Montgomery-Maldonado,Small,2026-01-06,17387,80649,63053,2026-01-16,10,7,2026-01-23,,IN_GRACE
FDX20255714408,CUST143195,Martin-Wade,Small,2025-12-27,53110,227836,135700,2026-01-06,10,7,2026-01-13,,ELIGIBLE
FDX20257049733,CUST965322,Lewis-Benitez,Small,2026-01-14,31774,166985,54720,2026-01-24,10,7,2026-01-31,,IN_GRACE
FDX20258215646,CUST129751,Gonzalez-Phillips,Small,2026-01-12,20362,74597,25885,2026-01-22,10,7,2026-01-29,,ELIGIBLE
FDX20255746702,CUST185168,Jenkins-Sanchez,Small,2026-01-12,53258,156625,108494,2026-01-22,10,7,2026-01-29,,ELIGIBLE
FDX20255416038,CUST147670,Daniel-Hull,Small,2025-12-29,45628,163083,68863,2026-01-08,10,7,2026-01-15,,ELIGIBLE
FDX20255425123,CUST772612,Stevens-Baldwin,Large,2025-12-08,3701,20822,16532,2026-01-02,25,20,2026-01-22,,IN_GRACE
FDX20259673362,CUST908475,Jones-Wong,Mid,2025-12-31,57623,315353,246797,2026-01-15,15,12,2026-01-27,2026-01-26,RESOLVED_IN_GRACE
FDX20256251441,CUST704788,"Powell, Marshall and Ponce",Small,2026-01-13,22812,135416,34456,2026-01-23,10,7,2026-01-30,2026-01-24,RESOLVED_IN_GRACE
FDX20258311097,CUST377511,Jacobson-Shepard,Mid,2026-01-01,1752,10254,6275,2026-01-16,15,12,2026-01-28,2026-01-21,RESOLVED_IN_GRACE
FDX20253767969,CUST782759,Olson-Hill,Small,2026-01-01,13924,60622,30385,2026-01-11,10,7,2026-01-18,,ELIGIBLE
FDX20256293931,CUST321048,Harris and Sons,Small,2026-01-12,58945,203877,161783,2026-01-22,10,7,2026-01-29,,IN_GRACE
FDX20259242223,CUST904214,Cox-Haynes,Mid,2025-12-24,19001,85526,51897,2026-01-08,15,12,2026-01-20,2026-01-12,RESOLVED_IN_GRACE
FDX20253537801,CUST699929,Gibbs Inc,Large,2025-12-01,55482,180744,153621,2025-12-26,25,20,2026-01-15,,ELIGIBLE
FDX20258381800,CUST536822,Blevins-Bray,Small,2026-01-03,52496,278939,264403,2026-01-13,10,7,2026-01-20,2026-01-20,RESOLVED_IN_GRACE
FDX20251892920,CUST748133,"Saunders, Harper and Barrera",Small,2026-01-07,28920,149401,41097,2026-01-17,10,7,2026-01-24,2026-01-20,RESOLVED_IN_GRACE
FDX20254169550,CUST770030,Ryan-Mendez,Small,2025-12-26,11157,38135,33767,2026-01-05,10,7,2026-01-12,2026-01-12,RESOLVED_IN_GRACE
FDX20253493443,CUST131757,Burke-White,Mid,2025-12-19,47869,121626,55258,2026-01-03,15,12,2026-01-15,,ELIGIBLE
FDX20251915485,CUST622230,Richards-Vance,Large,2025-12-05,31868,162147,51561,2025-12-30,25,20,2026-01-19,2026-01-05,RESOLVED_IN_GRACE
FDX20254856420,CUST757629,Burgess-Gonzalez,Small,2026-01-10,59774,265154,164100,2026-01-20,10,7,2026-01-27,,ELIGIBLE
FDX20254072601,CUST672079,Rosario-Deleon,Small,2026-01-06,48541,252483,111187,2026-01-16,10,7,2026-01-23,,ELIGIBLE
FDX20251601668,CUST403742,Evans-Joyce,Mid,2025-12-26,22415,76642,52680,2026-01-10,15,12,2026-01-22,,IN_GRACE
FDX20258889444,CUST773088,Espinoza-Nelson,Large,2025-12-01,34832,93234,90352,2025-12-26,25,20,2026-01-15,2026-01-12,RESOLVED_IN_GRACE
FDX20255365833,CUST416768,Travis and Sons,Mid,2025-12-27,59335,265263,202299,2026-01-11,15,12,2026-01-23,2026-01-17,RESOLVED_IN_GRACE
FDX20253743996,CUST606404,Anderson-Romero,Mid,2026-01-01,45320,239759,73218,2026-01-16,15,12,2026-01-28,2026-01-17,RESOLVED_IN_GRACE
FDX20258837188,CUST356773,Banks-Heath,Mid,2025-12-23,40925,159537,65613,2026-01-07,15,12,2026-01-19,2026-01-16,RESOLVED_IN_GRACE
FDX20258322078,CUST943776,"Haas, Thomas and Knight",Large,2025-12-12,50691,224279,107850,2026-01-06,25,20,2026-01-26,,ELIGIBLE
FDX20252946560,CUST946567,Jackson-Hernandez,Small,2025-12-25,4088,10453,4445,2026-01-04,10,7,2026-01-11,2026-01-09,RESOLVED_IN_GRACE
FDX20259303225,CUST818264,Mullen-White,Mid,2025-12-29,4343,25594,6308,2026-01-13,15,12,2026-01-25,,ELIGIBLE
FDX20251684371,CUST525818,Martinez-Green,Small,2026-01-13,45120,223685,100617,2026-01-23,10,7,2026-01-30,,ELIGIBLE
FDX20258407471,CUST411882,Davis-Shepherd,Large,2025-12-01,43058,144479,87898,2025-12-26,25,20,2026-01-15,,ELIGIBLE
FDX20256981414,CUST575575,Richards-Wong,Small,2026-01-11,35216,183838,146398,2026-01-21,10,7,2026-01-28,2026-01-27,RESOLVED_IN_GRACE
FDX20259140297,CUST176517,Benjamin Ltd,Mid,2025-12-12,32684,140160,76030,2025-12-27,15,12,2026-01-08,,ELIGIBLE
FDX20258679933,CUST822063,Lopez-Cole,Small,2026-01-12,20091,102981,68545,2026-01-22,10,7,2026-01-29,,ELIGIBLE
FDX20259270975,CUST162823,"Benton, Ruiz and Taylor",Small,2026-01-02,37644,202424,69257,2026-01-12,10,7,2026-01-19,2026-01-16,RESOLVED_IN_GRACE
FDX20252887283,CUST265759,Porter-Nguyen,Small,2026-01-09,12359,67121,55486,2026-01-19,10,7,2026-01-26,2026-01-22,RESOLVED_IN_GRACE
FDX20253483929,CUST560959,Green Ltd,Mid,2025-12-26,31811,165277,39101,2026-01-10,15,12,2026-01-22,2026-01-14,RESOLVED_IN_GRACE
FDX20253074573,CUST535810,Mccall-Flores,Small,2025-12-24,20459,87089,75660,2026-01-03,10,7,2026-01-10,,ELIGIBLE
FDX20256865386,CUST607774,Li-Mcclain,Small,2026-01-01,43293,165011,72157,2026-01-11,10,7,2026-01-18,,IN_GRACE
FDX20252569976,CUST587002,Blevins PLC,Small,2025-12-29,13546,80509,51169,2026-01-08,10,7,2026-01-15,,ELIGIBLE
FDX20254418084,CUST313933,Henson-Young,Large,2025-12-13,55242,237337,147964,2026-01-07,25,20,2026-01-27,,ELIGIBLE
FDX20255766683,CUST456717,Young-Miller,Mid,2025-12-23,44000,218294,182506,2026-01-07,15,12,2026-01-19,2026-01-12,RESOLVED_IN_GRACE
FDX20254030887,CUST736129,Melendez and Sons,Small,2025-12-31,55391,155531,99193,2026-01-10,10,7,2026-01-17,,ELIGIBLE
FDX20253823521,CUST250647,Orozco-Gaines,Small,2025-12-22,20943,106203,47248,2026-01-01,10,7,2026-01-08,2026-01-04,RESOLVED_IN_GRACE
FDX20259535203,CUST427766,Ramirez-Hatfield,Mid,2026-01-01,9435,54096,29922,2026-01-16,15,12,2026-01-28,2026-01-24,RESOLVED_IN_GRACE
FDX20255576682,CUST853258,Brown-Robertson,Small,2026-01-10,14870,57725,19325,2026-01-20,10,7,2026-01-27,2026-01-27,RESOLVED_IN_GRACE
FDX20254563416,CUST434827,"Keller, Hooper and Bonilla",Small,2026-01-02,35229,136103,49414,2026-01-12,10,7,2026-01-19,2026-01-19,RESOLVED_IN_GRACE
FDX20251069218,CUST869864,Weiss-Molina,Mid,2025-12-25,49281,254194,153059,2026-01-09,15,12,2026-01-21,,ELIGIBLE
FDX20259825074,CUST462147,Weber-Vance,Mid,2025-12-26,38782,198301,132885,2026-01-10,15,12,2026-01-22,,ELIGIBLE
FDX20254029442,CUST518084,Barron PLC,Mid,2026-01-02,47613,267489,142228,2026-01-17,15,12,2026-01-29,2026-01-27,RESOLVED_IN_GRACE
FDX20257986351,CUST237118,Greene-Hendrix,Small,2025-12-23,28264,113547,82244,2026-01-02,10,7,2026-01-09,,IN_GRACE
FDX20252289085,CUST897615,Salazar Group,Mid,2025-12-25,2326,6157,5543,2026-01-09,15,12,2026-01-21,,ELIGIBLE
FDX20255129836,CUST488539,Anderson-Rodriguez,Small,2026-01-09,43480,168643,135930,2026-01-19,10,7,2026-01-26,,ELIGIBLE
FDX20259356912,CUST639995,Johnson-Duncan,Mid,2026-01-01,15847,68957,64602,2026-01-16,15,12,2026-01-28,,IN_GRACE
FDX20252582179,CUST688933,Thompson-Craig,Mid,2025-12-24,22129,75434,34078,2026-01-08,15,12,2026-01-20,,IN_GRACE
FDX20256513962,CUST211341,"Frye, Spencer and Chang",Mid,2025-12-13,38814,200624,110129,2025-12-28,15,12,2026-01-09,,IN_GRACE
FDX20251435572,CUST434617,Macias-Stewart,Mega,2025-12-01,35305,121854,118853,2026-01-05,35,30,2026-02-04,,ELIGIBLE
FDX20255769447,CUST353480,Green-Sanchez,Small,2026-01-07,10653,32417,10938,2026-01-17,10,7,2026-01-24,,ELIGIBLE
FDX20253046668,CUST589131,Nicholson-Tate,Mid,2025-12-27,38459,138026,62577,2026-01-11,15,12,2026-01-23,,IN_GRACE
FDX20257613071,CUST228473,Roberts-Morris,Small,2025-12-25,59650,182648,102388,2026-01-04,10,7,2026-01-11,2026-01-05,RESOLVED_IN_GRACE
FDX20257267268,CUST380464,Mathis-Henry,Mid,2025-12-26,49495,193353,138233,2026-01-10,15,12,2026-01-22,,ELIGIBLE
FDX20252779557,CUST571435,Sawyer and Sons,Mid,2025-12-30,24642,124513,101695,2026-01-14,15,12,2026-01-26,2026-01-25,RESOLVED_IN_GRACE
FDX20256428072,CUST359961,Hodges-Gaines,Mid,2025-12-23,25634,90032,55332,2026-01-07,15,12,2026-01-19,2026-01-18,RESOLVED_IN_GRACE
FDX20253579924,CUST247720,Dunn-White,Large,2025-12-01,10049,40185,25930,2025-12-26,25,20,2026-01-15,2026-01-08,RESOLVED_IN_GRACE
FDX20251484433,CUST201514,Newton-Gonzalez,Mega,2025-12-01,28580,77357,46472,2026-01-05,35,30,2026-02-04,,ELIGIBLE
FDX20252360015,CUST153063,Robinson-Acevedo,Mid,2025-12-31,6093,24562,10809,2026-01-15,15,12,2026-01-27,2026-01-22,RESOLVED_IN_GRACE
FDX20258721431,CUST404309,"Vincent, Torres and Bishop",Small,2026-01-02,21612,82079,25374,2026-01-12,10,7,2026-01-19,2026-01-14,RESOLVED_IN_GRACE
FDX20259050632,CUST502810,Ali-Lopez,Large,2025-12-08,42055,228833,54176,2026-01-02,25,20,2026-01-22,,ELIGIBLE
FDX20258617787,CUST745270,Patton Inc,Mid,2025-12-16,37225,103217,66149,2025-12-31,15,12,2026-01-12,2026-01-08,RESOLVED_IN_GRACE
FDX20255518413,CUST538446,Long Inc,Small,2026-01-12,11674,40911,31018,2026-01-22,10,7,2026-01-29,2026-01-27,RESOLVED_IN_GRACE
FDX20251097397,CUST360330,"Bush, Washington and Suarez",Mid,2025-12-21,10854,35121,11382,2026-01-05,15,12,2026-01-17,,IN_GRACE
FDX20256526866,CUST267457,Dawson and Sons,Small,2026-01-06,42127,157828,89536,2026-01-16,10,7,2026-01-23,,ELIGIBLE
FDX20251735630,CUST952993,Mayo-Gross,Small,2026-01-11,43336,147295,84151,2026-01-21,10,7,2026-01-28,,ELIGIBLE
FDX20258601790,CUST443341,Gilbert-Berry,Mid,2025-12-12,59990,325919,159705,2025-12-27,15,12,2026-01-08,2026-01-06,RESOLVED_IN_GRACE
FDX20256451176,CUST705748,Willis-Williams,Mega,2025-12-01,11515,39678,31416,2026-01-05,35,30,2026-02-04,,IN_GRACE
FDX20253169632,CUST856157,Johnson-Hall,Small,2025-12-27,43309,205076,51943,2026-01-06,10,7,2026-01-13,,ELIGIBLE
FDX20254546147,CUST427905,Simmons-Casey,Small,2025-12-25,7198,41466,27226,2026-01-04,10,7,2026-01-11,,ELIGIBLE
FDX20251816752,CUST299055,Obrien Group,Small,2025-12-25,38709,200088,73596,2026-01-04,10,7,2026-01-11,,ELIGIBLE
FDX20255747180,CUST900190,Rodriguez-Hill,Small,2025-12-27,38003,163243,41355,2026-01-06,10,7,2026-01-13,,ELIGIBLE
FDX20256421907,CUST267082,Edwards-Erickson,Large,2025-12-01,31703,184804,145084,2025-12-26,25,20,2026-01-15,,ELIGIBLE
FDX20251931723,CUST622469,Brown-Castaneda,Mid,2025-12-24,45859,269743,258192,2026-01-08,15,12,2026-01-20,,ELIGIBLE
FDX20252186553,CUST639728,Ward-Carroll,Small,2026-01-13,23023,83527,62571,2026-01-23,10,7,2026-01-30,,ELIGIBLE
FDX20257398678,CUST589491,Price-Combs,Small,2025-12-30,5067,27997,22712,2026-01-09,10,7,2026-01-16,,ELIGIBLE
FDX20252552748,CUST622987,"Johnson, Mclean and Marsh",Small,2025-12-26,15421,81755,53963,2026-01-05,10,7,2026-01-12,2026-01-12,RESOLVED_IN_GRACE
FDX20257691735,CUST423528,Stevens-Bauer,Large,2025-12-03,34191,138282,94209,2025-12-28,25,20,2026-01-17,,IN_GRACE
FDX20255280939,CUST621530,Floyd-Horton,Mid,2025-12-23,46525,122615,53117,2026-01-07,15,12,2026-01-19,,ELIGIBLE
FDX20253986525,CUST124302,Deleon Ltd,Small,2026-01-02,30224,141853,50648,2026-01-12,10,7,2026-01-19,2026-01-15,RESOLVED_IN_GRACE
FDX20255027876,CUST194423,Baker-Jenkins,Mid,2025-12-25,21386,105794,77870,2026-01-09,15,12,2026-01-21,,ELIGIBLE
FDX20257692721,CUST512344,Duncan-Greene,Small,2026-01-13,27198,117446,106832,2026-01-23,10,7,2026-01-30,,ELIGIBLE
FDX20252496331,CUST629996,Hubbard-Waters,Small,2025-12-28,21724,127973,50819,2026-01-07,10,7,2026-01-14,2026-01-11,RESOLVED_IN_GRACE
FDX20251344134,CUST579441,Santana PLC,Small,2025-12-23,46345,117139,86885,2026-01-02,10,7,2026-01-09,,ELIGIBLE
FDX20254493397,CUST352422,Alvarado-Martinez,Mid,2025-12-14,15286,72165,42055,2025-12-29,15,12,2026-01-10,2026-01-07,RESOLVED_IN_GRACE
FDX20253733691,CUST325595,Lane-Blankenship,Large,2025-12-01,11905,53091,12979,2025-12-26,25,20,2026-01-15,,ELIGIBLE
FDX20257517997,CUST711680,Montes Group,Mid,2025-12-18,36193,133339,80153,2026-01-02,15,12,2026-01-14,,ELIGIBLE
FDX20257751088,CUST470037,Armstrong-Hendricks,Mid,2025-12-22,39463,146044,83266,2026-01-06,15,12,2026-01-18,,IN_GRACE
FDX20255780430,CUST151021,Olsen-Lawson,Mid,2026-01-04,53085,298704,165066,2026-01-19,15,12,2026-01-31,,ELIGIBLE
FDX20253585950,CUST152995,Miller-Johnson,Mega,2025-12-01,12324,68222,43566,2026-01-05,35,30,2026-02-04,,IN_GRACE
FDX20253023365,CUST395023,Jones-Grant,Small,2026-01-12,53454,181964,102868,2026-01-22,10,7,2026-01-29,,IN_GRACE
FDX20256008781,CUST618934,Chavez-Kelley,Small,2025-12-26,26424,140189,124830,2026-01-05,10,7,2026-01-12,,IN_GRACE
FDX20259235014,CUST726543,Church-Sims,Small,2025-12-27,57223,181419,84841,2026-01-06,10,7,2026-01-13,2026-01-13,RESOLVED_IN_GRACE
FDX20258253770,CUST983791,Stewart-Davila,Small,2025-12-26,52491,168648,95403,2026-01-05,10,7,2026-01-12,,ELIGIBLE
FDX20256202636,CUST786041,Robbins LLC,Mid,2026-01-01,30855,173397,72493,2026-01-16,15,12,2026-01-28,,ELIGIBLE
FDX20253202624,CUST805188,"Yang, Smith and Gallagher",Mid,2025-12-14,33471,115795,73339,2025-12-29,15,12,2026-01-10,,IN_GRACE
FDX20257023763,CUST593446,"Avery, Miller and Garner",Mid,2026-01-04,48544,229591,190179,2026-01-19,15,12,2026-01-31,2026-01-31,RESOLVED_IN_GRACE
FDX20252612483,CUST399628,Hamilton-Miller,Small,2025-12-25,41197,146415,103269,2026-01-04,10,7,2026-01-11,,IN_GRACE
FDX20257164902,CUST662761,Moore-Warren,Mid,2026-01-01,5094,21598,20413,2026-01-16,15,12,2026-01-28,2026-01-19,RESOLVED_IN_GRACE
FDX20259600893,CUST108574,Flores-Fletcher,Large,2025-12-01,14111,79315,58671,2025-12-26,25,20,2026-01-15,2026-01-03,RESOLVED_IN_GRACE
FDX20254353283,CUST988324,"Figueroa, Moore and Gardner",Large,2025-12-01,18101,87066,51053,2025-12-26,25,20,2026-01-15,,ELIGIBLE
FDX20259214511,CUST212718,Allen-Lowe,Mid,2025-12-12,58859,259979,167960,2025-12-27,15,12,2026-01-08,,ELIGIBLE
FDX20258473283,CUST551860,Gregory-Dominguez,Mega,2025-12-01,27567,82726,30579,2026-01-05,35,30,2026-02-04,,ELIGIBLE
FDX20257511061,CUST240440,Carrillo-Thomas,Small,2026-01-12,24662,74779,44208,2026-01-22,10,7,2026-01-29,,IN_GRACE
FDX20258993331,CUST377319,Burns-Brown,Mega,2025-12-01,40788,203245,63577,2026-01-05,35,30,2026-02-04,,ELIGIBLE
FDX20255504336,CUST862847,Ware Group,Mid,2026-01-02,37338,99662,62138,2026-01-17,15,12,2026-01-29,,ELIGIBLE
FDX20258097946,CUST483545,Miller-Vazquez,Small,2025-12-27,58522,280837,162293,2026-01-06,10,7,2026-01-13,,ELIGIBLE
FDX20252513679,CUST900961,Hatfield Group,Small,2025-12-25,12562,64314,48534,2026-01-04,10,7,2026-01-11,,ELIGIBLE
FDX20258088983,CUST522842,Moore-Becker,Small,2025-12-27,26804,135161,117951,2026-01-06,10,7,2026-01-13,,IN_GRACE
FDX20257177975,CUST483713,Bailey-Brown,Small,2026-01-10,35695,150955,116445,2026-01-20,10,7,2026-01-27,2026-01-22,RESOLVED_IN_GRACE
FDX20254126532,CUST147440,Odonnell Inc,Large,2025-12-03,19315,81131,58903,2025-12-28,25,20,2026-01-17,,ELIGIBLE
FDX20258283088,CUST520040,Curtis-Williams,Mid,2025-12-31,18199,103790,20690,2026-01-15,15,12,2026-01-27,,IN_GRACE
FDX20258147380,CUST153642,Morales-Hull,Small,2026-01-12,50908,191707,145339,2026-01-22,10,7,2026-01-29,2026-01-23,RESOLVED_IN_GRACE
FDX20252559399,CUST697983,Ramos-Williamson,Small,2026-01-12,35587,144966,117059,2026-01-22,10,7,2026-01-29,,IN_GRACE
FDX20251678438,CUST689107,Carter-Spencer,Small,2026-01-10,47852,204567,157189,2026-01-20,10,7,2026-01-27,,ELIGIBLE
FDX20259612440,CUST304110,"Huang, Johnson and Gonzalez",Mid,2025-12-31,53928,157542,84015,2026-01-15,15,12,2026-01-27,,ELIGIBLE
FDX20256733527,CUST480133,Miller-Rojas,Small,2026-01-05,45226,191628,116810,2026-01-15,10,7,2026-01-22,,ELIGIBLE
FDX20258776656,CUST680096,Manning-Anderson,Small,2026-01-02,4583,25384,22980,2026-01-12,10,7,2026-01-19,,ELIGIBLE
FDX20254761958,CUST402620,Lewis-Ford,Mid,2025-12-26,36904,122125,67749,2026-01-10,15,12,2026-01-22,2026-01-12,RESOLVED_IN_GRACE
FDX20253601637,CUST177103,Mitchell-Miller,Mid,2025-12-25,37181,125402,108543,2026-01-09,15,12,2026-01-21,,IN_GRACE
FDX20259310128,CUST505116,Reed-Fox,Small,2026-01-05,3312,10267,6548,2026-01-15,10,7,2026-01-22,2026-01-20,RESOLVED_IN_GRACE
FDX20259846268,CUST628750,Gonzalez-Gomez,Mid,2026-01-03,50075,175155,85183,2026-01-18,15,12,2026-01-30,,IN_GRACE
FDX20259802632,CUST572230,Conner-Baker,Small,2026-01-13,32230,135733,108987,2026-01-23,10,7,2026-01-30,,ELIGIBLE
FDX20252408784,CUST901535,Bennett-Caldwell,Mid,2026-01-04,5964,19340,16538,2026-01-19,15,12,2026-01-31,,ELIGIBLE
FDX20255877187,CUST676566,"Glass, Hughes and Farrell",Mid,2025-12-18,56063,193500,185551,2026-01-02,15,12,2026-01-14,2026-01-10,RESOLVED_IN_GRACE
FDX20258855414,CUST393308,Webb-Woods,Mid,2025-12-17,40983,167390,123773,2026-01-01,15,12,2026-01-13,2026-01-11,RESOLVED_IN_GRACE
FDX20258337608,CUST965401,Burke-Gutierrez,Small,2025-12-23,37612,94648,43579,2026-01-02,10,7,2026-01-09,,IN_GRACE
FDX20252328472,CUST753516,Lindsey-Taylor,Mid,2025-12-12,52349,307412,282159,2025-12-27,15,12,2026-01-08,,ELIGIBLE
FDX20259012989,CUST813449,Murray-Pittman,Small,2025-12-29,11838,40077,38045,2026-01-08,10,7,2026-01-15,,ELIGIBLE
FDX20256039762,CUST740725,Edwards-Hull,Small,2026-01-02,3322,9562,6480,2026-01-12,10,7,2026-01-19,,ELIGIBLE
FDX20253493203,CUST224582,"Burch, Chang and Lee",Small,2025-12-25,15594,45263,32016,2026-01-04,10,7,2026-01-11,,ELIGIBLE
FDX20253143956,CUST234913,Dawson-Williams,Mid,2025-12-15,51594,225208,98879,2025-12-30,15,12,2026-01-11,,ELIGIBLE
FDX20256040020,CUST201377,Kemp-Sandoval,Large,2025-12-14,3536,8936,8673,2026-01-08,25,20,2026-01-28,,ELIGIBLE
FDX20255171713,CUST513037,Heath-Mejia,Mid,2025-12-13,11545,44620,18059,2025-12-28,15,12,2026-01-09,2026-01-03,RESOLVED_IN_GRACE
FDX20259776028,CUST491326,Evans-Golden,Mid,2025-12-17,11455,42809,13853,2026-01-01,15,12,2026-01-13,,ELIGIBLE
FDX20258176148,CUST933510,Galvan-Baker,Small,2026-01-06,14269,51555,40154,2026-01-16,10,7,2026-01-23,,ELIGIBLE
FDX20255957359,CUST455556,Jones-Foster,Small,2025-12-26,43256,164986,132239,2026-01-05,10,7,2026-01-12,,IN_GRACE
FDX20251800747,CUST684929,Best-Chan,Mid,2025-12-22,5862,24193,6021,2026-01-06,15,12,2026-01-18,2026-01-16,RESOLVED_IN_GRACE
FDX20252284002,CUST483366,Fitzgerald-Mccullough,Small,2026-01-13,37761,140915,48187,2026-01-23,10,7,2026-01-30,,ELIGIBLE
FDX20251756566,CUST891638,Wright-Rodriguez,Small,2025-12-29,12507,63054,15488,2026-01-08,10,7,2026-01-15,2026-01-10,RESOLVED_IN_GRACE
FDX20259613666,CUST251275,Mcdowell Group,Large,2025-12-15,17517,51800,45464,2026-01-09,25,20,2026-01-29,,ELIGIBLE
FDX20252805768,CUST308727,Wilson-Little,Small,2025-12-22,33213,107581,37795,2026-01-01,10,7,2026-01-08,,ELIGIBLE
FDX20259567311,CUST731728,Sullivan-White,Mid,2025-12-25,56140,169814,80117,2026-01-09,15,12,2026-01-21,2026-01-19,RESOLVED_IN_GRACE
FDX20258128865,CUST633853,Parker-Byrd,Small,2025-12-22,24285,139931,26666,2026-01-01,10,7,2026-01-08,2026-01-08,RESOLVED_IN_GRACE
FDX20257929315,CUST520884,Mccarthy-Cox,Mid,2026-01-03,17548,50271,39276,2026-01-18,15,12,2026-01-30,,ELIGIBLE
FDX20252585184,CUST624369,Harris-Navarro,Mega,2025-12-01,52177,250110,179567,2026-01-05,35,30,2026-02-04,,ELIGIBLE
FDX20258795642,CUST142210,Smith-Baker,Small,2026-01-08,43154,191823,147710,2026-01-18,10,7,2026-01-25,,ELIGIBLE
FDX20255251016,CUST147504,Clark-Hill,Small,2026-01-08,39202,101607,39713,2026-01-18,10,7,2026-01-25,2026-01-24,RESOLVED_IN_GRACE
FDX20256963589,CUST140804,Williams-Pena,Small,2025-12-28,1873,10336,3596,2026-01-07,10,7,2026-01-14,,ELIGIBLE
FDX20255275844,CUST243693,Brown-Taylor,Small,2026-01-02,44501,263776,211972,2026-01-12,10,7,2026-01-19,2026-01-19,RESOLVED_IN_GRACE
FDX20252371865,CUST848255,Espinoza-Hale,Mid,2025-12-12,50565,147169,111240,2025-12-27,15,12,2026-01-08,,ELIGIBLE
FDX20259446398,CUST449218,Perry-Lawson,Mid,2025-12-30,26155,110312,54016,2026-01-14,15,12,2026-01-26,,ELIGIBLE
FDX20251272943,CUST943019,"Harrell, Robles and Davis",Small,2026-01-06,55293,183888,178371,2026-01-16,10,7,2026-01-23,,ELIGIBLE
FDX20252911520,CUST596756,Tate-Johnson,Small,2026-01-01,20769,92411,90184,2026-01-11,10,7,2026-01-18,,ELIGIBLE
FDX20258765820,CUST644559,Johnston-Larson,Small,2026-01-10,17127,59671,31460,2026-01-20,10,7,2026-01-27,,ELIGIBLE
FDX20254012385,CUST579187,"Orozco, Campbell and Maddox",Small,2026-01-14,52890,266000,256868,2026-01-24,10,7,2026-01-31,2026-01-28,RESOLVED_IN_GRACE
FDX20254056945,CUST256175,Thompson-Rodriguez,Large,2025-12-13,8953,34595,11336,2026-01-07,25,20,2026-01-27,,ELIGIBLE
FDX20257592730,CUST735710,Singleton-Rivers,Mid,2025-12-16,21987,92280,86580,2025-12-31,15,12,2026-01-12,,ELIGIBLE
FDX20251759315,CUST640546,Stone-Hardin,Small,2025-12-27,21452,110693,102560,2026-01-06,10,7,2026-01-13,2026-01-07,RESOLVED_IN_GRACE
FDX20252397383,CUST246570,Barron-Gomez,Mid,2026-01-01,8942,37598,29466,2026-01-16,15,12,2026-01-28,,ELIGIBLE
FDX20257983542,CUST443897,Williams-Porter,Large,2025-12-01,5339,31449,20156,2025-12-26,25,20,2026-01-15,,ELIGIBLE
FDX20255993696,CUST742848,Bell-Turner,Large,2025-12-17,2207,6609,6160,2026-01-11,25,20,2026-01-31,,ELIGIBLE
FDX20256267145,CUST434002,Sheppard-Young,Small,2025-12-24,10716,61723,22930,2026-01-03,10,7,2026-01-10,2026-01-04,RESOLVED_IN_GRACE
FDX20258633602,CUST270395,Barrett-Porter,Small,2025-12-27,56797,208711,70750,2026-01-06,10,7,2026-01-13,,IN_GRACE
FDX20258548873,CUST512042,Young-Scott,Small,2026-01-08,4553,21593,12332,2026-01-18,10,7,2026-01-25,2026-01-24,RESOLVED_IN_GRACE
FDX20255447210,CUST746447,Patton-Castillo,Mega,2025-12-01,49523,260036,52058,2026-01-05,35,30,2026-02-04,2026-02-02,RESOLVED_IN_GRACE
FDX20256726640,CUST875232,Bush LLC,Mid,2025-12-18,58488,289171,249090,2026-01-02,15,12,2026-01-14,2026-01-06,RESOLVED_IN_GRACE
FDX20254140556,CUST983532,Wright-Johnson,Small,2026-01-10,20048,65066,31760,2026-01-20,10,7,2026-01-27,2026-01-27,RESOLVED_IN_GRACE
FDX20254541139,CUST413769,Jones-Taylor,Small,2026-01-09,14928,48312,22350,2026-01-19,10,7,2026-01-26,2026-01-23,RESOLVED_IN_GRACE
FDX20254105251,CUST722565,Barrett-Wheeler,Mid,2025-12-13,45151,116184,48428,2025-12-28,15,12,2026-01-09,,IN_GRACE
FDX20252312322,CUST452713,Weber-Morales,Small,2026-01-14,26053,143814,140142,2026-01-24,10,7,2026-01-31,,IN_GRACE
FDX20255350628,CUST631958,Taylor-Clark,Mid,2025-12-29,48042,176385,71366,2026-01-13,15,12,2026-01-25,,ELIGIBLE
FDX20252783932,CUST968524,"Cooke, Butler and Perez",Large,2025-12-15,18886,57186,54693,2026-01-09,25,20,2026-01-29,,IN_GRACE
FDX20258277938,CUST634473,"Chambers, Compton and Lewis",Small,2025-12-31,16798,51093,39755,2026-01-10,10,7,2026-01-17,2026-01-12,RESOLVED_IN_GRACE
FDX20259965341,CUST658198,"Livingston, Jenkins and Meyer",Mid,2025-12-18,48122,238497,148885,2026-01-02,15,12,2026-01-14,,IN_GRACE
FDX20251300567,CUST613641,Pope-Hammond,Small,2025-12-27,11997,53646,21667,2026-01-06,10,7,2026-01-13,,ELIGIBLE
FDX20251098097,CUST843167,"Hernandez, Chen and Martinez",Small,2025-12-26,44461,122406,65960,2026-01-05,10,7,2026-01-12,2026-01-06,RESOLVED_IN_GRACE
FDX20257625890,CUST690268,Carter-Richards,Small,2025-12-26,15933,47152,19168,2026-01-05,10,7,2026-01-12,2026-01-09,RESOLVED_IN_GRACE
FDX20252957536,CUST414353,Prince-Cook,Mid,2025-12-29,32126,154239,77519,2026-01-13,15,12,2026-01-25,2026-01-25,RESOLVED_IN_GRACE
FDX20251223214,CUST597960,Weber-Navarro,Small,2026-01-12,20514,72993,55191,2026-01-22,10,7,2026-01-29,2026-01-28,RESOLVED_IN_GRACE
FDX20253881241,CUST955374,Day Inc,Small,2026-01-02,15597,49967,40912,2026-01-12,10,7,2026-01-19,,IN_GRACE
FDX20259004743,CUST117445,"Gibbs, Anderson and Hodge",Large,2025-12-02,33881,173782,40846,2025-12-27,25,20,2026-01-16,,ELIGIBLE
FDX20258720254,CUST486251,Reed-Cole,Mid,2025-12-23,8152,44933,13620,2026-01-07,15,12,2026-01-19,2026-01-14,RESOLVED_IN_GRACE
FDX20257796309,CUST447329,Strong-Moore,Small,2026-01-14,30724,143071,45248,2026-01-24,10,7,2026-01-31,,IN_GRACE
FDX20259165848,CUST806537,Cox-Stephens,Mid,2026-01-02,8901,48571,37278,2026-01-17,15,12,2026-01-29,2026-01-25,RESOLVED_IN_GRACE
FDX20256080140,CUST214928,Reeves-Mitchell,Small,2026-01-02,53579,274722,161434,2026-01-12,10,7,2026-01-19,,ELIGIBLE
FDX20257052024,CUST536774,"Harvey, Dorsey and Watson",Large,2025-12-04,49790,160047,128145,2025-12-29,25,20,2026-01-18,,ELIGIBLE
FDX20257626953,CUST712056,Cox-Bruce,Small,2026-01-12,1962,6375,4582,2026-01-22,10,7,2026-01-29,,ELIGIBLE
FDX20256077736,CUST422623,Martinez-Nunez,Small,2026-01-14,7781,30366,13967,2026-01-24,10,7,2026-01-31,,ELIGIBLE
FDX20252470273,CUST935457,Blake-Gordon,Small,2026-01-14,34739,138879,68370,2026-01-24,10,7,2026-01-31,2026-01-31,RESOLVED_IN_GRACE
FDX20253098653,CUST860557,Moran-Andersen,Small,2026-01-04,12594,59816,41588,2026-01-14,10,7,2026-01-21,2026-01-16,RESOLVED_IN_GRACE
FDX20253266835,CUST821466,Moore-Espinoza,Small,2025-12-27,52599,135623,74964,2026-01-06,10,7,2026-01-13,,IN_GRACE
FDX20251232799,CUST759827,Cannon Group,Mid,2025-12-24,12714,34458,32859,2026-01-08,15,12,2026-01-20,,IN_GRACE
FDX20254201127,CUST127941,Nguyen-Hodges,Mid,2025-12-26,39076,176036,61009,2026-01-10,15,12,2026-01-22,,ELIGIBLE
FDX20252877580,CUST725905,Kim-Thomas,Mid,2025-12-14,33175,172822,121781,2025-12-29,15,12,2026-01-10,2026-01-02,RESOLVED_IN_GRACE
FDX20251266510,CUST597643,Moon PLC,Small,2026-01-06,43489,114792,80571,2026-01-16,10,7,2026-01-23,2026-01-22,RESOLVED_IN_GRACE
FDX20254157826,CUST378428,"Roman, Ramirez and Black",Mega,2025-12-01,2281,8659,3897,2026-01-05,35,30,2026-02-04,,IN_GRACE
FDX20251449886,CUST787436,"Elliott, Decker and Dunn",Mid,2025-12-23,6585,36395,23686,2026-01-07,15,12,2026-01-19,2026-01-12,RESOLVED_IN_GRACE
FDX20254510288,CUST920934,Rocha Inc,Mid,2026-01-01,52572,150896,60521,2026-01-16,15,12,2026-01-28,,IN_GRACE
FDX20259071807,CUST913864,Kramer-Bowen,Small,2026-01-10,45064,202501,52264,2026-01-20,10,7,2026-01-27,,ELIGIBLE
FDX20253435283,CUST706574,Lee-Newman,Small,2025-12-25,30818,119296,72725,2026-01-04,10,7,2026-01-11,2026-01-05,RESOLVED_IN_GRACE
FDX20255056398,CUST705693,Hartman PLC,Small,2026-01-09,36077,124199,101849,2026-01-19,10,7,2026-01-26,2026-01-22,RESOLVED_IN_GRACE
FDX20258311317,CUST338596,Carey-Suarez,Small,2026-01-01,12235,66484,31319,2026-01-11,10,7,2026-01-18,2026-01-15,RESOLVED_IN_GRACE
FDX20254203013,CUST856442,Branch-Parker,Mid,2026-01-02,33572,142464,41735,2026-01-17,15,12,2026-01-29,2026-01-21,RESOLVED_IN_GRACE
FDX20252444410,CUST153849,Soto-Hale,Small,2026-01-02,52727,261990,184902,2026-01-12,10,7,2026-01-19,,ELIGIBLE
FDX20256048564,CUST711868,Caldwell-Cochran,Small,2025-12-29,17916,73374,47543,2026-01-08,10,7,2026-01-15,2026-01-13,RESOLVED_IN_GRACE
FDX20258774990,CUST603787,Hodges-Wade,Mid,2025-12-24,33752,90869,81844,2026-01-08,15,12,2026-01-20,2026-01-09,RESOLVED_IN_GRACE
FDX20253485807,CUST278794,"Downs, Suarez and Ross",Small,2025-12-31,38143,154921,41248,2026-01-10,10,7,2026-01-17,,IN_GRACE
FDX20258952217,CUST649697,Calhoun Ltd,Mid,2025-12-29,44125,228147,147069,2026-01-13,15,12,2026-01-25,,ELIGIBLE
FDX20258077958,CUST759580,Nguyen-Hanna,Small,2026-01-11,19365,86962,24652,2026-01-21,10,7,2026-01-28,2026-01-24,RESOLVED_IN_GRACE
FDX20251366025,CUST856215,Palmer Inc,Mid,2026-01-03,34919,117744,77115,2026-01-18,15,12,2026-01-30,2026-01-24,RESOLVED_IN_GRACE
FDX20252953854,CUST749840,Evans-Rocha,Small,2026-01-09,48547,123406,59584,2026-01-19,10,7,2026-01-26,,ELIGIBLE
FDX20253786787,CUST912233,Richardson-Wright,Large,2025-12-01,34107,203594,76946,2025-12-26,25,20,2026-01-15,,ELIGIBLE
FDX20253557220,CUST982027,Stewart-Williamson,Small,2026-01-01,30458,98033,90038,2026-01-11,10,7,2026-01-18,2026-01-17,RESOLVED_IN_GRACE
FDX20258470322,CUST498658,Baker-Jacobs,Small,2025-12-24,40490,217273,104027,2026-01-03,10,7,2026-01-10,,ELIGIBLE
FDX20259137735,CUST254954,Young-Webb,Small,2026-01-04,49019,158603,120911,2026-01-14,10,7,2026-01-21,,IN_GRACE
FDX20258910276,CUST961574,"Shields, Martin and Mayer",Small,2026-01-05,13781,71460,15471,2026-01-15,10,7,2026-01-22,,ELIGIBLE
FDX20251329299,CUST813793,"Mcfarland, Doyle and Henry",Mid,2026-01-01,9220,50796,45077,2026-01-16,15,12,2026-01-28,2026-01-20,RESOLVED_IN_GRACE
FDX20258541631,CUST353961,Brown-Valdez,Small,2026-01-05,10048,25833,15962,2026-01-15,10,7,2026-01-22,,ELIGIBLE
FDX20255070650,CUST133104,Cardenas-Baker,Small,2026-01-08,8573,24380,20884,2026-01-18,10,7,2026-01-25,,IN_GRACE
FDX20254377898,CUST700383,Moon-Thompson,Small,2026-01-05,11831,33719,18164,2026-01-15,10,7,2026-01-22,,ELIGIBLE
FDX20255946450,CUST834549,Moreno-Franklin,Mid,2025-12-17,18252,47444,32249,2026-01-01,15,12,2026-01-13,2026-01-05,RESOLVED_IN_GRACE
FDX20257572195,CUST215233,Williams-Williams,Mid,2025-12-28,57194,243478,197221,2026-01-12,15,12,2026-01-24,2026-01-13,RESOLVED_IN_GRACE
FDX20251854332,CUST300051,Hicks PLC,Large,2025-12-06,6283,35956,25830,2025-12-31,25,20,2026-01-20,,ELIGIBLE
FDX20256601074,CUST119857,Goodman-Park,Small,2025-12-29,4091,16188,4573,2026-01-08,10,7,2026-01-15,,ELIGIBLE
FDX20251132108,CUST562462,Smith-Allen,Mid,2025-12-15,13215,52884,15931,2025-12-30,15,12,2026-01-11,2026-01-06,RESOLVED_IN_GRACE
FDX20252722408,CUST428930,Wilson-Black,Large,2025-12-01,22130,63741,26464,2025-12-26,25,20,2026-01-15,2026-01-11,RESOLVED_IN_GRACE
FDX20258244199,CUST539122,"Jenkins, Anderson and Lopez",Small,2026-01-01,43314,179893,167732,2026-01-11,10,7,2026-01-18,,ELIGIBLE
FDX20257974052,CUST258787,"Mcneil, Thompson and Wolf",Mid,2025-12-26,54058,155497,148300,2026-01-10,15,12,2026-01-22,,ELIGIBLE
FDX20259316519,CUST533020,Dennis Group,Small,2025-12-31,7314,33387,8920,2026-01-10,10,7,2026-01-17,,ELIGIBLE
FDX20255878387,CUST824042,"Clarke, Myers and Jones",Mega,2025-12-01,45297,216232,116473,2026-01-05,35,30,2026-02-04,,IN_GRACE
FDX20251621045,CUST313795,Martinez-Webb,Small,2026-01-11,36939,138437,94601,2026-01-21,10,7,2026-01-28,2026-01-26,RESOLVED_IN_GRACE
FDX20259178834,CUST530311,Reilly-Chavez,Small,2025-12-31,30049,141996,102944,2026-01-10,10,7,2026-01-17,,ELIGIBLE
FDX20257705523,CUST626195,Velazquez-Klein,Mid,2026-01-03,28077,95782,39816,2026-01-18,15,12,2026-01-30,2026-01-21,RESOLVED_IN_GRACE
FDX20259155420,CUST912617,Lambert PLC,Small,2025-12-24,52973,199178,67655,2026-01-03,10,7,2026-01-10,2026-01-07,RESOLVED_IN_GRACE
FDX20259612679,CUST741181,Bailey-Doyle,Mid,2025-12-19,49883,297786,208261,2026-01-03,15,12,2026-01-15,,IN_GRACE
FDX20259185628,CUST594514,"Morris, Bradshaw and Russell",Large,2025-12-07,3154,12929,8032,2026-01-01,25,20,2026-01-21,2026-01-19,RESOLVED_IN_GRACE
FDX20254890733,CUST989587,Hester-Arnold,Large,2025-12-12,46375,136974,78678,2026-01-06,25,20,2026-01-26,,IN_GRACE
FDX20252018455,CUST871581,Spence-Coffey,Small,2026-01-14,37047,221416,209444,2026-01-24,10,7,2026-01-31,,ELIGIBLE
FDX20259863551,CUST862736,Garcia-Hall,Mid,2025-12-22,35658,104935,43842,2026-01-06,15,12,2026-01-18,,ELIGIBLE
FDX20251319096,CUST165306,Hurst-Garcia,Small,2025-12-28,9645,30652,18635,2026-01-07,10,7,2026-01-14,,ELIGIBLE
FDX20258080061,CUST840058,Key-Curtis,Small,2026-01-12,55301,226140,161960,2026-01-22,10,7,2026-01-29,,ELIGIBLE
FDX20256299086,CUST244789,Foley-Proctor,Small,2025-12-24,34258,189942,139670,2026-01-03,10,7,2026-01-10,2026-01-07,RESOLVED_IN_GRACE
FDX20252065530,CUST643878,"Gilbert, Young and Matthews",Small,2025-12-28,30268,130208,39603,2026-01-07,10,7,2026-01-14,,ELIGIBLE
FDX20255493758,CUST317413,Erickson-Hicks,Mid,2025-12-30,39803,188197,73684,2026-01-14,15,12,2026-01-26,2026-01-19,RESOLVED_IN_GRACE
FDX20257998405,CUST688132,Conley-May,Small,2026-01-07,38494,200858,46092,2026-01-17,10,7,2026-01-24,2026-01-18,RESOLVED_IN_GRACE
FDX20258941293,CUST440839,Butler-Morrison,Small,2026-01-04,33215,88150,70455,2026-01-14,10,7,2026-01-21,,IN_GRACE
FDX20252961940,CUST794395,Ortiz-Mendez,Large,2025-12-14,11545,35058,26285,2026-01-08,25,20,2026-01-28,,IN_GRACE
FDX20259301178,CUST601608,Young-Murray,Small,2026-01-03,29167,113080,72565,2026-01-13,10,7,2026-01-20,2026-01-14,RESOLVED_IN_GRACE
FDX20256817736,CUST651002,Smith-Ferrell,Large,2025-12-15,33165,196944,155507,2026-01-09,25,20,2026-01-29,,ELIGIBLE
FDX20258521651,CUST495129,Rodriguez-Mack,Small,2026-01-13,51201,138519,68100,2026-01-23,10,7,2026-01-30,2026-01-25,RESOLVED_IN_GRACE
FDX20258318725,CUST428993,Benton-Richardson,Large,2025-12-01,45112,166686,117872,2025-12-26,25,20,2026-01-15,,IN_GRACE
FDX20251349082,CUST281594,"Acevedo, Hamilton and Ortiz",Mid,2025-12-30,1775,6497,4642,2026-01-14,15,12,2026-01-26,2026-01-18,RESOLVED_IN_GRACE
FDX20253706725,CUST581992,"Oneal, Hopkins and Walker",Small,2025-12-26,21510,113034,87675,2026-01-05,10,7,2026-01-12,,ELIGIBLE
FDX20255832019,CUST659024,Roberts-Harper,Large,2025-12-12,58776,189450,116503,2026-01-06,25,20,2026-01-26,,IN_GRACE
FDX20254224602,CUST458955,Mcguire-Guzman,Mid,2025-12-31,31675,165316,67322,2026-01-15,15,12,2026-01-27,2026-01-21,RESOLVED_IN_GRACE
FDX20258872548,CUST672808,Rodriguez-Gibson,Small,2026-01-05,57994,194686,96992,2026-01-15,10,7,2026-01-22,2026-01-16,RESOLVED_IN_GRACE
FDX20256768801,CUST471496,Mccarty-Tran,Mid,2026-01-03,41953,197500,196108,2026-01-18,15,12,2026-01-30,,IN_GRACE
FDX20258350277,CUST808699,Townsend-Williams,Small,2026-01-01,43726,157178,113471,2026-01-11,10,7,2026-01-18,,IN_GRACE
FDX20254894044,CUST909489,"Stein, Norris and Garza",Small,2026-01-05,19048,109787,49944,2026-01-15,10,7,2026-01-22,,ELIGIBLE
FDX20259516717,CUST855944,Pruitt LLC,Mid,2025-12-23,25142,128657,90527,2026-01-07,15,12,2026-01-19,,IN_GRACE
FDX20254685993,CUST813813,Bowen LLC,Small,2025-12-28,12945,62415,24177,2026-01-07,10,7,2026-01-14,,ELIGIBLE
FDX20256690043,CUST774558,"Bailey, Knight and Brown",Mid,2025-12-18,42092,155083,70267,2026-01-02,15,12,2026-01-14,,IN_GRACE
FDX20258859576,CUST942690,"Valdez, Marquez and Ingram",Mid,2025-12-26,42697,195726,166585,2026-01-10,15,12,2026-01-22,2026-01-21,RESOLVED_IN_GRACE
FDX20253200475,CUST826991,"Cole, Robles and Townsend",Mid,2025-12-22,42592,110647,64010,2026-01-06,15,12,2026-01-18,,ELIGIBLE
FDX20255922335,CUST377203,Chen-Barnes,Mid,2025-12-22,47377,185271,55244,2026-01-06,15,12,2026-01-18,2026-01-16,RESOLVED_IN_GRACE
FDX20257549342,CUST739711,Glover and Sons,Small,2026-01-12,17404,81214,50370,2026-01-22,10,7,2026-01-29,2026-01-26,RESOLVED_IN_GRACE
FDX20257993768,CUST607699,Ramirez-Brennan,Small,2025-12-26,45145,223929,96380,2026-01-05,10,7,2026-01-12,,ELIGIBLE
FDX20257044085,CUST301603,Matthews-Wilson,Small,2025-12-28,48284,279681,257975,2026-01-07,10,7,2026-01-14,,ELIGIBLE
FDX20258924295,CUST358494,Smith-Massey,Mid,2025-12-27,36136,130754,86483,2026-01-11,15,12,2026-01-23,,ELIGIBLE
FDX20253718341,CUST392559,Owen-Fisher,Mega,2025-12-01,20255,120592,57741,2026-01-05,35,30,2026-02-04,2026-01-14,RESOLVED_IN_GRACE
FDX20254476383,CUST685196,Cooley-Jones,Small,2025-12-25,10368,55733,26651,2026-01-04,10,7,2026-01-11,2026-01-09,RESOLVED_IN_GRACE
FDX20255738845,CUST412999,Schultz Ltd,Large,2025-12-16,38019,156000,79843,2026-01-10,25,20,2026-01-30,2026-01-23,RESOLVED_IN_GRACE
FDX20252446060,CUST335790,Carter-Mcgee,Mid,2026-01-01,53670,311655,144582,2026-01-16,15,12,2026-01-28,2026-01-19,RESOLVED_IN_GRACE
FDX20259101545,CUST412071,Zimmerman-Meyer,Large,2025-12-15,48037,182940,68337,2026-01-09,25,20,2026-01-29,,ELIGIBLE
FDX20253165880,CUST908634,"Rangel, Vaughan and Colon",Large,2025-12-14,37746,203497,156752,2026-01-08,25,20,2026-01-28,,ELIGIBLE
FDX20253907342,CUST403042,Holmes-Moore,Small,2026-01-01,28059,91907,79769,2026-01-11,10,7,2026-01-18,,ELIGIBLE
FDX20254346789,CUST839142,Meyer-Rivas,Small,2025-12-27,11692,60249,28005,2026-01-06,10,7,2026-01-13,2026-01-09,RESOLVED_IN_GRACE
FDX20253622515,CUST317346,Romero-Holmes,Mid,2025-12-24,58288,204898,119806,2026-01-08,15,12,2026-01-20,2026-01-13,RESOLVED_IN_GRACE
FDX20259257506,CUST823769,Alvarado-Carter,Large,2025-12-01,1694,7433,6861,2025-12-26,25,20,2026-01-15,,ELIGIBLE
FDX20252692883,CUST839233,"Molina, Lopez and Walker",Mid,2026-01-01,11857,33346,15276,2026-01-16,15,12,2026-01-28,,ELIGIBLE
FDX20257979059,CUST612756,Martinez-Wright,Mid,2025-12-18,28436,126681,53920,2026-01-02,15,12,2026-01-14,,IN_GRACE
FDX20259283332,CUST432441,Washington-Smith,Mid,2025-12-23,17611,61732,21484,2026-01-07,15,12,2026-01-19,,ELIGIBLE
FDX20256094433,CUST603110,Hamilton-Beck,Mid,2026-01-04,9147,31445,13511,2026-01-19,15,12,2026-01-31,,ELIGIBLE
FDX20254937929,CUST465746,Castillo Group,Mid,2025-12-26,7520,31068,20573,2026-01-10,15,12,2026-01-22,,ELIGIBLE
FDX20254513701,CUST687713,Foster Ltd,Small,2026-01-01,46701,168196,80180,2026-01-11,10,7,2026-01-18,,ELIGIBLE
FDX20251789356,CUST934042,Johnson-Webb,Small,2026-01-08,59318,328921,239342,2026-01-18,10,7,2026-01-25,,ELIGIBLE
FDX20251304180,CUST856719,Cook-Ramirez,Mid,2026-01-03,13103,59993,26982,2026-01-18,15,12,2026-01-30,,ELIGIBLE
FDX20257019442,CUST386741,Espinoza-Jones,Mega,2025-12-01,27789,91928,80198,2026-01-05,35,30,2026-02-04,,ELIGIBLE
FDX20255375632,CUST401769,Gordon Ltd,Mid,2025-12-18,58433,284540,204343,2026-01-02,15,12,2026-01-14,,ELIGIBLE
FDX20256990202,CUST227794,"Poole, Moore and Johnson",Mid,2025-12-26,28998,96343,57460,2026-01-10,15,12,2026-01-22,,ELIGIBLE
FDX20253660958,CUST701334,Clay-Reeves,Small,2026-01-08,14276,59573,44381,2026-01-18,10,7,2026-01-25,,ELIGIBLE
FDX20253931227,CUST809489,Torres-Cox,Mid,2025-12-17,3607,13658,8127,2026-01-01,15,12,2026-01-13,,ELIGIBLE
FDX20259446974,CUST669576,Pena-Austin,Large,2025-12-01,18955,95071,66543,2025-12-26,25,20,2026-01-15,2025-12-30,RESOLVED_IN_GRACE
FDX20251536367,CUST498138,Daniel-Mcclain,Large,2025-12-11,50009,296046,130351,2026-01-05,25,20,2026-01-25,2026-01-12,RESOLVED_IN_GRACE
FDX20252068131,CUST513697,Smith-Castro,Mid,2026-01-01,19253,86207,38559,2026-01-16,15,12,2026-01-28,,ELIGIBLE
FDX20256666248,CUST958130,Berger Inc,Small,2026-01-04,7008,20059,8732,2026-01-14,10,7,2026-01-21,,ELIGIBLE
FDX20258224612,CUST461899,Hess-Wolfe,Large,2025-12-05,32117,124795,66869,2025-12-30,25,20,2026-01-19,2026-01-18,RESOLVED_IN_GRACE
FDX20252912087,CUST910616,Robinson-Coleman,Small,2026-01-10,18865,85569,62439,2026-01-20,10,7,2026-01-27,2026-01-24,RESOLVED_IN_GRACE
FDX20254803231,CUST943700,"Ray, Anderson and Rios",Small,2026-01-10,43544,184572,87243,2026-01-20,10,7,2026-01-27,,IN_GRACE
FDX20253024809,CUST253591,Larson-Acevedo,Small,2025-12-27,51655,150384,134463,2026-01-06,10,7,2026-01-13,2026-01-11,RESOLVED_IN_GRACE
FDX20254759700,CUST404561,Montgomery-Moreno,Mega,2025-12-01,36330,185012,114785,2026-01-05,35,30,2026-02-04,2026-01-11,RESOLVED_IN_GRACE
FDX20259159855,CUST144109,Dennis-Mcfarland,Small,2026-01-09,57618,308005,259016,2026-01-19,10,7,2026-01-26,2026-01-22,RESOLVED_IN_GRACE
FDX20255325537,CUST401602,Pacheco-Bush,Small,2026-01-01,26309,96919,92587,2026-01-11,10,7,2026-01-18,,IN_GRACE
FDX20256709692,CUST848831,Collins-Jones,Mid,2025-12-23,8686,51181,32743,2026-01-07,15,12,2026-01-19,,ELIGIBLE
FDX20256959954,CUST182868,"Mcclure, Smith and Brown",Small,2026-01-12,6388,21259,16612,2026-01-22,10,7,2026-01-29,2026-01-23,RESOLVED_IN_GRACE
FDX20251783099,CUST463188,Lawson-Hensley,Mid,2025-12-13,9562,50635,27460,2025-12-28,15,12,2026-01-09,,ELIGIBLE
FDX20255487758,CUST563864,Bass LLC,Mid,2025-12-23,50811,255770,219023,2026-01-07,15,12,2026-01-19,,ELIGIBLE
FDX20253536352,CUST787836,Brown-Martinez,Small,2025-12-27,41506,149283,74493,2026-01-06,10,7,2026-01-13,,ELIGIBLE
FDX20259646766,CUST368900,Snyder-Singleton,Mid,2025-12-25,44794,213538,120363,2026-01-09,15,12,2026-01-21,,ELIGIBLE
FDX20252747213,CUST883641,Day-Cooper,Mid,2025-12-18,13167,71362,52241,2026-01-02,15,12,2026-01-14,2026-01-11,RESOLVED_IN_GRACE
FDX20251845941,CUST602351,"Curtis, White and Garcia",Large,2025-12-01,30477,98936,63662,2025-12-26,25,20,2026-01-15,2026-01-10,RESOLVED_IN_GRACE
FDX20258345513,CUST324381,Hart-Arnold,Mid,2025-12-12,49239,176652,91602,2025-12-27,15,12,2026-01-08,,ELIGIBLE
FDX20258669463,CUST311883,"Mays, Suarez and Brown",Small,2025-12-26,15551,81594,80542,2026-01-05,10,7,2026-01-12,,ELIGIBLE
FDX20252861110,CUST968170,Peck-Guerrero,Mid,2025-12-22,26053,149692,100753,2026-01-06,15,12,2026-01-18,2026-01-08,RESOLVED_IN_GRACE
FDX20252776570,CUST664739,Palmer-Young,Mid,2025-12-30,25101,94191,25376,2026-01-14,15,12,2026-01-26,2026-01-15,RESOLVED_IN_GRACE
FDX20252709062,CUST384303,Lucas-Baxter,Mid,2025-12-17,31955,121316,47582,2026-01-01,15,12,2026-01-13,,ELIGIBLE
FDX20251704130,CUST689318,Ross-Barrett,Small,2026-01-11,18610,70680,61268,2026-01-21,10,7,2026-01-28,2026-01-22,RESOLVED_IN_GRACE
FDX20259511177,CUST829988,Bryant-Cummings,Small,2025-12-27,53728,273002,111462,2026-01-06,10,7,2026-01-13,,ELIGIBLE
FDX20252768504,CUST384815,"Shaw, Chambers and Garcia",Mid,2025-12-17,57640,216965,183497,2026-01-01,15,12,2026-01-13,,ELIGIBLE
FDX20253802571,CUST243941,Hill-Anderson,Small,2025-12-24,59397,297608,105907,2026-01-03,10,7,2026-01-10,,ELIGIBLE
FDX20252980707,CUST214532,"Morrow, Eaton and Pope",Mid,2025-12-29,46547,177868,59317,2026-01-13,15,12,2026-01-25,,ELIGIBLE
FDX20254445809,CUST745584,"Pollard, Jones and Oliver",Small,2026-01-01,23756,120408,96855,2026-01-11,10,7,2026-01-18,,ELIGIBLE
FDX20257067286,CUST876880,Nelson-Roberts,Small,2026-01-02,12740,48894,33992,2026-01-12,10,7,2026-01-19,2026-01-18,RESOLVED_IN_GRACE
FDX20253634568,CUST715336,"Pearson, Lyons and Adams",Mid,2025-12-26,14382,40950,15224,2026-01-10,15,12,2026-01-22,,IN_GRACE
FDX20255901010,CUST350905,"Weeks, Williams and Hall",Mid,2026-01-02,48962,254308,73024,2026-01-17,15,12,2026-01-29,,ELIGIBLE
FDX20258407441,CUST354235,Mcintyre-Davis,Small,2025-12-29,10695,43186,23949,2026-01-08,10,7,2026-01-15,2026-01-11,RESOLVED_IN_GRACE
FDX20259487536,CUST153231,"Curry, Scott and Robertson",Large,2025-12-16,17137,91521,79841,2026-01-10,25,20,2026-01-30,2026-01-28,RESOLVED_IN_GRACE
FDX20259361613,CUST802371,Hopkins-Vasquez,Large,2025-12-09,43439,209241,87476,2026-01-03,25,20,2026-01-23,2026-01-13,RESOLVED_IN_GRACE
FDX20252665880,CUST656837,Hines-Anderson,Small,2026-01-06,14973,86241,21191,2026-01-16,10,7,2026-01-23,2026-01-23,RESOLVED_IN_GRACE
FDX20253588652,CUST336633,"Frey, Bullock and Castillo",Small,2026-01-01,43160,126515,78372,2026-01-11,10,7,2026-01-18,,ELIGIBLE
FDX20257102492,CUST768933,Friedman-Wong,Mid,2025-12-23,42912,216269,46384,2026-01-07,15,12,2026-01-19,,ELIGIBLE
FDX20256613782,CUST344146,Mcconnell and Sons,Large,2025-12-14,29403,128651,125921,2026-01-08,25,20,2026-01-28,,IN_GRACE
FDX20253311438,CUST155040,Townsend PLC,Small,2026-01-14,50222,280308,152263,2026-01-24,10,7,2026-01-31,2026-01-25,RESOLVED_IN_GRACE
FDX20253063320,CUST205065,Brown-Wallace,Small,2025-12-28,49039,129539,98534,2026-01-07,10,7,2026-01-14,,ELIGIBLE
FDX20254387157,CUST533377,Bartlett-Wheeler,Small,2025-12-27,54518,292253,218791,2026-01-06,10,7,2026-01-13,,ELIGIBLE
FDX20258367017,CUST446337,Wilson-Flowers,Small,2026-01-14,28580,103214,87021,2026-01-24,10,7,2026-01-31,,ELIGIBLE
FDX20257975124,CUST852204,Dorsey-Lee,Small,2025-12-27,21784,67886,31420,2026-01-06,10,7,2026-01-13,2026-01-13,RESOLVED_IN_GRACE
FDX20251110521,CUST595351,Wilson-Hawkins,Small,2025-12-29,57749,161112,125758,2026-01-08,10,7,2026-01-15,,ELIGIBLE
FDX20255115720,CUST205428,Lee-Vargas,Mid,2025-12-24,33683,162551,158955,2026-01-08,15,12,2026-01-20,,ELIGIBLE
FDX20258946752,CUST814281,Brown-Logan,Small,2026-01-06,47378,283287,57070,2026-01-16,10,7,2026-01-23,,ELIGIBLE
FDX20256726400,CUST908206,Whitaker and Sons,Small,2025-12-28,26781,111276,27954,2026-01-07,10,7,2026-01-14,,IN_GRACE
FDX20255811005,CUST244144,Juarez-Richardson,Large,2025-12-01,29335,83498,79977,2025-12-26,25,20,2026-01-15,,ELIGIBLE
FDX20259472875,CUST105433,Kelly-Wilson,Small,2025-12-29,18949,104751,29896,2026-01-08,10,7,2026-01-15,2026-01-11,RESOLVED_IN_GRACE
FDX20253873296,CUST677086,Olson-Monroe,Small,2025-12-29,39596,101346,46305,2026-01-08,10,7,2026-01-15,2026-01-09,RESOLVED_IN_GRACE
FDX20252429986,CUST265613,Stuart Inc,Large,2025-12-06,12293,51600,12438,2025-12-31,25,20,2026-01-20,,ELIGIBLE
FDX20255463001,CUST526673,Martin-Peterson,Mid,2025-12-26,10595,39005,13262,2026-01-10,15,12,2026-01-22,,ELIGIBLE
FDX20257248445,CUST784607,Jones-Wagner,Large,2025-12-01,28718,77575,28825,2025-12-26,25,20,2026-01-15,2026-01-04,RESOLVED_IN_GRACE
FDX20257962689,CUST598807,Donaldson-Torres,Mid,2025-12-13,51408,142335,75950,2025-12-28,15,12,2026-01-09,2026-01-05,RESOLVED_IN_GRACE
FDX20257050592,CUST600641,Rodriguez-Nunez,Small,2025-12-27,12317,67355,65489,2026-01-06,10,7,2026-01-13,,ELIGIBLE
FDX20255117989,CUST782139,Orr Ltd,Small,2026-01-03,42196,247344,151149,2026-01-13,10,7,2026-01-20,2026-01-20,RESOLVED_IN_GRACE
FDX20253543614,CUST309144,Smith-Woods,Mega,2025-12-01,57864,278730,117327,2026-01-05,35,30,2026-02-04,,IN_GRACE
FDX20259886057,CUST892630,Coleman PLC,Mid,2025-12-26,43369,143461,58156,2026-01-10,15,12,2026-01-22,2026-01-13,RESOLVED_IN_GRACE
FDX20258075324,CUST401198,Hernandez-Johnson,Small,2026-01-11,5437,31751,18252,2026-01-21,10,7,2026-01-28,,ELIGIBLE
FDX20254828258,CUST436768,Howard-Brooks,Small,2026-01-09,59732,170287,94370,2026-01-19,10,7,2026-01-26,,ELIGIBLE
FDX20253315160,CUST399279,Mcdonald-Shaffer,Small,2026-01-08,50490,287993,194143,2026-01-18,10,7,2026-01-25,,ELIGIBLE
FDX20258194453,CUST777273,Clayton-Arnold,Small,2026-01-06,20856,70622,45230,2026-01-16,10,7,2026-01-23,,IN_GRACE
FDX20257935859,CUST162036,Sullivan-Fisher,Small,2026-01-13,3904,17330,14037,2026-01-23,10,7,2026-01-30,2026-01-27,RESOLVED_IN_GRACE
FDX20257867070,CUST906066,Palmer-Shaffer,Small,2026-01-08,51494,228540,213469,2026-01-18,10,7,2026-01-25,,ELIGIBLE
FDX20258696599,CUST193806,Bridges-Sanchez,Mid,2026-01-01,41117,221453,173566,2026-01-16,15,12,2026-01-28,,IN_GRACE
FDX20259659648,CUST783984,Flynn-Serrano,Mega,2025-12-01,58850,215614,101822,2026-01-05,35,30,2026-02-04,,ELIGIBLE
FDX20257069566,CUST702022,Willis-Dennis,Small,2026-01-06,3624,10070,8926,2026-01-16,10,7,2026-01-23,2026-01-17,RESOLVED_IN_GRACE
FDX20251499339,CUST343500,Bridges-Taylor,Small,2025-12-29,20237,61703,38473,2026-01-08,10,7,2026-01-15,,ELIGIBLE
FDX20258425238,CUST661147,"Landry, Russell and Garcia",Small,2025-12-29,56428,211766,92188,2026-01-08,10,7,2026-01-15,2026-01-11,RESOLVED_IN_GRACE
FDX20253442499,CUST874568,Schultz-Hinton,Mid,2025-12-23,27206,69829,69256,2026-01-07,15,12,2026-01-19,,IN_GRACE
FDX20251166911,CUST858243,Smith-Murray,Small,2025-12-22,32674,110892,96681,2026-01-01,10,7,2026-01-08,,ELIGIBLE
FDX20259679670,CUST991638,Hinton-Garcia,Small,2026-01-09,12613,47699,47560,2026-01-19,10,7,2026-01-26,,ELIGIBLE
FDX20252167378,CUST139110,Thomas-Cuevas,Mid,2025-12-30,29230,81952,76311,2026-01-14,15,12,2026-01-26,2026-01-20,RESOLVED_IN_GRACE
FDX20252422342,CUST283568,Winters-Hahn,Small,2025-12-24,39433,195107,83907,2026-01-03,10,7,2026-01-10,2026-01-08,RESOLVED_IN_GRACE
FDX20256675793,CUST538184,Chen-Johnson,Small,2025-12-31,47678,203620,119311,2026-01-10,10,7,2026-01-17,,ELIGIBLE
FDX20256281544,CUST978292,Harvey-Knight,Mid,2026-01-04,31447,121040,117914,2026-01-19,15,12,2026-01-31,,ELIGIBLE
FDX20257738583,CUST284327,Mitchell-Johnson,Small,2026-01-14,32337,172268,146845,2026-01-24,10,7,2026-01-31,,ELIGIBLE
FDX20253756910,CUST138105,Becker-Brown,Small,2026-01-05,15481,88084,79677,2026-01-15,10,7,2026-01-22,,ELIGIBLE
FDX20258282524,CUST976822,Villarreal-Raymond,Mega,2025-12-01,47527,278411,179606,2026-01-05,35,30,2026-02-04,,ELIGIBLE
FDX20252031267,CUST516278,Nichols Inc,Mid,2025-12-24,12669,70537,27717,2026-01-08,15,12,2026-01-20,2026-01-09,RESOLVED_IN_GRACE
FDX20257597913,CUST926236,James-Barber,Small,2025-12-22,23783,100664,89176,2026-01-01,10,7,2026-01-08,,ELIGIBLE
FDX20251622329,CUST619447,Mercado and Sons,Small,2025-12-30,32817,157379,94319,2026-01-09,10,7,2026-01-16,,ELIGIBLE
FDX20253532555,CUST295361,Lopez-Harvey,Small,2025-12-25,44758,252048,99539,2026-01-04,10,7,2026-01-11,,ELIGIBLE
FDX20251969887,CUST885386,Fuentes-Swanson,Mid,2025-12-25,27055,125777,84012,2026-01-09,15,12,2026-01-21,,ELIGIBLE
FDX20259720433,CUST403528,Moreno-Rodriguez,Mid,2025-12-14,2539,14031,7648,2025-12-29,15,12,2026-01-10,,IN_GRACE
FDX20255961432,CUST139286,Garcia-Cooke,Large,2025-12-03,48678,285727,74815,2025-12-28,25,20,2026-01-17,2025-12-30,RESOLVED_IN_GRACE
FDX20258034775,CUST109717,Carroll-Cruz,Small,2025-12-27,25680,141090,54308,2026-01-06,10,7,2026-01-13,,ELIGIBLE
FDX20257744488,CUST412886,Hale-Gross,Small,2026-01-06,41165,174370,68264,2026-01-16,10,7,2026-01-23,2026-01-19,RESOLVED_IN_GRACE
FDX20256105693,CUST695551,Knapp-Mcknight,Small,2026-01-05,1791,6776,3674,2026-01-15,10,7,2026-01-22,,ELIGIBLE
FDX20256262932,CUST732063,Gonzalez-Alexander,Mid,2026-01-03,38842,111699,69825,2026-01-18,15,12,2026-01-30,,ELIGIBLE
FDX20256774002,CUST212512,"Hickman, Estrada and Strickland",Mid,2025-12-19,23847,116456,27178,2026-01-03,15,12,2026-01-15,,ELIGIBLE
FDX20251132577,CUST451317,Tucker-Gross,Small,2025-12-25,58815,181998,128380,2026-01-04,10,7,2026-01-11,2026-01-07,RESOLVED_IN_GRACE
FDX20255693941,CUST398384,"Moon, Chang and Kelly",Mega,2025-12-01,51798,274077,217649,2026-01-05,35,30,2026-02-04,2026-01-19,RESOLVED_IN_GRACE
FDX20259854875,CUST576419,Schwartz and Sons,Small,2026-01-04,42064,205578,153615,2026-01-14,10,7,2026-01-21,,ELIGIBLE
FDX20253463932,CUST772464,Hawkins Inc,Mid,2025-12-26,48468,125122,103406,2026-01-10,15,12,2026-01-22,2026-01-14,RESOLVED_IN_GRACE
FDX20257776956,CUST669691,Hall-Knight,Small,2025-12-27,24911,102549,86253,2026-01-06,10,7,2026-01-13,,ELIGIBLE
FDX20258485810,CUST649787,Fischer-Hunter,Small,2026-01-10,27242,70345,59103,2026-01-20,10,7,2026-01-27,,ELIGIBLE
FDX20254441570,CUST617904,Valencia-Smith,Mid,2026-01-03,22907,68000,34140,2026-01-18,15,12,2026-01-30,,IN_GRACE
FDX20258417942,CUST240718,Neal-Flowers,Mid,2025-12-23,7206,19880,8657,2026-01-07,15,12,2026-01-19,,ELIGIBLE
FDX20256792344,CUST992400,Malone and Sons,Mega,2025-12-01,34294,123872,51271,2026-01-05,35,30,2026-02-04,,ELIGIBLE
FDX20257786479,CUST628705,Patrick-Delacruz,Large,2025-12-01,27021,89204,70490,2025-12-26,25,20,2026-01-15,,ELIGIBLE
FDX20254310073,CUST590755,Garrett-Carr,Small,2025-12-27,10463,51040,30831,2026-01-06,10,7,2026-01-13,,ELIGIBLE
FDX20256058857,CUST386090,"Harrington, Allen and Michael",Small,2025-12-23,56449,312931,131346,2026-01-02,10,7,2026-01-09,,ELIGIBLE
FDX20252413999,CUST302177,Christian and Sons,Small,2026-01-06,8301,38000,9065,2026-01-16,10,7,2026-01-23,,ELIGIBLE
FDX20251620256,CUST948102,Barnett PLC,Small,2026-01-09,58938,353142,127439,2026-01-19,10,7,2026-01-26,,ELIGIBLE
FDX20256611860,CUST218118,Franklin Ltd,Mid,2025-12-23,57507,216491,148007,2026-01-07,15,12,2026-01-19,,ELIGIBLE
FDX20257543005,CUST446747,Stewart-Ortega,Large,2025-12-01,39669,176083,55629,2025-12-26,25,20,2026-01-15,2026-01-12,RESOLVED_IN_GRACE
FDX20253114023,CUST270387,Jones-Chapman,Large,2025-12-01,24374,140435,107369,2025-12-26,25,20,2026-01-15,,IN_GRACE
FDX20259732032,CUST866634,Garza-Warren,Small,2025-12-31,16844,63189,43404,2026-01-10,10,7,2026-01-17,,ELIGIBLE
FDX20255763519,CUST581206,Stephens-Diaz,Small,2026-01-08,25977,96452,70065,2026-01-18,10,7,2026-01-25,,ELIGIBLE
FDX20254585870,CUST779776,Anderson-Hill,Mid,2025-12-23,11820,47665,27822,2026-01-07,15,12,2026-01-19,2026-01-15,RESOLVED_IN_GRACE
FDX20252557253,CUST369761,Padilla-Sanchez,Small,2025-12-28,52151,249169,243488,2026-01-07,10,7,2026-01-14,2026-01-12,RESOLVED_IN_GRACE
FDX20259584425,CUST853504,Rollins-Martin,Large,2025-12-03,23182,62944,52493,2025-12-28,25,20,2026-01-17,,ELIGIBLE
FDX20256238726,CUST295243,Black-Norton,Large,2025-12-01,48865,231569,227595,2025-12-26,25,20,2026-01-15,2026-01-07,RESOLVED_IN_GRACE
FDX20259746564,CUST114768,Frost-Villa,Small,2025-12-25,52188,215075,172445,2026-01-04,10,7,2026-01-11,,ELIGIBLE
FDX20256716146,CUST872399,Berry-Miller,Small,2026-01-01,16147,72207,32662,2026-01-11,10,7,2026-01-18,,ELIGIBLE
FDX20253684813,CUST453487,Cooper-Peterson,Large,2025-12-03,38208,187957,78764,2025-12-28,25,20,2026-01-17,,ELIGIBLE
FDX20251392951,CUST929179,Cortez-Mack,Small,2025-12-24,23143,67824,34314,2026-01-03,10,7,2026-01-10,2026-01-05,RESOLVED_IN_GRACE
FDX20251467937,CUST409355,Hall-Patrick,Small,2026-01-08,23189,130167,61257,2026-01-18,10,7,2026-01-25,,IN_GRACE
FDX20255340101,CUST695361,Garcia-Guerra,Small,2025-12-24,28979,132473,106649,2026-01-03,10,7,2026-01-10,,ELIGIBLE
FDX20255049009,CUST807160,Ortiz-Wright,Large,2025-12-16,56923,310137,70391,2026-01-10,25,20,2026-01-30,,ELIGIBLE
FDX20256099302,CUST894068,Evans-Mckay,Large,2025-12-13,6893,38848,23007,2026-01-07,25,20,2026-01-27,,ELIGIBLE
FDX20258092498,CUST302544,Beltran and Sons,Mid,2026-01-01,54284,220807,98821,2026-01-16,15,12,2026-01-28,,ELIGIBLE
FDX20259477100,CUST284019,"Randall, Miller and Adams",Small,2026-01-13,57343,184722,169005,2026-01-23,10,7,2026-01-30,2026-01-27,RESOLVED_IN_GRACE
FDX20252852907,CUST740632,Pittman-Steele,Mid,2025-12-27,40099,146163,121516,2026-01-11,15,12,2026-01-23,,IN_GRACE
FDX20252005722,CUST997734,Tran-Bryant,Small,2026-01-11,19440,104712,62399,2026-01-21,10,7,2026-01-28,2026-01-23,RESOLVED_IN_GRACE
FDX20257257547,CUST769752,Choi-Lynn,Mid,2025-12-13,15198,89541,67287,2025-12-28,15,12,2026-01-09,,ELIGIBLE
FDX20255357990,CUST525187,Klein PLC,Small,2025-12-29,34028,118466,110679,2026-01-08,10,7,2026-01-15,,ELIGIBLE
FDX20259514426,CUST967161,Richards-Lawrence,Large,2025-12-01,38445,109936,57084,2025-12-26,25,20,2026-01-15,,ELIGIBLE
FDX20256947075,CUST548479,Oliver-Coleman,Small,2026-01-09,5446,20957,16337,2026-01-19,10,7,2026-01-26,2026-01-24,RESOLVED_IN_GRACE
FDX20253077237,CUST640310,Jones-Miller,Small,2025-12-28,23744,94645,28730,2026-01-07,10,7,2026-01-14,,ELIGIBLE
FDX20251800824,CUST443856,Hall-Martin,Mid,2025-12-29,30182,75575,34038,2026-01-13,15,12,2026-01-25,,IN_GRACE
FDX20253092954,CUST190951,Martinez-Stewart,Small,2026-01-06,38217,164283,137780,2026-01-16,10,7,2026-01-23,,IN_GRACE
FDX20258528555,CUST520304,Ortiz-Herring,Small,2026-01-09,7377,29664,26066,2026-01-19,10,7,2026-01-26,2026-01-25,RESOLVED_IN_GRACE
FDX20255998957,CUST801765,Tyler-Sanchez,Small,2026-01-06,6883,21430,11517,2026-01-16,10,7,2026-01-23,,ELIGIBLE
FDX20251087466,CUST200018,Manning-Lowe,Small,2026-01-12,10904,54447,47881,2026-01-22,10,7,2026-01-29,,ELIGIBLE
FDX20258602547,CUST293757,Johnson-Rivera,Small,2026-01-14,49983,208811,173134,2026-01-24,10,7,2026-01-31,,IN_GRACE
FDX20256687145,CUST247442,Washington-Warner,Large,2025-12-01,59757,233320,117789,2025-12-26,25,20,2026-01-15,,ELIGIBLE
FDX20254961055,CUST600646,Perez-Buchanan,Mid,2025-12-31,56363,323026,234992,2026-01-15,15,12,2026-01-27,,ELIGIBLE
FDX20259947098,CUST439320,Taylor-Williams,Small,2025-12-30,6034,21694,17104,2026-01-09,10,7,2026-01-16,,IN_GRACE
FDX20254923148,CUST360096,Silva-Wilson,Small,2026-01-04,41363,229779,139697,2026-01-14,10,7,2026-01-21,2026-01-20,RESOLVED_IN_GRACE
FDX20256877681,CUST107161,Rose-Taylor,Small,2026-01-04,17730,66194,28282,2026-01-14,10,7,2026-01-21,,IN_GRACE
FDX20256019770,CUST373453,Martin-Hopkins,Small,2025-12-26,41806,179047,151180,2026-01-05,10,7,2026-01-12,2026-01-06,RESOLVED_IN_GRACE
FDX20255773713,CUST502206,Anderson-Richards,Small,2025-12-26,21966,72064,69349,2026-01-05,10,7,2026-01-12,,ELIGIBLE
FDX20253348331,CUST346961,Curtis-Wolf,Mid,2025-12-28,29967,172937,73896,2026-01-12,15,12,2026-01-24,,ELIGIBLE
FDX20257336179,CUST568436,Reynolds-Jackson,Large,2025-12-07,2926,11757,3901,2026-01-01,25,20,2026-01-21,2026-01-18,RESOLVED_IN_GRACE
FDX20259718559,CUST890371,"Crane, Norris and Dixon",Small,2026-01-10,24710,80221,26179,2026-01-20,10,7,2026-01-27,,ELIGIBLE
FDX20255154597,CUST379963,Cortez-Cummings,Large,2025-12-16,27574,101187,54377,2026-01-10,25,20,2026-01-30,,ELIGIBLE
FDX20252765414,CUST445637,"Snow, Hogan and Gould",Mega,2025-12-01,18766,100342,28757,2026-01-05,35,30,2026-02-04,2026-01-08,RESOLVED_IN_GRACE
FDX20256500359,CUST416613,Copeland and Sons,Mid,2025-12-20,36051,168615,166645,2026-01-04,15,12,2026-01-16,,ELIGIBLE
FDX20259664623,CUST710754,Carson Group,Mid,2025-12-15,35944,154875,60697,2025-12-30,15,12,2026-01-11,,IN_GRACE
FDX20254230541,CUST857997,Wallace-Perez,Mid,2025-12-23,30914,96149,65076,2026-01-07,15,12,2026-01-19,2026-01-10,RESOLVED_IN_GRACE
FDX20257061063,CUST700705,Hall-Baldwin,Small,2025-12-25,44144,210603,135718,2026-01-04,10,7,2026-01-11,2026-01-09,RESOLVED_IN_GRACE
FDX20258622050,CUST111991,Carson-Kirk,Mid,2025-12-30,55919,189235,113200,2026-01-14,15,12,2026-01-26,2026-01-26,RESOLVED_IN_GRACE
FDX20252643963,CUST374258,"Hodge, Taylor and Kennedy",Small,2025-12-28,34765,92294,53564,2026-01-07,10,7,2026-01-14,,ELIGIBLE
FDX20253458755,CUST785436,Williams-Hammond,Mid,2026-01-03,8211,43854,12533,2026-01-18,15,12,2026-01-30,,ELIGIBLE
FDX20258141928,CUST477017,Bond-Walker,Small,2026-01-05,33020,93694,85740,2026-01-15,10,7,2026-01-22,,ELIGIBLE
FDX20257913101,CUST826420,Bradley Inc,Small,2026-01-14,59454,249453,72107,2026-01-24,10,7,2026-01-31,,IN_GRACE
FDX20252374845,CUST347781,Hogan Ltd,Small,2025-12-27,17570,57185,32735,2026-01-06,10,7,2026-01-13,2026-01-07,RESOLVED_IN_GRACE
FDX20252547674,CUST165142,Marshall-Lynch,Small,2025-12-23,34569,193272,132533,2026-01-02,10,7,2026-01-09,2026-01-05,RESOLVED_IN_GRACE
FDX20252043436,CUST800224,Noble-Martin,Small,2025-12-25,19939,61228,54616,2026-01-04,10,7,2026-01-11,,ELIGIBLE
FDX20258128416,CUST223967,Glass Group,Small,2025-12-31,44105,189262,109588,2026-01-10,10,7,2026-01-17,,IN_GRACE
FDX20253182100,CUST588002,Wood-Stanley,Small,2026-01-07,29001,158051,134427,2026-01-17,10,7,2026-01-24,,ELIGIBLE
FDX20258990200,CUST421709,Allen-Gordon,Small,2025-12-22,58189,258163,72402,2026-01-01,10,7,2026-01-08,2026-01-07,RESOLVED_IN_GRACE
FDX20254603484,CUST267475,Marsh-Nguyen,Large,2025-12-14,13344,77726,14385,2026-01-08,25,20,2026-01-28,,ELIGIBLE
FDX20258485391,CUST525110,Huynh Ltd,Small,2026-01-09,42817,159265,54241,2026-01-19,10,7,2026-01-26,,ELIGIBLE
FDX20252309842,CUST819400,Benson-Lopez,Small,2026-01-12,16082,71087,52344,2026-01-22,10,7,2026-01-29,,ELIGIBLE
FDX20257195728,CUST626930,"Scott, Nielsen and Bryant",Small,2026-01-06,36908,98598,84825,2026-01-16,10,7,2026-01-23,,ELIGIBLE
FDX20259829103,CUST837733,Beasley-Davis,Mid,2025-12-16,11877,34070,12906,2025-12-31,15,12,2026-01-12,,ELIGIBLE
FDX20257757085,CUST907236,Mills-Frye,Mid,2026-01-01,39533,161823,161403,2026-01-16,15,12,2026-01-28,,IN_GRACE
FDX20259706452,CUST426084,Davidson-Rodriguez,Mid,2025-12-17,28730,135463,123739,2026-01-01,15,12,2026-01-13,,ELIGIBLE
FDX20257623350,CUST823821,"George, Harris and Schmidt",Small,2025-12-25,48895,230553,179618,2026-01-04,10,7,2026-01-11,,IN_GRACE
FDX20255424046,CUST223119,Chapman-Jones,Small,2025-12-31,31494,181380,153070,2026-01-10,10,7,2026-01-17,2026-01-14,RESOLVED_IN_GRACE
FDX20259368933,CUST769737,Sweeney-Griffith,Small,2026-01-01,17239,99019,71769,2026-01-11,10,7,2026-01-18,2026-01-14,RESOLVED_IN_GRACE
FDX20258103845,CUST409369,White-Garcia,Small,2026-01-12,51651,248701,150603,2026-01-22,10,7,2026-01-29,,ELIGIBLE
FDX20258383316,CUST485397,Dixon-Hall,Small,2025-12-22,21891,101530,67581,2026-01-01,10,7,2026-01-08,,IN_GRACE
FDX20259213136,CUST744481,Kidd Group,Mid,2025-12-17,21081,96063,28705,2026-01-01,15,12,2026-01-13,,ELIGIBLE
FDX20257994796,CUST331577,Davis-Evans,Small,2026-01-01,15133,54228,48180,2026-01-11,10,7,2026-01-18,2026-01-12,RESOLVED_IN_GRACE
FDX20253732048,CUST329772,Stewart-Scott,Mid,2025-12-21,41698,190968,107265,2026-01-05,15,12,2026-01-17,2026-01-09,RESOLVED_IN_GRACE
FDX20253421727,CUST240057,Carson-Brooks,Mid,2025-12-15,24976,76994,32045,2025-12-30,15,12,2026-01-11,,ELIGIBLE
FDX20259485679,CUST601410,Campos-Thomas,Small,2026-01-13,4811,16605,11066,2026-01-23,10,7,2026-01-30,,ELIGIBLE
FDX20253132786,CUST260626,Ortiz-Lewis,Mid,2025-12-19,42411,159587,117672,2026-01-03,15,12,2026-01-15,,ELIGIBLE
FDX20259132997,CUST577079,Forbes Inc,Small,2025-12-24,22152,104068,49077,2026-01-03,10,7,2026-01-10,,ELIGIBLE
FDX20258679146,CUST884056,Hart-Black,Small,2026-01-13,16903,96165,23366,2026-01-23,10,7,2026-01-30,,ELIGIBLE
FDX20253170723,CUST735163,Griffin-Edwards,Small,2025-12-24,36716,172827,72182,2026-01-03,10,7,2026-01-10,,ELIGIBLE
FDX20259609823,CUST491774,Nelson-Miller,Small,2026-01-05,14092,80525,46793,2026-01-15,10,7,2026-01-22,2026-01-17,RESOLVED_IN_GRACE
FDX20259877514,CUST536045,Pearson-Sandoval,Large,2025-12-01,44281,132262,71252,2025-12-26,25,20,2026-01-15,2026-01-07,RESOLVED_IN_GRACE
FDX20252980687,CUST836038,Jackson-Ramsey,Small,2026-01-09,45980,133256,86786,2026-01-19,10,7,2026-01-26,,ELIGIBLE
FDX20254567549,CUST675914,Hernandez-Nelson,Small,2026-01-11,44414,247355,126963,2026-01-21,10,7,2026-01-28,2026-01-24,RESOLVED_IN_GRACE
FDX20258640887,CUST593699,"Ponce, Bennett and Garcia",Small,2026-01-05,50436,133558,111320,2026-01-15,10,7,2026-01-22,,IN_GRACE
FDX20258941588,CUST894139,Ramsey-Diaz,Small,2025-12-24,2996,9837,6080,2026-01-03,10,7,2026-01-10,2026-01-06,RESOLVED_IN_GRACE
FDX20251547061,CUST663628,Mcgee-Atkins,Large,2025-12-01,2637,13672,4908,2025-12-26,25,20,2026-01-15,,ELIGIBLE
FDX20253631333,CUST940952,Osborne-Hampton,Mid,2025-12-13,53947,245645,57670,2025-12-28,15,12,2026-01-09,,IN_GRACE
FDX20257196363,CUST796353,Berry-Kelly,Mid,2025-12-21,26764,124583,63653,2026-01-05,15,12,2026-01-17,,ELIGIBLE
FDX20252992563,CUST965708,Gordon-Garrett,Mid,2025-12-29,48509,149091,90429,2026-01-13,15,12,2026-01-25,2026-01-24,RESOLVED_IN_GRACE
FDX20257855503,CUST329021,Crane-Smith,Large,2025-12-01,9580,43411,29614,2025-12-26,25,20,2026-01-15,,IN_GRACE
FDX20252851133,CUST898867,Gonzalez-Martinez,Large,2025-12-01,54909,270190,180085,2025-12-26,25,20,2026-01-15,,ELIGIBLE
FDX20253027802,CUST359486,Cantu-Salazar,Mid,2025-12-18,30137,95944,44209,2026-01-02,15,12,2026-01-14,,ELIGIBLE
FDX20257200623,CUST813390,Cook-Watson,Small,2026-01-06,29029,110012,102755,2026-01-16,10,7,2026-01-23,2026-01-18,RESOLVED_IN_GRACE
FDX20255858523,CUST891401,"Wagner, Graham and Gentry",Small,2026-01-10,49653,190972,85254,2026-01-20,10,7,2026-01-27,2026-01-24,RESOLVED_IN_GRACE
FDX20251675822,CUST724756,Buchanan-James,Small,2026-01-13,47195,269741,166106,2026-01-23,10,7,2026-01-30,,ELIGIBLE
FDX20259770751,CUST925618,"Tanner, Cook and Guerrero",Small,2025-12-27,17834,48158,23544,2026-01-06,10,7,2026-01-13,,ELIGIBLE
FDX20253572022,CUST185847,Lutz-Allen,Small,2025-12-29,39716,173181,53787,2026-01-08,10,7,2026-01-15,2026-01-12,RESOLVED_IN_GRACE
FDX20252975386,CUST651033,Wright-Francis,Mega,2025-12-01,38644,182381,163945,2026-01-05,35,30,2026-02-04,,ELIGIBLE
FDX20257232188,CUST568449,Owens-Hampton,Mid,2025-12-23,12567,54018,23559,2026-01-07,15,12,2026-01-19,,ELIGIBLE
FDX20256115785,CUST653829,Mckay-Williams,Small,2026-01-02,45192,121782,65859,2026-01-12,10,7,2026-01-19,,IN_GRACE
FDX20257282392,CUST837952,"Sandoval, Sherman and Orozco",Mid,2025-12-26,16500,89781,63846,2026-01-10,15,12,2026-01-22,,ELIGIBLE
FDX20256087859,CUST479358,Wood-Dennis,Small,2026-01-07,34742,168120,88807,2026-01-17,10,7,2026-01-24,2026-01-21,RESOLVED_IN_GRACE
FDX20255932187,CUST181896,Martin-Ortiz,Mid,2025-12-22,31783,180174,61053,2026-01-06,15,12,2026-01-18,2026-01-09,RESOLVED_IN_GRACE
FDX20259152477,CUST691573,Clark-Butler,Mid,2025-12-28,26026,136656,49715,2026-01-12,15,12,2026-01-24,,ELIGIBLE
FDX20251469389,CUST217659,Lee-Walker,Mid,2025-12-29,36693,126396,106255,2026-01-13,15,12,2026-01-25,,ELIGIBLE
FDX20253396950,CUST164758,Harrison-Perry,Mid,2025-12-12,51734,275962,209698,2025-12-27,15,12,2026-01-08,,ELIGIBLE
FDX20253384710,CUST969032,Williams-Ramirez,Small,2026-01-06,7046,37005,28997,2026-01-16,10,7,2026-01-23,,IN_GRACE
FDX20258075907,CUST674251,Russell-Garcia,Small,2025-12-29,59849,337926,217217,2026-01-08,10,7,2026-01-15,,ELIGIBLE
FDX20251816229,CUST630041,Morris-Davis,Mid,2025-12-27,55904,297924,149813,2026-01-11,15,12,2026-01-23,2026-01-13,RESOLVED_IN_GRACE
FDX20256119801,CUST311976,"Phelps, Diaz and Steele",Small,2026-01-06,26671,155635,121728,2026-01-16,10,7,2026-01-23,,ELIGIBLE
FDX20255756043,CUST700521,Ward-Vasquez,Mid,2025-12-12,23376,134773,32186,2025-12-27,15,12,2026-01-08,,ELIGIBLE
FDX20254616856,CUST662728,Contreras-Alvarado,Small,2026-01-08,50595,279573,123024,2026-01-18,10,7,2026-01-25,,ELIGIBLE
FDX20254071524,CUST257131,Espinoza-Hudson,Small,2026-01-12,22049,106709,60480,2026-01-22,10,7,2026-01-29,2026-01-25,RESOLVED_IN_GRACE
FDX20259200596,CUST272529,Dunlap-Harrison,Small,2026-01-08,29848,107574,71978,2026-01-18,10,7,2026-01-25,,ELIGIBLE
FDX20251034993,CUST444056,Fry-Tyler,Large,2025-12-01,10962,43019,37984,2025-12-26,25,20,2026-01-15,2026-01-14,RESOLVED_IN_GRACE
FDX20253052321,CUST995993,"Santana, Montgomery and Allen",Mid,2025-12-17,1886,4962,2942,2026-01-01,15,12,2026-01-13,2026-01-03,RESOLVED_IN_GRACE
FDX20256849358,CUST645617,Hansen-Reed,Large,2025-12-15,25774,86700,45641,2026-01-09,25,20,2026-01-29,,ELIGIBLE
FDX20252133544,CUST563303,Martinez-Cox,Small,2026-01-12,58714,187734,186940,2026-01-22,10,7,2026-01-29,2026-01-29,RESOLVED_IN_GRACE
FDX20251749647,CUST221886,Petty and Sons,Small,2025-12-22,49827,262538,148309,2026-01-01,10,7,2026-01-08,,ELIGIBLE
FDX20258005748,CUST813341,Mills-Graham,Small,2025-12-29,33974,155496,81877,2026-01-08,10,7,2026-01-15,2026-01-11,RESOLVED_IN_GRACE
FDX20259072800,CUST315379,Johnson-Hamilton,Large,2025-12-17,18254,77990,76619,2026-01-11,25,20,2026-01-31,,ELIGIBLE
FDX20256195935,CUST851742,Farmer Group,Small,2026-01-02,2111,11727,3243,2026-01-12,10,7,2026-01-19,2026-01-17,RESOLVED_IN_GRACE
FDX20258589583,CUST711474,Marks Group,Mid,2025-12-23,40030,223263,167974,2026-01-07,15,12,2026-01-19,,ELIGIBLE
FDX20256667733,CUST612573,Berger-Newman,Small,2026-01-01,40763,192779,52573,2026-01-11,10,7,2026-01-18,,ELIGIBLE
FDX20257330138,CUST195359,Green-Jones,Mid,2026-01-01,9687,43960,34312,2026-01-16,15,12,2026-01-28,,IN_GRACE
FDX20258972995,CUST635167,Glenn and Sons,Small,2026-01-12,31084,83410,80144,2026-01-22,10,7,2026-01-29,,ELIGIBLE
FDX20253228175,CUST567122,"Leonard, Lloyd and Nguyen",Small,2025-12-28,41874,164587,97385,2026-01-07,10,7,2026-01-14,2026-01-11,RESOLVED_IN_GRACE
FDX20253324018,CUST947975,"Price, Everett and Bates",Mid,2025-12-19,10888,49745,13801,2026-01-03,15,12,2026-01-15,,ELIGIBLE
FDX20259468532,CUST158338,Bautista Inc,Mid,2025-12-15,50186,159065,116181,2025-12-30,15,12,2026-01-11,,ELIGIBLE
FDX20258733225,CUST575458,Collins-Guerrero,Small,2025-12-23,47223,125360,54732,2026-01-02,10,7,2026-01-09,2026-01-09,RESOLVED_IN_GRACE
FDX20258548562,CUST238353,Mclean-Wilson,Mid,2025-12-17,46797,198148,66908,2026-01-01,15,12,2026-01-13,,IN_GRACE
FDX20258534223,CUST638179,Petty-Marsh,Small,2026-01-14,31740,142730,124943,2026-01-24,10,7,2026-01-31,,ELIGIBLE
FDX20253499513,CUST535604,Davis-Colon,Mega,2025-12-01,3626,19472,11740,2026-01-05,35,30,2026-02-04,,IN_GRACE
FDX20256456223,CUST578987,Blackburn-Winters,Small,2026-01-14,17314,60969,45059,2026-01-24,10,7,2026-01-31,2026-01-25,RESOLVED_IN_GRACE
FDX20252498456,CUST691303,Green-Taylor,Small,2026-01-13,45600,179061,73346,2026-01-23,10,7,2026-01-30,,ELIGIBLE
FDX20257872422,CUST160541,Williams-Paul,Mid,2025-12-15,28606,84326,43126,2025-12-30,15,12,2026-01-11,,ELIGIBLE
FDX20257496727,CUST685941,"Coffey, Singleton and Parker",Small,2026-01-11,44991,190614,48287,2026-01-21,10,7,2026-01-28,,ELIGIBLE
FDX20254906109,CUST584838,Shaw Inc,Mid,2025-12-26,50424,253809,204408,2026-01-10,15,12,2026-01-22,2026-01-20,RESOLVED_IN_GRACE
FDX20257633663,CUST805448,"Bowers, Miller and Odonnell",Mid,2026-01-03,9856,30394,22482,2026-01-18,15,12,2026-01-30,2026-01-23,RESOLVED_IN_GRACE
FDX20256687440,CUST946112,"Juarez, Walton and Ortega",Mid,2025-12-31,24440,124202,66856,2026-01-15,15,12,2026-01-27,,ELIGIBLE
FDX20251768727,CUST423139,Larson-Davis,Large,2025-12-10,56748,188397,184620,2026-01-04,25,20,2026-01-24,2026-01-16,RESOLVED_IN_GRACE
FDX20258433920,CUST858414,Smith-Hill,Small,2026-01-02,20412,74515,67437,2026-01-12,10,7,2026-01-19,,ELIGIBLE
FDX20255653581,CUST122827,Martinez-Palmer,Mid,2025-12-21,34453,179406,87201,2026-01-05,15,12,2026-01-17,2026-01-08,RESOLVED_IN_GRACE
FDX20252485285,CUST515182,Morrison-Martinez,Mid,2025-12-22,51325,275518,249097,2026-01-06,15,12,2026-01-18,2026-01-13,RESOLVED_IN_GRACE
FDX20253778554,CUST366817,Warren LLC,Mid,2025-12-31,33605,174093,165233,2026-01-15,15,12,2026-01-27,,ELIGIBLE
FDX20251416143,CUST956113,Ramirez-Jones,Mid,2026-01-02,23680,71037,46949,2026-01-17,15,12,2026-01-29,,ELIGIBLE
FDX20256181610,CUST103161,"Matthews, Foley and Rivera",Large,2025-12-14,46068,128861,101498,2026-01-08,25,20,2026-01-28,,ELIGIBLE
FDX20253076710,CUST882032,Romero-Jones,Small,2026-01-11,59467,251233,196062,2026-01-21,10,7,2026-01-28,,ELIGIBLE
FDX20252428614,CUST328486,Thomas-Vaughn,Small,2025-12-27,34798,96201,57573,2026-01-06,10,7,2026-01-13,2026-01-09,RESOLVED_IN_GRACE
FDX20254228384,CUST706403,Anderson-Patterson,Large,2025-12-03,50174,248143,78960,2025-12-28,25,20,2026-01-17,2026-01-08,RESOLVED_IN_GRACE
FDX20251887084,CUST176577,Bailey-Kim,Small,2025-12-22,25407,118027,114187,2026-01-01,10,7,2026-01-08,2026-01-05,RESOLVED_IN_GRACE
FDX20259753576,CUST147489,Leonard LLC,Large,2025-12-14,6805,30819,20390,2026-01-08,25,20,2026-01-28,,IN_GRACE
FDX20254177535,CUST544278,Roth and Sons,Small,2026-01-05,38179,174487,49490,2026-01-15,10,7,2026-01-22,,ELIGIBLE
FDX20258983198,CUST461264,Schwartz-Mcbride,Small,2026-01-09,38571,159214,93696,2026-01-19,10,7,2026-01-26,,IN_GRACE
FDX20259432879,CUST834406,Anderson-Burns,Small,2026-01-07,50407,188665,152121,2026-01-17,10,7,2026-01-24,2026-01-20,RESOLVED_IN_GRACE
FDX20251313131,CUST166857,Woods-Meadows,Mega,2025-12-01,28194,154269,30048,2026-01-05,35,30,2026-02-04,,ELIGIBLE
FDX20253018016,CUST667451,Ward-Little,Large,2025-12-01,23889,134259,72450,2025-12-26,25,20,2026-01-15,2026-01-06,RESOLVED_IN_GRACE
FDX20259923120,CUST163182,"Rodgers, Cabrera and Wilson",Small,2025-12-22,9326,46108,36413,2026-01-01,10,7,2026-01-08,,ELIGIBLE
FDX20254015593,CUST172371,Martinez-Lee,Large,2025-12-01,9139,51146,13841,2025-12-26,25,20,2026-01-15,2026-01-03,RESOLVED_IN_GRACE
FDX20251318323,CUST595002,Robinson Ltd,Small,2025-12-29,15069,76142,36972,2026-01-08,10,7,2026-01-15,,ELIGIBLE
FDX20255613105,CUST133276,Edwards-Phillips,Small,2025-12-22,28718,96420,53276,2026-01-01,10,7,2026-01-08,,ELIGIBLE
FDX20254452834,CUST401036,Perry-Rogers,Small,2026-01-14,10131,42418,39828,2026-01-24,10,7,2026-01-31,,ELIGIBLE
FDX20255115227,CUST528728,Perez-Burton,Small,2026-01-13,25843,74390,59316,2026-01-23,10,7,2026-01-30,,ELIGIBLE
FDX20258452933,CUST288724,Griffith and Sons,Mid,2025-12-17,11238,52552,37119,2026-01-01,15,12,2026-01-13,,ELIGIBLE
FDX20252420156,CUST906325,Hernandez-Collins,Small,2026-01-04,41279,209126,58941,2026-01-14,10,7,2026-01-21,,ELIGIBLE
FDX20259951380,CUST242007,Jackson-Watkins,Mid,2025-12-22,40392,134707,51077,2026-01-06,15,12,2026-01-18,2026-01-09,RESOLVED_IN_GRACE
FDX20256375942,CUST903028,Singh Ltd,Mid,2025-12-22,43524,221441,192292,2026-01-06,15,12,2026-01-18,,IN_GRACE
FDX20257741049,CUST772687,Warren-Santiago,Small,2026-01-12,31059,174519,112819,2026-01-22,10,7,2026-01-29,,IN_GRACE
FDX20251754700,CUST864715,Dickerson-Thompson,Mid,2025-12-22,38071,196845,190044,2026-01-06,15,12,2026-01-18,,ELIGIBLE
FDX20259245549,CUST777255,Wright-Hawkins,Mid,2026-01-02,33356,155931,73224,2026-01-17,15,12,2026-01-29,,ELIGIBLE
FDX20251390292,CUST540781,Harris-Smith,Small,2025-12-27,35945,153003,110796,2026-01-06,10,7,2026-01-13,,ELIGIBLE
FDX20256703524,CUST492650,Cruz-Ellis,Mid,2025-12-17,50892,260259,215380,2026-01-01,15,12,2026-01-13,2026-01-11,RESOLVED_IN_GRACE
FDX20258331935,CUST501058,Thomas-Davidson,Small,2026-01-02,28261,167583,80217,2026-01-12,10,7,2026-01-19,2026-01-13,RESOLVED_IN_GRACE
FDX20254028421,CUST570325,Bennett-Smith,Small,2025-12-29,38963,208780,97805,2026-01-08,10,7,2026-01-15,,ELIGIBLE
FDX20257961478,CUST495833,Washington-Shah,Large,2025-12-01,5330,24712,10639,2025-12-26,25,20,2026-01-15,2026-01-11,RESOLVED_IN_GRACE
FDX20251403608,CUST493892,Pitts-Giles,Large,2025-12-17,42589,119828,76650,2026-01-11,25,20,2026-01-31,2026-01-18,RESOLVED_IN_GRACE
FDX20259856721,CUST184148,"Hardy, Ramsey and Smith",Small,2025-12-28,26972,142233,141667,2026-01-07,10,7,2026-01-14,2026-01-14,RESOLVED_IN_GRACE
FDX20256324793,CUST815894,Waters PLC,Small,2026-01-01,13506,45589,38472,2026-01-11,10,7,2026-01-18,,ELIGIBLE
FDX20257409080,CUST793939,Nicholson Ltd,Mid,2025-12-27,24276,134535,120191,2026-01-11,15,12,2026-01-23,,ELIGIBLE
FDX20255314727,CUST665497,"Arroyo, Jordan and Bullock",Small,2025-12-23,6649,30448,14855,2026-01-02,10,7,2026-01-09,2026-01-04,RESOLVED_IN_GRACE
FDX20252527147,CUST239449,Young-Lucas,Small,2025-12-29,16904,42543,20852,2026-01-08,10,7,2026-01-15,2026-01-10,RESOLVED_IN_GRACE
FDX20252923417,CUST785280,Rivas-Chen,Small,2025-12-26,33132,119735,86264,2026-01-05,10,7,2026-01-12,,IN_GRACE
FDX20252666541,CUST464663,Anderson-Park,Mega,2025-12-01,39930,102441,47178,2026-01-05,35,30,2026-02-04,,IN_GRACE
FDX20253821189,CUST224395,Flores-Heath,Small,2025-12-27,33472,134857,60184,2026-01-06,10,7,2026-01-13,,ELIGIBLE
FDX20255787407,CUST287143,Ballard LLC,Small,2025-12-24,8572,46109,14501,2026-01-03,10,7,2026-01-10,,ELIGIBLE
FDX20253416493,CUST663356,Lawson-Riley,Mid,2025-12-18,38899,228950,150375,2026-01-02,15,12,2026-01-14,2026-01-06,RESOLVED_IN_GRACE
FDX20254064676,CUST512151,Gutierrez-Beck,Small,2025-12-27,32085,169625,36536,2026-01-06,10,7,2026-01-13,,ELIGIBLE
FDX20255287493,CUST654531,Wallace-Ramirez,Small,2026-01-11,56344,278266,151455,2026-01-21,10,7,2026-01-28,,ELIGIBLE
FDX20252503717,CUST233533,Douglas-Medina,Small,2026-01-05,45235,203762,104537,2026-01-15,10,7,2026-01-22,,ELIGIBLE
FDX20253587505,CUST863214,Austin-Taylor,Large,2025-12-04,54735,238629,55896,2025-12-29,25,20,2026-01-18,,ELIGIBLE
FDX20256147152,CUST333507,Jensen-Cole,Large,2025-12-05,29029,92220,40417,2025-12-30,25,20,2026-01-19,2026-01-06,RESOLVED_IN_GRACE
FDX20257832964,CUST975373,Stevens Inc,Large,2025-12-01,2291,9112,3835,2025-12-26,25,20,2026-01-15,,ELIGIBLE
FDX20253838554,CUST103642,Johnson-Watkins,Small,2025-12-22,24326,115495,85988,2026-01-01,10,7,2026-01-08,2026-01-03,RESOLVED_IN_GRACE
FDX20251988408,CUST892911,Graham-Brown,Small,2025-12-22,43519,201277,172056,2026-01-01,10,7,2026-01-08,,IN_GRACE
FDX20256457472,CUST123839,Todd-Carpenter,Large,2025-12-01,31304,127243,82630,2025-12-26,25,20,2026-01-15,,ELIGIBLE
FDX20254044357,CUST412856,"Walker, Miller and Conway",Mid,2025-12-27,42154,181231,85722,2026-01-11,15,12,2026-01-23,,ELIGIBLE
FDX20251455856,CUST585494,"Gates, Lopez and Miranda",Small,2026-01-02,51723,288686,188257,2026-01-12,10,7,2026-01-19,,IN_GRACE
FDX20251981497,CUST806215,Reid-Carlson,Mega,2025-12-01,21776,62944,21898,2026-01-05,35,30,2026-02-04,,ELIGIBLE
FDX20256000018,CUST854024,Myers-Holden,Large,2025-12-01,53880,212810,56081,2025-12-26,25,20,2026-01-15,2025-12-28,RESOLVED_IN_GRACE
FDX20257542102,CUST670892,Scott-Carter,Small,2026-01-11,15727,88108,36612,2026-01-21,10,7,2026-01-28,,ELIGIBLE
FDX20252656653,CUST544730,Mendez-Rodriguez,Small,2025-12-27,32221,107190,34641,2026-01-06,10,7,2026-01-13,,ELIGIBLE
FDX20256369404,CUST657772,Todd PLC,Small,2026-01-07,15786,88774,32492,2026-01-17,10,7,2026-01-24,2026-01-20,RESOLVED_IN_GRACE
FDX20253390091,CUST497700,Garrett-Brown,Mid,2025-12-26,51765,266712,97408,2026-01-10,15,12,2026-01-22,,ELIGIBLE
FDX20257926017,CUST963355,Hood-Adams,Small,2025-12-25,47994,236505,127844,2026-01-04,10,7,2026-01-11,,IN_GRACE
FDX20256439471,CUST340820,Henderson-Johns,Small,2025-12-26,58180,327578,257900,2026-01-05,10,7,2026-01-12,2026-01-07,RESOLVED_IN_GRACE
FDX20255327419,CUST359535,Ramirez-Norris,Mid,2025-12-14,50530,211489,83907,2025-12-29,15,12,2026-01-10,2026-01-09,RESOLVED_IN_GRACE
FDX20257300065,CUST583000,Macdonald-Johnson,Mid,2025-12-28,48989,182573,138521,2026-01-12,15,12,2026-01-24,2026-01-19,RESOLVED_IN_GRACE
FDX20253029477,CUST462974,Garcia-Schultz,Small,2026-01-09,6799,20795,15921,2026-01-19,10,7,2026-01-26,,ELIGIBLE
FDX20251870370,CUST262656,David-Barnett,Mid,2025-12-22,35241,178607,74889,2026-01-06,15,12,2026-01-18,,ELIGIBLE
FDX20254398383,CUST389039,York PLC,Mid,2025-12-27,2343,9835,9181,2026-01-11,15,12,2026-01-23,,IN_GRACE
FDX20255020206,CUST297636,Mack Group,Small,2025-12-25,36892,92663,81897,2026-01-04,10,7,2026-01-11,,ELIGIBLE
FDX20254967662,CUST860242,Marsh-Sandoval,Small,2025-12-22,56751,254406,233068,2026-01-01,10,7,2026-01-08,2026-01-07,RESOLVED_IN_GRACE
FDX20259270822,CUST902674,Wiley Ltd,Small,2026-01-14,48677,274441,135057,2026-01-24,10,7,2026-01-31,,ELIGIBLE
FDX20259533248,CUST218326,Hart-Garcia,Mid,2025-12-22,34633,173901,142919,2026-01-06,15,12,2026-01-18,,ELIGIBLE
FDX20259462784,CUST133782,"Carney, Hansen and Miller",Small,2025-12-31,10592,30877,29013,2026-01-10,10,7,2026-01-17,2026-01-13,RESOLVED_IN_GRACE
FDX20257460044,CUST948799,Juarez-Miller,Small,2026-01-14,14598,79056,78021,2026-01-24,10,7,2026-01-31,,ELIGIBLE
FDX20252930745,CUST792267,Mack-Nelson,Small,2026-01-08,45056,129436,58553,2026-01-18,10,7,2026-01-25,,IN_GRACE
FDX20255517895,CUST539605,Lopez-Taylor,Large,2025-12-07,7652,40621,18372,2026-01-01,25,20,2026-01-21,,ELIGIBLE
FDX20252017235,CUST744793,Reynolds-Hodges,Mid,2025-12-27,34432,185971,55037,2026-01-11,15,12,2026-01-23,,ELIGIBLE
FDX20256340799,CUST903265,Wilson-Myers,Large,2025-12-04,32081,143696,136305,2025-12-29,25,20,2026-01-18,,ELIGIBLE
FDX20258798444,CUST116405,Wu-Wong,Mid,2025-12-17,41011,110396,68417,2026-01-01,15,12,2026-01-13,,IN_GRACE
FDX20257829609,CUST352356,Castillo-Allen,Small,2026-01-14,43282,210783,154404,2026-01-24,10,7,2026-01-31,2026-01-28,RESOLVED_IN_GRACE
FDX20252098206,CUST316092,Perkins-Williams,Mid,2026-01-04,27271,98131,78688,2026-01-19,15,12,2026-01-31,2026-01-30,RESOLVED_IN_GRACE
FDX20259123050,CUST170559,Willis-Spencer,Mid,2025-12-23,48688,283378,128305,2026-01-07,15,12,2026-01-19,,ELIGIBLE
FDX20251484969,CUST205797,Taylor-Smith,Mid,2025-12-17,32967,105379,99436,2026-01-01,15,12,2026-01-13,,ELIGIBLE
FDX20257836611,CUST722795,Gonzales-Bell,Mid,2025-12-21,6325,37112,14394,2026-01-05,15,12,2026-01-17,,IN_GRACE
FDX20254921514,CUST135207,Mason-Johnston,Mid,2025-12-15,11878,56836,33266,2025-12-30,15,12,2026-01-11,2026-01-09,RESOLVED_IN_GRACE
FDX20251312439,CUST568127,Wolfe-Rodriguez,Mega,2025-12-01,35278,124879,79355,2026-01-05,35,30,2026-02-04,,ELIGIBLE
FDX20255515751,CUST726822,"Simmons, Schwartz and Stewart",Small,2026-01-08,2166,6991,3813,2026-01-18,10,7,2026-01-25,2026-01-24,RESOLVED_IN_GRACE
FDX20252703045,CUST804667,Castro-Russo,Large,2025-12-04,33700,164349,40155,2025-12-29,25,20,2026-01-18,,ELIGIBLE
FDX20255132498,CUST837449,Lynn-Montoya,Small,2026-01-13,48497,166601,136032,2026-01-23,10,7,2026-01-30,,ELIGIBLE
FDX20253106737,CUST151040,Chapman-Wilson,Mid,2025-12-30,45017,185438,53108,2026-01-14,15,12,2026-01-26,2026-01-18,RESOLVED_IN_GRACE
FDX20256110555,CUST356622,"King, Merritt and Taylor",Mid,2025-12-22,33649,131468,62315,2026-01-06,15,12,2026-01-18,2026-01-12,RESOLVED_IN_GRACE
FDX20257824064,CUST876513,Doyle-Wright,Mid,2025-12-19,42980,159337,130312,2026-01-03,15,12,2026-01-15,2026-01-15,RESOLVED_IN_GRACE
FDX20258482340,CUST146385,Jenkins-Martinez,Small,2025-12-31,8555,43018,21719,2026-01-10,10,7,2026-01-17,,IN_GRACE
FDX20252407748,CUST521805,Sharp-Sullivan,Mid,2025-12-15,11677,45637,34152,2025-12-30,15,12,2026-01-11,,ELIGIBLE
FDX20259395862,CUST560285,Curtis-Powers,Small,2026-01-06,9766,53789,31394,2026-01-16,10,7,2026-01-23,,ELIGIBLE
FDX20254413440,CUST345722,Reynolds-Hatfield,Mid,2025-12-16,28668,130865,41531,2025-12-31,15,12,2026-01-12,2026-01-10,RESOLVED_IN_GRACE
FDX20253388522,CUST665979,Gallegos-Nielsen,Small,2025-12-27,42876,196922,55311,2026-01-06,10,7,2026-01-13,,IN_GRACE
FDX20257263022,CUST327823,"Ramirez, Jones and Bernard",Small,2026-01-01,54799,328776,185621,2026-01-11,10,7,2026-01-18,,ELIGIBLE
FDX20253821731,CUST891030,Robinson-Thomas,Small,2026-01-09,5072,24776,18271,2026-01-19,10,7,2026-01-26,2026-01-24,RESOLVED_IN_GRACE
FDX20255113127,CUST913761,Watson-Mcclure,Small,2025-12-29,31304,151063,39376,2026-01-08,10,7,2026-01-15,,ELIGIBLE
FDX20258109386,CUST159185,Curtis-Davis,Small,2026-01-08,31389,181977,48968,2026-01-18,10,7,2026-01-25,,ELIGIBLE
FDX20258578973,CUST246942,Martinez-Hogan,Small,2026-01-06,9744,50444,31355,2026-01-16,10,7,2026-01-23,,ELIGIBLE
FDX20251701154,CUST628373,Morales-Barnes,Small,2026-01-01,11445,47226,30588,2026-01-11,10,7,2026-01-18,,ELIGIBLE
FDX20251016794,CUST403314,"Cuevas, Nelson and Martinez",Mid,2026-01-04,53632,276112,211870,2026-01-19,15,12,2026-01-31,2026-01-21,RESOLVED_IN_GRACE
FDX20258795567,CUST345536,Deleon-Roy,Large,2025-12-09,34300,132351,55268,2026-01-03,25,20,2026-01-23,,ELIGIBLE
FDX20255852800,CUST955413,Ward-Carrillo,Small,2026-01-08,53884,291837,186353,2026-01-18,10,7,2026-01-25,,ELIGIBLE
FDX20253808198,CUST867051,Sullivan-Santana,Mid,2025-12-13,17094,76006,50044,2025-12-28,15,12,2026-01-09,,ELIGIBLE
FDX20251009108,CUST704095,Johnson-Lopez,Mega,2025-12-01,12591,31737,15010,2026-01-05,35,30,2026-02-04,2026-01-16,RESOLVED_IN_GRACE
FDX20252009569,CUST434394,Thompson-Franco,Small,2025-12-26,9417,41665,28655,2026-01-05,10,7,2026-01-12,2026-01-09,RESOLVED_IN_GRACE
FDX20259089743,CUST705526,Lindsey-Owens,Mega,2025-12-01,30448,141217,84666,2026-01-05,35,30,2026-02-04,,ELIGIBLE
FDX20255585262,CUST726962,Ballard-Brown,Small,2026-01-08,19079,59395,35206,2026-01-18,10,7,2026-01-25,2026-01-22,RESOLVED_IN_GRACE
FDX20255209218,CUST910065,"Friedman, Mccoy and Jackson",Small,2025-12-31,49071,144932,102575,2026-01-10,10,7,2026-01-17,2026-01-17,RESOLVED_IN_GRACE
FDX20257377917,CUST805200,Montoya Group,Mid,2025-12-22,24571,119159,78825,2026-01-06,15,12,2026-01-18,,ELIGIBLE
FDX20256895814,CUST958136,Gates-Martin,Mid,2025-12-14,56494,232036,92582,2025-12-29,15,12,2026-01-10,,ELIGIBLE
FDX20254569422,CUST436241,Colon-Farley,Small,2025-12-24,34801,205258,78454,2026-01-03,10,7,2026-01-10,2026-01-05,RESOLVED_IN_GRACE
FDX20259561890,CUST348411,Gomez-Flores,Large,2025-12-01,47580,220328,76028,2025-12-26,25,20,2026-01-15,,ELIGIBLE
FDX20255719620,CUST416422,Lee-Cunningham,Small,2026-01-02,56529,290087,228367,2026-01-12,10,7,2026-01-19,,ELIGIBLE
FDX20251763107,CUST250219,"Chase, Davidson and Wright",Mid,2025-12-28,22982,92699,26088,2026-01-12,15,12,2026-01-24,,IN_GRACE
FDX20253708116,CUST792282,Decker-Garcia,Small,2025-12-26,59785,183813,133542,2026-01-05,10,7,2026-01-12,2026-01-08,RESOLVED_IN_GRACE
FDX20259960531,CUST646571,Fisher-Williams,Mid,2025-12-18,38324,164895,114398,2026-01-02,15,12,2026-01-14,,ELIGIBLE
FDX20252173318,CUST331780,Barnes-Duarte,Large,2025-12-05,52532,209056,102263,2025-12-30,25,20,2026-01-19,,ELIGIBLE
FDX20256043874,CUST533649,Clark-Lewis,Small,2025-12-27,45468,180785,129312,2026-01-06,10,7,2026-01-13,,ELIGIBLE
FDX20252505169,CUST415098,Baldwin-Brown,Mid,2025-12-30,31516,141738,140784,2026-01-14,15,12,2026-01-26,2026-01-21,RESOLVED_IN_GRACE
FDX20257632115,CUST388519,Hoffman and Sons,Small,2026-01-02,58086,248784,78225,2026-01-12,10,7,2026-01-19,,ELIGIBLE
FDX20253063211,CUST163918,Chapman Inc,Small,2025-12-22,48805,184327,163343,2026-01-01,10,7,2026-01-08,,ELIGIBLE
FDX20253342942,CUST683761,Foster-Schmidt,Mega,2025-12-01,23995,141950,68551,2026-01-05,35,30,2026-02-04,,ELIGIBLE
FDX20255688532,CUST720407,"Hoover, Nunez and Underwood",Mid,2026-01-02,2578,7001,3318,2026-01-17,15,12,2026-01-29,,IN_GRACE
FDX20258247127,CUST870925,Horne-Harrison,Mid,2025-12-19,47207,214355,203009,2026-01-03,15,12,2026-01-15,,ELIGIBLE
FDX20254537478,CUST283640,Avery-Ayers,Large,2025-12-09,24219,113012,82362,2026-01-03,25,20,2026-01-23,2026-01-20,RESOLVED_IN_GRACE
FDX20259469478,CUST756401,Green-Parker,Mid,2025-12-12,13788,43752,20613,2025-12-27,15,12,2026-01-08,,ELIGIBLE
FDX20256340253,CUST811721,Fisher-Johnston,Mid,2026-01-03,38483,191783,87836,2026-01-18,15,12,2026-01-30,2026-01-25,RESOLVED_IN_GRACE
FDX20256748465,CUST547952,"Fernandez, Rodriguez and Davidson",Small,2026-01-04,54391,139978,69729,2026-01-14,10,7,2026-01-21,2026-01-19,RESOLVED_IN_GRACE
FDX20255384902,CUST682851,Robinson-Morris,Small,2026-01-08,52631,206229,75427,2026-01-18,10,7,2026-01-25,,ELIGIBLE
FDX20258595349,CUST619696,Reed-Henry,Mid,2025-12-19,11607,59142,13618,2026-01-03,15,12,2026-01-15,,ELIGIBLE
FDX20255580400,CUST149161,Thomas-Valdez,Mid,2025-12-27,28701,121934,42604,2026-01-11,15,12,2026-01-23,,IN_GRACE
FDX20255125991,CUST461145,Valdez-Branch,Mid,2026-01-03,38326,181583,98551,2026-01-18,15,12,2026-01-30,2026-01-25,RESOLVED_IN_GRACE
FDX20256396194,CUST774565,Allison PLC,Small,2026-01-06,3750,20933,19895,2026-01-16,10,7,2026-01-23,,ELIGIBLE
FDX20256731597,CUST803953,Zamora-Sellers,Mid,2025-12-21,36555,96838,65282,2026-01-05,15,12,2026-01-17,,IN_GRACE
FDX20254533682,CUST499669,Cummings Ltd,Large,2025-12-09,10400,26046,21359,2026-01-03,25,20,2026-01-23,2026-01-08,RESOLVED_IN_GRACE
FDX20258714152,CUST923975,Evans-Nguyen,Small,2026-01-02,3404,12171,6921,2026-01-12,10,7,2026-01-19,,ELIGIBLE
FDX20256510598,CUST649939,Gonzalez-Evans,Small,2026-01-14,37582,120221,46323,2026-01-24,10,7,2026-01-31,,IN_GRACE
FDX20251266331,CUST434217,Wise Group,Small,2025-12-26,11850,30372,25839,2026-01-05,10,7,2026-01-12,,ELIGIBLE
FDX20253243545,CUST830132,Day-Cline,Small,2025-12-30,27453,131118,83631,2026-01-09,10,7,2026-01-16,,ELIGIBLE
FDX20251034351,CUST536548,Flores-Williamson,Mid,2025-12-27,15907,68791,26647,2026-01-11,15,12,2026-01-23,,IN_GRACE
FDX20258994829,CUST528090,"Horton, Johnson and Fitzpatrick",Small,2026-01-02,2643,9873,7942,2026-01-12,10,7,2026-01-19,,ELIGIBLE
FDX20251071793,CUST256466,Cummings-Perry,Mid,2026-01-03,30584,105760,69281,2026-01-18,15,12,2026-01-30,,ELIGIBLE
FDX20251160702,CUST414455,Hays-Gates,Small,2025-12-28,52247,196210,184180,2026-01-07,10,7,2026-01-14,,IN_GRACE
FDX20253911451,CUST494747,Hernandez-Thompson,Mega,2025-12-01,16166,65012,39863,2026-01-05,35,30,2026-02-04,,IN_GRACE
FDX20257931725,CUST292811,"Garner, Logan and Perkins",Small,2026-01-09,29059,135956,29184,2026-01-19,10,7,2026-01-26,,ELIGIBLE
FDX20259203667,CUST891062,Walsh-Lozano,Large,2025-12-01,31646,163079,58028,2025-12-26,25,20,2026-01-15,,ELIGIBLE
FDX20257589940,CUST664058,Schmidt-Fry,Small,2026-01-05,39465,99320,62239,2026-01-15,10,7,2026-01-22,2026-01-19,RESOLVED_IN_GRACE
FDX20252361450,CUST596520,"Goodman, Hill and Byrd",Small,2026-01-13,44711,197229,173262,2026-01-23,10,7,2026-01-30,,ELIGIBLE
FDX20252300622,CUST352673,Lucero-Ramsey,Small,2026-01-01,54291,210962,105091,2026-01-11,10,7,2026-01-18,2026-01-16,RESOLVED_IN_GRACE
FDX20251519213,CUST990598,Bishop-Ortiz,Mid,2025-12-18,28241,134711,90934,2026-01-02,15,12,2026-01-14,2026-01-03,RESOLVED_IN_GRACE
FDX20258468826,CUST336290,White-Harrington,Large,2025-12-04,22317,89954,73578,2025-12-29,25,20,2026-01-18,,ELIGIBLE
FDX20253070570,CUST415344,Wilson-Morris,Small,2026-01-06,55154,256004,107904,2026-01-16,10,7,2026-01-23,,ELIGIBLE
FDX20256922268,CUST999197,Davis-Herrera,Large,2025-12-01,40889,166182,50836,2025-12-26,25,20,2026-01-15,2026-01-08,RESOLVED_IN_GRACE
FDX20257314548,CUST841948,Jones-Craig,Large,2025-12-08,17966,92481,18704,2026-01-02,25,20,2026-01-22,,ELIGIBLE
FDX20257005668,CUST251363,Brown-Foster,Mid,2025-12-18,40188,190049,111110,2026-01-02,15,12,2026-01-14,,ELIGIBLE
FDX20257488605,CUST944917,Miller-Thomas,Mid,2025-12-25,29399,145554,115094,2026-01-09,15,12,2026-01-21,,ELIGIBLE
FDX20253972698,CUST585517,Glover-Franklin,Small,2026-01-05,36409,155922,134223,2026-01-15,10,7,2026-01-22,2026-01-17,RESOLVED_IN_GRACE
FDX20251141455,CUST160423,Gonzales-Miller,Small,2026-01-01,48599,134624,94970,2026-01-11,10,7,2026-01-18,2026-01-16,RESOLVED_IN_GRACE
FDX20253093190,CUST689704,"Mcknight, Wilson and Torres",Mid,2025-12-16,34439,142294,104405,2025-12-31,15,12,2026-01-12,,ELIGIBLE
FDX20258762692,CUST532723,"Meyer, Rodriguez and Fuentes",Small,2025-12-22,9660,27959,14930,2026-01-01,10,7,2026-01-08,2026-01-04,RESOLVED_IN_GRACE
FDX20257215633,CUST536740,"Williams, Rice and Johnston",Small,2025-12-29,15416,44734,19892,2026-01-08,10,7,2026-01-15,,ELIGIBLE
FDX20254237849,CUST684357,Garcia-Johnson,Mid,2026-01-01,40152,146542,95519,2026-01-16,15,12,2026-01-28,,ELIGIBLE
FDX20258458775,CUST655736,"Norton, Miller and Martinez",Large,2025-12-01,56492,251218,89988,2025-12-26,25,20,2026-01-15,,IN_GRACE
FDX20251157090,CUST240606,Kelly-Wallace,Mid,2025-12-26,22224,91227,87148,2026-01-10,15,12,2026-01-22,,IN_GRACE
FDX20254716501,CUST507286,"Drake, Garcia and Ramirez",Mid,2025-12-27,52444,264381,65211,2026-01-11,15,12,2026-01-23,,ELIGIBLE
FDX20251331881,CUST354655,"Wheeler, Martinez and Crawford",Large,2025-12-15,46485,124775,120350,2026-01-09,25,20,2026-01-29,2026-01-20,RESOLVED_IN_GRACE
FDX20255716653,CUST367382,Taylor-Burke,Small,2025-12-31,35295,95019,55339,2026-01-10,10,7,2026-01-17,2026-01-11,RESOLVED_IN_GRACE
FDX20257003240,CUST313214,Lee-Mercer,Small,2026-01-01,57167,166673,159348,2026-01-11,10,7,2026-01-18,,ELIGIBLE
FDX20254213032,CUST446305,Carter-Norman,Small,2025-12-26,20759,102504,36769,2026-01-05,10,7,2026-01-12,,ELIGIBLE
FDX20252509387,CUST778120,Tucker-Miller,Small,2026-01-03,56024,222762,215511,2026-01-13,10,7,2026-01-20,,ELIGIBLE
FDX20256086491,CUST182911,Pham and Sons,Mega,2025-12-01,53107,255147,254582,2026-01-05,35,30,2026-02-04,,ELIGIBLE
FDX20254710242,CUST571635,Alvarez-Crawford,Small,2026-01-11,49558,127301,54916,2026-01-21,10,7,2026-01-28,,ELIGIBLE
FDX20254930196,CUST988283,Ellis-Gonzalez,Small,2026-01-08,3176,9092,7926,2026-01-18,10,7,2026-01-25,,ELIGIBLE
FDX20259284734,CUST489102,Oconnor-Duncan,Small,2025-12-24,45508,128344,50085,2026-01-03,10,7,2026-01-10,2026-01-07,RESOLVED_IN_GRACE
FDX20257090115,CUST196955,Gonzalez-Medina,Small,2026-01-09,15238,72111,48429,2026-01-19,10,7,2026-01-26,,ELIGIBLE
FDX20251617335,CUST661654,"Benson, Suarez and Fernandez",Mega,2025-12-01,22486,89983,73930,2026-01-05,35,30,2026-02-04,,IN_GRACE
FDX20255710310,CUST859782,Price-Barker,Large,2025-12-10,30403,175395,91166,2026-01-04,25,20,2026-01-24,,ELIGIBLE
FDX20259268447,CUST969695,Garcia-Mack,Small,2025-12-24,42840,188110,172901,2026-01-03,10,7,2026-01-10,2026-01-06,RESOLVED_IN_GRACE
FDX20254507886,CUST299734,Wilson-Williams,Small,2026-01-06,17491,99075,70166,2026-01-16,10,7,2026-01-23,2026-01-23,RESOLVED_IN_GRACE
FDX20251119712,CUST154040,Rogers-Nicholson,Small,2026-01-08,39016,158351,146531,2026-01-18,10,7,2026-01-25,2026-01-23,RESOLVED_IN_GRACE
FDX20254289790,CUST381502,Yoder Inc,Small,2026-01-13,43195,116489,115870,2026-01-23,10,7,2026-01-30,2026-01-28,RESOLVED_IN_GRACE
FDX20257645223,CUST495489,Welch Ltd,Small,2026-01-02,19607,62731,33413,2026-01-12,10,7,2026-01-19,2026-01-13,RESOLVED_IN_GRACE
FDX20252861373,CUST806396,Patel-Davis,Large,2025-12-16,39142,181205,138222,2026-01-10,25,20,2026-01-30,,ELIGIBLE
FDX20255653119,CUST734356,"Huff, Ryan and Kelly",Small,2026-01-01,34124,94181,68443,2026-01-11,10,7,2026-01-18,2026-01-13,RESOLVED_IN_GRACE
FDX20259394071,CUST732209,"Dunn, Watts and Lambert",Mid,2026-01-04,10901,34409,17491,2026-01-19,15,12,2026-01-31,,ELIGIBLE
FDX20259288134,CUST141468,Lee-Jimenez,Mid,2025-12-23,2369,11658,7182,2026-01-07,15,12,2026-01-19,,ELIGIBLE
FDX20253860131,CUST176319,Smith-Morgan,Large,2025-12-04,9747,40955,31201,2025-12-29,25,20,2026-01-18,2026-01-04,RESOLVED_IN_GRACE
FDX20254250925,CUST297303,"Todd, Alvarez and Lewis",Small,2026-01-03,24992,145089,33873,2026-01-13,10,7,2026-01-20,,ELIGIBLE
FDX20253944885,CUST943737,Obrien-Burns,Small,2026-01-09,8287,23554,23081,2026-01-19,10,7,2026-01-26,,ELIGIBLE
FDX20252096569,CUST898696,Henry Inc,Mid,2025-12-13,39702,110225,65433,2025-12-28,15,12,2026-01-09,,IN_GRACE
FDX20253151617,CUST716126,Davis-Sanders,Small,2026-01-09,51025,220196,208616,2026-01-19,10,7,2026-01-26,,ELIGIBLE
FDX20252091346,CUST859489,Roberts-Morgan,Small,2026-01-12,21175,54824,40429,2026-01-22,10,7,2026-01-29,,ELIGIBLE
FDX20253137935,CUST804066,Chan-Kramer,Large,2025-12-11,12382,68796,30908,2026-01-05,25,20,2026-01-25,,IN_GRACE
FDX20255355775,CUST685997,Woods-Kelly,Large,2025-12-16,5632,20025,10768,2026-01-10,25,20,2026-01-30,2026-01-29,RESOLVED_IN_GRACE
FDX20254824620,CUST327558,Mcmillan-Jacobson,Mid,2025-12-27,30891,158681,112792,2026-01-11,15,12,2026-01-23,2026-01-23,RESOLVED_IN_GRACE
FDX20259775825,CUST602681,Chapman-Hill,Mid,2025-12-26,55268,292737,64797,2026-01-10,15,12,2026-01-22,,ELIGIBLE
FDX20255602459,CUST319036,Phelps-Bond,Small,2026-01-13,49255,182976,85829,2026-01-23,10,7,2026-01-30,2026-01-25,RESOLVED_IN_GRACE
FDX20254218734,CUST449138,Miller-Adams,Small,2025-12-29,38057,212492,147826,2026-01-08,10,7,2026-01-15,,IN_GRACE
FDX20251387847,CUST417915,Logan Ltd,Small,2025-12-26,32187,131478,88574,2026-01-05,10,7,2026-01-12,,ELIGIBLE
FDX20259941274,CUST116078,"Morton, Cook and Garcia",Small,2026-01-10,3877,20059,10221,2026-01-20,10,7,2026-01-27,2026-01-27,RESOLVED_IN_GRACE
FDX20255243311,CUST322096,Walker-Dickerson,Small,2025-12-27,12334,65148,50163,2026-01-06,10,7,2026-01-13,2026-01-09,RESOLVED_IN_GRACE
FDX20258615616,CUST299254,Weber Ltd,Large,2025-12-10,56388,159591,82866,2026-01-04,25,20,2026-01-24,2026-01-14,RESOLVED_IN_GRACE
FDX20251032798,CUST877493,Molina-Miranda,Mid,2025-12-22,2594,9965,7215,2026-01-06,15,12,2026-01-18,,IN_GRACE
FDX20258165791,CUST223014,Zhang-Hampton,Large,2025-12-08,41601,227310,185809,2026-01-02,25,20,2026-01-22,,ELIGIBLE
FDX20251870113,CUST883159,Campbell-Jones,Mid,2025-12-19,15778,74425,45998,2026-01-03,15,12,2026-01-15,,ELIGIBLE
FDX20256419028,CUST890973,Everett Inc,Mid,2025-12-14,20293,88768,45776,2025-12-29,15,12,2026-01-10,,ELIGIBLE
FDX20258256954,CUST602184,Trujillo-Brooks,Small,2026-01-06,2899,15898,4536,2026-01-16,10,7,2026-01-23,2026-01-21,RESOLVED_IN_GRACE
FDX20257826244,CUST354377,Joseph-Blevins,Small,2026-01-07,14381,62655,30032,2026-01-17,10,7,2026-01-24,,ELIGIBLE
FDX20255597554,CUST829417,Gilmore-Day,Small,2025-12-29,12056,67395,55605,2026-01-08,10,7,2026-01-15,2026-01-10,RESOLVED_IN_GRACE
FDX20253042084,CUST733760,"Hester, Morton and Orozco",Small,2026-01-11,43026,224931,45260,2026-01-21,10,7,2026-01-28,,ELIGIBLE
FDX20259695551,CUST837954,Wilson-Erickson,Mega,2025-12-01,13320,58520,38346,2026-01-05,35,30,2026-02-04,,ELIGIBLE
FDX20258828026,CUST314447,Butler-Nelson,Small,2026-01-12,17383,76867,28317,2026-01-22,10,7,2026-01-29,2026-01-23,RESOLVED_IN_GRACE
FDX20259314364,CUST515898,"Suarez, Ramos and Garrison",Small,2025-12-28,32427,97111,55249,2026-01-07,10,7,2026-01-14,,IN_GRACE
FDX20257064491,CUST350956,Evans-Thompson,Small,2026-01-11,21745,127662,32210,2026-01-21,10,7,2026-01-28,,IN_GRACE
FDX20259678130,CUST678897,White-Gutierrez,Large,2025-12-01,37605,179393,68333,2025-12-26,25,20,2026-01-15,,ELIGIBLE
FDX20251729216,CUST437237,"Cervantes, Rivera and Nelson",Mid,2025-12-30,16079,54828,22989,2026-01-14,15,12,2026-01-26,,IN_GRACE
FDX20254767293,CUST913185,Wilson-Irwin,Large,2025-12-16,6590,31872,23280,2026-01-10,25,20,2026-01-30,,ELIGIBLE
FDX20251787936,CUST396809,Martin-Boyd,Large,2025-12-03,28694,79137,51049,2025-12-28,25,20,2026-01-17,,ELIGIBLE
FDX20255662942,CUST499152,Robinson-Richardson,Small,2026-01-13,30186,134326,83400,2026-01-23,10,7,2026-01-30,,IN_GRACE
FDX20258047472,CUST588899,"Steele, Roberts and Lucas",Small,2026-01-05,56695,260309,186008,2026-01-15,10,7,2026-01-22,2026-01-16,RESOLVED_IN_GRACE
FDX20259932362,CUST659572,"Bell, Ho and Henderson",Small,2026-01-12,40357,136699,132676,2026-01-22,10,7,2026-01-29,2026-01-29,RESOLVED_IN_GRACE
FDX20258530646,CUST780233,Mcpherson PLC,Large,2025-12-10,58768,321217,129428,2026-01-04,25,20,2026-01-24,2026-01-06,RESOLVED_IN_GRACE
FDX20256305659,CUST476710,Walker-Terry,Small,2026-01-11,58815,206719,74301,2026-01-21,10,7,2026-01-28,,ELIGIBLE
FDX20251086558,CUST423404,Erickson-James,Mid,2026-01-01,11729,64099,40821,2026-01-16,15,12,2026-01-28,2026-01-22,RESOLVED_IN_GRACE
FDX20257574301,CUST374267,Jones-Bender,Small,2025-12-25,54179,250227,124909,2026-01-04,10,7,2026-01-11,,IN_GRACE
FDX20254264982,CUST477114,Leon-Holland,Small,2025-12-31,3695,15094,11944,2026-01-10,10,7,2026-01-17,,ELIGIBLE
FDX20256615431,CUST637727,Kaufman-Sandoval,Large,2025-12-01,42410,154705,73634,2025-12-26,25,20,2026-01-15,,IN_GRACE
FDX20252372525,CUST621433,Gilbert-Barrett,Small,2026-01-11,46036,118481,73458,2026-01-21,10,7,2026-01-28,,ELIGIBLE
FDX20251425670,CUST588640,Davis-Bryant,Mid,2025-12-22,28870,73873,53647,2026-01-06,15,12,2026-01-18,,IN_GRACE
FDX20254785409,CUST203398,Nelson-Graham,Mid,2025-12-19,30198,139563,99648,2026-01-03,15,12,2026-01-15,2026-01-11,RESOLVED_IN_GRACE
FDX20258110523,CUST941814,Johnson-Gonzales,Small,2026-01-05,8759,41381,37329,2026-01-15,10,7,2026-01-22,,ELIGIBLE
FDX20252248902,CUST857505,Phillips Inc,Small,2026-01-13,43666,153663,78568,2026-01-23,10,7,2026-01-30,2026-01-30,RESOLVED_IN_GRACE
FDX20255194038,CUST592296,Conrad-Mills,Small,2026-01-05,40631,225348,214272,2026-01-15,10,7,2026-01-22,2026-01-17,RESOLVED_IN_GRACE
FDX20254303044,CUST898625,Adams-Bush,Small,2025-12-27,26272,108098,71046,2026-01-06,10,7,2026-01-13,2026-01-13,RESOLVED_IN_GRACE
FDX20253759542,CUST980521,"Meyers, Peterson and Perkins",Small,2025-12-24,59200,269984,76015,2026-01-03,10,7,2026-01-10,,ELIGIBLE
FDX20256523472,CUST435788,Alexander-Hudson,Small,2025-12-22,13908,61303,32376,2026-01-01,10,7,2026-01-08,,ELIGIBLE
FDX20256214457,CUST312994,Johnson-Beck,Small,2025-12-24,39261,206733,164205,2026-01-03,10,7,2026-01-10,2026-01-06,RESOLVED_IN_GRACE
FDX20252054349,CUST488712,Harris-Byrd,Small,2026-01-01,47245,213398,72081,2026-01-11,10,7,2026-01-18,,ELIGIBLE
FDX20252622794,CUST428122,Perkins-Farley,Mega,2025-12-01,47007,198565,129937,2026-01-05,35,30,2026-02-04,,ELIGIBLE
FDX20251467627,CUST534037,Medina-Brooks,Small,2025-12-27,16499,70909,39855,2026-01-06,10,7,2026-01-13,,ELIGIBLE
FDX20259052500,CUST147936,"Barr, Mclaughlin and Newman",Mid,2025-12-19,51668,175752,98256,2026-01-03,15,12,2026-01-15,2026-01-11,RESOLVED_IN_GRACE
FDX20258246900,CUST689849,Foley-Barnes,Large,2025-12-14,48631,200337,126532,2026-01-08,25,20,2026-01-28,,ELIGIBLE
FDX20251403047,CUST332022,Montes-Richardson,Small,2026-01-13,45928,250665,185347,2026-01-23,10,7,2026-01-30,,ELIGIBLE
FDX20256608665,CUST877259,Peck-Williams,Large,2025-12-01,11082,48882,20224,2025-12-26,25,20,2026-01-15,,IN_GRACE
FDX20255201173,CUST253011,Price-Haynes,Mid,2025-12-12,48705,231668,220329,2025-12-27,15,12,2026-01-08,2026-01-06,RESOLVED_IN_GRACE
FDX20255146548,CUST117007,Walton Ltd,Large,2025-12-01,39081,110424,53826,2025-12-26,25,20,2026-01-15,2026-01-12,RESOLVED_IN_GRACE
FDX20252809265,CUST373441,Daniels-Morgan,Mid,2026-01-04,25440,77261,75371,2026-01-19,15,12,2026-01-31,2026-01-21,RESOLVED_IN_GRACE
FDX20258945295,CUST680189,Gill-Gallagher,Small,2026-01-04,55169,167339,96413,2026-01-14,10,7,2026-01-21,,ELIGIBLE
FDX20254999003,CUST712401,Rios-Powell,Small,2026-01-01,49722,237755,174587,2026-01-11,10,7,2026-01-18,,IN_GRACE
FDX20256717708,CUST707275,Lozano-Allen,Mid,2025-12-22,17861,96251,48298,2026-01-06,15,12,2026-01-18,,ELIGIBLE
FDX20251913231,CUST854987,Vazquez-Murphy,Small,2025-12-26,37115,206111,127376,2026-01-05,10,7,2026-01-12,,IN_GRACE
FDX20256596685,CUST537862,"Pitts, Webster and Martinez",Small,2025-12-25,6386,26443,21457,2026-01-04,10,7,2026-01-11,2026-01-08,RESOLVED_IN_GRACE
FDX20259718700,CUST409531,Macias PLC,Large,2025-12-16,20298,105855,85105,2026-01-10,25,20,2026-01-30,2026-01-12,RESOLVED_IN_GRACE
FDX20254971899,CUST259814,Ford-Hawkins,Small,2026-01-11,44033,206621,59836,2026-01-21,10,7,2026-01-28,2026-01-27,RESOLVED_IN_GRACE
FDX20252223240,CUST305721,Bryant PLC,Mega,2025-12-01,28612,169952,168087,2026-01-05,35,30,2026-02-04,,ELIGIBLE
FDX20258357303,CUST445888,Carpenter-Morales,Small,2026-01-03,2105,10246,6566,2026-01-13,10,7,2026-01-20,,ELIGIBLE
FDX20252605088,CUST341192,Miranda-Reynolds,Mid,2026-01-01,14756,69920,62940,2026-01-16,15,12,2026-01-28,,ELIGIBLE
FDX20258490291,CUST498290,Mclaughlin-Jenkins,Small,2025-12-23,15231,42514,34331,2026-01-02,10,7,2026-01-09,,ELIGIBLE
FDX20253094239,CUST697467,Taylor-Brown,Small,2025-12-28,16136,57325,44573,2026-01-07,10,7,2026-01-14,,ELIGIBLE
FDX20252435034,CUST973844,Clark-Hancock,Small,2026-01-12,22708,64704,34339,2026-01-22,10,7,2026-01-29,,IN_GRACE
FDX20252018157,CUST357666,Davis-Conrad,Small,2026-01-11,51268,255275,135164,2026-01-21,10,7,2026-01-28,,ELIGIBLE
FDX20251559414,CUST623555,Garcia-Armstrong,Small,2025-12-22,34867,143308,41633,2026-01-01,10,7,2026-01-08,,IN_GRACE
FDX20257331639,CUST677390,"Aguirre, Cohen and Ruiz",Small,2026-01-12,17793,104889,99792,2026-01-22,10,7,2026-01-29,2026-01-25,RESOLVED_IN_GRACE
FDX20256255956,CUST786406,Baker-Garrett,Large,2025-12-17,50426,216269,149207,2026-01-11,25,20,2026-01-31,,ELIGIBLE
FDX20252090992,CUST818113,Martinez-Perry,Mid,2025-12-30,14787,82065,46381,2026-01-14,15,12,2026-01-26,,ELIGIBLE
FDX20253139695,CUST453961,Webster-Smith,Mid,2025-12-15,57474,197835,96986,2025-12-30,15,12,2026-01-11,,ELIGIBLE
FDX20252040224,CUST369826,Black-Marshall,Mid,2025-12-22,17504,63463,58376,2026-01-06,15,12,2026-01-18,2026-01-12,RESOLVED_IN_GRACE
FDX20258414160,CUST900441,Rivera-Kennedy,Small,2026-01-03,10570,44702,31608,2026-01-13,10,7,2026-01-20,2026-01-17,RESOLVED_IN_GRACE
FDX20251919204,CUST961501,Reed and Sons,Mid,2025-12-27,5012,23638,7539,2026-01-11,15,12,2026-01-23,,ELIGIBLE
FDX20256057845,CUST612356,Ross-Berry,Large,2025-12-04,22261,99855,83931,2025-12-29,25,20,2026-01-18,,IN_GRACE
FDX20258245056,CUST858705,Stone-Brown,Mid,2026-01-02,57417,282600,224656,2026-01-17,15,12,2026-01-29,,ELIGIBLE
FDX20252103777,CUST772865,Santos-Goodman,Small,2026-01-01,10247,51990,22854,2026-01-11,10,7,2026-01-18,,ELIGIBLE
FDX20252708383,CUST875520,Collins-Barrett,Small,2026-01-12,36588,162762,37578,2026-01-22,10,7,2026-01-29,,ELIGIBLE
FDX20251936000,CUST614426,"Mora, Russell and Johnson",Small,2026-01-04,55494,306464,108585,2026-01-14,10,7,2026-01-21,,IN_GRACE
FDX20251875823,CUST583214,"Schultz, Escobar and Gilmore",Small,2025-12-26,54197,179057,89500,2026-01-05,10,7,2026-01-12,,IN_GRACE
FDX20255947882,CUST276405,Snow-Gallagher,Large,2025-12-01,45883,152808,106698,2025-12-26,25,20,2026-01-15,,IN_GRACE
FDX20257399761,CUST868367,Fletcher-Wagner,Large,2025-12-16,7311,30648,10918,2026-01-10,25,20,2026-01-30,2026-01-27,RESOLVED_IN_GRACE
FDX20257739123,CUST933592,Carter-Strickland,Small,2026-01-05,50484,302297,152637,2026-01-15,10,7,2026-01-22,,IN_GRACE
FDX20252607764,CUST469283,Miller-Carter,Large,2025-12-01,52152,172507,145902,2025-12-26,25,20,2026-01-15,2026-01-12,RESOLVED_IN_GRACE
FDX20257897247,CUST277487,Rangel-Hayes,Small,2025-12-28,42914,206331,194958,2026-01-07,10,7,2026-01-14,,ELIGIBLE
FDX20254910970,CUST246757,White-Parker,Mega,2025-12-01,31823,176004,97604,2026-01-05,35,30,2026-02-04,2026-01-21,RESOLVED_IN_GRACE
FDX20251177948,CUST855303,Torres-Williams,Mid,2025-12-29,28891,167036,76041,2026-01-13,15,12,2026-01-25,2026-01-17,RESOLVED_IN_GRACE
FDX20258606978,CUST673095,Carrillo-Whitney,Large,2025-12-08,42957,230440,49401,2026-01-02,25,20,2026-01-22,2026-01-09,RESOLVED_IN_GRACE
FDX20257441109,CUST612036,"Michael, Hernandez and Walker",Small,2025-12-24,46361,261787,136680,2026-01-03,10,7,2026-01-10,,ELIGIBLE
FDX20258788136,CUST292988,Wolf-Warner,Large,2025-12-06,44193,183648,167291,2025-12-31,25,20,2026-01-20,,ELIGIBLE
FDX20258182422,CUST668471,Frank Group,Mid,2025-12-26,38217,211907,86823,2026-01-10,15,12,2026-01-22,2026-01-17,RESOLVED_IN_GRACE
FDX20252699161,CUST772985,Wagner LLC,Mid,2025-12-16,36011,102607,60811,2025-12-31,15,12,2026-01-12,2026-01-02,RESOLVED_IN_GRACE
FDX20256697818,CUST161585,Roth-Lee,Mid,2025-12-24,53701,294345,94337,2026-01-08,15,12,2026-01-20,,ELIGIBLE
FDX20251435739,CUST649395,Boyd-Soto,Mega,2025-12-01,13221,70532,31605,2026-01-05,35,30,2026-02-04,,IN_GRACE
FDX20258618143,CUST135466,Quinn-Robbins,Mid,2025-12-16,7416,43833,18930,2025-12-31,15,12,2026-01-12,,IN_GRACE
FDX20259677392,CUST979827,Turner-Alvarado,Large,2025-12-15,47486,177152,65770,2026-01-09,25,20,2026-01-29,2026-01-26,RESOLVED_IN_GRACE
FDX20256506176,CUST987826,"Brennan, Horn and Nelson",Small,2025-12-29,50892,127485,102240,2026-01-08,10,7,2026-01-15,,ELIGIBLE
FDX20254229300,CUST177941,Fox-Freeman,Large,2025-12-01,13652,56970,29423,2025-12-26,25,20,2026-01-15,,ELIGIBLE
FDX20252812049,CUST957730,Lane-Haas,Small,2026-01-02,46405,267994,112126,2026-01-12,10,7,2026-01-19,,ELIGIBLE
FDX20252722846,CUST800674,Davis-Morrison,Small,2026-01-05,58355,337866,108053,2026-01-15,10,7,2026-01-22,2026-01-20,RESOLVED_IN_GRACE
FDX20251206168,CUST150871,Shannon-Luna,Small,2025-12-24,25127,98806,69917,2026-01-03,10,7,2026-01-10,2026-01-06,RESOLVED_IN_GRACE
FDX20252133208,CUST901467,Blake and Sons,Large,2025-12-01,19732,57774,55066,2025-12-26,25,20,2026-01-15,,ELIGIBLE
FDX20254248312,CUST106693,"Byrd, Adams and Graves",Small,2026-01-06,41668,147210,83387,2026-01-16,10,7,2026-01-23,,ELIGIBLE
FDX20253113620,CUST532424,Cowan Ltd,Small,2025-12-25,36808,209662,175701,2026-01-04,10,7,2026-01-11,2026-01-06,RESOLVED_IN_GRACE
FDX20259537891,CUST244170,Daugherty PLC,Small,2025-12-27,7105,26323,7222,2026-01-06,10,7,2026-01-13,,ELIGIBLE
FDX20255299767,CUST983472,Smith-White,Mid,2025-12-25,4853,19742,10540,2026-01-09,15,12,2026-01-21,,IN_GRACE
FDX20256962475,CUST761338,"Lozano, Carpenter and Hernandez",Small,2025-12-23,27867,99113,31535,2026-01-02,10,7,2026-01-09,2026-01-04,RESOLVED_IN_GRACE
FDX20258063325,CUST342675,Arnold-Lopez,Small,2026-01-06,11888,62821,21761,2026-01-16,10,7,2026-01-23,,ELIGIBLE
FDX20259076540,CUST171269,Harrison-Johnson,Small,2026-01-04,29752,136618,54758,2026-01-14,10,7,2026-01-21,,ELIGIBLE
FDX20258459558,CUST841521,Black-Black,Small,2025-12-28,22889,96905,24078,2026-01-07,10,7,2026-01-14,,ELIGIBLE
FDX20254119277,CUST258366,Welch-Brown,Small,2026-01-14,21708,112829,97673,2026-01-24,10,7,2026-01-31,,ELIGIBLE
FDX20255079421,CUST109585,Andrade-Hood,Small,2026-01-01,54802,280309,154496,2026-01-11,10,7,2026-01-18,,ELIGIBLE
FDX20253309764,CUST329344,Burch-Mitchell,Small,2025-12-28,25111,120845,38252,2026-01-07,10,7,2026-01-14,,ELIGIBLE
FDX20251739385,CUST630299,Grimes-Williams,Small,2025-12-22,29459,139673,106033,2026-01-01,10,7,2026-01-08,,ELIGIBLE
FDX20252014873,CUST578160,West-Stanley,Mid,2025-12-25,48279,235171,219785,2026-01-09,15,12,2026-01-21,,ELIGIBLE
FDX20253142127,CUST491329,House-Johnson,Small,2025-12-23,10627,32621,17006,2026-01-02,10,7,2026-01-09,2026-01-04,RESOLVED_IN_GRACE
FDX20256228902,CUST163386,Gill and Sons,Small,2025-12-31,52582,227579,68227,2026-01-10,10,7,2026-01-17,,ELIGIBLE
FDX20258312318,CUST747847,Cole-Thompson,Mid,2025-12-31,35874,144450,58499,2026-01-15,15,12,2026-01-27,,IN_GRACE
FDX20259608821,CUST768706,Fowler PLC,Mega,2025-12-01,57234,284615,164131,2026-01-05,35,30,2026-02-04,,IN_GRACE
FDX20257001942,CUST799143,Garner-Dorsey,Small,2026-01-02,36643,132728,87228,2026-01-12,10,7,2026-01-19,,IN_GRACE
FDX20256220872,CUST746467,Crane-Bailey,Small,2026-01-06,20647,79184,40180,2026-01-16,10,7,2026-01-23,2026-01-20,RESOLVED_IN_GRACE
FDX20253443176,CUST606676,Harrison-Castro,Mid,2025-12-19,26836,73714,71742,2026-01-03,15,12,2026-01-15,2026-01-14,RESOLVED_IN_GRACE
FDX20253473113,CUST791309,Reed-Esparza,Large,2025-12-01,35831,197581,176934,2025-12-26,25,20,2026-01-15,2026-01-01,RESOLVED_IN_GRACE
FDX20258877301,CUST611552,Smith-Goodwin,Mid,2025-12-18,15321,39631,34215,2026-01-02,15,12,2026-01-14,2026-01-05,RESOLVED_IN_GRACE
FDX20256178697,CUST116495,Lamb-Thompson,Small,2026-01-08,57273,237947,199977,2026-01-18,10,7,2026-01-25,2026-01-22,RESOLVED_IN_GRACE
FDX20256752912,CUST106933,"Manning, Clark and Evans",Small,2026-01-13,13105,66884,52294,2026-01-23,10,7,2026-01-30,2026-01-30,RESOLVED_IN_GRACE
FDX20255883242,CUST658065,"Warren, Robinson and Guerrero",Mid,2026-01-03,44168,186305,147730,2026-01-18,15,12,2026-01-30,,ELIGIBLE
FDX20257187940,CUST678440,Delgado Ltd,Mid,2025-12-23,32094,167316,88053,2026-01-07,15,12,2026-01-19,,IN_GRACE
FDX20251135590,CUST531319,Travis-Tucker,Large,2025-12-04,27251,95565,37479,2025-12-29,25,20,2026-01-18,,IN_GRACE
FDX20259685239,CUST112426,Mendez-Woods,Small,2026-01-02,27493,95255,59485,2026-01-12,10,7,2026-01-19,,IN_GRACE
FDX20253425991,CUST117538,Harrison-Palmer,Mid,2025-12-18,2577,11250,8924,2026-01-02,15,12,2026-01-14,,IN_GRACE
FDX20251961630,CUST655134,Wilkerson Inc,Mid,2025-12-15,4244,12299,8086,2025-12-30,15,12,2026-01-11,,IN_GRACE
FDX20254982698,CUST857273,Greene-Johnson,Small,2026-01-13,11834,55414,21811,2026-01-23,10,7,2026-01-30,,ELIGIBLE
FDX20259507858,CUST388086,Meadows PLC,Mega,2025-12-01,35195,188845,38938,2026-01-05,35,30,2026-02-04,2026-01-13,RESOLVED_IN_GRACE
FDX20251916158,CUST661762,Carter-Nichols,Mid,2025-12-19,15097,83682,68210,2026-01-03,15,12,2026-01-15,,ELIGIBLE
FDX20258081010,CUST400614,Johnson-Knight,Small,2025-12-26,21920,61235,55708,2026-01-05,10,7,2026-01-12,,ELIGIBLE
FDX20256768277,CUST117975,Morgan-Byrd,Mega,2025-12-01,55591,213421,186560,2026-01-05,35,30,2026-02-04,,ELIGIBLE
FDX20254278387,CUST626611,Cervantes-Mccormick,Small,2026-01-04,19934,60417,25852,2026-01-14,10,7,2026-01-21,2026-01-18,RESOLVED_IN_GRACE
FDX20254361682,CUST952657,"Herrera, Aguilar and Edwards",Small,2025-12-28,54388,198764,121005,2026-01-07,10,7,2026-01-14,,ELIGIBLE
FDX20254376603,CUST831758,Mendez-Perez,Small,2025-12-26,57417,314459,242848,2026-01-05,10,7,2026-01-12,2026-01-07,RESOLVED_IN_GRACE
FDX20252147624,CUST806774,Nguyen-Mitchell,Mid,2026-01-01,57759,322605,75883,2026-01-16,15,12,2026-01-28,,IN_GRACE
FDX20256730290,CUST551488,Taylor-Gonzales,Mega,2025-12-01,16490,47452,18490,2026-01-05,35,30,2026-02-04,2026-01-28,RESOLVED_IN_GRACE
FDX20254176859,CUST945328,Odom and Sons,Small,2026-01-05,46698,142414,97578,2026-01-15,10,7,2026-01-22,2026-01-19,RESOLVED_IN_GRACE
FDX20258981342,CUST287974,Roy-Weiss,Large,2025-12-01,16892,92601,66089,2025-12-26,25,20,2026-01-15,,ELIGIBLE
FDX20258841710,CUST212214,Dawson-Smith,Small,2026-01-05,29780,97901,48612,2026-01-15,10,7,2026-01-22,2026-01-20,RESOLVED_IN_GRACE
FDX20256555698,CUST200992,Garza-Davis,Small,2026-01-02,19464,96217,61165,2026-01-12,10,7,2026-01-19,2026-01-15,RESOLVED_IN_GRACE
FDX20256631448,CUST649857,Trevino Group,Large,2025-12-01,6242,25111,6329,2025-12-26,25,20,2026-01-15,,IN_GRACE
FDX20256026983,CUST256130,Smith-Walters,Mid,2025-12-27,36458,174462,123303,2026-01-11,15,12,2026-01-23,2026-01-19,RESOLVED_IN_GRACE
FDX20258024541,CUST352674,Cobb-Hanson,Large,2025-12-01,41825,203747,81739,2025-12-26,25,20,2026-01-15,2026-01-01,RESOLVED_IN_GRACE
FDX20256513312,CUST301255,Branch Ltd,Large,2025-12-01,39179,190220,59089,2025-12-26,25,20,2026-01-15,2025-12-30,RESOLVED_IN_GRACE
FDX20253722606,CUST749887,English-Contreras,Small,2026-01-08,43040,108080,76558,2026-01-18,10,7,2026-01-25,,ELIGIBLE
FDX20252759055,CUST652029,Saunders-Foster,Small,2025-12-25,21960,123981,77926,2026-01-04,10,7,2026-01-11,,ELIGIBLE
FDX20258621924,CUST364679,Russell-Mason,Large,2025-12-01,6729,18014,12998,2025-12-26,25,20,2026-01-15,2026-01-09,RESOLVED_IN_GRACE
FDX20251707866,CUST954814,Johnson-Williams,Large,2025-12-01,50485,137683,136969,2025-12-26,25,20,2026-01-15,,ELIGIBLE
FDX20259320336,CUST471658,Leon-Perez,Large,2025-12-01,53298,149008,77239,2025-12-26,25,20,2026-01-15,,ELIGIBLE
FDX20254681019,CUST380310,Phillips-Hensley,Mid,2025-12-23,58274,247781,59880,2026-01-07,15,12,2026-01-19,,ELIGIBLE
FDX20251062026,CUST933551,Moore-Hood,Mid,2025-12-19,20911,107175,98392,2026-01-03,15,12,2026-01-15,,IN_GRACE
FDX20254741740,CUST516176,George-Smith,Small,2026-01-12,2652,8332,6274,2026-01-22,10,7,2026-01-29,2026-01-25,RESOLVED_IN_GRACE
FDX20254863356,CUST182857,Thomas-Scott,Small,2026-01-11,41639,192046,93871,2026-01-21,10,7,2026-01-28,2026-01-26,RESOLVED_IN_GRACE
FDX20258827187,CUST491172,"Wise, Fernandez and Clarke",Small,2026-01-06,55849,305874,219494,2026-01-16,10,7,2026-01-23,2026-01-17,RESOLVED_IN_GRACE
FDX20254575870,CUST525750,Smith-Matthews,Small,2025-12-28,55424,327056,254514,2026-01-07,10,7,2026-01-14,2026-01-14,RESOLVED_IN_GRACE
FDX20255010074,CUST581294,Wilson-Johnson,Large,2025-12-01,10288,46184,28471,2025-12-26,25,20,2026-01-15,,IN_GRACE
FDX20259065582,CUST692447,Barry-Jackson,Small,2026-01-06,6257,16425,13079,2026-01-16,10,7,2026-01-23,2026-01-20,RESOLVED_IN_GRACE
FDX20256561900,CUST355021,Wells-Daniels,Small,2025-12-30,42557,235263,185606,2026-01-09,10,7,2026-01-16,,IN_GRACE
FDX20257306753,CUST831105,Collins-Mclaughlin,Small,2025-12-27,37174,130669,79044,2026-01-06,10,7,2026-01-13,2026-01-10,RESOLVED_IN_GRACE
FDX20254444636,CUST336828,"Wong, Rodriguez and Smith",Small,2026-01-01,58754,204779,97420,2026-01-11,10,7,2026-01-18,,ELIGIBLE
FDX20257716130,CUST414546,Rivera-Simmons,Large,2025-12-01,6490,30334,17930,2025-12-26,25,20,2026-01-15,2025-12-28,RESOLVED_IN_GRACE
FDX20254091109,CUST817269,Edwards-Lowe,Mid,2025-12-17,58834,193667,130610,2026-01-01,15,12,2026-01-13,2026-01-04,RESOLVED_IN_GRACE
FDX20251112833,CUST968286,White-Huff,Large,2025-12-14,15358,89132,84148,2026-01-08,25,20,2026-01-28,2026-01-27,RESOLVED_IN_GRACE
FDX20257087061,CUST989053,Morris-Andrews,Large,2025-12-01,14282,58416,31719,2025-12-26,25,20,2026-01-15,,ELIGIBLE
FDX20251165961,CUST184532,Morgan-Murphy,Small,2026-01-13,50162,192053,53828,2026-01-23,10,7,2026-01-30,,ELIGIBLE
FDX20252237003,CUST785491,Oconnor-Vance,Large,2025-12-01,31706,89261,84151,2025-12-26,25,20,2026-01-15,,ELIGIBLE
FDX20257004341,CUST999908,Lee-Morris,Mid,2025-12-22,5934,15336,13537,2026-01-06,15,12,2026-01-18,,ELIGIBLE
FDX20251503611,CUST781463,Jones-Walker,Mid,2026-01-03,51041,172569,131852,2026-01-18,15,12,2026-01-30,2026-01-27,RESOLVED_IN_GRACE
FDX20252932555,CUST896483,Gregory-French,Mid,2025-12-19,26066,68307,37137,2026-01-03,15,12,2026-01-15,,ELIGIBLE
FDX20253389108,CUST133223,Brown-Bean,Mid,2025-12-29,17483,87040,20829,2026-01-13,15,12,2026-01-25,,IN_GRACE
FDX20255875059,CUST198042,Olson-Jones,Mid,2025-12-25,24179,144161,122355,2026-01-09,15,12,2026-01-21,,ELIGIBLE
FDX20258388822,CUST524965,"Henry, Neal and Miller",Small,2026-01-12,3494,15708,10600,2026-01-22,10,7,2026-01-29,,ELIGIBLE
FDX20254261548,CUST497687,Hughes-Powers,Mid,2025-12-23,30631,88935,47184,2026-01-07,15,12,2026-01-19,,ELIGIBLE
FDX20257038275,CUST495490,Lowe-Rios,Mid,2026-01-04,36947,136907,67615,2026-01-19,15,12,2026-01-31,,IN_GRACE
FDX20251736600,CUST679549,Mcintyre and Sons,Mid,2026-01-01,16073,83242,42182,2026-01-16,15,12,2026-01-28,2026-01-18,RESOLVED_IN_GRACE
FDX20251498041,CUST599127,Rhodes-Lewis,Mid,2025-12-17,34242,185738,55365,2026-01-01,15,12,2026-01-13,,ELIGIBLE
FDX20254340727,CUST158840,Smith-May,Large,2025-12-15,18193,75306,55870,2026-01-09,25,20,2026-01-29,,ELIGIBLE
FDX20254318952,CUST767678,"Gillespie, Roth and Owen",Large,2025-12-01,51330,211369,144871,2025-12-26,25,20,2026-01-15,,ELIGIBLE
FDX20255766421,CUST109909,"Reed, Mendez and Rivera",Small,2026-01-10,18242,93809,26891,2026-01-20,10,7,2026-01-27,,ELIGIBLE
FDX20253921695,CUST836986,Bowen-Morales,Mid,2025-12-14,12687,68607,65092,2025-12-29,15,12,2026-01-10,,ELIGIBLE
FDX20254673288,CUST279708,Williams-Davis,Small,2026-01-13,58278,290504,240468,2026-01-23,10,7,2026-01-30,,ELIGIBLE
FDX20255395611,CUST186702,Wells-Bennett,Mid,2025-12-15,12368,50102,24018,2025-12-30,15,12,2026-01-11,2026-01-02,RESOLVED_IN_GRACE
FDX20253924009,CUST624139,Frost LLC,Small,2026-01-06,1879,11111,4826,2026-01-16,10,7,2026-01-23,,ELIGIBLE
FDX20256701191,CUST986392,Hester PLC,Small,2026-01-03,34769,174933,53702,2026-01-13,10,7,2026-01-20,2026-01-16,RESOLVED_IN_GRACE
FDX20255126595,CUST554987,Dixon LLC,Small,2026-01-14,53020,303880,100467,2026-01-24,10,7,2026-01-31,2026-01-25,RESOLVED_IN_GRACE
FDX20253995428,CUST776234,"Cordova, Duncan and Harris",Small,2026-01-14,34858,164020,147517,2026-01-24,10,7,2026-01-31,2026-01-30,RESOLVED_IN_GRACE
FDX20254288125,CUST922478,"Rogers, Kaiser and Shelton",Small,2025-12-28,24713,79960,31965,2026-01-07,10,7,2026-01-14,2026-01-14,RESOLVED_IN_GRACE
FDX20251360576,CUST447362,Reid-Sanchez,Small,2026-01-13,30367,127359,102134,2026-01-23,10,7,2026-01-30,,ELIGIBLE
FDX20253954088,CUST693343,Lyons Ltd,Large,2025-12-04,1734,5319,5073,2025-12-29,25,20,2026-01-18,2026-01-04,RESOLVED_IN_GRACE
FDX20255392083,CUST999636,Rodriguez-King,Mid,2025-12-31,28832,151677,85207,2026-01-15,15,12,2026-01-27,2026-01-18,RESOLVED_IN_GRACE
FDX20252697690,CUST199994,Warren-Rich,Small,2025-12-25,23399,64459,44869,2026-01-04,10,7,2026-01-11,2026-01-11,RESOLVED_IN_GRACE
FDX20251352216,CUST653815,Klein-Nelson,Small,2025-12-27,5238,28732,12708,2026-01-06,10,7,2026-01-13,,ELIGIBLE
FDX20253302564,CUST144618,Weiss-Peterson,Small,2025-12-28,48191,156094,84702,2026-01-07,10,7,2026-01-14,2026-01-13,RESOLVED_IN_GRACE
FDX20257357268,CUST340927,Ward-Bauer,Small,2026-01-12,40830,118683,71197,2026-01-22,10,7,2026-01-29,2026-01-27,RESOLVED_IN_GRACE
FDX20252861751,CUST321686,Bowers LLC,Small,2026-01-09,20855,83412,24405,2026-01-19,10,7,2026-01-26,,IN_GRACE
FDX20256677129,CUST825916,Roberts-Lewis,Mid,2026-01-03,17691,97857,39811,2026-01-18,15,12,2026-01-30,,ELIGIBLE
FDX20254527197,CUST694316,Nguyen-Smith,Small,2025-12-27,25445,69618,36480,2026-01-06,10,7,2026-01-13,,IN_GRACE
FDX20256118265,CUST598598,Phillips-Adams,Mid,2025-12-24,33373,116278,112062,2026-01-08,15,12,2026-01-20,,ELIGIBLE
FDX20258653827,CUST384263,Hall-Hicks,Small,2026-01-01,27546,88782,79209,2026-01-11,10,7,2026-01-18,,IN_GRACE
FDX20255029047,CUST148823,Griffith-Burke,Mega,2025-12-01,17209,79797,32305,2026-01-05,35,30,2026-02-04,2026-01-22,RESOLVED_IN_GRACE
FDX20257201541,CUST177959,Banks-Glenn,Mid,2025-12-27,19962,88661,26158,2026-01-11,15,12,2026-01-23,,ELIGIBLE
FDX20257247000,CUST817675,Eaton PLC,Mid,2025-12-17,51221,306092,271366,2026-01-01,15,12,2026-01-13,,ELIGIBLE
FDX20253874940,CUST393992,Summers-Smith,Small,2026-01-01,16702,73332,58799,2026-01-11,10,7,2026-01-18,2026-01-15,RESOLVED_IN_GRACE
FDX20259840363,CUST669408,"Douglas, Turner and Herrera",Small,2026-01-05,24750,95546,52338,2026-01-15,10,7,2026-01-22,,ELIGIBLE
FDX20258276581,CUST690882,Williams-Kennedy,Small,2026-01-10,40567,171151,60799,2026-01-20,10,7,2026-01-27,2026-01-27,RESOLVED_IN_GRACE
FDX20252096852,CUST790077,Hart-Tyler,Large,2025-12-04,49429,270934,248007,2025-12-29,25,20,2026-01-18,,IN_GRACE
FDX20252987988,CUST134500,Henderson-Jones,Mega,2025-12-01,24854,130888,27365,2026-01-05,35,30,2026-02-04,,ELIGIBLE
FDX20253423170,CUST288066,"Leon, Rodriguez and Morton",Small,2026-01-02,14022,49785,15745,2026-01-12,10,7,2026-01-19,2026-01-17,RESOLVED_IN_GRACE
FDX20253194370,CUST991737,"Bautista, Williams and Norman",Mid,2026-01-01,28427,155027,61805,2026-01-16,15,12,2026-01-28,,ELIGIBLE
FDX20254181650,CUST429761,Jackson-Walker,Mid,2025-12-25,55313,163455,92993,2026-01-09,15,12,2026-01-21,,ELIGIBLE
FDX20254215878,CUST116418,Zimmerman Group,Small,2026-01-13,37978,202808,102410,2026-01-23,10,7,2026-01-30,2026-01-30,RESOLVED_IN_GRACE
FDX20259934785,CUST317221,Gordon-Harris,Small,2026-01-07,9891,27794,26777,2026-01-17,10,7,2026-01-24,,IN_GRACE
FDX20257345068,CUST715551,Washington-Jones,Mid,2025-12-29,22427,58734,44230,2026-01-13,15,12,2026-01-25,,ELIGIBLE
FDX20257278962,CUST251195,Buchanan PLC,Small,2026-01-05,5250,22050,21999,2026-01-15,10,7,2026-01-22,2026-01-22,RESOLVED_IN_GRACE
FDX20256334342,CUST888795,Mcdaniel-Martin,Mid,2025-12-16,33978,171556,61714,2025-12-31,15,12,2026-01-12,2026-01-06,RESOLVED_IN_GRACE
FDX20258206488,CUST960556,Reyes-Woods,Large,2025-12-01,39809,106791,81090,2025-12-26,25,20,2026-01-15,2025-12-30,RESOLVED_IN_GRACE
FDX20255102862,CUST847332,Johnson-Krueger,Mid,2025-12-21,38009,127857,65718,2026-01-05,15,12,2026-01-17,,IN_GRACE
FDX20251775026,CUST960778,Wilson-Ballard,Mid,2025-12-23,32080,144192,54414,2026-01-07,15,12,2026-01-19,,ELIGIBLE
FDX20254172607,CUST517643,Rodriguez-Williams,Small,2026-01-07,8366,22859,18430,2026-01-17,10,7,2026-01-24,,ELIGIBLE
FDX20259983668,CUST180674,Meyer-Allen,Mid,2025-12-30,4906,28101,13200,2026-01-14,15,12,2026-01-26,,ELIGIBLE
FDX20255935567,CUST413814,Dillon-Mcclure,Mid,2025-12-28,20435,84792,51271,2026-01-12,15,12,2026-01-24,,ELIGIBLE
FDX20253492539,CUST270341,Harvey-Arias,Small,2026-01-13,39012,158217,113460,2026-01-23,10,7,2026-01-30,2026-01-24,RESOLVED_IN_GRACE
FDX20256497568,CUST691353,Gregory-Hobbs,Small,2025-12-27,46838,135896,108660,2026-01-06,10,7,2026-01-13,,ELIGIBLE
FDX20255146852,CUST352153,Maddox-Taylor,Small,2026-01-04,9683,55954,26160,2026-01-14,10,7,2026-01-21,2026-01-21,RESOLVED_IN_GRACE
FDX20251893537,CUST694223,Gentry-Parker,Large,2025-12-12,48309,123363,52183,2026-01-06,25,20,2026-01-26,,ELIGIBLE
FDX20255698850,CUST975194,Morse-Maxwell,Mid,2026-01-02,14634,83117,48214,2026-01-17,15,12,2026-01-29,2026-01-23,RESOLVED_IN_GRACE
FDX20253121622,CUST990704,"Foster, Livingston and Flores",Small,2025-12-22,27352,137569,116428,2026-01-01,10,7,2026-01-08,,ELIGIBLE
FDX20259527346,CUST508060,Mcdonald-Cain,Small,2026-01-11,59805,281665,240109,2026-01-21,10,7,2026-01-28,,ELIGIBLE
FDX20259203901,CUST809922,Jones-Burnett,Large,2025-12-08,19656,101061,62851,2026-01-02,25,20,2026-01-22,,ELIGIBLE
FDX20254510423,CUST666820,Wilson-Clark,Large,2025-12-09,45684,241812,100238,2026-01-03,25,20,2026-01-23,2026-01-19,RESOLVED_IN_GRACE
FDX20252365794,CUST447843,"Whitney, Meyer and Patel",Mid,2025-12-18,20752,88335,70344,2026-01-02,15,12,2026-01-14,,ELIGIBLE
FDX20258896486,CUST502491,Kidd-Gutierrez,Small,2026-01-07,28032,119499,28675,2026-01-17,10,7,2026-01-24,,ELIGIBLE
FDX20252088389,CUST892313,Perry-Mueller,Small,2026-01-05,30498,93952,44858,2026-01-15,10,7,2026-01-22,2026-01-19,RESOLVED_IN_GRACE
FDX20253809068,CUST875679,Melton PLC,Small,2026-01-08,26301,73360,45449,2026-01-18,10,7,2026-01-25,,ELIGIBLE
FDX20259533123,CUST246748,Cummings-Ritter,Small,2025-12-22,57284,266408,126310,2026-01-01,10,7,2026-01-08,,ELIGIBLE
FDX20257511503,CUST928897,Jackson-Johnson,Large,2025-12-03,8285,25561,8503,2025-12-28,25,20,2026-01-17,,ELIGIBLE
FDX20259542262,CUST822794,Ward-Rivera,Mid,2026-01-01,38090,122913,109292,2026-01-16,15,12,2026-01-28,,ELIGIBLE
FDX20257279143,CUST859340,Case-Mann,Small,2026-01-02,1603,5587,3390,2026-01-12,10,7,2026-01-19,,IN_GRACE
FDX20259364914,CUST182237,James-Nichols,Large,2025-12-16,35366,166299,62983,2026-01-10,25,20,2026-01-30,,ELIGIBLE
FDX20259705569,CUST625119,Gutierrez-Floyd,Mid,2025-12-14,34338,169653,74668,2025-12-29,15,12,2026-01-10,,ELIGIBLE
FDX20258789112,CUST881667,Thompson-Ramirez,Small,2025-12-30,24803,79407,76610,2026-01-09,10,7,2026-01-16,,IN_GRACE
FDX20254003096,CUST462659,Martin-Castaneda,Large,2025-12-04,36462,180071,110396,2025-12-29,25,20,2026-01-18,,ELIGIBLE
FDX20256399296,CUST156304,"Howard, Price and Roth",Mid,2025-12-17,1811,7034,3580,2026-01-01,15,12,2026-01-13,,ELIGIBLE
FDX20257272644,CUST202430,Rodriguez-Walker,Small,2026-01-07,39567,163684,140979,2026-01-17,10,7,2026-01-24,,ELIGIBLE
FDX20259816018,CUST558320,Stewart-White,Large,2025-12-07,25421,78883,51776,2026-01-01,25,20,2026-01-21,,ELIGIBLE
FDX20259108379,CUST343420,Moore PLC,Mid,2025-12-15,2693,8972,5936,2025-12-30,15,12,2026-01-11,,ELIGIBLE
FDX20259301232,CUST979414,White-Perry,Small,2025-12-24,41326,189457,167981,2026-01-03,10,7,2026-01-10,,ELIGIBLE
FDX20258948342,CUST179710,Murillo Inc,Small,2025-12-31,30411,124978,47764,2026-01-10,10,7,2026-01-17,2026-01-16,RESOLVED_IN_GRACE
FDX20255501921,CUST457137,Green-Gonzales,Mid,2025-12-16,29717,129176,103201,2025-12-31,15,12,2026-01-12,2026-01-05,RESOLVED_IN_GRACE
FDX20257726758,CUST734565,Cardenas-Butler,Small,2026-01-01,38129,108775,66575,2026-01-11,10,7,2026-01-18,,IN_GRACE
FDX20251614121,CUST906360,"Finley, Wagner and Wells",Mid,2025-12-26,45175,138796,101189,2026-01-10,15,12,2026-01-22,,IN_GRACE
FDX20254476232,CUST743684,Stephenson-Brown,Mid,2025-12-14,14364,62149,45158,2025-12-29,15,12,2026-01-10,2026-01-07,RESOLVED_IN_GRACE
FDX20254683039,CUST724540,Waters-Cervantes,Mega,2025-12-01,6054,30206,16379,2026-01-05,35,30,2026-02-04,,IN_GRACE
FDX20254405783,CUST515973,Beard-Paul,Mid,2025-12-29,11295,45382,15689,2026-01-13,15,12,2026-01-25,2026-01-17,RESOLVED_IN_GRACE
FDX20258584644,CUST911131,Smith-Snyder,Large,2025-12-15,23671,91172,87566,2026-01-09,25,20,2026-01-29,,IN_GRACE
FDX20254932320,CUST442230,Robinson-Guzman,Large,2025-12-01,26762,101984,47305,2025-12-26,25,20,2026-01-15,2026-01-15,RESOLVED_IN_GRACE
FDX20257642099,CUST131064,"Briggs, Gonzalez and Gonzalez",Mid,2025-12-13,55892,274771,116194,2025-12-28,15,12,2026-01-09,2026-01-07,RESOLVED_IN_GRACE
FDX20254667394,CUST764926,Wood-Vasquez,Mid,2025-12-12,15931,40575,22785,2025-12-27,15,12,2026-01-08,,ELIGIBLE
FDX20256133811,CUST386604,Miller-Nunez,Small,2026-01-05,42402,199825,105402,2026-01-15,10,7,2026-01-22,,ELIGIBLE
FDX20258130700,CUST921609,Miles-Meyer,Small,2025-12-31,40783,198083,76342,2026-01-10,10,7,2026-01-17,,ELIGIBLE
FDX20257326402,CUST572436,Myers-Mayer,Small,2026-01-11,50029,229177,60977,2026-01-21,10,7,2026-01-28,,IN_GRACE
FDX20253637534,CUST614435,Gonzalez-Carter,Large,2025-12-01,35704,174910,126333,2025-12-26,25,20,2026-01-15,2026-01-02,RESOLVED_IN_GRACE
FDX20257276479,CUST339220,Clark-Diaz,Small,2025-12-28,13351,72704,66159,2026-01-07,10,7,2026-01-14,2026-01-12,RESOLVED_IN_GRACE
FDX20255270292,CUST473095,Floyd-Brown,Small,2025-12-27,56332,263510,118391,2026-01-06,10,7,2026-01-13,,ELIGIBLE
FDX20252422018,CUST679902,Golden-Morrow,Mid,2025-12-12,20523,55264,26617,2025-12-27,15,12,2026-01-08,2025-12-29,RESOLVED_IN_GRACE
FDX20253253688,CUST493663,Smith-Butler,Small,2025-12-27,18143,85950,82215,2026-01-06,10,7,2026-01-13,,ELIGIBLE
FDX20252409758,CUST552825,Cook-Hebert,Mid,2025-12-14,56272,329373,215959,2025-12-29,15,12,2026-01-10,,ELIGIBLE
FDX20255950084,CUST294760,Anderson-Jones,Small,2026-01-01,31338,121473,67033,2026-01-11,10,7,2026-01-18,,ELIGIBLE
FDX20258457561,CUST812711,Martinez-Ford,Small,2025-12-25,49178,251249,102053,2026-01-04,10,7,2026-01-11,,IN_GRACE
FDX20259704367,CUST714334,Nielsen-Smith,Mid,2025-12-14,45537,231683,166965,2025-12-29,15,12,2026-01-10,,ELIGIBLE
FDX20256898448,CUST792764,Larson Inc,Small,2026-01-13,3920,14313,13561,2026-01-23,10,7,2026-01-30,2026-01-28,RESOLVED_IN_GRACE
FDX20254861738,CUST498535,"Gross, Beasley and Potter",Small,2026-01-13,4111,19712,10943,2026-01-23,10,7,2026-01-30,,IN_GRACE
FDX20251690263,CUST189856,Camacho-Johnson,Small,2026-01-01,31569,148915,40462,2026-01-11,10,7,2026-01-18,,ELIGIBLE
FDX20258805651,CUST909676,Reese PLC,Small,2026-01-01,41028,183842,136604,2026-01-11,10,7,2026-01-18,2026-01-18,RESOLVED_IN_GRACE
FDX20259594331,CUST748665,Mcknight Inc,Small,2026-01-03,53395,235555,141578,2026-01-13,10,7,2026-01-20,2026-01-18,RESOLVED_IN_GRACE
FDX20256643418,CUST409727,Williams-Wong,Mid,2025-12-27,32909,141348,63450,2026-01-11,15,12,2026-01-23,,ELIGIBLE
FDX20258148811,CUST936821,Valencia LLC,Mid,2025-12-23,41450,204536,66115,2026-01-07,15,12,2026-01-19,,ELIGIBLE
FDX20258569061,CUST358421,Lambert-Powers,Mid,2026-01-01,52604,139720,139547,2026-01-16,15,12,2026-01-28,2026-01-20,RESOLVED_IN_GRACE
FDX20258844203,CUST847748,Foster-Thompson,Small,2025-12-27,52179,310583,117929,2026-01-06,10,7,2026-01-13,,ELIGIBLE
FDX20258256240,CUST177077,Medina-Moss,Mid,2026-01-03,2891,12848,10593,2026-01-18,15,12,2026-01-30,,ELIGIBLE
FDX20257861089,CUST186023,Fletcher-Hill,Mid,2025-12-17,14973,63742,50456,2026-01-01,15,12,2026-01-13,,IN_GRACE
FDX20257165827,CUST380989,Stanley-Lynn,Mid,2025-12-21,57134,334016,107765,2026-01-05,15,12,2026-01-17,,ELIGIBLE
FDX20259347387,CUST261712,Singleton and Sons,Small,2026-01-10,4854,12796,7257,2026-01-20,10,7,2026-01-27,2026-01-27,RESOLVED_IN_GRACE
FDX20256318720,CUST498458,Barrera Group,Large,2025-12-08,8676,44816,41241,2026-01-02,25,20,2026-01-22,,ELIGIBLE
FDX20255580506,CUST846247,Vasquez-Dixon,Mid,2025-12-22,59411,230780,171953,2026-01-06,15,12,2026-01-18,,ELIGIBLE
FDX20257415119,CUST921968,Knight-Powers,Mid,2025-12-23,42453,178985,98703,2026-01-07,15,12,2026-01-19,,ELIGIBLE
FDX20251414702,CUST764693,Horton-Perez,Small,2026-01-02,3577,16704,15265,2026-01-12,10,7,2026-01-19,,ELIGIBLE
FDX20254012613,CUST261771,Lopez-Fritz,Mid,2025-12-17,12087,37037,34523,2026-01-01,15,12,2026-01-13,,ELIGIBLE
FDX20258410303,CUST875584,Richardson-Burke,Small,2026-01-04,34455,172675,167165,2026-01-14,10,7,2026-01-21,2026-01-18,RESOLVED_IN_GRACE
FDX20254922352,CUST508548,"Huffman, Henson and Johnson",Small,2026-01-06,44868,231163,62786,2026-01-16,10,7,2026-01-23,,ELIGIBLE
FDX20255456445,CUST432061,Ford-Kim,Small,2025-12-31,45896,225979,196936,2026-01-10,10,7,2026-01-17,,ELIGIBLE
FDX20252273196,CUST478221,Wells-Myers,Large,2025-12-01,40047,126558,90798,2025-12-26,25,20,2026-01-15,2026-01-06,RESOLVED_IN_GRACE
FDX20257024579,CUST211726,Williams-Bush,Mid,2026-01-04,34680,147333,58409,2026-01-19,15,12,2026-01-31,,ELIGIBLE
FDX20252382753,CUST195966,Ryan-Jones,Mega,2025-12-01,16678,68576,32881,2026-01-05,35,30,2026-02-04,,ELIGIBLE
FDX20255941189,CUST105447,Nelson-Cox,Mid,2025-12-12,21698,63438,29478,2025-12-27,15,12,2026-01-08,,ELIGIBLE
FDX20259418218,CUST423241,Byrd and Sons,Large,2025-12-07,3600,13320,12415,2026-01-01,25,20,2026-01-21,,ELIGIBLE
FDX20259603205,CUST566339,Miller-Perry,Mega,2025-12-01,57796,231472,173048,2026-01-05,35,30,2026-02-04,2026-01-23,RESOLVED_IN_GRACE
FDX20252311290,CUST477400,Ryan-Day,Small,2026-01-06,48284,230700,166053,2026-01-16,10,7,2026-01-23,,ELIGIBLE
FDX20255637641,CUST898329,Barnett-Spencer,Large,2025-12-01,8733,26596,21349,2025-12-26,25,20,2026-01-15,2026-01-06,RESOLVED_IN_GRACE
FDX20254820869,CUST382870,Smith-Newman,Mega,2025-12-01,54532,261388,236522,2026-01-05,35,30,2026-02-04,,IN_GRACE
FDX20252651030,CUST207197,Black-White,Mega,2025-12-01,11973,65925,16342,2026-01-05,35,30,2026-02-04,,ELIGIBLE
FDX20252989574,CUST238943,Hart-Webster,Small,2025-12-26,37756,132026,114675,2026-01-05,10,7,2026-01-12,,ELIGIBLE
FDX20252197032,CUST191537,Holmes-Hodge,Small,2026-01-10,56554,172231,78344,2026-01-20,10,7,2026-01-27,,ELIGIBLE
FDX20257043772,CUST296494,"Sims, Cook and Adams",Mid,2025-12-30,57172,271523,255913,2026-01-14,15,12,2026-01-26,2026-01-23,RESOLVED_IN_GRACE
FDX20251642255,CUST551914,Bryant-Le,Small,2026-01-06,42380,245942,175782,2026-01-16,10,7,2026-01-23,,ELIGIBLE
FDX20254360587,CUST570646,Miller-Richardson,Small,2026-01-13,25553,148885,47128,2026-01-23,10,7,2026-01-30,2026-01-26,RESOLVED_IN_GRACE
FDX20256599527,CUST684041,Leblanc PLC,Small,2026-01-04,39343,115129,92339,2026-01-14,10,7,2026-01-21,,ELIGIBLE
FDX20254299177,CUST681687,Clarke-Smith,Small,2025-12-27,3192,18435,11872,2026-01-06,10,7,2026-01-13,,ELIGIBLE
FDX20256523752,CUST637333,Garcia-Lambert,Small,2026-01-04,20649,64718,43434,2026-01-14,10,7,2026-01-21,,ELIGIBLE
FDX20255194700,CUST527865,"May, Ramos and Johnson",Small,2025-12-26,45893,261600,249942,2026-01-05,10,7,2026-01-12,2026-01-08,RESOLVED_IN_GRACE
FDX20256078724,CUST208310,"Moody, Wright and Cooper",Mid,2025-12-21,58887,243662,109559,2026-01-05,15,12,2026-01-17,,ELIGIBLE
FDX20255604751,CUST127537,Ross-Kelley,Mid,2025-12-22,31987,173455,91470,2026-01-06,15,12,2026-01-18,2026-01-07,RESOLVED_IN_GRACE
FDX20254198449,CUST193972,Jacobs-Glover,Small,2026-01-13,47778,192347,104009,2026-01-23,10,7,2026-01-30,2026-01-27,RESOLVED_IN_GRACE
FDX20253312992,CUST471106,"Maddox, Thompson and Collins",Small,2025-12-25,28784,98594,45034,2026-01-04,10,7,2026-01-11,,ELIGIBLE
FDX20255381125,CUST681141,Harper-Alvarez,Mega,2025-12-01,36208,132576,84496,2026-01-05,35,30,2026-02-04,,ELIGIBLE
FDX20251143174,CUST197584,Williams-Lee,Mid,2025-12-16,38559,202187,168063,2025-12-31,15,12,2026-01-12,,ELIGIBLE
FDX20256024342,CUST725920,Brown-Webb,Small,2026-01-10,2928,15398,4947,2026-01-20,10,7,2026-01-27,,ELIGIBLE
FDX20255728578,CUST727094,Pollard-Campbell,Small,2026-01-05,30021,173536,96986,2026-01-15,10,7,2026-01-22,2026-01-18,RESOLVED_IN_GRACE
FDX20256815525,CUST922543,Newman-Allen,Mid,2025-12-23,37376,186499,62405,2026-01-07,15,12,2026-01-19,,ELIGIBLE
FDX20257774826,CUST440189,Beltran-Williams,Mid,2025-12-28,19259,88179,19556,2026-01-12,15,12,2026-01-24,,ELIGIBLE
FDX20257807497,CUST503951,Morris-Harding,Small,2026-01-14,1813,5016,4870,2026-01-24,10,7,2026-01-31,,IN_GRACE
FDX20251199493,CUST112940,Johnson-Perry,Small,2026-01-02,49618,195277,59110,2026-01-12,10,7,2026-01-19,,IN_GRACE
FDX20258918912,CUST406024,Brown-Lucas,Small,2025-12-24,52902,248794,149788,2026-01-03,10,7,2026-01-10,2026-01-07,RESOLVED_IN_GRACE
FDX20259600788,CUST533911,Mitchell-Ward,Mid,2025-12-22,4458,13586,8364,2026-01-06,15,12,2026-01-18,,ELIGIBLE
FDX20253504521,CUST506637,"Hensley, Shaffer and Wallace",Mid,2025-12-26,52239,162850,58912,2026-01-10,15,12,2026-01-22,,ELIGIBLE
FDX20257669032,CUST917018,"Davenport, Watts and Silva",Large,2025-12-14,49117,233628,130997,2026-01-08,25,20,2026-01-28,,ELIGIBLE
FDX20254818133,CUST188813,Anderson-Barnes,Small,2026-01-04,52323,141384,110588,2026-01-14,10,7,2026-01-21,,IN_GRACE
FDX20254807191,CUST860053,Thomas-Barnes,Mid,2026-01-01,51879,288888,179351,2026-01-16,15,12,2026-01-28,,ELIGIBLE
FDX20254521118,CUST686716,Warner-Hernandez,Large,2025-12-06,11914,68078,38857,2025-12-31,25,20,2026-01-20,,ELIGIBLE
FDX20258959753,CUST354533,Wilkinson-Parker,Large,2025-12-14,35844,186679,78135,2026-01-08,25,20,2026-01-28,2026-01-14,RESOLVED_IN_GRACE
FDX20254921224,CUST699743,Austin LLC,Mid,2025-12-26,49536,271116,181473,2026-01-10,15,12,2026-01-22,,IN_GRACE
FDX20259654113,CUST646417,"Blevins, Cole and Yates",Large,2025-12-17,44866,198722,124952,2026-01-11,25,20,2026-01-31,2026-01-16,RESOLVED_IN_GRACE
FDX20258864124,CUST277820,Walker-Clark,Mid,2025-12-27,31217,105060,66262,2026-01-11,15,12,2026-01-23,2026-01-16,RESOLVED_IN_GRACE
FDX20258741026,CUST818605,Nielsen Group,Small,2025-12-22,40080,227450,191002,2026-01-01,10,7,2026-01-08,,ELIGIBLE
FDX20256715319,CUST499226,Brown-Dunlap,Small,2025-12-31,55425,295640,94537,2026-01-10,10,7,2026-01-17,,ELIGIBLE
FDX20252440757,CUST277735,Sandoval-Johnson,Large,2025-12-04,58109,243532,88231,2025-12-29,25,20,2026-01-18,2026-01-18,RESOLVED_IN_GRACE
FDX20256252524,CUST245584,"Cameron, Rogers and Nelson",Small,2026-01-09,32986,172859,84079,2026-01-19,10,7,2026-01-26,2026-01-26,RESOLVED_IN_GRACE
FDX20254151542,CUST381981,Barker-Ponce,Large,2025-12-14,28438,124554,111153,2026-01-08,25,20,2026-01-28,,IN_GRACE
FDX20258193952,CUST415759,Perry-Moody,Small,2026-01-13,55502,223087,127816,2026-01-23,10,7,2026-01-30,,ELIGIBLE
FDX20258007639,CUST381444,Roberts-Cole,Small,2026-01-12,30686,172759,126689,2026-01-22,10,7,2026-01-29,,IN_GRACE
FDX20254516248,CUST617077,"Serrano, Young and Wagner",Mid,2025-12-17,34840,205239,155804,2026-01-01,15,12,2026-01-13,,ELIGIBLE
FDX20258359842,CUST253023,Pena-Kelley,Small,2026-01-10,56308,287647,240397,2026-01-20,10,7,2026-01-27,2026-01-26,RESOLVED_IN_GRACE
FDX20258549276,CUST166340,Edwards-Green,Small,2026-01-12,49147,186669,176107,2026-01-22,10,7,2026-01-29,,ELIGIBLE
FDX20251505062,CUST275329,Kaufman Inc,Large,2025-12-12,5886,16675,11171,2026-01-06,25,20,2026-01-26,2026-01-13,RESOLVED_IN_GRACE
FDX20257286425,CUST555791,Fisher-Clark,Small,2025-12-26,39967,137370,86445,2026-01-05,10,7,2026-01-12,2026-01-11,RESOLVED_IN_GRACE
FDX20253331197,CUST389366,Turner-Dickson,Large,2025-12-05,48289,275410,62744,2025-12-30,25,20,2026-01-19,2026-01-13,RESOLVED_IN_GRACE
FDX20253153282,CUST541557,"Perry, Mccoy and Jackson",Small,2026-01-12,46929,247231,167407,2026-01-22,10,7,2026-01-29,,IN_GRACE
FDX20256126646,CUST414313,Frederick-Smith,Large,2025-12-01,9388,44691,22170,2025-12-26,25,20,2026-01-15,,ELIGIBLE
FDX20251162422,CUST607753,Ford-Frey,Small,2025-12-29,48339,226045,48869,2026-01-08,10,7,2026-01-15,,ELIGIBLE
FDX20259385256,CUST920685,Clements Inc,Small,2026-01-01,51821,296060,79822,2026-01-11,10,7,2026-01-18,,ELIGIBLE
FDX20256950248,CUST180657,Ortiz-Griffin,Small,2025-12-28,32660,119592,62072,2026-01-07,10,7,2026-01-14,,ELIGIBLE
FDX20256701271,CUST478666,Warren-Melton,Large,2025-12-01,47417,123790,81126,2025-12-26,25,20,2026-01-15,,ELIGIBLE
FDX20254783105,CUST363926,Perkins-Young,Large,2025-12-13,5515,18957,11252,2026-01-07,25,20,2026-01-27,,ELIGIBLE
FDX20258032125,CUST358568,Taylor-Dunlap,Small,2026-01-11,26208,73236,29271,2026-01-21,10,7,2026-01-28,,IN_GRACE
FDX20258142385,CUST855917,Maddox PLC,Small,2026-01-05,20735,67685,33906,2026-01-15,10,7,2026-01-22,,IN_GRACE
FDX20257767404,CUST755395,Jordan PLC,Small,2026-01-06,8027,33469,30377,2026-01-16,10,7,2026-01-23,2026-01-20,RESOLVED_IN_GRACE
FDX20256027078,CUST619886,Duke-Lowe,Large,2025-12-04,56990,272027,178847,2025-12-29,25,20,2026-01-18,,ELIGIBLE
FDX20256470706,CUST722651,Griffin-Morgan,Mid,2026-01-02,24576,80794,56052,2026-01-17,15,12,2026-01-29,2026-01-18,RESOLVED_IN_GRACE
FDX20251389899,CUST746624,Daniels Ltd,Small,2026-01-09,30192,89963,40399,2026-01-19,10,7,2026-01-26,,IN_GRACE
FDX20251540377,CUST305047,Gill-Scott,Large,2025-12-08,59259,265556,210163,2026-01-02,25,20,2026-01-22,2026-01-17,RESOLVED_IN_GRACE
FDX20253334293,CUST580102,Mcdaniel-Hodges,Small,2025-12-22,8223,34944,22312,2026-01-01,10,7,2026-01-08,,ELIGIBLE
FDX20253578511,CUST212168,Moore-Levine,Mid,2025-12-19,15458,87226,58160,2026-01-03,15,12,2026-01-15,,ELIGIBLE
FDX20256540684,CUST242071,Peterson-Johnson,Small,2026-01-01,2107,8629,8341,2026-01-11,10,7,2026-01-18,,ELIGIBLE
FDX20257557976,CUST419457,Randolph and Sons,Mid,2026-01-01,20874,75574,66506,2026-01-16,15,12,2026-01-28,2026-01-24,RESOLVED_IN_GRACE
FDX20257397463,CUST107096,Brown-Ramos,Large,2025-12-04,11807,66837,59038,2025-12-29,25,20,2026-01-18,2026-01-18,RESOLVED_IN_GRACE
FDX20254425984,CUST514913,Burke-Lowery,Mid,2025-12-13,3041,12420,6492,2025-12-28,15,12,2026-01-09,,ELIGIBLE
FDX20257553787,CUST448354,Jackson-Hall,Small,2026-01-09,35036,159385,117490,2026-01-19,10,7,2026-01-26,2026-01-20,RESOLVED_IN_GRACE
FDX20252068863,CUST982495,Smith-Arnold,Small,2026-01-07,33421,177830,140166,2026-01-17,10,7,2026-01-24,,IN_GRACE
FDX20259967263,CUST750318,Harding-White,Mid,2025-12-23,31768,131539,49527,2026-01-07,15,12,2026-01-19,,ELIGIBLE
FDX20257483284,CUST498343,Hamilton Group,Large,2025-12-06,58163,189434,173087,2025-12-31,25,20,2026-01-20,,ELIGIBLE
FDX20254159798,CUST943135,"Ross, Martin and Alvarez",Mid,2025-12-14,3770,11781,9817,2025-12-29,15,12,2026-01-10,,IN_GRACE
FDX20258965447,CUST445549,Leach-Clark,Mid,2025-12-21,24289,101617,56608,2026-01-05,15,12,2026-01-17,,ELIGIBLE
FDX20252822649,CUST561607,Weber-Anderson,Large,2025-12-17,6209,28506,27191,2026-01-11,25,20,2026-01-31,,IN_GRACE
FDX20256517042,CUST450996,Allen-Tucker,Small,2026-01-11,16713,79435,21087,2026-01-21,10,7,2026-01-28,,ELIGIBLE
FDX20258575505,CUST551533,Baker-Leon,Small,2026-01-11,22377,122824,62875,2026-01-21,10,7,2026-01-28,,IN_GRACE
FDX20256111102,CUST955088,Shepherd LLC,Small,2026-01-02,29091,108471,92332,2026-01-12,10,7,2026-01-19,,ELIGIBLE
FDX20252564332,CUST963539,Tanner-Baker,Mid,2026-01-03,9764,46394,37193,2026-01-18,15,12,2026-01-30,2026-01-19,RESOLVED_IN_GRACE
FDX20253876011,CUST782661,Conway Group,Small,2025-12-30,55643,213230,156293,2026-01-09,10,7,2026-01-16,2026-01-16,RESOLVED_IN_GRACE
FDX20252750084,CUST723266,Lara-Young,Large,2025-12-01,32131,147484,52784,2025-12-26,25,20,2026-01-15,2025-12-28,RESOLVED_IN_GRACE
FDX20253980239,CUST242736,Bailey and Sons,Small,2026-01-04,46199,169017,103325,2026-01-14,10,7,2026-01-21,,ELIGIBLE
FDX20251537863,CUST415029,Robles and Sons,Small,2026-01-14,42155,111008,93375,2026-01-24,10,7,2026-01-31,,ELIGIBLE
FDX20259197571,CUST436241,Anderson-Spears,Mega,2025-12-01,46962,145585,88940,2026-01-05,35,30,2026-02-04,2026-01-28,RESOLVED_IN_GRACE
FDX20251450275,CUST732512,Smith-Underwood,Small,2025-12-25,53636,318360,237619,2026-01-04,10,7,2026-01-11,2026-01-05,RESOLVED_IN_GRACE
FDX20254132173,CUST829066,Le-Sanchez,Mid,2025-12-18,44958,160834,96452,2026-01-02,15,12,2026-01-14,2026-01-04,RESOLVED_IN_GRACE
FDX20254338644,CUST310608,Thompson-Kelly,Small,2026-01-14,17068,59536,19002,2026-01-24,10,7,2026-01-31,,ELIGIBLE
FDX20252165866,CUST602278,Thomas-Gallagher,Mid,2026-01-01,47478,282228,275765,2026-01-16,15,12,2026-01-28,2026-01-24,RESOLVED_IN_GRACE
FDX20257474228,CUST429445,Smith-Crawford,Large,2025-12-01,16339,46980,44687,2025-12-26,25,20,2026-01-15,,IN_GRACE
FDX20255761669,CUST286266,Price-Nolan,Mid,2025-12-31,10351,36017,35608,2026-01-15,15,12,2026-01-27,2026-01-26,RESOLVED_IN_GRACE
FDX20254454299,CUST517584,Carter-Newton,Small,2025-12-24,5132,26984,17710,2026-01-03,10,7,2026-01-10,,ELIGIBLE
FDX20254909752,CUST434640,Roman-Clements,Mid,2025-12-31,30273,132754,83481,2026-01-15,15,12,2026-01-27,,ELIGIBLE
FDX20255883940,CUST405605,Adams-Frazier,Small,2026-01-13,22666,94215,23223,2026-01-23,10,7,2026-01-30,,IN_GRACE
FDX20259797899,CUST870571,Alvarez-Pratt,Small,2025-12-31,22754,87596,70980,2026-01-10,10,7,2026-01-17,2026-01-16,RESOLVED_IN_GRACE
FDX20252174060,CUST828716,Walsh-Fernandez,Mid,2025-12-17,13215,51237,23489,2026-01-01,15,12,2026-01-13,2026-01-12,RESOLVED_IN_GRACE
FDX20258627990,CUST763646,Moore-Mccullough,Mid,2025-12-30,44224,140423,134874,2026-01-14,15,12,2026-01-26,,ELIGIBLE
FDX20251963904,CUST614858,"Wells, White and Daniels",Mid,2026-01-03,58020,253020,206182,2026-01-18,15,12,2026-01-30,,ELIGIBLE
FDX20257184958,CUST703853,"Cobb, Hill and Rubio",Mid,2025-12-30,19688,78220,41638,2026-01-14,15,12,2026-01-26,,ELIGIBLE
FDX20259699518,CUST919959,Garcia-Howell,Large,2025-12-01,16158,86353,38003,2025-12-26,25,20,2026-01-15,,IN_GRACE
FDX20251185339,CUST354200,Smith-Thomas,Mid,2025-12-19,34305,183464,148163,2026-01-03,15,12,2026-01-15,2026-01-05,RESOLVED_IN_GRACE
FDX20253882757,CUST441716,"Burgess, Tran and King",Mega,2025-12-01,32063,152266,119295,2026-01-05,35,30,2026-02-04,,ELIGIBLE
FDX20256482325,CUST494322,Conner-Serrano,Small,2025-12-29,2288,8715,6826,2026-01-08,10,7,2026-01-15,,IN_GRACE
FDX20257893107,CUST393916,Chapman-Williams,Mid,2025-12-21,59792,167248,91217,2026-01-05,15,12,2026-01-17,,IN_GRACE
FDX20257561657,CUST956156,Davis-Conway,Small,2026-01-06,35532,93027,57350,2026-01-16,10,7,2026-01-23,,ELIGIBLE
FDX20253634617,CUST924040,Webb-Dunn,Small,2026-01-14,31193,107388,55676,2026-01-24,10,7,2026-01-31,,ELIGIBLE
FDX20252857975,CUST512022,"Ewing, Martinez and Zuniga",Small,2026-01-11,9085,30038,21476,2026-01-21,10,7,2026-01-28,2026-01-28,RESOLVED_IN_GRACE
FDX20253166570,CUST482746,Mcguire-Skinner,Small,2026-01-04,54351,252159,200606,2026-01-14,10,7,2026-01-21,,ELIGIBLE
FDX20258019808,CUST219420,Camacho LLC,Small,2025-12-24,51124,299125,197948,2026-01-03,10,7,2026-01-10,2026-01-07,RESOLVED_IN_GRACE
FDX20259023722,CUST691240,Ray Inc,Mega,2025-12-01,20938,99124,64486,2026-01-05,35,30,2026-02-04,2026-02-01,RESOLVED_IN_GRACE
FDX20252153651,CUST309505,"Rocha, Barber and Sanchez",Small,2026-01-05,25898,82227,52686,2026-01-15,10,7,2026-01-22,,ELIGIBLE
FDX20257526217,CUST720995,"Christian, White and Ali",Small,2025-12-23,8722,32136,12626,2026-01-02,10,7,2026-01-09,,ELIGIBLE
FDX20254464154,CUST672133,"Robbins, Cook and Shelton",Small,2026-01-06,3477,15908,3659,2026-01-16,10,7,2026-01-23,,ELIGIBLE
FDX20253179901,CUST288667,Snyder-Delgado,Small,2026-01-03,49673,215350,145459,2026-01-13,10,7,2026-01-20,,ELIGIBLE
FDX20254450687,CUST814827,Hogan-Wallace,Small,2025-12-31,34118,86395,57984,2026-01-10,10,7,2026-01-17,2026-01-12,RESOLVED_IN_GRACE
FDX20256196863,CUST904905,Burke Inc,Mid,2025-12-12,42322,203710,51790,2025-12-27,15,12,2026-01-08,2026-01-05,RESOLVED_IN_GRACE
FDX20258251124,CUST676820,Martinez-Dunn,Small,2026-01-08,27614,138713,92194,2026-01-18,10,7,2026-01-25,,ELIGIBLE
FDX20258965487,CUST128223,Medina Inc,Small,2025-12-22,59793,358631,199744,2026-01-01,10,7,2026-01-08,2026-01-04,RESOLVED_IN_GRACE
FDX20253663907,CUST862538,Huynh-Singh,Small,2026-01-04,7569,23073,20224,2026-01-14,10,7,2026-01-21,,ELIGIBLE
FDX20256206200,CUST584045,Gutierrez-Nguyen,Small,2026-01-08,14014,57557,52462,2026-01-18,10,7,2026-01-25,,ELIGIBLE
FDX20254405319,CUST842776,Lee-Whitehead,Mid,2025-12-12,39677,212967,211591,2025-12-27,15,12,2026-01-08,,ELIGIBLE
FDX20259430131,CUST319832,Sharp PLC,Small,2025-12-27,12859,52985,49645,2026-01-06,10,7,2026-01-13,,ELIGIBLE
FDX20258700011,CUST559753,Schroeder-Jones,Small,2025-12-29,27527,147027,47249,2026-01-08,10,7,2026-01-15,2026-01-15,RESOLVED_IN_GRACE
FDX20255621132,CUST936433,Spears-Johnson,Mega,2025-12-01,27659,101457,68768,2026-01-05,35,30,2026-02-04,2026-01-19,RESOLVED_IN_GRACE
FDX20254384010,CUST405482,Robles-Williams,Small,2026-01-03,3135,8410,6271,2026-01-13,10,7,2026-01-20,,ELIGIBLE
FDX20251124877,CUST971662,Savage-Griffin,Mid,2026-01-01,43977,158985,87850,2026-01-16,15,12,2026-01-28,2026-01-27,RESOLVED_IN_GRACE
FDX20253393974,CUST826490,Holt-Hernandez,Small,2025-12-27,24164,68655,48163,2026-01-06,10,7,2026-01-13,,ELIGIBLE
FDX20258478135,CUST172518,Davis-Vaughan,Mid,2026-01-02,7227,33879,33452,2026-01-17,15,12,2026-01-29,2026-01-27,RESOLVED_IN_GRACE
FDX20252073239,CUST958747,Vega-Wood,Large,2025-12-04,58683,344701,292901,2025-12-29,25,20,2026-01-18,2026-01-10,RESOLVED_IN_GRACE
FDX20257698083,CUST988970,"Hurley, Rodriguez and Jackson",Small,2026-01-08,6451,35297,13029,2026-01-18,10,7,2026-01-25,,ELIGIBLE
FDX20255141290,CUST934306,"Graves, Haley and Jefferson",Small,2026-01-11,32604,149796,65432,2026-01-21,10,7,2026-01-28,2026-01-26,RESOLVED_IN_GRACE
FDX20259822408,CUST933665,Gillespie Ltd,Small,2026-01-14,23426,87122,27811,2026-01-24,10,7,2026-01-31,,IN_GRACE
FDX20256517883,CUST529016,"Schwartz, Hart and Bolton",Mid,2025-12-25,56229,185833,115780,2026-01-09,15,12,2026-01-21,,ELIGIBLE
FDX20259236918,CUST805668,Carson-Anderson,Large,2025-12-12,54100,187124,124123,2026-01-06,25,20,2026-01-26,,ELIGIBLE
FDX20258720951,CUST623557,Johnson-Ford,Small,2026-01-14,51650,194969,139266,2026-01-24,10,7,2026-01-31,,ELIGIBLE
FDX20258762741,CUST245939,Foster-Flores,Small,2025-12-25,36231,175297,41446,2026-01-04,10,7,2026-01-11,,ELIGIBLE
FDX20251655733,CUST764100,"Galvan, Rice and Sandoval",Small,2026-01-10,45346,130702,127188,2026-01-20,10,7,2026-01-27,,ELIGIBLE
FDX20252528449,CUST417543,Osborne-Johnson,Small,2025-12-25,33777,139899,123917,2026-01-04,10,7,2026-01-11,2026-01-06,RESOLVED_IN_GRACE
FDX20255830358,CUST353777,Kennedy LLC,Small,2025-12-31,8839,28564,17648,2026-01-10,10,7,2026-01-17,,IN_GRACE
FDX20258655554,CUST364955,Huynh-White,Small,2026-01-05,28820,172096,52197,2026-01-15,10,7,2026-01-22,,IN_GRACE
FDX20256818033,CUST790658,Johnston-Reid,Small,2025-12-26,27498,105082,76873,2026-01-05,10,7,2026-01-12,2026-01-06,RESOLVED_IN_GRACE
FDX20255990361,CUST261630,Wilkins LLC,Large,2025-12-08,22461,75642,68330,2026-01-02,25,20,2026-01-22,,ELIGIBLE
FDX20257561407,CUST849979,Wilson-Torres,Small,2025-12-29,54225,248685,142144,2026-01-08,10,7,2026-01-15,,ELIGIBLE
FDX20253938131,CUST543681,Adams-Alexander,Small,2025-12-27,17770,54331,27019,2026-01-06,10,7,2026-01-13,2026-01-08,RESOLVED_IN_GRACE
FDX20257963429,CUST927406,Padilla-Guerrero,Small,2026-01-11,56999,319482,194210,2026-01-21,10,7,2026-01-28,,IN_GRACE
FDX20255179788,CUST495303,"Hendricks, Gross and Brooks",Small,2026-01-11,59089,350563,294836,2026-01-21,10,7,2026-01-28,2026-01-22,RESOLVED_IN_GRACE
FDX20254012820,CUST177558,Melton-Lynch,Large,2025-12-16,50092,258938,74938,2026-01-10,25,20,2026-01-30,,IN_GRACE
FDX20258249042,CUST570880,Hicks-Black,Small,2026-01-06,1658,5023,2762,2026-01-16,10,7,2026-01-23,,ELIGIBLE
FDX20258681081,CUST726979,Davidson-Barnes,Small,2026-01-13,36104,180829,64452,2026-01-23,10,7,2026-01-30,,ELIGIBLE
FDX20257453607,CUST602514,King-Petty,Small,2025-12-27,12498,69443,59719,2026-01-06,10,7,2026-01-13,2026-01-10,RESOLVED_IN_GRACE
FDX20254077684,CUST710527,Meyer-Mason,Small,2026-01-05,6238,35761,24534,2026-01-15,10,7,2026-01-22,2026-01-20,RESOLVED_IN_GRACE
FDX20252602797,CUST520274,Mcdowell-Sanchez,Mid,2025-12-23,19356,54099,35810,2026-01-07,15,12,2026-01-19,,IN_GRACE
FDX20257602695,CUST660324,Woods Inc,Mid,2025-12-22,17638,73418,67973,2026-01-06,15,12,2026-01-18,,ELIGIBLE
FDX20251732568,CUST631221,Odonnell-Ingram,Mid,2025-12-17,53334,212513,198510,2026-01-01,15,12,2026-01-13,,ELIGIBLE
FDX20255021419,CUST825309,Trujillo-Marshall,Small,2026-01-01,45148,144166,62942,2026-01-11,10,7,2026-01-18,2026-01-15,RESOLVED_IN_GRACE
FDX20253649663,CUST538620,Fischer Inc,Mid,2025-12-22,35272,102593,99173,2026-01-06,15,12,2026-01-18,,ELIGIBLE
FDX20255593203,CUST670053,Horne PLC,Small,2025-12-26,50919,284969,116386,2026-01-05,10,7,2026-01-12,2026-01-06,RESOLVED_IN_GRACE
FDX20255897094,CUST138551,Porter-Taylor,Mid,2025-12-27,49198,126718,117512,2026-01-11,15,12,2026-01-23,,IN_GRACE
FDX20252119776,CUST929130,Rose-Ballard,Small,2026-01-07,57315,148036,99733,2026-01-17,10,7,2026-01-24,,ELIGIBLE
FDX20254644931,CUST476993,"Burton, Goodman and Gordon",Small,2025-12-29,35250,159145,140950,2026-01-08,10,7,2026-01-15,2026-01-13,RESOLVED_IN_GRACE
FDX20259279347,CUST835716,Cunningham-Harris,Small,2025-12-31,41347,106491,62954,2026-01-10,10,7,2026-01-17,,ELIGIBLE
FDX20257900102,CUST951755,Thomas-Mathews,Small,2026-01-02,57386,315007,295695,2026-01-12,10,7,2026-01-19,,ELIGIBLE
FDX20253033912,CUST662986,Harris-Parker,Small,2025-12-28,34783,92435,70598,2026-01-07,10,7,2026-01-14,,ELIGIBLE
FDX20257186297,CUST722665,Atkins-Mitchell,Large,2025-12-05,9412,41078,9938,2025-12-30,25,20,2026-01-19,2026-01-06,RESOLVED_IN_GRACE
FDX20252284021,CUST769180,Wilson-Edwards,Small,2025-12-28,15697,57763,17346,2026-01-07,10,7,2026-01-14,,IN_GRACE
FDX20252765375,CUST189110,Martinez-Chan,Small,2026-01-02,23776,63808,60008,2026-01-12,10,7,2026-01-19,,IN_GRACE
FDX20259462341,CUST214682,Woods-Acosta,Small,2026-01-10,56474,335453,115354,2026-01-20,10,7,2026-01-27,,ELIGIBLE
FDX20256469592,CUST906306,"Armstrong, Brooks and Torres",Small,2026-01-04,47039,130238,91485,2026-01-14,10,7,2026-01-21,2026-01-18,RESOLVED_IN_GRACE
FDX20257880270,CUST360289,Guzman-Carter,Large,2025-12-04,48043,178134,92774,2025-12-29,25,20,2026-01-18,,IN_GRACE
FDX20258565450,CUST789545,Jones-Ramirez,Mid,2025-12-23,43546,244711,232462,2026-01-07,15,12,2026-01-19,,IN_GRACE
FDX20253765541,CUST796982,Coleman-Roth,Large,2025-12-01,55475,310991,168751,2025-12-26,25,20,2026-01-15,,ELIGIBLE
FDX20255240720,CUST472253,Thompson-Bauer,Small,2025-12-22,54607,291525,209350,2026-01-01,10,7,2026-01-08,2026-01-02,RESOLVED_IN_GRACE
FDX20254479126,CUST274418,Martin-Martinez,Mid,2025-12-15,43099,156080,56948,2025-12-30,15,12,2026-01-11,,ELIGIBLE
FDX20259490354,CUST778428,Sherman Ltd,Mid,2025-12-17,52480,193043,70433,2026-01-01,15,12,2026-01-13,,ELIGIBLE
FDX20251748853,CUST742439,Smith-Chan,Mid,2025-12-22,7870,33140,30861,2026-01-06,15,12,2026-01-18,,ELIGIBLE
FDX20258753883,CUST146448,Kirby-Gibson,Small,2026-01-05,28687,146217,68462,2026-01-15,10,7,2026-01-22,,IN_GRACE
FDX20251448251,CUST690579,Powell-Clark,Mid,2025-12-26,28895,75125,37879,2026-01-10,15,12,2026-01-22,,ELIGIBLE
FDX20252228016,CUST776364,"Hess, Hamilton and Walls",Mid,2025-12-18,43205,127695,64276,2026-01-02,15,12,2026-01-14,,ELIGIBLE
FDX20258749462,CUST810380,Moore-Patel,Mid,2025-12-25,59178,224127,171943,2026-01-09,15,12,2026-01-21,,IN_GRACE
FDX20257394729,CUST778159,White-Byrd,Small,2026-01-03,30861,132467,64714,2026-01-13,10,7,2026-01-20,,ELIGIBLE
FDX20256765619,CUST519029,Spencer-Walsh,Mid,2025-12-31,10949,60514,18469,2026-01-15,15,12,2026-01-27,,ELIGIBLE
FDX20257699844,CUST889245,Carr-Campbell,Large,2025-12-04,11266,50887,48358,2025-12-29,25,20,2026-01-18,,ELIGIBLE
FDX20254261550,CUST447704,Owens Ltd,Small,2025-12-22,35820,202789,85665,2026-01-01,10,7,2026-01-08,,ELIGIBLE
FDX20257655090,CUST934908,Flynn-Carpenter,Small,2025-12-27,27487,89517,30866,2026-01-06,10,7,2026-01-13,,IN_GRACE
FDX20251633753,CUST551365,Dennis-Jones,Large,2025-12-09,31452,185879,101569,2026-01-03,25,20,2026-01-23,,IN_GRACE
FDX20251180143,CUST211090,Galvan-Donaldson,Mid,2026-01-02,42256,239136,189056,2026-01-17,15,12,2026-01-29,,ELIGIBLE
FDX20255204466,CUST111060,Parker-Miller,Mid,2026-01-01,52842,201169,136998,2026-01-16,15,12,2026-01-28,2026-01-26,RESOLVED_IN_GRACE
FDX20252924056,CUST203396,Barron-Shepard,Mid,2025-12-19,6405,21653,12774,2026-01-03,15,12,2026-01-15,2026-01-04,RESOLVED_IN_GRACE
FDX20253289764,CUST371306,Stewart-Webb,Mid,2025-12-26,57990,296684,96953,2026-01-10,15,12,2026-01-22,,IN_GRACE
FDX20256488001,CUST332785,Ramos-Hicks,Mid,2025-12-23,1531,5831,3366,2026-01-07,15,12,2026-01-19,2026-01-09,RESOLVED_IN_GRACE
FDX20258788747,CUST635482,Smith-Cardenas,Mid,2025-12-22,48947,190450,162386,2026-01-06,15,12,2026-01-18,,IN_GRACE
FDX20259132910,CUST883132,Ramirez-Hill,Small,2025-12-27,25711,118967,115737,2026-01-06,10,7,2026-01-13,,ELIGIBLE
FDX20258740286,CUST643998,Figueroa-Saunders,Small,2026-01-11,24696,126677,118469,2026-01-21,10,7,2026-01-28,,IN_GRACE
FDX20252144829,CUST685098,Booth Group,Mid,2026-01-01,58627,178019,158112,2026-01-16,15,12,2026-01-28,2026-01-23,RESOLVED_IN_GRACE
FDX20252384936,CUST708717,Johnson-King,Small,2026-01-02,27107,114221,91459,2026-01-12,10,7,2026-01-19,,ELIGIBLE
FDX20255065012,CUST821068,Pope PLC,Small,2026-01-11,57246,277408,222847,2026-01-21,10,7,2026-01-28,,ELIGIBLE
FDX20258343784,CUST703178,Mitchell-Jordan,Mid,2025-12-16,7827,26483,8570,2025-12-31,15,12,2026-01-12,,ELIGIBLE
FDX20253353101,CUST331768,Robinson-Hanna,Mid,2025-12-17,20204,95777,27719,2026-01-01,15,12,2026-01-13,2026-01-06,RESOLVED_IN_GRACE
FDX20258898507,CUST567432,Bradford-Bates,Small,2026-01-08,16908,75123,54251,2026-01-18,10,7,2026-01-25,2026-01-24,RESOLVED_IN_GRACE
FDX20255683223,CUST492292,"Carter, Thomas and Lee",Small,2026-01-01,50901,231085,127106,2026-01-11,10,7,2026-01-18,2026-01-17,RESOLVED_IN_GRACE
FDX20253707281,CUST510133,Johnson-Kelly,Small,2026-01-11,8081,33241,16950,2026-01-21,10,7,2026-01-28,2026-01-24,RESOLVED_IN_GRACE
FDX20253862010,CUST585556,Lopez-Anderson,Small,2025-12-22,4086,18871,10403,2026-01-01,10,7,2026-01-08,,ELIGIBLE
FDX20251303099,CUST909859,Perez-Franco,Mid,2026-01-03,10948,64302,32113,2026-01-18,15,12,2026-01-30,,ELIGIBLE
FDX20252686363,CUST812565,Ball-Hall,Mid,2025-12-12,13953,43413,39147,2025-12-27,15,12,2026-01-08,,ELIGIBLE
FDX20253973536,CUST717181,Stephens LLC,Small,2026-01-03,9828,39388,10580,2026-01-13,10,7,2026-01-20,,IN_GRACE
FDX20255934928,CUST823975,Bolton-Shaw,Mid,2025-12-31,32417,100407,67965,2026-01-15,15,12,2026-01-27,2026-01-27,RESOLVED_IN_GRACE
FDX20253082914,CUST624776,Gordon-Lopez,Small,2025-12-29,37714,222525,138783,2026-01-08,10,7,2026-01-15,2026-01-11,RESOLVED_IN_GRACE
FDX20259970002,CUST258067,Hughes Ltd,Small,2026-01-06,7662,25261,21202,2026-01-16,10,7,2026-01-23,2026-01-17,RESOLVED_IN_GRACE
FDX20257557366,CUST461724,Martinez-Haley,Small,2026-01-05,59997,207026,155436,2026-01-15,10,7,2026-01-22,,ELIGIBLE
FDX20253826178,CUST125755,Shea-Thomas,Large,2025-12-01,54895,232405,183347,2025-12-26,25,20,2026-01-15,2026-01-04,RESOLVED_IN_GRACE
FDX20252301665,CUST606222,"Green, Moore and Anderson",Mid,2025-12-17,22510,127589,74527,2026-01-01,15,12,2026-01-13,,ELIGIBLE
FDX20251188082,CUST209627,"Wolfe, Lamb and Fuller",Mid,2025-12-26,9270,39689,33710,2026-01-10,15,12,2026-01-22,,ELIGIBLE
FDX20255584412,CUST409783,Bradford-Pearson,Small,2025-12-26,2373,11222,10630,2026-01-05,10,7,2026-01-12,,ELIGIBLE
FDX20253575243,CUST536181,Gray-Lyons,Small,2026-01-05,14612,74318,30694,2026-01-15,10,7,2026-01-22,2026-01-18,RESOLVED_IN_GRACE
FDX20258393014,CUST190025,Davis-Foster,Small,2026-01-11,59467,158140,127372,2026-01-21,10,7,2026-01-28,,IN_GRACE
FDX20257007702,CUST221707,Martin-Burgess,Small,2025-12-25,15868,63852,33647,2026-01-04,10,7,2026-01-11,2026-01-10,RESOLVED_IN_GRACE
FDX20253985341,CUST971699,Adams-Sullivan,Small,2026-01-09,54949,210576,91847,2026-01-19,10,7,2026-01-26,2026-01-25,RESOLVED_IN_GRACE
FDX20254635160,CUST865618,Richardson LLC,Small,2025-12-27,43381,232662,178374,2026-01-06,10,7,2026-01-13,,ELIGIBLE
FDX20251577888,CUST248557,"Fry, Evans and Murillo",Small,2026-01-13,36260,136901,110263,2026-01-23,10,7,2026-01-30,2026-01-28,RESOLVED_IN_GRACE
FDX20259930492,CUST465249,Thompson-Collins,Small,2025-12-27,34919,103678,57461,2026-01-06,10,7,2026-01-13,2026-01-07,RESOLVED_IN_GRACE
FDX20254626672,CUST427040,Wong-Beasley,Small,2025-12-26,29901,154956,80111,2026-01-05,10,7,2026-01-12,,ELIGIBLE
FDX20258416504,CUST459731,Donaldson-Clark,Small,2025-12-28,25937,114766,106313,2026-01-07,10,7,2026-01-14,,IN_GRACE
FDX20251801213,CUST577450,Arias-Watson,Mega,2025-12-01,14354,47535,38632,2026-01-05,35,30,2026-02-04,,ELIGIBLE
FDX20259772377,CUST922366,Kelly-Rodriguez,Small,2026-01-02,45035,269323,153768,2026-01-12,10,7,2026-01-19,2026-01-19,RESOLVED_IN_GRACE
FDX20252724585,CUST316916,Miller-Smith,Small,2026-01-01,10810,57072,39356,2026-01-11,10,7,2026-01-18,2026-01-17,RESOLVED_IN_GRACE
FDX20257553489,CUST646428,Powell-West,Mid,2025-12-24,12197,39592,20061,2026-01-08,15,12,2026-01-20,,ELIGIBLE
FDX20256172822,CUST606384,Martin and Sons,Small,2025-12-23,28652,142261,59579,2026-01-02,10,7,2026-01-09,,ELIGIBLE
FDX20258448860,CUST465219,Moreno-Young,Small,2026-01-03,6933,23034,14633,2026-01-13,10,7,2026-01-20,,ELIGIBLE
FDX20251879382,CUST599292,"Melton, Richardson and Hahn",Small,2025-12-29,23812,89767,57145,2026-01-08,10,7,2026-01-15,,ELIGIBLE
FDX20251078278,CUST202365,Hunt-Haley,Small,2026-01-06,9545,37353,29632,2026-01-16,10,7,2026-01-23,,ELIGIBLE
FDX20251816458,CUST559450,Morgan-Moore,Mid,2025-12-24,49965,284121,234440,2026-01-08,15,12,2026-01-20,,IN_GRACE
FDX20257331646,CUST857065,Smith-Howard,Mid,2025-12-31,50821,217331,139744,2026-01-15,15,12,2026-01-27,,IN_GRACE
FDX20254384602,CUST830609,Quinn LLC,Small,2026-01-13,43100,231036,190168,2026-01-23,10,7,2026-01-30,2026-01-30,RESOLVED_IN_GRACE
FDX20255189267,CUST574425,Shannon Group,Mega,2025-12-01,50547,134943,71649,2026-01-05,35,30,2026-02-04,,ELIGIBLE
FDX20257285495,CUST434400,Zimmerman-Sloan,Mid,2026-01-03,52842,167285,120202,2026-01-18,15,12,2026-01-30,,ELIGIBLE
FDX20255002042,CUST170437,Dodson-Cox,Mid,2025-12-30,2663,8097,6385,2026-01-14,15,12,2026-01-26,,ELIGIBLE
FDX20254355203,CUST414849,Day-Cain,Small,2026-01-12,34080,95773,78509,2026-01-22,10,7,2026-01-29,,IN_GRACE
FDX20252533209,CUST146853,Guzman-Ellis,Small,2026-01-06,3252,15019,5381,2026-01-16,10,7,2026-01-23,2026-01-21,RESOLVED_IN_GRACE
FDX20251269080,CUST949541,Williams-Henderson,Small,2025-12-29,20911,99837,23234,2026-01-08,10,7,2026-01-15,,ELIGIBLE
FDX20258074662,CUST845305,Ritter-Boyd,Small,2026-01-01,10250,50959,47696,2026-01-11,10,7,2026-01-18,,ELIGIBLE
FDX20251468825,CUST220675,"Gay, Harris and Allen",Small,2026-01-04,20260,85706,50067,2026-01-14,10,7,2026-01-21,,IN_GRACE
FDX20251244275,CUST123682,Chavez-Powell,Mid,2025-12-13,16128,91237,63937,2025-12-28,15,12,2026-01-09,,ELIGIBLE
FDX20256655878,CUST990429,Maxwell-Cole,Small,2026-01-06,45208,169000,81590,2026-01-16,10,7,2026-01-23,,ELIGIBLE
FDX20254223772,CUST459743,Lowe-Avila,Small,2026-01-05,7757,40446,16993,2026-01-15,10,7,2026-01-22,,ELIGIBLE
FDX20252059841,CUST779445,Craig-Bautista,Mid,2025-12-22,47146,182538,66341,2026-01-06,15,12,2026-01-18,,ELIGIBLE
FDX20254700514,CUST214675,Parker-Moran,Small,2025-12-30,3508,20943,10617,2026-01-09,10,7,2026-01-16,2026-01-11,RESOLVED_IN_GRACE
FDX20252620732,CUST810032,Brown-Myers,Small,2026-01-08,17119,91028,33332,2026-01-18,10,7,2026-01-25,,ELIGIBLE
FDX20253816607,CUST938913,Kent-Carr,Small,2025-12-22,55697,277808,168729,2026-01-01,10,7,2026-01-08,,ELIGIBLE
FDX20253802587,CUST272337,"Simpson, Wheeler and Howard",Small,2026-01-04,56417,314838,252609,2026-01-14,10,7,2026-01-21,,ELIGIBLE
FDX20251738407,CUST876459,"Stanley, Gilbert and Trujillo",Small,2026-01-13,29480,135128,104599,2026-01-23,10,7,2026-01-30,,ELIGIBLE
FDX20257973953,CUST355761,Nelson-Ortiz,Large,2025-12-15,43256,121230,98902,2026-01-09,25,20,2026-01-29,2026-01-23,RESOLVED_IN_GRACE
FDX20259598324,CUST641058,Rios-Munoz,Mid,2025-12-27,43425,236056,110797,2026-01-11,15,12,2026-01-23,2026-01-19,RESOLVED_IN_GRACE
FDX20252806634,CUST282927,Perez-Rogers,Mid,2026-01-01,33092,167389,68676,2026-01-16,15,12,2026-01-28,,ELIGIBLE
FDX20256488523,CUST678719,Landry Inc,Mid,2025-12-19,50727,140380,63518,2026-01-03,15,12,2026-01-15,,ELIGIBLE
FDX20256413664,CUST267914,Anderson-Charles,Mid,2025-12-25,6708,38458,35297,2026-01-09,15,12,2026-01-21,2026-01-10,RESOLVED_IN_GRACE
FDX20254180079,CUST447067,Sims Group,Small,2026-01-03,20851,52328,38916,2026-01-13,10,7,2026-01-20,2026-01-15,RESOLVED_IN_GRACE
FDX20254474885,CUST687044,Cross-Richards,Mid,2026-01-02,34877,120002,67238,2026-01-17,15,12,2026-01-29,,IN_GRACE
FDX20257628072,CUST547080,Warner-Kelly,Mid,2025-12-29,50106,248020,196332,2026-01-13,15,12,2026-01-25,,ELIGIBLE
FDX20258178640,CUST584498,Luna LLC,Mid,2025-12-29,12865,58001,14034,2026-01-13,15,12,2026-01-25,2026-01-15,RESOLVED_IN_GRACE
FDX20253026754,CUST343118,Park-Harrell,Mid,2025-12-30,43601,252200,160770,2026-01-14,15,12,2026-01-26,,IN_GRACE
FDX20254899161,CUST936507,Bennett-Boyd,Small,2026-01-04,32221,173818,156917,2026-01-14,10,7,2026-01-21,2026-01-21,RESOLVED_IN_GRACE
FDX20254586633,CUST524723,Sullivan-Torres,Large,2025-12-01,42189,196119,100303,2025-12-26,25,20,2026-01-15,2026-01-02,RESOLVED_IN_GRACE
FDX20252776460,CUST760351,"Morrison, Chang and Compton",Large,2025-12-01,58285,341527,206397,2025-12-26,25,20,2026-01-15,,IN_GRACE
FDX20256982358,CUST293411,"Salazar, Kent and Powers",Small,2025-12-27,10836,35822,21469,2026-01-06,10,7,2026-01-13,,ELIGIBLE
FDX20256425211,CUST295440,Lopez-Herring,Small,2026-01-05,15376,77202,30185,2026-01-15,10,7,2026-01-22,,IN_GRACE
FDX20253912886,CUST771590,"Johnston, Silva and Waters",Small,2026-01-08,41867,138659,59421,2026-01-18,10,7,2026-01-25,2026-01-21,RESOLVED_IN_GRACE
FDX20251251567,CUST789237,Ford LLC,Small,2026-01-01,9898,48343,42177,2026-01-11,10,7,2026-01-18,,ELIGIBLE
FDX20257746781,CUST553125,Campbell-Nelson,Mid,2025-12-30,32753,140997,133673,2026-01-14,15,12,2026-01-26,2026-01-17,RESOLVED_IN_GRACE
FDX20256305630,CUST514798,Haas-Perez,Large,2025-12-11,31383,138250,64446,2026-01-05,25,20,2026-01-25,,ELIGIBLE
FDX20251201014,CUST130610,Hansen-Davis,Small,2025-12-29,25231,121522,113632,2026-01-08,10,7,2026-01-15,,ELIGIBLE
FDX20257529468,CUST873207,Eaton-Herman,Small,2026-01-14,23721,65580,34524,2026-01-24,10,7,2026-01-31,,ELIGIBLE
FDX20254569653,CUST743937,Hill-Lopez,Small,2026-01-09,8489,42795,42644,2026-01-19,10,7,2026-01-26,,IN_GRACE
FDX20258696982,CUST306909,Garrett-Burton,Small,2025-12-25,35941,204836,126190,2026-01-04,10,7,2026-01-11,,ELIGIBLE
FDX20254692601,CUST571413,Cox-Mckenzie,Small,2026-01-09,13735,40447,17005,2026-01-19,10,7,2026-01-26,,ELIGIBLE
FDX20252107569,CUST720970,Ritter PLC,Mid,2025-12-25,19979,118934,60481,2026-01-09,15,12,2026-01-21,,ELIGIBLE
FDX20255671743,CUST550418,"Newman, Simmons and Sanders",Small,2026-01-06,29809,79089,44703,2026-01-16,10,7,2026-01-23,,ELIGIBLE
FDX20257190456,CUST507723,Escobar Group,Small,2026-01-01,48094,219446,97797,2026-01-11,10,7,2026-01-18,2026-01-16,RESOLVED_IN_GRACE
FDX20251737173,CUST104666,Gonzalez-Johns,Mid,2025-12-23,16592,79650,70797,2026-01-07,15,12,2026-01-19,,IN_GRACE
FDX20252129631,CUST838968,Johns-Moore,Small,2026-01-05,27467,161925,155704,2026-01-15,10,7,2026-01-22,,IN_GRACE
FDX20254666842,CUST325230,Galloway-Jones,Small,2026-01-14,37021,201628,169534,2026-01-24,10,7,2026-01-31,2026-01-31,RESOLVED_IN_GRACE
FDX20257897060,CUST315780,Gilbert-Harrell,Small,2026-01-09,21012,75644,74183,2026-01-19,10,7,2026-01-26,2026-01-26,RESOLVED_IN_GRACE
FDX20256058905,CUST391865,"Donovan, Rios and Beck",Small,2026-01-07,2536,11015,10107,2026-01-17,10,7,2026-01-24,,ELIGIBLE
FDX20259381494,CUST888870,Chandler-Acosta,Mid,2025-12-27,23207,135067,124375,2026-01-11,15,12,2026-01-23,2026-01-20,RESOLVED_IN_GRACE
FDX20252708148,CUST837945,"Stevenson, Bautista and Zimmerman",Mid,2025-12-21,17660,68300,61135,2026-01-05,15,12,2026-01-17,2026-01-14,RESOLVED_IN_GRACE
FDX20259995633,CUST948014,Harris-Hernandez,Small,2026-01-10,53378,289173,134924,2026-01-20,10,7,2026-01-27,2026-01-24,RESOLVED_IN_GRACE
FDX20253876606,CUST934674,Holmes-Smith,Small,2026-01-04,50836,251557,65510,2026-01-14,10,7,2026-01-21,,ELIGIBLE
FDX20255226854,CUST165602,Ross Inc,Small,2025-12-27,59201,248486,210255,2026-01-06,10,7,2026-01-13,,ELIGIBLE
FDX20252589550,CUST705393,Hawkins-Guzman,Small,2026-01-08,47477,182770,94049,2026-01-18,10,7,2026-01-25,,IN_GRACE
FDX20256441761,CUST206694,Whitney PLC,Mid,2025-12-30,35986,134573,67619,2026-01-14,15,12,2026-01-26,2026-01-17,RESOLVED_IN_GRACE
FDX20257519046,CUST938338,"Richardson, Peterson and Miller",Small,2026-01-11,43784,123765,63472,2026-01-21,10,7,2026-01-28,2026-01-24,RESOLVED_IN_GRACE
FDX20253230219,CUST662968,Reeves-Andersen,Small,2026-01-06,21848,108005,32492,2026-01-16,10,7,2026-01-23,2026-01-23,RESOLVED_IN_GRACE
FDX20256570816,CUST296041,Thompson-Ashley,Small,2026-01-02,29004,165923,153312,2026-01-12,10,7,2026-01-19,,ELIGIBLE
FDX20253941566,CUST483561,"Harrison, Norman and Green",Large,2025-12-04,40300,176722,148174,2025-12-29,25,20,2026-01-18,,ELIGIBLE
FDX20256334600,CUST441819,Hickman-Thompson,Small,2026-01-06,50398,242676,219440,2026-01-16,10,7,2026-01-23,2026-01-20,RESOLVED_IN_GRACE
FDX20259088805,CUST306647,Pineda-Simpson,Mid,2025-12-21,35928,176918,53818,2026-01-05,15,12,2026-01-17,,ELIGIBLE
FDX20252132688,CUST579776,Rodriguez-Flores,Large,2025-12-02,35566,188754,184858,2025-12-27,25,20,2026-01-16,,IN_GRACE
FDX20256622132,CUST219490,Roberts-Hernandez,Small,2026-01-14,35367,191622,149273,2026-01-24,10,7,2026-01-31,,IN_GRACE
FDX20251296097,CUST375097,Mclean-Donaldson,Mid,2025-12-25,15606,86042,69904,2026-01-09,15,12,2026-01-21,,IN_GRACE
FDX20258531486,CUST803281,Best PLC,Small,2026-01-01,50409,146581,79877,2026-01-11,10,7,2026-01-18,,IN_GRACE
FDX20257415127,CUST613261,Villa-Brooks,Small,2025-12-29,58498,296765,143843,2026-01-08,10,7,2026-01-15,,ELIGIBLE
FDX20259573595,CUST653349,Miranda PLC,Large,2025-12-16,42027,181239,128017,2026-01-10,25,20,2026-01-30,2026-01-29,RESOLVED_IN_GRACE
FDX20254899452,CUST770153,Everett-Gill,Small,2026-01-14,10351,30113,14111,2026-01-24,10,7,2026-01-31,,ELIGIBLE
FDX20259445986,CUST428628,Boyd-Dixon,Small,2025-12-25,48184,267332,136085,2026-01-04,10,7,2026-01-11,2026-01-10,RESOLVED_IN_GRACE
FDX20251222997,CUST725969,Smith-Williams,Small,2025-12-29,30219,98211,60320,2026-01-08,10,7,2026-01-15,2026-01-14,RESOLVED_IN_GRACE
FDX20254902479,CUST507517,Mills-Warren,Mid,2025-12-30,23270,64946,28996,2026-01-14,15,12,2026-01-26,2026-01-24,RESOLVED_IN_GRACE
FDX20251355901,CUST741003,Estes-Stevens,Mid,2025-12-31,19901,110127,47919,2026-01-15,15,12,2026-01-27,,ELIGIBLE
FDX20253081317,CUST511612,"Calhoun, Benjamin and Alvarez",Large,2025-12-13,33896,148626,108731,2026-01-07,25,20,2026-01-27,,IN_GRACE
FDX20256181620,CUST715519,Williams-Salinas,Small,2026-01-12,29190,91015,55471,2026-01-22,10,7,2026-01-29,2026-01-28,RESOLVED_IN_GRACE
FDX20254966072,CUST219781,Hughes-Rivers,Mid,2025-12-22,14391,69084,65636,2026-01-06,15,12,2026-01-18,,ELIGIBLE
FDX20258189001,CUST464825,Larson-Ayala,Small,2026-01-05,39734,198706,132291,2026-01-15,10,7,2026-01-22,2026-01-18,RESOLVED_IN_GRACE
FDX20255086019,CUST469082,Jensen-Morales,Small,2025-12-28,51686,276729,214813,2026-01-07,10,7,2026-01-14,2026-01-11,RESOLVED_IN_GRACE
FDX20252331937,CUST986589,Sanchez-Scott,Small,2026-01-01,45996,236825,195468,2026-01-11,10,7,2026-01-18,2026-01-12,RESOLVED_IN_GRACE
FDX20252005341,CUST580101,Estrada-Villegas,Small,2025-12-27,47899,245232,193115,2026-01-06,10,7,2026-01-13,,ELIGIBLE
FDX20253307798,CUST747351,"Baldwin, Richmond and Johnson",Large,2025-12-05,42593,146773,146703,2025-12-30,25,20,2026-01-19,,ELIGIBLE
FDX20257283463,CUST280908,Smith-Diaz,Small,2025-12-25,10356,27222,11797,2026-01-04,10,7,2026-01-11,,ELIGIBLE
FDX20259367241,CUST953266,Williams-Wilson,Mid,2026-01-01,37554,126213,40600,2026-01-16,15,12,2026-01-28,,IN_GRACE
FDX20255976369,CUST806309,Hayes-Little,Mid,2025-12-22,53207,140922,65975,2026-01-06,15,12,2026-01-18,2026-01-18,RESOLVED_IN_GRACE
FDX20254389195,CUST840282,Livingston PLC,Mid,2025-12-17,18245,57271,51315,2026-01-01,15,12,2026-01-13,,ELIGIBLE
FDX20253544610,CUST939503,Hernandez-Washington,Large,2025-12-12,55042,244507,230103,2026-01-06,25,20,2026-01-26,2026-01-20,RESOLVED_IN_GRACE
FDX20257304004,CUST411893,"Cortez, Howe and Johnson",Large,2025-12-09,40569,116549,92357,2026-01-03,25,20,2026-01-23,2026-01-09,RESOLVED_IN_GRACE
FDX20254429016,CUST744333,Hood-Robinson,Large,2025-12-08,22454,67381,43544,2026-01-02,25,20,2026-01-22,2026-01-18,RESOLVED_IN_GRACE
FDX20251635969,CUST718836,"Middleton, Thompson and Macias",Large,2025-12-17,22691,133557,67281,2026-01-11,25,20,2026-01-31,,ELIGIBLE
FDX20254994050,CUST188868,Miller-Turner,Mega,2025-12-01,8556,29692,27649,2026-01-05,35,30,2026-02-04,2026-01-30,RESOLVED_IN_GRACE
FDX20258444490,CUST804758,"Gibson, Taylor and Ward",Large,2025-12-16,50963,138612,125026,2026-01-10,25,20,2026-01-30,,ELIGIBLE
FDX20256514500,CUST240454,Lowe and Sons,Small,2025-12-22,47328,222532,164061,2026-01-01,10,7,2026-01-08,,ELIGIBLE
FDX20253252626,CUST428399,"Sheppard, Hubbard and Johnson",Mega,2025-12-01,7932,40554,30780,2026-01-05,35,30,2026-02-04,,IN_GRACE
FDX20255666187,CUST223586,Barnes-Burton,Mid,2025-12-29,52913,308099,263825,2026-01-13,15,12,2026-01-25,2026-01-14,RESOLVED_IN_GRACE
FDX20256327414,CUST350161,Edwards-Lam,Mid,2025-12-14,45002,246526,47078,2025-12-29,15,12,2026-01-10,2025-12-30,RESOLVED_IN_GRACE
FDX20251664503,CUST420214,Richardson-Keller,Mega,2025-12-01,48238,190107,140784,2026-01-05,35,30,2026-02-04,,ELIGIBLE
FDX20259738796,CUST222629,Smith-Cox,Small,2025-12-31,35240,179147,162051,2026-01-10,10,7,2026-01-17,2026-01-12,RESOLVED_IN_GRACE
FDX20257960756,CUST291936,"Mckinney, Fuller and Turner",Mid,2025-12-28,19384,68989,62569,2026-01-12,15,12,2026-01-24,2026-01-15,RESOLVED_IN_GRACE
FDX20255839473,CUST491439,Humphrey-Thornton,Mid,2025-12-28,33204,195444,110011,2026-01-12,15,12,2026-01-24,2026-01-24,RESOLVED_IN_GRACE
FDX20251397508,CUST827120,"Herman, Blankenship and Washington",Small,2025-12-31,46868,271602,150173,2026-01-10,10,7,2026-01-17,,ELIGIBLE
FDX20254842150,CUST248225,Reyes-Forbes,Small,2026-01-01,29257,118960,115663,2026-01-11,10,7,2026-01-18,,ELIGIBLE
FDX20256557792,CUST635638,"Mercado, Hernandez and George",Small,2026-01-11,9921,44293,43755,2026-01-21,10,7,2026-01-28,,ELIGIBLE
FDX20256750028,CUST507333,Spence PLC,Mid,2025-12-21,14500,39190,25815,2026-01-05,15,12,2026-01-17,2026-01-07,RESOLVED_IN_GRACE
FDX20255064263,CUST538555,Thomas-Henderson,Mid,2025-12-16,31426,94856,69851,2025-12-31,15,12,2026-01-12,,IN_GRACE
FDX20254453043,CUST725397,Stanley-Newman,Small,2026-01-01,31957,100245,75458,2026-01-11,10,7,2026-01-18,,ELIGIBLE
FDX20251907210,CUST244564,Heath-Gutierrez,Small,2026-01-12,5690,20124,16381,2026-01-22,10,7,2026-01-29,2026-01-24,RESOLVED_IN_GRACE
FDX20255166421,CUST702727,Rhodes-Hubbard,Small,2025-12-29,58165,212525,112080,2026-01-08,10,7,2026-01-15,,IN_GRACE
FDX20254731991,CUST502349,Contreras-Rivera,Mid,2025-12-30,51233,189689,137097,2026-01-14,15,12,2026-01-26,,ELIGIBLE
FDX20257400271,CUST543588,Boyle LLC,Large,2025-12-01,16705,70074,47067,2025-12-26,25,20,2026-01-15,2026-01-07,RESOLVED_IN_GRACE
FDX20259748847,CUST294776,Patel-Campbell,Large,2025-12-01,45770,231733,223987,2025-12-26,25,20,2026-01-15,,IN_GRACE
FDX20256396173,CUST610310,Pineda Ltd,Small,2025-12-27,33223,148292,91455,2026-01-06,10,7,2026-01-13,,ELIGIBLE
FDX20254079382,CUST766371,West-Hampton,Mid,2026-01-03,15437,55021,23961,2026-01-18,15,12,2026-01-30,,ELIGIBLE
FDX20258421584,CUST663483,Thompson-Russell,Large,2025-12-16,26928,111203,96662,2026-01-10,25,20,2026-01-30,,ELIGIBLE
FDX20251101379,CUST827117,Gates-Olsen,Small,2025-12-26,57481,270083,142067,2026-01-05,10,7,2026-01-12,,IN_GRACE
FDX20252084091,CUST776604,Stafford and Sons,Mid,2025-12-17,4651,15015,5791,2026-01-01,15,12,2026-01-13,2026-01-02,RESOLVED_IN_GRACE
FDX20259248388,CUST281649,Esparza-Woods,Large,2025-12-12,21131,110184,99677,2026-01-06,25,20,2026-01-26,,IN_GRACE
FDX20252174152,CUST681868,Simon PLC,Small,2026-01-04,7539,27260,7572,2026-01-14,10,7,2026-01-21,,ELIGIBLE
FDX20254229034,CUST274971,Jones-Levine,Small,2026-01-10,32322,143376,42154,2026-01-20,10,7,2026-01-27,2026-01-26,RESOLVED_IN_GRACE
FDX20251874208,CUST613426,Ibarra-Vasquez,Large,2025-12-01,46439,163893,160137,2025-12-26,25,20,2026-01-15,,ELIGIBLE
FDX20253374513,CUST402865,Clark-Martin,Mid,2026-01-03,34923,91218,86597,2026-01-18,15,12,2026-01-30,2026-01-25,RESOLVED_IN_GRACE
FDX20254426243,CUST247111,Bryant-Stafford,Mid,2025-12-30,7092,39368,25980,2026-01-14,15,12,2026-01-26,,ELIGIBLE
FDX20253106564,CUST296187,David PLC,Small,2025-12-26,40581,110687,103675,2026-01-05,10,7,2026-01-12,,ELIGIBLE
FDX20252539467,CUST429861,Howard-Hoffman,Mid,2025-12-24,56705,211020,160075,2026-01-08,15,12,2026-01-20,2026-01-15,RESOLVED_IN_GRACE
FDX20253913796,CUST982885,Carter-Hickman,Mid,2025-12-23,59655,334730,275820,2026-01-07,15,12,2026-01-19,2026-01-17,RESOLVED_IN_GRACE
FDX20254428815,CUST572908,Jimenez-Guerrero,Small,2026-01-12,51500,259176,226744,2026-01-22,10,7,2026-01-29,2026-01-25,RESOLVED_IN_GRACE
FDX20254964626,CUST749498,Ramirez-Duarte,Small,2026-01-11,32601,101367,44410,2026-01-21,10,7,2026-01-28,,ELIGIBLE
FDX20259513171,CUST156215,Mclean-Bell,Large,2025-12-14,31611,94717,80808,2026-01-08,25,20,2026-01-28,,ELIGIBLE
FDX20252311382,CUST476479,"Benjamin, Murphy and Moreno",Mid,2026-01-03,12659,50641,27749,2026-01-18,15,12,2026-01-30,,ELIGIBLE
FDX20258151117,CUST110048,Mathews PLC,Mid,2025-12-18,25633,115206,81102,2026-01-02,15,12,2026-01-14,2026-01-11,RESOLVED_IN_GRACE
FDX20258836205,CUST608149,Delacruz-Jones,Large,2025-12-16,44520,175520,147101,2026-01-10,25,20,2026-01-30,,ELIGIBLE
FDX20256225481,CUST243167,Scott-Cameron,Small,2026-01-11,49691,137443,78267,2026-01-21,10,7,2026-01-28,,IN_GRACE
FDX20253754127,CUST304607,Mann-Warren,Mid,2026-01-01,11568,51743,24493,2026-01-16,15,12,2026-01-28,,ELIGIBLE
FDX20254314108,CUST954815,Chapman-Graves,Small,2026-01-09,26853,142212,75574,2026-01-19,10,7,2026-01-26,,ELIGIBLE
FDX20255109158,CUST502594,"Wiley, West and Peters",Mid,2025-12-16,48366,158770,95867,2025-12-31,15,12,2026-01-12,,ELIGIBLE
FDX20258113821,CUST688861,Baker-Miller,Small,2025-12-30,22859,126879,81250,2026-01-09,10,7,2026-01-16,,IN_GRACE
FDX20253960096,CUST629990,Murphy-Foster,Small,2026-01-06,49187,222518,177538,2026-01-16,10,7,2026-01-23,,ELIGIBLE
FDX20255177013,CUST784793,Martinez-May,Small,2026-01-02,15058,58628,15747,2026-01-12,10,7,2026-01-19,,ELIGIBLE
FDX20256085186,CUST619013,Henry-Mitchell,Small,2026-01-06,32600,154931,132119,2026-01-16,10,7,2026-01-23,,ELIGIBLE
FDX20255787427,CUST529008,"Mcdaniel, Smith and Walter",Small,2025-12-28,7635,43535,11264,2026-01-07,10,7,2026-01-14,2026-01-13,RESOLVED_IN_GRACE
FDX20258520742,CUST817956,Rojas-Ashley,Large,2025-12-04,34216,108590,102713,2025-12-29,25,20,2026-01-18,2026-01-06,RESOLVED_IN_GRACE
FDX20254378948,CUST615611,Combs-Huber,Small,2025-12-23,44259,188643,165173,2026-01-02,10,7,2026-01-09,,ELIGIBLE
FDX20255561067,CUST535820,Smith-Bailey,Large,2025-12-15,56624,242749,126886,2026-01-09,25,20,2026-01-29,,ELIGIBLE
FDX20259072704,CUST844638,Butler-Rodgers,Small,2025-12-27,49080,231541,226926,2026-01-06,10,7,2026-01-13,2026-01-07,RESOLVED_IN_GRACE
FDX20252342445,CUST980690,Rivera-Davidson,Mid,2025-12-14,13520,78355,38350,2025-12-29,15,12,2026-01-10,,ELIGIBLE
FDX20257032783,CUST565412,Wallace-Montoya,Mid,2025-12-27,7278,26724,13982,2026-01-11,15,12,2026-01-23,2026-01-22,RESOLVED_IN_GRACE
FDX20257681433,CUST612438,Williams-Howard,Mid,2025-12-18,28034,157926,150197,2026-01-02,15,12,2026-01-14,,IN_GRACE
FDX20257337047,CUST275377,Hughes-Clark,Small,2025-12-29,17001,49535,42263,2026-01-08,10,7,2026-01-15,,ELIGIBLE
FDX20253814647,CUST186686,Cuevas-Lopez,Mid,2025-12-29,39059,201157,85210,2026-01-13,15,12,2026-01-25,,ELIGIBLE
FDX20258897261,CUST692862,Walton-Gibbs,Mid,2026-01-01,57902,260464,145391,2026-01-16,15,12,2026-01-28,,ELIGIBLE
FDX20258405061,CUST132359,Morse LLC,Mid,2025-12-29,27351,159869,105499,2026-01-13,15,12,2026-01-25,,IN_GRACE
FDX20258091683,CUST934541,Stanton and Sons,Small,2026-01-02,18255,60249,56272,2026-01-12,10,7,2026-01-19,2026-01-19,RESOLVED_IN_GRACE
FDX20259477402,CUST898025,Watson-Jackson,Small,2026-01-13,51441,138628,127864,2026-01-23,10,7,2026-01-30,,ELIGIBLE
FDX20258271756,CUST331241,Johnson-Anderson,Small,2026-01-07,22364,64250,63622,2026-01-17,10,7,2026-01-24,2026-01-22,RESOLVED_IN_GRACE
FDX20253615206,CUST406278,Hopkins-Harris,Large,2025-12-01,56343,229171,159430,2025-12-26,25,20,2026-01-15,,IN_GRACE
FDX20259086630,CUST134283,"Walter, French and Wilson",Small,2026-01-13,59740,254443,116811,2026-01-23,10,7,2026-01-30,2026-01-24,RESOLVED_IN_GRACE
FDX20251332374,CUST388204,Duran-Smith,Mid,2025-12-22,5541,26758,12122,2026-01-06,15,12,2026-01-18,,ELIGIBLE
FDX20257399154,CUST335765,Garcia-Holmes,Mid,2025-12-18,27063,86674,73659,2026-01-02,15,12,2026-01-14,2026-01-04,RESOLVED_IN_GRACE
FDX20258170536,CUST663723,Brandt LLC,Mid,2025-12-22,53440,147707,100455,2026-01-06,15,12,2026-01-18,2026-01-17,RESOLVED_IN_GRACE
FDX20252396415,CUST402692,Kelly-Moore,Mid,2025-12-24,6560,29141,15046,2026-01-08,15,12,2026-01-20,,IN_GRACE
FDX20256037049,CUST276379,Hamilton-Watson,Large,2025-12-01,5201,27594,21926,2025-12-26,25,20,2026-01-15,,IN_GRACE
FDX20253563536,CUST918665,Davis-Williams,Mid,2025-12-19,31798,176614,46339,2026-01-03,15,12,2026-01-15,2026-01-08,RESOLVED_IN_GRACE
FDX20253947745,CUST579536,Jenkins-Green,Small,2026-01-01,56502,272701,84838,2026-01-11,10,7,2026-01-18,2026-01-12,RESOLVED_IN_GRACE
FDX20255316638,CUST693127,Ramirez-Chaney,Small,2026-01-05,14900,85805,62603,2026-01-15,10,7,2026-01-22,,ELIGIBLE
FDX20257382895,CUST878586,Garcia-Stephens,Mid,2025-12-24,51644,180335,166154,2026-01-08,15,12,2026-01-20,,ELIGIBLE
FDX20258778776,CUST910074,Roberts-Lee,Mid,2025-12-26,46577,241332,212197,2026-01-10,15,12,2026-01-22,,ELIGIBLE
FDX20256131265,CUST903124,Collins-Price,Small,2026-01-07,45463,178233,154414,2026-01-17,10,7,2026-01-24,,ELIGIBLE
FDX20258610197,CUST619373,Williams-Jones,Mid,2025-12-17,25413,84515,57049,2026-01-01,15,12,2026-01-13,,ELIGIBLE
FDX20255751739,CUST676429,Smith-Garcia,Small,2026-01-06,42696,149518,143021,2026-01-16,10,7,2026-01-23,,ELIGIBLE
FDX20257293920,CUST635618,Bridges-Hernandez,Large,2025-12-09,54047,291275,137121,2026-01-03,25,20,2026-01-23,2026-01-22,RESOLVED_IN_GRACE
FDX20259067229,CUST218710,Osborn PLC,Small,2025-12-27,50606,269154,153515,2026-01-06,10,7,2026-01-13,,ELIGIBLE
FDX20252206947,CUST700534,Peterson-Serrano,Large,2025-12-05,30379,136346,91827,2025-12-30,25,20,2026-01-19,,ELIGIBLE
FDX20256590741,CUST219754,Smith-Johnson,Mid,2025-12-21,47176,133980,91037,2026-01-05,15,12,2026-01-17,,ELIGIBLE
FDX20253292713,CUST380901,"Willis, Scott and Wallace",Small,2026-01-02,25128,101905,92869,2026-01-12,10,7,2026-01-19,2026-01-17,RESOLVED_IN_GRACE
FDX20258872850,CUST912764,"Orr, Jordan and Pierce",Mid,2025-12-21,39823,109238,101977,2026-01-05,15,12,2026-01-17,,ELIGIBLE
FDX20254283565,CUST669488,Hutchinson-Rios,Mega,2025-12-01,7343,24325,19931,2026-01-05,35,30,2026-02-04,2026-01-25,RESOLVED_IN_GRACE
FDX20253595845,CUST963274,Kelley-Porter,Small,2026-01-10,51672,286812,76863,2026-01-20,10,7,2026-01-27,,ELIGIBLE
FDX20254181393,CUST484682,Morris-Castillo,Small,2026-01-13,22842,95435,94812,2026-01-23,10,7,2026-01-30,,ELIGIBLE
FDX20251070138,CUST668373,"Lopez, Key and Collier",Small,2026-01-09,13498,65088,14118,2026-01-19,10,7,2026-01-26,2026-01-20,RESOLVED_IN_GRACE
FDX20251215323,CUST962570,Mendoza LLC,Small,2025-12-22,44547,144735,119766,2026-01-01,10,7,2026-01-08,2026-01-03,RESOLVED_IN_GRACE
FDX20259400348,CUST893547,Krause Group,Small,2026-01-11,15714,90136,29459,2026-01-21,10,7,2026-01-28,,IN_GRACE
FDX20257279004,CUST143631,"Lynch, Howard and Spencer",Large,2025-12-01,15403,46940,28218,2025-12-26,25,20,2026-01-15,2026-01-12,RESOLVED_IN_GRACE
FDX20259245225,CUST896922,Christensen-Lowery,Mid,2026-01-02,38981,148579,100711,2026-01-17,15,12,2026-01-29,,ELIGIBLE
FDX20257787310,CUST853905,Taylor-Scott,Mid,2025-12-27,54936,205974,165218,2026-01-11,15,12,2026-01-23,2026-01-12,RESOLVED_IN_GRACE
FDX20257976304,CUST562806,Soto-Montgomery,Small,2025-12-27,11763,33623,19945,2026-01-06,10,7,2026-01-13,2026-01-10,RESOLVED_IN_GRACE
FDX20257621123,CUST672892,Rich-Brewer,Small,2026-01-06,51166,270789,191608,2026-01-16,10,7,2026-01-23,2026-01-19,RESOLVED_IN_GRACE
FDX20257260332,CUST329157,Davila-Molina,Large,2025-12-01,6463,27943,22837,2025-12-26,25,20,2026-01-15,,ELIGIBLE
FDX20257443078,CUST545807,Bullock-Kelly,Mid,2025-12-16,33090,93681,78518,2025-12-31,15,12,2026-01-12,,IN_GRACE
FDX20259213304,CUST207391,Hendrix-Watson,Mid,2026-01-01,10374,30352,27619,2026-01-16,15,12,2026-01-28,,ELIGIBLE
FDX20256164208,CUST871740,Jensen-Hansen,Small,2026-01-01,18926,69961,64826,2026-01-11,10,7,2026-01-18,,ELIGIBLE
FDX20252195114,CUST970392,Rhodes-Cisneros,Small,2026-01-13,42486,204364,59033,2026-01-23,10,7,2026-01-30,2026-01-29,RESOLVED_IN_GRACE
FDX20257858317,CUST785424,Roach Ltd,Large,2025-12-14,40194,193072,148636,2026-01-08,25,20,2026-01-28,,ELIGIBLE
FDX20251651407,CUST887842,"Mcintosh, Grant and Bruce",Small,2026-01-10,50841,149377,112827,2026-01-20,10,7,2026-01-27,2026-01-24,RESOLVED_IN_GRACE
FDX20253088386,CUST359555,Garza-Berry,Small,2025-12-27,45175,208511,133254,2026-01-06,10,7,2026-01-13,2026-01-11,RESOLVED_IN_GRACE
FDX20257456309,CUST412170,Espinoza-Fry,Mid,2025-12-27,40823,143085,61157,2026-01-11,15,12,2026-01-23,,IN_GRACE
FDX20253723988,CUST133796,Webb LLC,Mid,2025-12-23,15925,85210,64238,2026-01-07,15,12,2026-01-19,,IN_GRACE
FDX20254258608,CUST571578,Mendez-Smith,Mid,2025-12-27,25193,79974,70465,2026-01-11,15,12,2026-01-23,2026-01-20,RESOLVED_IN_GRACE
FDX20258319864,CUST375581,Martin-Howard,Small,2026-01-01,22678,129619,86935,2026-01-11,10,7,2026-01-18,,ELIGIBLE
FDX20255282525,CUST465509,Gaines-Villarreal,Small,2026-01-02,45289,119993,102590,2026-01-12,10,7,2026-01-19,,ELIGIBLE
FDX20256848179,CUST956401,Fox-Cruz,Mid,2025-12-29,14276,36066,19235,2026-01-13,15,12,2026-01-25,,ELIGIBLE
FDX20259549809,CUST191208,"Miranda, Thomas and Williams",Small,2026-01-09,51817,168297,123505,2026-01-19,10,7,2026-01-26,,ELIGIBLE
FDX20259197714,CUST560398,Mann-Johnson,Small,2025-12-24,52503,177744,132241,2026-01-03,10,7,2026-01-10,,ELIGIBLE
FDX20257177044,CUST223088,Reyes-Pena,Small,2026-01-07,16101,92508,46973,2026-01-17,10,7,2026-01-24,,ELIGIBLE
FDX20251968122,CUST913308,Myers and Sons,Mid,2025-12-17,24884,81047,60481,2026-01-01,15,12,2026-01-13,,ELIGIBLE
FDX20257464817,CUST951327,Pace Ltd,Large,2025-12-09,57458,258681,195648,2026-01-03,25,20,2026-01-23,2026-01-23,RESOLVED_IN_GRACE
FDX20258114216,CUST348455,Pierce LLC,Small,2026-01-11,34127,98931,58674,2026-01-21,10,7,2026-01-28,,ELIGIBLE
FDX20255140479,CUST320073,Owen and Sons,Mid,2025-12-27,49092,173556,95065,2026-01-11,15,12,2026-01-23,2026-01-21,RESOLVED_IN_GRACE
FDX20255066006,CUST950083,Carroll Ltd,Small,2025-12-29,44027,217530,122754,2026-01-08,10,7,2026-01-15,,ELIGIBLE
FDX20259014904,CUST873443,"Stout, Rodriguez and Johnson",Mid,2025-12-21,33247,103649,87057,2026-01-05,15,12,2026-01-17,,IN_GRACE
FDX20251578940,CUST716482,Russell-Allen,Small,2026-01-04,35988,177026,117200,2026-01-14,10,7,2026-01-21,2026-01-21,RESOLVED_IN_GRACE
FDX20257063525,CUST822608,Robles-Wright,Small,2025-12-27,49834,255352,119585,2026-01-06,10,7,2026-01-13,,ELIGIBLE
FDX20251474058,CUST467663,Ferguson-Merritt,Small,2026-01-11,28524,107614,75701,2026-01-21,10,7,2026-01-28,2026-01-24,RESOLVED_IN_GRACE
FDX20253481086,CUST845279,Cuevas-Hill,Small,2026-01-01,3716,16742,14930,2026-01-11,10,7,2026-01-18,,ELIGIBLE
FDX20255384401,CUST739905,Sellers Ltd,Small,2025-12-22,11388,62543,27469,2026-01-01,10,7,2026-01-08,,ELIGIBLE
FDX20258641531,CUST763508,"Lyons, Fisher and Martin",Mid,2025-12-20,8231,45421,8873,2026-01-04,15,12,2026-01-16,2026-01-06,RESOLVED_IN_GRACE
FDX20253472414,CUST548965,Bryant-Fritz,Mid,2025-12-18,37585,186609,50503,2026-01-02,15,12,2026-01-14,2026-01-11,RESOLVED_IN_GRACE
FDX20255266245,CUST274044,Black-Cole,Mega,2025-12-01,37304,99697,98555,2026-01-05,35,30,2026-02-04,,ELIGIBLE
FDX20255150931,CUST746081,Abbott LLC,Small,2025-12-22,36879,155135,78309,2026-01-01,10,7,2026-01-08,,IN_GRACE
FDX20253708302,CUST245998,Hendricks and Sons,Small,2025-12-29,27918,166792,109313,2026-01-08,10,7,2026-01-15,,ELIGIBLE
FDX20251206987,CUST922974,Watkins Group,Small,2026-01-08,55162,229817,61862,2026-01-18,10,7,2026-01-25,2026-01-24,RESOLVED_IN_GRACE
FDX20252958415,CUST316656,"Brooks, Hansen and Smith",Small,2026-01-08,45910,203489,188237,2026-01-18,10,7,2026-01-25,,ELIGIBLE
FDX20252548634,CUST953047,"Nolan, Edwards and Tran",Mid,2025-12-17,8781,43267,9565,2026-01-01,15,12,2026-01-13,,IN_GRACE
FDX20257448284,CUST316995,Martinez-Riddle,Mid,2025-12-18,22475,125626,23856,2026-01-02,15,12,2026-01-14,2026-01-04,RESOLVED_IN_GRACE
FDX20257671743,CUST944565,Fischer-Andrade,Mid,2025-12-18,1598,8599,6855,2026-01-02,15,12,2026-01-14,,IN_GRACE
FDX20252348021,CUST162241,Matthews and Sons,Small,2025-12-24,37941,205074,165469,2026-01-03,10,7,2026-01-10,,ELIGIBLE
FDX20259699607,CUST697766,Peterson-Diaz,Small,2025-12-28,40463,230085,108619,2026-01-07,10,7,2026-01-14,,ELIGIBLE
FDX20254167928,CUST467856,Crosby-King,Small,2025-12-29,18122,78043,46646,2026-01-08,10,7,2026-01-15,2026-01-09,RESOLVED_IN_GRACE
FDX20258095837,CUST658136,Sanders-Stone,Small,2026-01-01,40052,155742,98580,2026-01-11,10,7,2026-01-18,,IN_GRACE
FDX20253782058,CUST394739,Green-Reilly,Mid,2025-12-15,36325,197153,179993,2025-12-30,15,12,2026-01-11,,IN_GRACE
FDX20258161714,CUST725850,Hernandez-Long,Mid,2026-01-01,29468,123074,54877,2026-01-16,15,12,2026-01-28,2026-01-23,RESOLVED_IN_GRACE
FDX20255242475,CUST664939,Moore-Gordon,Small,2026-01-02,52998,298694,130508,2026-01-12,10,7,2026-01-19,2026-01-16,RESOLVED_IN_GRACE
FDX20256070402,CUST276556,White and Sons,Small,2026-01-01,51490,215362,114990,2026-01-11,10,7,2026-01-18,,ELIGIBLE
FDX20259399459,CUST439375,Shaw-Morales,Mega,2025-12-01,15869,55005,35552,2026-01-05,35,30,2026-02-04,,ELIGIBLE
FDX20259945633,CUST838253,Caldwell-Sanders,Mid,2025-12-26,55058,254092,171105,2026-01-10,15,12,2026-01-22,,ELIGIBLE
FDX20257422127,CUST406849,Mcmillan-Peterson,Mid,2025-12-19,19620,102582,49618,2026-01-03,15,12,2026-01-15,2026-01-07,RESOLVED_IN_GRACE
FDX20256167027,CUST403387,King PLC,Mega,2025-12-01,32925,157961,150124,2026-01-05,35,30,2026-02-04,,ELIGIBLE
FDX20257905652,CUST700556,Olson-Murphy,Large,2025-12-08,57901,183522,78376,2026-01-02,25,20,2026-01-22,,ELIGIBLE
FDX20252491048,CUST380329,Vaughan-Turner,Mid,2025-12-22,53484,315217,166311,2026-01-06,15,12,2026-01-18,2026-01-09,RESOLVED_IN_GRACE
FDX20252833314,CUST999695,Hill-Thomas,Small,2026-01-07,34398,100995,44132,2026-01-17,10,7,2026-01-24,,IN_GRACE
FDX20256777952,CUST639403,Hood Ltd,Small,2025-12-29,24105,60329,35987,2026-01-08,10,7,2026-01-15,,ELIGIBLE
FDX20253394334,CUST812296,Cobb Ltd,Large,2025-12-01,15824,71339,34840,2025-12-26,25,20,2026-01-15,2026-01-02,RESOLVED_IN_GRACE
FDX20255513429,CUST954779,Beltran-Obrien,Large,2025-12-01,37506,224505,101698,2025-12-26,25,20,2026-01-15,,IN_GRACE
FDX20254515255,CUST199850,Hutchinson Inc,Large,2025-12-16,20393,92036,26983,2026-01-10,25,20,2026-01-30,2026-01-21,RESOLVED_IN_GRACE
FDX20257676832,CUST242175,Hardy-Stevenson,Small,2025-12-26,12286,38271,31956,2026-01-05,10,7,2026-01-12,,ELIGIBLE
FDX20256169066,CUST886530,"Roth, Conley and Gonzalez",Mid,2025-12-29,20491,52363,30960,2026-01-13,15,12,2026-01-25,2026-01-24,RESOLVED_IN_GRACE
FDX20251107714,CUST923856,Peterson-Miller,Large,2025-12-16,1755,6455,5631,2026-01-10,25,20,2026-01-30,,ELIGIBLE
FDX20253825261,CUST531589,"Dean, Olson and Mcdonald",Large,2025-12-14,10056,52449,11787,2026-01-08,25,20,2026-01-28,,ELIGIBLE
FDX20259249747,CUST162165,Roman Ltd,Mid,2025-12-22,42415,231394,210605,2026-01-06,15,12,2026-01-18,,ELIGIBLE
FDX20251026484,CUST390794,Charles Inc,Small,2026-01-10,38440,208053,81391,2026-01-20,10,7,2026-01-27,,ELIGIBLE
FDX20252625220,CUST787757,"Levine, Stewart and Gonzalez",Mid,2026-01-03,40505,121194,75852,2026-01-18,15,12,2026-01-30,,IN_GRACE
FDX20252171745,CUST233051,Huang LLC,Mega,2025-12-01,24791,138981,88598,2026-01-05,35,30,2026-02-04,,ELIGIBLE
FDX20258010185,CUST835499,Morris-Hale,Mid,2025-12-22,31049,108586,84747,2026-01-06,15,12,2026-01-18,2026-01-13,RESOLVED_IN_GRACE
FDX20259807400,CUST239136,Green-Wallace,Mid,2026-01-01,2553,15108,14858,2026-01-16,15,12,2026-01-28,2026-01-28,RESOLVED_IN_GRACE
FDX20257993453,CUST361805,Obrien-Kelly,Small,2025-12-28,22280,131800,37333,2026-01-07,10,7,2026-01-14,2026-01-12,RESOLVED_IN_GRACE
FDX20255837546,CUST253347,"Mccarty, Simpson and Kaufman",Large,2025-12-01,37980,119364,95531,2025-12-26,25,20,2026-01-15,,ELIGIBLE
FDX20258230134,CUST845951,Alvarez-Rose,Small,2025-12-22,50742,204984,177800,2026-01-01,10,7,2026-01-08,,IN_GRACE
FDX20253862767,CUST437742,Blake-Noble,Small,2025-12-22,48731,182604,150670,2026-01-01,10,7,2026-01-08,,ELIGIBLE
FDX20253959522,CUST968726,Beck-Harris,Mid,2025-12-30,30063,122977,56930,2026-01-14,15,12,2026-01-26,,ELIGIBLE
FDX20257285607,CUST359579,Smith-Jackson,Small,2026-01-12,41738,220008,210963,2026-01-22,10,7,2026-01-29,,ELIGIBLE
FDX20254127273,CUST898462,Walsh-Joseph,Mid,2025-12-26,36150,159470,82034,2026-01-10,15,12,2026-01-22,2026-01-19,RESOLVED_IN_GRACE
FDX20253253718,CUST984532,Salinas-Nolan,Small,2026-01-06,31017,183217,109513,2026-01-16,10,7,2026-01-23,2026-01-21,RESOLVED_IN_GRACE
FDX20254322233,CUST809083,Barnett-Waters,Small,2025-12-29,50488,282352,229537,2026-01-08,10,7,2026-01-15,,IN_GRACE
FDX20259161633,CUST511776,Burke-Andrews,Mid,2025-12-23,46062,205949,141012,2026-01-07,15,12,2026-01-19,,ELIGIBLE
FDX20254053190,CUST613234,Lee-Daniels,Small,2025-12-30,31167,93182,47206,2026-01-09,10,7,2026-01-16,,ELIGIBLE
FDX20259432459,CUST249077,Armstrong-Howe,Small,2026-01-12,8920,48507,43996,2026-01-22,10,7,2026-01-29,2026-01-25,RESOLVED_IN_GRACE
FDX20252849490,CUST705474,"Conley, Trujillo and Clark",Mid,2025-12-18,18699,64044,58081,2026-01-02,15,12,2026-01-14,2026-01-09,RESOLVED_IN_GRACE
FDX20258560833,CUST763121,Lee-Berg,Mid,2025-12-23,5728,28578,13695,2026-01-07,15,12,2026-01-19,,IN_GRACE
FDX20254566389,CUST381770,"Gallegos, Grant and Smith",Mid,2025-12-17,56829,290048,140749,2026-01-01,15,12,2026-01-13,,IN_GRACE
FDX20254114489,CUST758309,"Decker, Sharp and Shaffer",Mid,2025-12-27,13367,55630,44751,2026-01-11,15,12,2026-01-23,,ELIGIBLE
FDX20254371228,CUST534346,Porter-Acevedo,Mid,2025-12-17,17947,76158,49190,2026-01-01,15,12,2026-01-13,2026-01-09,RESOLVED_IN_GRACE
FDX20251989554,CUST493396,"Dawson, Bates and Dominguez",Small,2026-01-06,19697,80306,48440,2026-01-16,10,7,2026-01-23,2026-01-22,RESOLVED_IN_GRACE
FDX20254065690,CUST573947,Villegas-Hayden,Small,2025-12-28,11842,34805,16482,2026-01-07,10,7,2026-01-14,,IN_GRACE
FDX20254219293,CUST179184,Petersen-Wilson,Small,2026-01-12,16066,73430,34033,2026-01-22,10,7,2026-01-29,,IN_GRACE
FDX20255351203,CUST764406,Rodriguez-Thomas,Large,2025-12-01,35265,147813,93510,2025-12-26,25,20,2026-01-15,,ELIGIBLE
FDX20257858398,CUST933197,Ferguson-Mcclain,Mid,2025-12-19,25695,114501,35224,2026-01-03,15,12,2026-01-15,,ELIGIBLE
FDX20258394229,CUST906233,Rodriguez-Yoder,Small,2025-12-29,52975,295187,74309,2026-01-08,10,7,2026-01-15,,ELIGIBLE
FDX20252831995,CUST197616,Massey-Rodriguez,Mid,2026-01-01,37432,192664,184962,2026-01-16,15,12,2026-01-28,2026-01-25,RESOLVED_IN_GRACE
FDX20253787134,CUST522419,Johnson-Choi,Large,2025-12-16,32241,124132,81171,2026-01-10,25,20,2026-01-30,,ELIGIBLE
FDX20252338986,CUST640659,Johnson-Green,Small,2026-01-06,33794,162161,147888,2026-01-16,10,7,2026-01-23,,ELIGIBLE
FDX20255917831,CUST886224,"Nelson, Brown and Graves",Small,2025-12-31,45331,254325,103249,2026-01-10,10,7,2026-01-17,2026-01-12,RESOLVED_IN_GRACE
FDX20252437925,CUST391740,Fields-Russell,Mega,2025-12-01,49372,172555,156061,2026-01-05,35,30,2026-02-04,,ELIGIBLE
FDX20257337233,CUST828449,Drake-Bowen,Small,2025-12-26,40470,111789,44201,2026-01-05,10,7,2026-01-12,,IN_GRACE
FDX20253091809,CUST486999,"Moss, Morrow and Hernandez",Small,2025-12-25,5414,24141,5816,2026-01-04,10,7,2026-01-11,,ELIGIBLE
FDX20255643299,CUST576782,Simpson-Avery,Small,2025-12-22,22451,93699,68415,2026-01-01,10,7,2026-01-08,2026-01-07,RESOLVED_IN_GRACE
FDX20252078144,CUST611751,Lewis-Williams,Small,2025-12-24,8925,36669,16465,2026-01-03,10,7,2026-01-10,,ELIGIBLE
FDX20256740356,CUST443187,Strickland-Ortega,Large,2025-12-14,26389,108188,98547,2026-01-08,25,20,2026-01-28,2026-01-20,RESOLVED_IN_GRACE
FDX20251497723,CUST710224,Smith-Anderson,Mid,2025-12-12,20137,54590,41273,2025-12-27,15,12,2026-01-08,2026-01-08,RESOLVED_IN_GRACE
FDX20254938956,CUST102593,"Medina, Ball and Harding",Small,2026-01-10,38676,114294,113603,2026-01-20,10,7,2026-01-27,2026-01-22,RESOLVED_IN_GRACE
FDX20259017783,CUST911739,Mann Ltd,Large,2025-12-12,19669,88875,43904,2026-01-06,25,20,2026-01-26,,ELIGIBLE
FDX20259140210,CUST988319,Johnson-Hopkins,Small,2026-01-03,20534,104910,37007,2026-01-13,10,7,2026-01-20,,IN_GRACE
FDX20252691296,CUST868316,"Nunez, Hunter and Phillips",Small,2026-01-04,57843,317021,251668,2026-01-14,10,7,2026-01-21,,ELIGIBLE
FDX20251159493,CUST197666,Nelson-Martinez,Large,2025-12-01,58498,269281,85537,2025-12-26,25,20,2026-01-15,,IN_GRACE
FDX20252024357,CUST866437,Mitchell-Smith,Small,2026-01-13,10329,38171,30319,2026-01-23,10,7,2026-01-30,2026-01-25,RESOLVED_IN_GRACE
FDX20255464094,CUST580718,Grant-Davis,Mid,2025-12-26,17684,105665,24935,2026-01-10,15,12,2026-01-22,2026-01-17,RESOLVED_IN_GRACE
FDX20251121243,CUST765678,Gutierrez-Vargas,Mid,2025-12-18,23535,89867,50034,2026-01-02,15,12,2026-01-14,,IN_GRACE
FDX20251702283,CUST796405,Wilson-Powers,Small,2026-01-04,25870,90201,83330,2026-01-14,10,7,2026-01-21,2026-01-20,RESOLVED_IN_GRACE
FDX20252624736,CUST831160,Castro LLC,Mid,2025-12-25,25645,144397,87550,2026-01-09,15,12,2026-01-21,,ELIGIBLE
FDX20254541139,CUST475623,Keith-Cox,Small,2025-12-26,22063,131875,109952,2026-01-05,10,7,2026-01-12,,ELIGIBLE
FDX20259763319,CUST991401,Campos-Fowler,Small,2026-01-07,37000,95139,74376,2026-01-17,10,7,2026-01-24,,ELIGIBLE
FDX20251121835,CUST166407,Davis-Hernandez,Large,2025-12-01,27449,89125,60464,2025-12-26,25,20,2026-01-15,,ELIGIBLE
FDX20257302626,CUST934328,Gonzalez-Walton,Mid,2026-01-01,13683,82063,29416,2026-01-16,15,12,2026-01-28,,ELIGIBLE
FDX20259725395,CUST660384,Hernandez-Boyd,Mid,2026-01-03,40455,206869,40479,2026-01-18,15,12,2026-01-30,2026-01-27,RESOLVED_IN_GRACE
FDX20255459984,CUST517035,Barajas PLC,Small,2025-12-27,33618,157463,97685,2026-01-06,10,7,2026-01-13,2026-01-13,RESOLVED_IN_GRACE
FDX20259152488,CUST328411,Mccarthy and Sons,Small,2025-12-28,42735,192090,166123,2026-01-07,10,7,2026-01-14,,IN_GRACE
FDX20258939511,CUST550513,"Nash, Murray and Waters",Mid,2026-01-01,34546,171776,72897,2026-01-16,15,12,2026-01-28,,ELIGIBLE
FDX20256654424,CUST964915,Cooper and Sons,Large,2025-12-01,52504,256064,102401,2025-12-26,25,20,2026-01-15,,ELIGIBLE
FDX20258205036,CUST322142,Curry-Short,Mid,2025-12-29,31978,191610,143369,2026-01-13,15,12,2026-01-25,2026-01-17,RESOLVED_IN_GRACE
FDX20256646375,CUST618746,Gallagher-Williams,Mega,2025-12-01,4606,21148,19969,2026-01-05,35,30,2026-02-04,2026-01-20,RESOLVED_IN_GRACE
FDX20257220742,CUST381581,Lee-Shah,Mid,2025-12-16,15884,77789,57907,2025-12-31,15,12,2026-01-12,,ELIGIBLE
FDX20256755884,CUST438548,Mccormick-Grimes,Large,2025-12-05,54777,272069,244761,2025-12-30,25,20,2026-01-19,,ELIGIBLE
FDX20256288577,CUST968581,Bullock PLC,Small,2026-01-09,17704,101121,75027,2026-01-19,10,7,2026-01-26,,ELIGIBLE
FDX20255019771,CUST397368,Green-Clark,Small,2026-01-02,56913,243160,164894,2026-01-12,10,7,2026-01-19,2026-01-13,RESOLVED_IN_GRACE
FDX20257060108,CUST454161,Bond-Sheppard,Small,2026-01-08,38804,227955,211123,2026-01-18,10,7,2026-01-25,,IN_GRACE
FDX20257685239,CUST673896,Green-Cannon,Small,2026-01-09,38815,227739,170737,2026-01-19,10,7,2026-01-26,2026-01-26,RESOLVED_IN_GRACE
FDX20257349097,CUST706007,Pearson-Stevens,Mid,2025-12-17,22858,101051,24317,2026-01-01,15,12,2026-01-13,,ELIGIBLE
FDX20251960353,CUST236937,Gibbs-Butler,Mid,2025-12-18,53336,147823,143266,2026-01-02,15,12,2026-01-14,,ELIGIBLE
FDX20256973179,CUST693643,Hartman-Hansen,Large,2025-12-07,43612,185664,116341,2026-01-01,25,20,2026-01-21,,ELIGIBLE
FDX20256540763,CUST993829,Willis-Ramirez,Small,2025-12-25,25341,150090,31418,2026-01-04,10,7,2026-01-11,2026-01-08,RESOLVED_IN_GRACE
FDX20252680697,CUST608913,Perkins-Brown,Mid,2025-12-30,47654,155965,126376,2026-01-14,15,12,2026-01-26,,IN_GRACE
FDX20251051752,CUST926596,Galloway-Ramos,Small,2026-01-03,27696,89828,89637,2026-01-13,10,7,2026-01-20,,ELIGIBLE
FDX20258665833,CUST460437,Lynch PLC,Mid,2025-12-17,41463,110787,52170,2026-01-01,15,12,2026-01-13,2026-01-02,RESOLVED_IN_GRACE
FDX20257741225,CUST815707,Gray-Lawson,Mid,2025-12-18,30430,156311,60749,2026-01-02,15,12,2026-01-14,2026-01-14,RESOLVED_IN_GRACE
FDX20253329735,CUST899281,Bautista-Davis,Mid,2025-12-16,13425,78764,75656,2025-12-31,15,12,2026-01-12,,IN_GRACE
FDX20251430846,CUST150760,Marquez-Carter,Small,2025-12-23,11170,54451,34480,2026-01-02,10,7,2026-01-09,2026-01-04,RESOLVED_IN_GRACE
FDX20253061828,CUST148174,Doyle Ltd,Small,2026-01-03,30902,144992,51655,2026-01-13,10,7,2026-01-20,,IN_GRACE
FDX20259902483,CUST204411,Byrd-Morgan,Mid,2025-12-29,24151,98341,74720,2026-01-13,15,12,2026-01-25,,ELIGIBLE
FDX20255688687,CUST756596,Mendez-Perkins,Mega,2025-12-01,17071,43705,27968,2026-01-05,35,30,2026-02-04,,ELIGIBLE
FDX20255169769,CUST921967,Parks LLC,Small,2026-01-12,42207,185284,62761,2026-01-22,10,7,2026-01-29,,ELIGIBLE
FDX20257181227,CUST977345,Frazier-Wagner,Small,2026-01-04,49854,216707,161358,2026-01-14,10,7,2026-01-21,,ELIGIBLE
FDX20258581927,CUST581906,Lee-Howell,Small,2026-01-12,34259,101515,43130,2026-01-22,10,7,2026-01-29,2026-01-26,RESOLVED_IN_GRACE
FDX20258972523,CUST117072,Houston-Bailey,Mega,2025-12-01,30471,118052,57117,2026-01-05,35,30,2026-02-04,,IN_GRACE
FDX20259638823,CUST230272,Ingram-Byrd,Large,2025-12-01,39776,215386,82922,2025-12-26,25,20,2026-01-15,,ELIGIBLE
FDX20257931114,CUST999312,Yang-Murray,Small,2026-01-11,19716,90673,31585,2026-01-21,10,7,2026-01-28,2026-01-27,RESOLVED_IN_GRACE
FDX20254153025,CUST265657,Kennedy-Holloway,Mid,2025-12-13,59123,302553,265305,2025-12-28,15,12,2026-01-09,,ELIGIBLE
FDX20251052497,CUST562721,Myers-Ramirez,Mid,2025-12-22,56964,287393,177642,2026-01-06,15,12,2026-01-18,,ELIGIBLE
FDX20256405343,CUST578693,Harrison-Melton,Large,2025-12-07,45448,122611,111773,2026-01-01,25,20,2026-01-21,2026-01-18,RESOLVED_IN_GRACE
FDX20251279010,CUST100708,Olson-Williams,Small,2025-12-27,21433,54518,53863,2026-01-06,10,7,2026-01-13,,ELIGIBLE
FDX20257043247,CUST548580,Moreno-Lawson,Mid,2025-12-27,23083,99050,49360,2026-01-11,15,12,2026-01-23,,ELIGIBLE
FDX20251767629,CUST312146,"Hardin, Coleman and Marshall",Large,2025-12-01,46764,261251,258160,2025-12-26,25,20,2026-01-15,2025-12-27,RESOLVED_IN_GRACE
FDX20256461406,CUST822040,Church-Deleon,Large,2025-12-14,25392,89143,73997,2026-01-08,25,20,2026-01-28,,ELIGIBLE
FDX20258454220,CUST238320,"Mitchell, Mejia and Ross",Small,2025-12-26,27182,112353,108261,2026-01-05,10,7,2026-01-12,2026-01-11,RESOLVED_IN_GRACE
FDX20254918463,CUST781571,Robinson-Johnson,Mid,2025-12-15,32775,100540,90103,2025-12-30,15,12,2026-01-11,,ELIGIBLE
FDX20259129167,CUST416528,Nguyen-Carlson,Small,2026-01-13,35681,117634,116842,2026-01-23,10,7,2026-01-30,,ELIGIBLE
FDX20257713657,CUST266699,Estrada-Macdonald,Small,2025-12-27,25811,68883,55527,2026-01-06,10,7,2026-01-13,,ELIGIBLE
FDX20252365149,CUST387330,Booker-Lewis,Large,2025-12-01,50046,131415,95816,2025-12-26,25,20,2026-01-15,,ELIGIBLE
FDX20256844074,CUST197874,Mcmillan-Holmes,Small,2026-01-01,6878,23417,8367,2026-01-11,10,7,2026-01-18,,ELIGIBLE
FDX20258179243,CUST786385,Simpson-Decker,Small,2026-01-11,28287,150147,82735,2026-01-21,10,7,2026-01-28,,ELIGIBLE
FDX20258988000,CUST477943,Lewis-Holland,Mega,2025-12-01,30888,101032,39384,2026-01-05,35,30,2026-02-04,2026-01-30,RESOLVED_IN_GRACE
FDX20252685367,CUST362552,Thompson-Brown,Small,2026-01-05,9920,31796,20326,2026-01-15,10,7,2026-01-22,2026-01-19,RESOLVED_IN_GRACE
FDX20257456854,CUST186424,Lucas-Crawford,Small,2025-12-27,37381,125214,109836,2026-01-06,10,7,2026-01-13,,IN_GRACE
FDX20255930202,CUST489906,Mason Group,Mid,2025-12-29,30984,179878,38348,2026-01-13,15,12,2026-01-25,,ELIGIBLE
FDX20254272848,CUST796787,"Arnold, Gray and Roach",Small,2026-01-01,55760,187414,182507,2026-01-11,10,7,2026-01-18,,ELIGIBLE
FDX20253401850,CUST780432,Walker-Glover,Small,2025-12-28,58192,281976,145643,2026-01-07,10,7,2026-01-14,2026-01-09,RESOLVED_IN_GRACE
FDX20259725065,CUST273565,Carter-Smith,Mid,2025-12-12,30977,152043,145982,2025-12-27,15,12,2026-01-08,2026-01-05,RESOLVED_IN_GRACE
FDX20259466397,CUST154302,Mcclain and Sons,Mega,2025-12-01,52022,170842,66654,2026-01-05,35,30,2026-02-04,2026-01-15,RESOLVED_IN_GRACE
FDX20251532605,CUST515594,Thompson-Arroyo,Small,2025-12-24,49016,272880,93750,2026-01-03,10,7,2026-01-10,,ELIGIBLE
FDX20253145157,CUST755993,Wong Ltd,Small,2026-01-14,21827,65638,36421,2026-01-24,10,7,2026-01-31,2026-01-28,RESOLVED_IN_GRACE
FDX20259353796,CUST420349,Johnson-Garza,Small,2026-01-07,8278,36405,16186,2026-01-17,10,7,2026-01-24,,ELIGIBLE
FDX20252461125,CUST861253,Dennis-Sullivan,Small,2026-01-12,1665,7652,7305,2026-01-22,10,7,2026-01-29,,ELIGIBLE
FDX20256055785,CUST833417,Johnston-Johnson,Small,2025-12-28,14097,72358,16413,2026-01-07,10,7,2026-01-14,,ELIGIBLE
FDX20258831655,CUST891918,Kemp-Hill,Mid,2025-12-26,55821,278273,153333,2026-01-10,15,12,2026-01-22,2026-01-19,RESOLVED_IN_GRACE
FDX20253819458,CUST345517,Love-Moore,Mid,2025-12-18,15639,41281,29008,2026-01-02,15,12,2026-01-14,,ELIGIBLE
FDX20258487448,CUST550081,Bell-Williams,Small,2026-01-01,38152,163748,127735,2026-01-11,10,7,2026-01-18,,ELIGIBLE
FDX20252940765,CUST787326,"Cline, Chen and Mclean",Mega,2025-12-01,34389,112735,90101,2026-01-05,35,30,2026-02-04,2026-01-30,RESOLVED_IN_GRACE
FDX20259089445,CUST195629,"Yu, Nunez and Wilson",Mega,2025-12-01,51501,263989,83907,2026-01-05,35,30,2026-02-04,2026-01-19,RESOLVED_IN_GRACE
FDX20255041658,CUST837880,Adams-Davis,Small,2025-12-24,30535,97555,56611,2026-01-03,10,7,2026-01-10,,ELIGIBLE
FDX20255082836,CUST199807,Harrington Inc,Mega,2025-12-01,36609,143251,92388,2026-01-05,35,30,2026-02-04,,IN_GRACE
FDX20254550743,CUST101139,Torres-Rodriguez,Large,2025-12-01,23518,113027,29537,2025-12-26,25,20,2026-01-15,,IN_GRACE
FDX20253859391,CUST323788,Herrera-Young,Mid,2025-12-17,27654,131368,90666,2026-01-01,15,12,2026-01-13,,ELIGIBLE
FDX20252500416,CUST599968,Williams-Hamilton,Mid,2025-12-23,25839,110458,99779,2026-01-07,15,12,2026-01-19,2026-01-13,RESOLVED_IN_GRACE
FDX20252769487,CUST181724,Price-Bryant,Mid,2025-12-23,30919,180144,94754,2026-01-07,15,12,2026-01-19,2026-01-19,RESOLVED_IN_GRACE
FDX20258296300,CUST239145,"Dixon, Dickerson and Doyle",Small,2025-12-24,50875,212945,127056,2026-01-03,10,7,2026-01-10,,ELIGIBLE
FDX20251490260,CUST722518,Jackson-James,Large,2025-12-01,8085,46783,8281,2025-12-26,25,20,2026-01-15,2026-01-06,RESOLVED_IN_GRACE
FDX20253688301,CUST337178,"Stark, Salazar and Dyer",Small,2025-12-27,50327,293275,225724,2026-01-06,10,7,2026-01-13,2026-01-10,RESOLVED_IN_GRACE
FDX20256477774,CUST644676,"Massey, Haynes and Ingram",Small,2025-12-31,33048,168988,67346,2026-01-10,10,7,2026-01-17,,ELIGIBLE
FDX20257433891,CUST813013,Holloway-Carey,Large,2025-12-14,24686,63279,43931,2026-01-08,25,20,2026-01-28,,ELIGIBLE
FDX20255703624,CUST566686,Wolfe-Butler,Mid,2025-12-26,4062,13085,9439,2026-01-10,15,12,2026-01-22,2026-01-22,RESOLVED_IN_GRACE
FDX20254697296,CUST109738,Underwood Group,Small,2026-01-14,55572,278703,226224,2026-01-24,10,7,2026-01-31,,IN_GRACE
FDX20255322289,CUST108454,Lowe-Odonnell,Small,2026-01-14,41794,236131,185481,2026-01-24,10,7,2026-01-31,,IN_GRACE
FDX20258991026,CUST829386,Burns-Owens,Mid,2025-12-12,5739,15192,14595,2025-12-27,15,12,2026-01-08,,ELIGIBLE
FDX20253065243,CUST460263,"Le, Aguilar and Hahn",Large,2025-12-08,22481,98844,91765,2026-01-02,25,20,2026-01-22,,IN_GRACE
FDX20253277614,CUST956800,Whitehead-Anderson,Mid,2025-12-25,30830,96899,58516,2026-01-09,15,12,2026-01-21,,ELIGIBLE
FDX20259968148,CUST226451,Parker-Rodriguez,Small,2026-01-12,23953,123377,89993,2026-01-22,10,7,2026-01-29,,ELIGIBLE
FDX20259253698,CUST542828,"Jensen, Duncan and Ward",Mid,2025-12-23,20633,98740,82581,2026-01-07,15,12,2026-01-19,,ELIGIBLE
FDX20252517360,CUST827744,"Schneider, Parrish and Walker",Small,2026-01-05,42740,145903,48830,2026-01-15,10,7,2026-01-22,,IN_GRACE
FDX20256583476,CUST238595,Atkins-Mercer,Mid,2025-12-27,35997,92781,46018,2026-01-11,15,12,2026-01-23,,ELIGIBLE
FDX20254754845,CUST600905,Johnston Ltd,Small,2026-01-02,20382,65915,21457,2026-01-12,10,7,2026-01-19,,IN_GRACE
FDX20252084932,CUST174268,Moses Ltd,Mid,2025-12-30,53468,208710,75919,2026-01-14,15,12,2026-01-26,,IN_GRACE
FDX20256758373,CUST340068,Davenport-Beltran,Large,2025-12-04,25738,72113,56337,2025-12-29,25,20,2026-01-18,,ELIGIBLE
FDX20257325183,CUST501677,Juarez-Palmer,Mid,2026-01-04,49678,203618,201683,2026-01-19,15,12,2026-01-31,,IN_GRACE
FDX20257403032,CUST193670,Smith-Ellison,Mega,2025-12-01,17536,51503,44148,2026-01-05,35,30,2026-02-04,2026-01-18,RESOLVED_IN_GRACE
FDX20258331010,CUST866260,Cain LLC,Large,2025-12-16,2402,7952,5909,2026-01-10,25,20,2026-01-30,,ELIGIBLE
FDX20254915256,CUST945106,Brown-Mcguire,Large,2025-12-03,51735,307734,267253,2025-12-28,25,20,2026-01-17,,IN_GRACE
FDX20254750560,CUST207402,Carter-Yu,Large,2025-12-13,9009,25339,14633,2026-01-07,25,20,2026-01-27,,IN_GRACE
FDX20255346875,CUST208214,"Riddle, Davis and Adams",Mid,2025-12-24,43129,203956,143374,2026-01-08,15,12,2026-01-20,,ELIGIBLE
FDX20252940955,CUST428572,Stephenson-Salinas,Small,2026-01-01,30121,87010,45257,2026-01-11,10,7,2026-01-18,2026-01-17,RESOLVED_IN_GRACE
FDX20255881775,CUST485416,Nelson-Hawkins,Mid,2026-01-03,20147,52548,43236,2026-01-18,15,12,2026-01-30,2026-01-23,RESOLVED_IN_GRACE
FDX20252471032,CUST413791,Morrow-Harper,Small,2025-12-26,30365,162886,123765,2026-01-05,10,7,2026-01-12,2026-01-06,RESOLVED_IN_GRACE
FDX20252868688,CUST243790,Ferguson-Hurst,Large,2025-12-01,4258,11323,11051,2025-12-26,25,20,2026-01-15,2026-01-05,RESOLVED_IN_GRACE
FDX20252495511,CUST501312,Moore-Palmer,Small,2026-01-10,23501,131103,62936,2026-01-20,10,7,2026-01-27,,ELIGIBLE
FDX20256708243,CUST911032,Paul-Morrison,Mid,2025-12-12,3722,19802,12794,2025-12-27,15,12,2026-01-08,,ELIGIBLE
FDX20254156740,CUST952878,Molina-Rodriguez,Large,2025-12-01,39980,136067,57035,2025-12-26,25,20,2026-01-15,,ELIGIBLE
FDX20252947939,CUST889743,Le-Arnold,Large,2025-12-01,42538,231533,48594,2025-12-26,25,20,2026-01-15,2026-01-08,RESOLVED_IN_GRACE
FDX20257169603,CUST239613,Olsen-Fitzgerald,Mid,2025-12-30,58787,296567,222094,2026-01-14,15,12,2026-01-26,,ELIGIBLE
FDX20253137710,CUST772741,Gonzales-Johnson,Mid,2026-01-02,46180,125185,96567,2026-01-17,15,12,2026-01-29,,ELIGIBLE
FDX20256257514,CUST810029,Smith-Reyes,Small,2025-12-31,21827,94904,53545,2026-01-10,10,7,2026-01-17,2026-01-13,RESOLVED_IN_GRACE
FDX20257378615,CUST249792,Richardson-Holland,Small,2026-01-04,30145,160444,75795,2026-01-14,10,7,2026-01-21,2026-01-20,RESOLVED_IN_GRACE
FDX20251028160,CUST171734,Dominguez Inc,Small,2026-01-09,47113,250481,57787,2026-01-19,10,7,2026-01-26,,ELIGIBLE
FDX20256214340,CUST656278,Ritter-Gonzalez,Mid,2025-12-22,45916,173841,149267,2026-01-06,15,12,2026-01-18,,IN_GRACE
FDX20252038256,CUST690653,Oconnor-Arnold,Small,2025-12-22,44453,214348,99808,2026-01-01,10,7,2026-01-08,,ELIGIBLE
FDX20259985927,CUST108886,Gomez-Burnett,Small,2026-01-08,38358,152920,91238,2026-01-18,10,7,2026-01-25,2026-01-21,RESOLVED_IN_GRACE
FDX20254185283,CUST739966,Long-Owen,Small,2026-01-05,33431,101940,55024,2026-01-15,10,7,2026-01-22,,IN_GRACE
FDX20257512001,CUST781595,"Andrews, Daniels and Hines",Mega,2025-12-01,21449,101177,64074,2026-01-05,35,30,2026-02-04,2026-01-30,RESOLVED_IN_GRACE
FDX20258108481,CUST272088,Harrison-Mitchell,Small,2026-01-02,34922,207406,60423,2026-01-12,10,7,2026-01-19,,ELIGIBLE
FDX20256362719,CUST561477,Young-Price,Large,2025-12-04,33253,88162,67592,2025-12-29,25,20,2026-01-18,2026-01-06,RESOLVED_IN_GRACE
FDX20257124083,CUST468247,Middleton-Mullins,Small,2025-12-28,16947,65270,21182,2026-01-07,10,7,2026-01-14,,ELIGIBLE
FDX20253119085,CUST857524,Morgan-Richardson,Small,2025-12-22,52771,209727,100999,2026-01-01,10,7,2026-01-08,,ELIGIBLE
FDX20259719981,CUST323404,"Salinas, Allen and Owen",Mid,2025-12-22,18580,64285,60975,2026-01-06,15,12,2026-01-18,2026-01-17,RESOLVED_IN_GRACE
FDX20254726916,CUST758589,Griffin-Miller,Small,2026-01-06,58645,307194,223971,2026-01-16,10,7,2026-01-23,,IN_GRACE
FDX20252788215,CUST884616,Sims-Cox,Small,2026-01-13,55881,325874,269251,2026-01-23,10,7,2026-01-30,2026-01-27,RESOLVED_IN_GRACE
FDX20257632241,CUST258727,Williams-Hays,Small,2026-01-06,47529,183777,56761,2026-01-16,10,7,2026-01-23,,ELIGIBLE
FDX20251154157,CUST531709,Carrillo-Sutton,Small,2025-12-28,51989,140622,56558,2026-01-07,10,7,2026-01-14,2026-01-10,RESOLVED_IN_GRACE
FDX20258727632,CUST746002,"Velez, Carroll and Reeves",Small,2025-12-22,24894,89985,63671,2026-01-01,10,7,2026-01-08,2026-01-07,RESOLVED_IN_GRACE
FDX20256300362,CUST819916,Glover-Rhodes,Small,2026-01-13,37464,98425,55370,2026-01-23,10,7,2026-01-30,,ELIGIBLE
FDX20253427676,CUST563873,Gonzalez-Day,Small,2026-01-02,47471,262892,246858,2026-01-12,10,7,2026-01-19,,ELIGIBLE
FDX20255979872,CUST327797,"Mathews, Brown and Jennings",Mid,2025-12-14,37134,197565,146479,2025-12-29,15,12,2026-01-10,,ELIGIBLE
FDX20254672603,CUST190898,"Haney, Costa and Nguyen",Mid,2025-12-23,33993,167815,77434,2026-01-07,15,12,2026-01-19,,ELIGIBLE
FDX20259385800,CUST205345,Pittman-Lee,Small,2026-01-06,56692,224614,84083,2026-01-16,10,7,2026-01-23,,ELIGIBLE
FDX20258646795,CUST246814,Walsh-Estrada,Mid,2025-12-12,21265,54504,45937,2025-12-27,15,12,2026-01-08,,IN_GRACE
FDX20253473387,CUST888996,Bryant-Carroll,Large,2025-12-05,8675,45894,37348,2025-12-30,25,20,2026-01-19,2026-01-01,RESOLVED_IN_GRACE
FDX20255754542,CUST229139,Ballard-Green,Small,2025-12-26,38503,227843,155895,2026-01-05,10,7,2026-01-12,,ELIGIBLE
FDX20253447304,CUST718213,Rivera-Wood,Small,2025-12-22,15312,43097,31624,2026-01-01,10,7,2026-01-08,,IN_GRACE
FDX20251576194,CUST865470,Rocha-Walker,Small,2025-12-28,55543,142503,132873,2026-01-07,10,7,2026-01-14,,ELIGIBLE
FDX20256371047,CUST502686,Jones-Kemp,Mid,2025-12-26,34339,101012,86505,2026-01-10,15,12,2026-01-22,,ELIGIBLE
FDX20256182338,CUST468611,Dawson-Stephens,Small,2025-12-27,28126,140216,101650,2026-01-06,10,7,2026-01-13,,ELIGIBLE
FDX20259428504,CUST550246,Vang LLC,Large,2025-12-01,8227,27870,8810,2025-12-26,25,20,2026-01-15,,ELIGIBLE
FDX20253071382,CUST429780,Larson-Montgomery,Small,2026-01-13,16561,97627,88070,2026-01-23,10,7,2026-01-30,2026-01-26,RESOLVED_IN_GRACE
FDX20255587772,CUST929504,Flores-Butler,Mega,2025-12-01,26385,144964,40617,2026-01-05,35,30,2026-02-04,,ELIGIBLE
FDX20259024252,CUST246622,Mosley Inc,Mid,2026-01-03,46022,162406,118048,2026-01-18,15,12,2026-01-30,,IN_GRACE
FDX20254618930,CUST359822,Williamson-Martinez,Mid,2025-12-25,7786,31419,9576,2026-01-09,15,12,2026-01-21,2026-01-11,RESOLVED_IN_GRACE
FDX20259305150,CUST390421,Rodgers and Sons,Small,2025-12-22,26470,99255,69135,2026-01-01,10,7,2026-01-08,2026-01-04,RESOLVED_IN_GRACE
FDX20255890476,CUST775933,Graves-Smith,Mid,2025-12-30,28294,121204,48408,2026-01-14,15,12,2026-01-26,,ELIGIBLE
FDX20257320122,CUST188341,Gutierrez Inc,Small,2026-01-10,25728,121885,56088,2026-01-20,10,7,2026-01-27,,ELIGIBLE
FDX20251986711,CUST360221,"Colon, Chapman and Chavez",Large,2025-12-16,8820,27122,20261,2026-01-10,25,20,2026-01-30,2026-01-18,RESOLVED_IN_GRACE
FDX20256589238,CUST680278,Hoffman-Smith,Large,2025-12-01,29136,86996,37474,2025-12-26,25,20,2026-01-15,,ELIGIBLE
FDX20253561918,CUST730193,"Fields, Jackson and Diaz",Large,2025-12-15,30425,128809,108216,2026-01-09,25,20,2026-01-29,2026-01-26,RESOLVED_IN_GRACE
FDX20254533501,CUST729153,Johnson-Madden,Large,2025-12-05,31150,129604,53722,2025-12-30,25,20,2026-01-19,,ELIGIBLE
FDX20254776077,CUST856211,Conway-Leon,Small,2025-12-22,51980,172364,155085,2026-01-01,10,7,2026-01-08,2026-01-08,RESOLVED_IN_GRACE
FDX20251881916,CUST737107,"Bishop, Daniel and Jones",Large,2025-12-15,59589,302064,152559,2026-01-09,25,20,2026-01-29,,IN_GRACE
FDX20254003461,CUST398761,Brown-Thompson,Small,2025-12-31,34148,189150,187334,2026-01-10,10,7,2026-01-17,2026-01-13,RESOLVED_IN_GRACE
FDX20259178970,CUST916808,Lewis-Moon,Small,2025-12-25,33500,120462,81191,2026-01-04,10,7,2026-01-11,,ELIGIBLE
FDX20257573445,CUST824016,"Beltran, Williams and Knapp",Mid,2025-12-29,3933,18931,4914,2026-01-13,15,12,2026-01-25,,ELIGIBLE
FDX20256018095,CUST128127,Ponce-Norman,Large,2025-12-05,42844,254977,212598,2025-12-30,25,20,2026-01-19,,ELIGIBLE
FDX20253670819,CUST989079,Taylor-Lopez,Mid,2025-12-13,34635,167444,152954,2025-12-28,15,12,2026-01-09,,IN_GRACE
FDX20251361814,CUST988217,Fox-Hester,Small,2025-12-27,9346,38642,16933,2026-01-06,10,7,2026-01-13,,ELIGIBLE
FDX20257581459,CUST790388,Avila-Kelly,Mid,2025-12-16,44231,168372,55968,2025-12-31,15,12,2026-01-12,,ELIGIBLE
FDX20256660802,CUST416302,Edwards LLC,Small,2026-01-04,51205,216315,181237,2026-01-14,10,7,2026-01-21,,IN_GRACE
FDX20258087324,CUST315425,Harvey-Johnson,Large,2025-12-09,7663,33060,8869,2026-01-03,25,20,2026-01-23,,ELIGIBLE
FDX20258942696,CUST642899,Anderson-Erickson,Small,2026-01-13,19702,71863,44779,2026-01-23,10,7,2026-01-30,2026-01-30,RESOLVED_IN_GRACE
FDX20256843624,CUST736408,Hansen-Lane,Mega,2025-12-01,6905,25947,15178,2026-01-05,35,30,2026-02-04,,ELIGIBLE
FDX20257565976,CUST634273,Pittman Group,Mid,2025-12-12,30846,88592,58200,2025-12-27,15,12,2026-01-08,2026-01-02,RESOLVED_IN_GRACE
FDX20257560950,CUST297810,Smith-Nguyen,Small,2025-12-29,3917,14132,8217,2026-01-08,10,7,2026-01-15,2026-01-15,RESOLVED_IN_GRACE
FDX20252204993,CUST884170,Galloway-Smith,Small,2026-01-07,8367,33040,14440,2026-01-17,10,7,2026-01-24,,ELIGIBLE
FDX20259855760,CUST510780,Peck LLC,Small,2025-12-27,29689,108462,66904,2026-01-06,10,7,2026-01-13,2026-01-09,RESOLVED_IN_GRACE
FDX20255748621,CUST409898,Peterson-King,Small,2026-01-12,46207,246648,240155,2026-01-22,10,7,2026-01-29,,ELIGIBLE
FDX20255737283,CUST777558,Walker-Sampson,Mid,2026-01-02,42975,145037,121565,2026-01-17,15,12,2026-01-29,2026-01-24,RESOLVED_IN_GRACE
FDX20254273103,CUST157219,Hicks-Parker,Small,2025-12-26,49900,281005,124822,2026-01-05,10,7,2026-01-12,,ELIGIBLE
FDX20257606405,CUST921875,Murphy-Cole,Small,2026-01-11,49236,219850,116594,2026-01-21,10,7,2026-01-28,2026-01-22,RESOLVED_IN_GRACE
FDX20252632751,CUST932336,Perez-Salazar,Mid,2025-12-17,44744,262162,253977,2026-01-01,15,12,2026-01-13,,ELIGIBLE
FDX20253196149,CUST350967,Mccarthy-Smith,Small,2026-01-13,59399,178513,168873,2026-01-23,10,7,2026-01-30,,IN_GRACE
FDX20256426063,CUST618927,Bauer-Simmons,Mid,2026-01-04,15865,87522,76539,2026-01-19,15,12,2026-01-31,2026-01-28,RESOLVED_IN_GRACE
FDX20251908038,CUST504630,Wheeler LLC,Mid,2025-12-22,4418,15211,14165,2026-01-06,15,12,2026-01-18,2026-01-15,RESOLVED_IN_GRACE
FDX20256101515,CUST218220,Newton-Mcconnell,Small,2026-01-06,33291,191818,145638,2026-01-16,10,7,2026-01-23,,ELIGIBLE
FDX20258676121,CUST352792,Benson-Gonzalez,Small,2025-12-27,10349,27242,16553,2026-01-06,10,7,2026-01-13,,IN_GRACE
FDX20253746337,CUST623850,Lamb LLC,Mid,2025-12-22,54622,280100,266427,2026-01-06,15,12,2026-01-18,2026-01-10,RESOLVED_IN_GRACE
FDX20253307889,CUST769077,Sims-Davis,Small,2025-12-22,30613,108845,108499,2026-01-01,10,7,2026-01-08,,ELIGIBLE
FDX20258413578,CUST722780,Moore-Herrera,Mid,2025-12-28,27201,110634,48799,2026-01-12,15,12,2026-01-24,2026-01-17,RESOLVED_IN_GRACE
FDX20259094028,CUST174461,Beasley-Barker,Small,2026-01-13,12878,63339,56794,2026-01-23,10,7,2026-01-30,,ELIGIBLE
FDX20255883538,CUST653948,Perkins-Martin,Small,2026-01-07,28821,72370,60661,2026-01-17,10,7,2026-01-24,,ELIGIBLE
FDX20253429724,CUST112653,Moore-Schwartz,Large,2025-12-14,19936,65708,40317,2026-01-08,25,20,2026-01-28,2026-01-22,RESOLVED_IN_GRACE
FDX20254519295,CUST478638,Richards-Torres,Small,2025-12-23,18639,101965,54062,2026-01-02,10,7,2026-01-09,2026-01-03,RESOLVED_IN_GRACE
FDX20254659722,CUST431845,Griffith-Bowman,Mid,2025-12-25,53716,178948,110775,2026-01-09,15,12,2026-01-21,,ELIGIBLE
FDX20254282547,CUST238394,Rivera-Smith,Small,2026-01-12,46968,149919,71915,2026-01-22,10,7,2026-01-29,,ELIGIBLE
FDX20251153218,CUST505629,Russell Group,Small,2025-12-28,24588,86541,43096,2026-01-07,10,7,2026-01-14,,ELIGIBLE
FDX20257077140,CUST979727,Long-George,Small,2025-12-26,11652,50465,34800,2026-01-05,10,7,2026-01-12,,ELIGIBLE
FDX20252710400,CUST695990,Brown-Ortiz,Small,2025-12-28,23879,110210,35192,2026-01-07,10,7,2026-01-14,2026-01-12,RESOLVED_IN_GRACE
FDX20253476408,CUST541307,Thompson-Roberts,Mid,2026-01-01,14440,45496,41219,2026-01-16,15,12,2026-01-28,,ELIGIBLE
FDX20257317557,CUST483162,Peterson and Sons,Mid,2025-12-26,29696,168595,69656,2026-01-10,15,12,2026-01-22,,IN_GRACE
FDX20258165734,CUST672896,Howard-Harris,Large,2025-12-01,55968,163063,83207,2025-12-26,25,20,2026-01-15,2026-01-13,RESOLVED_IN_GRACE
FDX20253822312,CUST816116,"Fisher, Johnson and Oliver",Small,2026-01-02,18266,107193,34372,2026-01-12,10,7,2026-01-19,2026-01-19,RESOLVED_IN_GRACE
FDX20251945085,CUST281162,Hernandez-Velazquez,Small,2026-01-14,46584,210854,136939,2026-01-24,10,7,2026-01-31,,ELIGIBLE
FDX20252611413,CUST899776,"Rubio, Allen and Rangel",Small,2026-01-12,6244,15901,15675,2026-01-22,10,7,2026-01-29,,IN_GRACE
FDX20256965707,CUST593894,Jones-Lester,Small,2026-01-01,45213,205194,116822,2026-01-11,10,7,2026-01-18,2026-01-13,RESOLVED_IN_GRACE
FDX20258950315,CUST907788,Hill-Gray,Mid,2025-12-16,58564,311149,153467,2025-12-31,15,12,2026-01-12,,IN_GRACE
FDX20254013739,CUST176537,"Tate, Krause and Chambers",Small,2025-12-29,52141,167409,165684,2026-01-08,10,7,2026-01-15,,IN_GRACE
FDX20251880336,CUST117500,Martinez-Gray,Mid,2025-12-17,33038,127063,33906,2026-01-01,15,12,2026-01-13,2026-01-07,RESOLVED_IN_GRACE
FDX20252968753,CUST715895,Hart-Rivera,Small,2025-12-24,27843,140538,93813,2026-01-03,10,7,2026-01-10,2026-01-09,RESOLVED_IN_GRACE
FDX20259647567,CUST170813,Garcia-Irwin,Mid,2025-12-24,5547,30596,14521,2026-01-08,15,12,2026-01-20,2026-01-19,RESOLVED_IN_GRACE
FDX20256678849,CUST114463,Rich-Cunningham,Mid,2026-01-01,58962,285185,104030,2026-01-16,15,12,2026-01-28,2026-01-28,RESOLVED_IN_GRACE
FDX20258278315,CUST374921,Gordon-King,Small,2026-01-09,2367,13103,4928,2026-01-19,10,7,2026-01-26,,ELIGIBLE
FDX20253492562,CUST326222,Wells-Mckay,Small,2026-01-09,32355,90300,42270,2026-01-19,10,7,2026-01-26,2026-01-23,RESOLVED_IN_GRACE
FDX20257777894,CUST141761,Guerra-Chen,Mid,2025-12-23,13830,48044,33939,2026-01-07,15,12,2026-01-19,,ELIGIBLE
FDX20255110434,CUST163406,James-Schultz,Mid,2025-12-16,3637,20434,9677,2025-12-31,15,12,2026-01-12,,ELIGIBLE
FDX20251570305,CUST927630,Taylor-Roth,Large,2025-12-02,44529,166868,108585,2025-12-27,25,20,2026-01-16,,ELIGIBLE
FDX20252993175,CUST517307,Logan-Finley,Small,2026-01-11,36201,213224,63810,2026-01-21,10,7,2026-01-28,2026-01-27,RESOLVED_IN_GRACE
FDX20255040883,CUST631219,Briggs-Newman,Small,2025-12-29,52815,197109,92515,2026-01-08,10,7,2026-01-15,,ELIGIBLE
FDX20257654595,CUST400404,Parker-Morales,Small,2025-12-25,28154,131970,48910,2026-01-04,10,7,2026-01-11,2026-01-08,RESOLVED_IN_GRACE
FDX20259197782,CUST759104,"Lang, Snow and Chen",Mega,2025-12-01,17717,60272,27852,2026-01-05,35,30,2026-02-04,,ELIGIBLE
FDX20256078288,CUST847245,Walsh-Jones,Mega,2025-12-01,59066,254993,91932,2026-01-05,35,30,2026-02-04,,IN_GRACE
FDX20253893851,CUST625387,Bauer-Washington,Mid,2026-01-02,30914,135894,125417,2026-01-17,15,12,2026-01-29,2026-01-24,RESOLVED_IN_GRACE
FDX20257297691,CUST904373,Baker-Morrison,Small,2026-01-11,30268,113867,87207,2026-01-21,10,7,2026-01-28,,ELIGIBLE
FDX20252503425,CUST535612,"Meza, Miller and Waller",Mid,2025-12-30,59308,309333,147321,2026-01-14,15,12,2026-01-26,,ELIGIBLE
FDX20258779155,CUST544150,Rodriguez-Parker,Mid,2025-12-23,34701,190756,168053,2026-01-07,15,12,2026-01-19,,ELIGIBLE
FDX20257410589,CUST835901,Smith-Smith,Mid,2025-12-13,57855,177043,133959,2025-12-28,15,12,2026-01-09,2026-01-08,RESOLVED_IN_GRACE
FDX20255617358,CUST521818,Richardson-Estrada,Mid,2026-01-01,56846,218896,157719,2026-01-16,15,12,2026-01-28,,ELIGIBLE
FDX20258467845,CUST186431,Smith-Martinez,Mid,2025-12-22,36720,218878,153727,2026-01-06,15,12,2026-01-18,,IN_GRACE
FDX20257162658,CUST771652,Stephenson-Davis,Mid,2025-12-22,43453,228642,120581,2026-01-06,15,12,2026-01-18,,ELIGIBLE
FDX20251194656,CUST662628,Gross-Flowers,Small,2026-01-02,39744,138956,115133,2026-01-12,10,7,2026-01-19,,ELIGIBLE
FDX20253013272,CUST663772,Ortega Group,Mid,2025-12-27,20474,86376,45886,2026-01-11,15,12,2026-01-23,,ELIGIBLE
FDX20252956687,CUST745972,Marsh-Phillips,Small,2026-01-05,53100,151866,79478,2026-01-15,10,7,2026-01-22,2026-01-19,RESOLVED_IN_GRACE
FDX20252386418,CUST260097,Mcgee and Sons,Mid,2026-01-01,33546,129291,117065,2026-01-16,15,12,2026-01-28,2026-01-24,RESOLVED_IN_GRACE
FDX20253047685,CUST390946,Alexander-Bryant,Mid,2025-12-18,11788,55899,38583,2026-01-02,15,12,2026-01-14,2026-01-11,RESOLVED_IN_GRACE
FDX20259207723,CUST187657,Jones-Roberts,Mid,2025-12-14,18580,92935,19179,2025-12-29,15,12,2026-01-10,,ELIGIBLE
FDX20259552160,CUST424960,Tyler-Smith,Mid,2025-12-25,46506,202860,106775,2026-01-09,15,12,2026-01-21,,ELIGIBLE
FDX20254773783,CUST182860,Wright-Rose,Mid,2025-12-22,27998,155078,83401,2026-01-06,15,12,2026-01-18,,ELIGIBLE
FDX20251386324,CUST636141,Robertson-James,Mega,2025-12-01,30279,160391,95997,2026-01-05,35,30,2026-02-04,,ELIGIBLE
FDX20259044647,CUST313068,Olson-Pena,Small,2026-01-01,15212,88050,39686,2026-01-11,10,7,2026-01-18,,ELIGIBLE
FDX20255592340,CUST947312,Mendez-Morris,Large,2025-12-03,3580,12085,4819,2025-12-28,25,20,2026-01-17,,ELIGIBLE
FDX20252586340,CUST262924,May-Carey,Small,2025-12-25,27506,84944,74243,2026-01-04,10,7,2026-01-11,,ELIGIBLE
FDX20254038296,CUST662445,Wells-Jones,Mid,2025-12-17,48111,174381,162706,2026-01-01,15,12,2026-01-13,2026-01-03,RESOLVED_IN_GRACE
FDX20257441777,CUST442622,"Hutchinson, Ramirez and Taylor",Small,2026-01-01,33197,141998,111430,2026-01-11,10,7,2026-01-18,,IN_GRACE
FDX20259123384,CUST509711,Williams-Herrera,Small,2025-12-29,2470,11770,6456,2026-01-08,10,7,2026-01-15,2026-01-11,RESOLVED_IN_GRACE
FDX20258275548,CUST714923,Wilkerson-Reed,Mega,2025-12-01,4202,13902,13288,2026-01-05,35,30,2026-02-04,2026-01-27,RESOLVED_IN_GRACE
FDX20256005706,CUST765105,Todd-Payne,Small,2026-01-12,36496,120286,61322,2026-01-22,10,7,2026-01-29,2026-01-24,RESOLVED_IN_GRACE
FDX20253101118,CUST900298,Miller-Daniels,Small,2025-12-22,8172,41866,29071,2026-01-01,10,7,2026-01-08,,IN_GRACE
FDX20252668347,CUST975064,Collins-Bryan,Small,2025-12-23,53633,308341,300414,2026-01-02,10,7,2026-01-09,,ELIGIBLE
FDX20256456436,CUST781406,Torres-Marquez,Small,2025-12-28,59632,339943,109877,2026-01-07,10,7,2026-01-14,,ELIGIBLE
FDX20252065324,CUST814138,"Alexander, Taylor and Miller",Mid,2025-12-20,35060,89710,41967,2026-01-04,15,12,2026-01-16,,ELIGIBLE
FDX20254101936,CUST774396,"Merritt, Hutchinson and Jackson",Small,2026-01-06,27584,121757,64224,2026-01-16,10,7,2026-01-23,,ELIGIBLE
FDX20257800317,CUST169326,"Hahn, Dominguez and Crawford",Mid,2025-12-15,36925,199503,39895,2025-12-30,15,12,2026-01-11,2026-01-02,RESOLVED_IN_GRACE
FDX20251331289,CUST425236,Leach-Cruz,Mega,2025-12-01,17853,72378,26711,2026-01-05,35,30,2026-02-04,2026-01-23,RESOLVED_IN_GRACE
FDX20257606809,CUST832614,Patrick and Sons,Small,2026-01-01,5322,17212,15103,2026-01-11,10,7,2026-01-18,2026-01-13,RESOLVED_IN_GRACE
FDX20259999580,CUST558737,Woods-Thornton,Small,2026-01-05,34316,155062,143964,2026-01-15,10,7,2026-01-22,,ELIGIBLE
FDX20259893395,CUST865416,Delacruz-Henry,Small,2026-01-01,46924,278424,215862,2026-01-11,10,7,2026-01-18,,ELIGIBLE
FDX20259196731,CUST987586,Gonzales-Christensen,Small,2026-01-10,58736,242618,109578,2026-01-20,10,7,2026-01-27,,ELIGIBLE
FDX20252072595,CUST350229,Poole-Jones,Mid,2025-12-29,6216,19155,12009,2026-01-13,15,12,2026-01-25,,IN_GRACE
FDX20259705716,CUST160718,Day-Welch,Large,2025-12-01,19589,80556,56509,2025-12-26,25,20,2026-01-15,,ELIGIBLE
FDX20253081873,CUST356355,Bell-Logan,Small,2025-12-29,33221,154378,152377,2026-01-08,10,7,2026-01-15,,ELIGIBLE
FDX20254480664,CUST190400,Hale PLC,Small,2025-12-28,7676,30969,23558,2026-01-07,10,7,2026-01-14,2026-01-09,RESOLVED_IN_GRACE
FDX20252968404,CUST555589,"Mayo, Merritt and Carey",Mega,2025-12-01,18545,99388,29894,2026-01-05,35,30,2026-02-04,,ELIGIBLE
FDX20254031041,CUST221620,Hall-Lawrence,Small,2025-12-24,57877,227928,209868,2026-01-03,10,7,2026-01-10,2026-01-10,RESOLVED_IN_GRACE
FDX20254018851,CUST575394,Mercer Group,Mid,2025-12-17,7035,18291,18073,2026-01-01,15,12,2026-01-13,,ELIGIBLE
FDX20251089321,CUST742039,"Valencia, Jacobs and Neal",Large,2025-12-01,26245,121488,27858,2025-12-26,25,20,2026-01-15,,ELIGIBLE
FDX20258503322,CUST738407,Brown-Quinn,Small,2025-12-27,34275,140768,58307,2026-01-06,10,7,2026-01-13,,ELIGIBLE
FDX20256273013,CUST157701,Ford-Russell,Mid,2025-12-22,16945,89267,66759,2026-01-06,15,12,2026-01-18,2026-01-12,RESOLVED_IN_GRACE
FDX20253064357,CUST424314,White-Ruiz,Mega,2025-12-01,5406,23008,18420,2026-01-05,35,30,2026-02-04,,ELIGIBLE
FDX20251656713,CUST798435,Marshall-Cooper,Small,2026-01-12,3982,12267,10705,2026-01-22,10,7,2026-01-29,2026-01-28,RESOLVED_IN_GRACE
FDX20253161173,CUST877722,Banks PLC,Small,2025-12-26,12941,41759,23129,2026-01-05,10,7,2026-01-12,,ELIGIBLE
FDX20254459963,CUST790017,Gonzalez-Bradshaw,Small,2026-01-09,58046,274733,202800,2026-01-19,10,7,2026-01-26,,IN_GRACE
FDX20253704659,CUST876636,Ponce Ltd,Mid,2025-12-17,43383,143014,62336,2026-01-01,15,12,2026-01-13,,ELIGIBLE
FDX20252473390,CUST284178,Jones-Barber,Mega,2025-12-01,23578,72676,65411,2026-01-05,35,30,2026-02-04,,ELIGIBLE
FDX20255307726,CUST225245,Sanchez-Mathis,Small,2025-12-31,52737,276089,235270,2026-01-10,10,7,2026-01-17,2026-01-12,RESOLVED_IN_GRACE
FDX20251587291,CUST113280,Taylor-Stephens,Small,2026-01-11,58439,257838,226531,2026-01-21,10,7,2026-01-28,,ELIGIBLE
FDX20252419525,CUST842287,Johnson-Bass,Mid,2026-01-04,8007,45971,24044,2026-01-19,15,12,2026-01-31,2026-01-25,RESOLVED_IN_GRACE
FDX20253092406,CUST243876,Hammond-Meyer,Small,2026-01-06,4325,17624,6379,2026-01-16,10,7,2026-01-23,,ELIGIBLE
FDX20259491759,CUST835575,Cain-Clark,Large,2025-12-13,5763,16384,14436,2026-01-07,25,20,2026-01-27,,ELIGIBLE
FDX20256009306,CUST111901,Gonzalez-Martin,Mid,2025-12-29,20445,55459,25516,2026-01-13,15,12,2026-01-25,2026-01-19,RESOLVED_IN_GRACE
FDX20257099518,CUST271790,Lee-Gonzalez,Mid,2026-01-02,58283,271553,219121,2026-01-17,15,12,2026-01-29,2026-01-27,RESOLVED_IN_GRACE
FDX20253879023,CUST620526,Cook-Weiss,Small,2025-12-26,34033,170489,38662,2026-01-05,10,7,2026-01-12,,IN_GRACE
FDX20258097623,CUST463546,Allen-Lewis,Mid,2025-12-23,27365,86230,73836,2026-01-07,15,12,2026-01-19,2026-01-17,RESOLVED_IN_GRACE
FDX20251001435,CUST648410,"Frederick, Stewart and Dickerson",Mid,2025-12-17,59451,285847,76305,2026-01-01,15,12,2026-01-13,,IN_GRACE
FDX20255166404,CUST642347,Carter LLC,Small,2026-01-10,3935,19083,13958,2026-01-20,10,7,2026-01-27,,ELIGIBLE
FDX20256043230,CUST921021,"Kemp, Boone and Torres",Small,2026-01-09,32800,166222,125551,2026-01-19,10,7,2026-01-26,,ELIGIBLE
FDX20251774541,CUST962460,Knight LLC,Mega,2025-12-01,13554,61583,48351,2026-01-05,35,30,2026-02-04,2026-01-18,RESOLVED_IN_GRACE
FDX20259714808,CUST855777,Lopez-Young,Small,2026-01-09,28920,121343,35423,2026-01-19,10,7,2026-01-26,,ELIGIBLE
FDX20255922381,CUST371840,Henderson-Valenzuela,Large,2025-12-17,36456,119244,91342,2026-01-11,25,20,2026-01-31,,ELIGIBLE
FDX20259960751,CUST275073,Hardy-Stevens,Mid,2025-12-23,37698,118609,88990,2026-01-07,15,12,2026-01-19,,ELIGIBLE
FDX20258464523,CUST489933,Kent-Greer,Large,2025-12-15,38013,138012,52917,2026-01-09,25,20,2026-01-29,2026-01-19,RESOLVED_IN_GRACE
FDX20253346378,CUST233096,Cook-Carter,Mega,2025-12-01,4250,17875,7953,2026-01-05,35,30,2026-02-04,,ELIGIBLE
FDX20259228265,CUST886197,Fox-Long,Large,2025-12-11,32370,106610,39436,2026-01-05,25,20,2026-01-25,2026-01-22,RESOLVED_IN_GRACE
FDX20256250195,CUST919067,Powell and Sons,Large,2025-12-05,46451,234977,68145,2025-12-30,25,20,2026-01-19,,ELIGIBLE
FDX20259768884,CUST381819,Turner-Newton,Mega,2025-12-01,19887,75627,57803,2026-01-05,35,30,2026-02-04,2026-01-06,RESOLVED_IN_GRACE
FDX20256907545,CUST868538,"Mcdowell, Guzman and Harris",Large,2025-12-16,14280,76274,14936,2026-01-10,25,20,2026-01-30,,ELIGIBLE
FDX20259566284,CUST223791,Lambert-Mathews,Small,2025-12-23,41003,143153,44432,2026-01-02,10,7,2026-01-09,2026-01-03,RESOLVED_IN_GRACE
FDX20254520522,CUST908903,"Leblanc, Durham and Adams",Small,2026-01-10,23866,110934,47076,2026-01-20,10,7,2026-01-27,,ELIGIBLE
FDX20252661097,CUST130782,Mills-Rollins,Mid,2025-12-22,27570,74110,59182,2026-01-06,15,12,2026-01-18,,IN_GRACE
FDX20251750538,CUST451284,Mason-Mercado,Mid,2025-12-29,1976,10121,3428,2026-01-13,15,12,2026-01-25,,IN_GRACE
FDX20254977883,CUST946313,Torres Inc,Small,2026-01-08,44227,185158,173316,2026-01-18,10,7,2026-01-25,,ELIGIBLE
FDX20251616293,CUST550179,Brown-Rice,Mid,2025-12-25,20205,117839,62982,2026-01-09,15,12,2026-01-21,,ELIGIBLE
FDX20254155352,CUST385192,Patel-Morrow,Large,2025-12-01,44313,228454,207812,2025-12-26,25,20,2026-01-15,,ELIGIBLE
FDX20253376783,CUST649300,Martin-Baker,Small,2026-01-05,35803,183389,175856,2026-01-15,10,7,2026-01-22,,ELIGIBLE
FDX20256028286,CUST166974,Valdez-Cantrell,Mid,2025-12-12,56754,280729,218246,2025-12-27,15,12,2026-01-08,,ELIGIBLE
FDX20254610673,CUST375722,Atkinson-Dillon,Small,2026-01-02,12758,36031,20328,2026-01-12,10,7,2026-01-19,,IN_GRACE
FDX20253251636,CUST846925,Cortez-Johnson,Mid,2025-12-23,12525,61579,27494,2026-01-07,15,12,2026-01-19,,IN_GRACE
FDX20254624549,CUST704663,"Lamb, Hill and Foster",Small,2025-12-23,36427,106429,79703,2026-01-02,10,7,2026-01-09,2026-01-04,RESOLVED_IN_GRACE
FDX20257024113,CUST758015,Ramirez PLC,Small,2025-12-24,11505,67825,62929,2026-01-03,10,7,2026-01-10,,ELIGIBLE
FDX20255653927,CUST180813,Blair-Jones,Mid,2025-12-23,55644,193429,100974,2026-01-07,15,12,2026-01-19,,ELIGIBLE
FDX20253155739,CUST620248,Smith-Campbell,Small,2025-12-27,10359,55618,54308,2026-01-06,10,7,2026-01-13,,ELIGIBLE
FDX20258080237,CUST577309,Smith-Fernandez,Small,2025-12-31,45999,160781,147036,2026-01-10,10,7,2026-01-17,2026-01-13,RESOLVED_IN_GRACE
FDX20252247548,CUST635593,Estrada-Savage,Small,2025-12-26,18272,48116,21946,2026-01-05,10,7,2026-01-12,,IN_GRACE
FDX20255277642,CUST477617,Simpson-Carlson,Small,2026-01-09,20945,84975,57033,2026-01-19,10,7,2026-01-26,,IN_GRACE
FDX20255373391,CUST158132,Nguyen-Patterson,Large,2025-12-07,46322,193331,174589,2026-01-01,25,20,2026-01-21,,ELIGIBLE
FDX20257405244,CUST623879,Reyes-Anderson,Small,2025-12-26,52018,226468,128469,2026-01-05,10,7,2026-01-12,,ELIGIBLE
FDX20253740044,CUST694423,"Ho, Young and Price",Small,2026-01-05,16882,84205,28064,2026-01-15,10,7,2026-01-22,,ELIGIBLE
FDX20257711882,CUST274987,Williams-Harris,Small,2026-01-09,34652,157016,87319,2026-01-19,10,7,2026-01-26,,ELIGIBLE
FDX20258651547,CUST485548,Lee-Hines,Mid,2025-12-19,53103,214358,147738,2026-01-03,15,12,2026-01-15,2026-01-13,RESOLVED_IN_GRACE
FDX20252396771,CUST264951,"Moyer, Fowler and Terrell",Mid,2025-12-26,19081,107277,90656,2026-01-10,15,12,2026-01-22,,ELIGIBLE
FDX20255264422,CUST367508,Francis Inc,Small,2026-01-11,4915,14168,12706,2026-01-21,10,7,2026-01-28,,ELIGIBLE
FDX20258136077,CUST910894,"Avila, Jackson and Pope",Small,2025-12-22,54845,302046,272727,2026-01-01,10,7,2026-01-08,2026-01-08,RESOLVED_IN_GRACE
FDX20253403234,CUST207903,Navarro-Bradley,Mid,2025-12-17,39116,143324,135643,2026-01-01,15,12,2026-01-13,,IN_GRACE
FDX20259990982,CUST701790,"Morales, Davis and Davis",Mid,2025-12-26,19168,104084,47569,2026-01-10,15,12,2026-01-22,,ELIGIBLE
FDX20254418574,CUST806866,Burch LLC,Mega,2025-12-01,27700,123132,106166,2026-01-05,35,30,2026-02-04,2026-02-01,RESOLVED_IN_GRACE
FDX20252183767,CUST857888,Calderon-Dyer,Mid,2025-12-29,35791,121220,98448,2026-01-13,15,12,2026-01-25,2026-01-19,RESOLVED_IN_GRACE
FDX20255519776,CUST220936,Hopkins-Baker,Small,2026-01-14,25058,146337,110198,2026-01-24,10,7,2026-01-31,,IN_GRACE
FDX20254231751,CUST339499,Reyes-Mccarthy,Small,2025-12-31,25453,148609,27690,2026-01-10,10,7,2026-01-17,,IN_GRACE
FDX20257243511,CUST876764,Cruz-Lee,Small,2026-01-09,19859,93711,91182,2026-01-19,10,7,2026-01-26,2026-01-21,RESOLVED_IN_GRACE
FDX20259580328,CUST633541,"Bean, Mejia and Green",Mid,2025-12-17,36867,156764,84166,2026-01-01,15,12,2026-01-13,2026-01-02,RESOLVED_IN_GRACE
FDX20253752186,CUST102693,Cunningham Group,Small,2025-12-25,2392,14168,10006,2026-01-04,10,7,2026-01-11,,IN_GRACE
FDX20258041170,CUST146177,Ball-Hammond,Mid,2025-12-30,3554,18995,13074,2026-01-14,15,12,2026-01-26,2026-01-15,RESOLVED_IN_GRACE
FDX20253575158,CUST112884,Vazquez-Spencer,Small,2025-12-26,49455,172994,64602,2026-01-05,10,7,2026-01-12,,ELIGIBLE
FDX20256307645,CUST356430,Johns-Fuentes,Mid,2025-12-12,30584,179947,68545,2025-12-27,15,12,2026-01-08,2025-12-29,RESOLVED_IN_GRACE
FDX20258275056,CUST148215,Ramirez-Richardson,Mid,2025-12-29,42797,127387,72553,2026-01-13,15,12,2026-01-25,2026-01-19,RESOLVED_IN_GRACE
FDX20257357590,CUST594681,Duffy-Payne,Small,2026-01-05,40006,231171,40625,2026-01-15,10,7,2026-01-22,,ELIGIBLE
FDX20251434695,CUST481657,Duarte LLC,Small,2025-12-25,20030,75364,33758,2026-01-04,10,7,2026-01-11,2026-01-06,RESOLVED_IN_GRACE
FDX20255152322,CUST501583,Bradley-Duke,Mega,2025-12-01,8708,48187,33268,2026-01-05,35,30,2026-02-04,,IN_GRACE
FDX20252300646,CUST257375,Willis-Hall,Small,2025-12-29,45627,224328,197850,2026-01-08,10,7,2026-01-15,,ELIGIBLE
FDX20255531949,CUST287654,Singh-Sanchez,Small,2025-12-26,29059,107334,31468,2026-01-05,10,7,2026-01-12,,IN_GRACE
FDX20253090797,CUST999138,Curry-Bass,Small,2026-01-10,9071,24274,10437,2026-01-20,10,7,2026-01-27,,ELIGIBLE
FDX20259916589,CUST137081,Copeland-Smith,Large,2025-12-01,21972,108106,26034,2025-12-26,25,20,2026-01-15,2025-12-29,RESOLVED_IN_GRACE
FDX20252845328,CUST679720,Powell-Turner,Small,2026-01-11,59607,311044,237125,2026-01-21,10,7,2026-01-28,2026-01-23,RESOLVED_IN_GRACE
FDX20257824657,CUST942127,Stark-Santos,Small,2026-01-04,15183,59379,27345,2026-01-14,10,7,2026-01-21,,ELIGIBLE
FDX20252106614,CUST848705,Buchanan-Crane,Large,2025-12-01,1967,8478,3329,2025-12-26,25,20,2026-01-15,,ELIGIBLE
FDX20256525702,CUST876644,Collins-Weaver,Small,2025-12-26,12913,57396,16488,2026-01-05,10,7,2026-01-12,,ELIGIBLE
FDX20252492738,CUST787554,Jackson-Johnston,Small,2026-01-06,46495,264884,100776,2026-01-16,10,7,2026-01-23,,ELIGIBLE
FDX20257087100,CUST539740,Perkins Inc,Large,2025-12-07,6563,29112,15617,2026-01-01,25,20,2026-01-21,2026-01-06,RESOLVED_IN_GRACE
FDX20256595492,CUST335421,Hall-Sloan,Mid,2025-12-26,51342,229628,155834,2026-01-10,15,12,2026-01-22,2026-01-14,RESOLVED_IN_GRACE
FDX20255584424,CUST437433,Gutierrez-Perez,Mid,2026-01-04,16645,49277,29068,2026-01-19,15,12,2026-01-31,2026-01-21,RESOLVED_IN_GRACE
FDX20253455003,CUST360322,Park Inc,Small,2025-12-27,20691,58606,56718,2026-01-06,10,7,2026-01-13,2026-01-08,RESOLVED_IN_GRACE
FDX20254787716,CUST536476,Sims-Brooks,Mid,2025-12-26,13971,41834,14226,2026-01-10,15,12,2026-01-22,,ELIGIBLE
FDX20255591031,CUST855276,Bentley PLC,Large,2025-12-01,5681,29778,8489,2025-12-26,25,20,2026-01-15,2026-01-10,RESOLVED_IN_GRACE
FDX20251165479,CUST435476,Garcia-Bell,Small,2026-01-11,9434,42924,30171,2026-01-21,10,7,2026-01-28,,ELIGIBLE
FDX20252643275,CUST384434,Roberts-Thompson,Mega,2025-12-01,31981,176744,97529,2026-01-05,35,30,2026-02-04,,IN_GRACE
FDX20257327627,CUST966120,Marquez-Bailey,Large,2025-12-01,4527,16796,6331,2025-12-26,25,20,2026-01-15,,ELIGIBLE
FDX20254728326,CUST181670,Mcdowell-Lewis,Small,2025-12-29,41065,197552,48625,2026-01-08,10,7,2026-01-15,,IN_GRACE
FDX20257352396,CUST699298,Willis-Fischer,Small,2025-12-28,37812,113824,39334,2026-01-07,10,7,2026-01-14,2026-01-08,RESOLVED_IN_GRACE
FDX20252761653,CUST490917,Howell Group,Mid,2025-12-14,56648,228839,164931,2025-12-29,15,12,2026-01-10,,ELIGIBLE
FDX20253072044,CUST225200,White-Henderson,Mid,2025-12-26,52051,245726,113065,2026-01-10,15,12,2026-01-22,,ELIGIBLE
FDX20253948283,CUST626428,Jackson-Warren,Small,2026-01-12,43291,202103,84525,2026-01-22,10,7,2026-01-29,,ELIGIBLE
FDX20259832796,CUST806033,"Lester, Villarreal and Kim",Small,2026-01-08,54097,244607,113297,2026-01-18,10,7,2026-01-25,,IN_GRACE
FDX20256143048,CUST155230,"Mcintyre, Dickson and Lopez",Mid,2025-12-23,25407,141911,73783,2026-01-07,15,12,2026-01-19,2026-01-09,RESOLVED_IN_GRACE
FDX20259214437,CUST288056,White-Bell,Large,2025-12-12,32422,185883,145720,2026-01-06,25,20,2026-01-26,,IN_GRACE
FDX20252602904,CUST334026,"Lowery, Moody and Riley",Small,2025-12-26,17138,66536,29073,2026-01-05,10,7,2026-01-12,,ELIGIBLE
FDX20259874478,CUST943409,Johnson-Cummings,Small,2026-01-11,18784,61302,34500,2026-01-21,10,7,2026-01-28,,ELIGIBLE
FDX20256853574,CUST640828,Dunn LLC,Mid,2025-12-13,44239,117971,63909,2025-12-28,15,12,2026-01-09,2026-01-09,RESOLVED_IN_GRACE
FDX20255731119,CUST148159,Jackson-Lewis,Large,2025-12-12,13671,68731,65010,2026-01-06,25,20,2026-01-26,,ELIGIBLE
FDX20255547530,CUST520400,Shaw-Carr,Mid,2025-12-29,51117,226455,176667,2026-01-13,15,12,2026-01-25,,ELIGIBLE
FDX20252662054,CUST172274,Jackson-Medina,Large,2025-12-01,7910,21555,14412,2025-12-26,25,20,2026-01-15,,IN_GRACE
FDX20251804690,CUST587686,Harper LLC,Large,2025-12-08,28645,114411,84144,2026-01-02,25,20,2026-01-22,,ELIGIBLE
FDX20253864666,CUST396020,Jackson-Luna,Mid,2025-12-27,2922,10066,5337,2026-01-11,15,12,2026-01-23,,IN_GRACE
FDX20256335094,CUST911102,Vaughn LLC,Mid,2025-12-25,39584,142897,64916,2026-01-09,15,12,2026-01-21,,ELIGIBLE
FDX20257535788,CUST985885,Barber-Pope,Small,2025-12-27,25507,122192,83218,2026-01-06,10,7,2026-01-13,2026-01-10,RESOLVED_IN_GRACE
FDX20254031181,CUST425790,Hancock-Clark,Small,2026-01-12,20344,61496,40071,2026-01-22,10,7,2026-01-29,,ELIGIBLE
FDX20256791040,CUST443199,Gomez-Morales,Mid,2026-01-01,39509,110265,87639,2026-01-16,15,12,2026-01-28,,IN_GRACE
FDX20259920146,CUST190581,Gonzalez-Mejia,Small,2026-01-11,32355,92087,65016,2026-01-21,10,7,2026-01-28,2026-01-24,RESOLVED_IN_GRACE
FDX20257755367,CUST679958,Garcia-Cruz,Large,2025-12-09,14059,45053,18269,2026-01-03,25,20,2026-01-23,2026-01-19,RESOLVED_IN_GRACE
FDX20259000414,CUST578933,Cain-Weaver,Small,2025-12-22,58106,324117,316685,2026-01-01,10,7,2026-01-08,2026-01-07,RESOLVED_IN_GRACE
FDX20253140306,CUST108356,Contreras-Hayden,Mid,2025-12-31,53429,311224,254869,2026-01-15,15,12,2026-01-27,,IN_GRACE
FDX20255346322,CUST486839,"Leach, Newman and Fuller",Small,2025-12-23,24298,82137,50103,2026-01-02,10,7,2026-01-09,2026-01-03,RESOLVED_IN_GRACE
FDX20251159341,CUST310418,Miller-Ayers,Small,2025-12-26,22203,124571,83097,2026-01-05,10,7,2026-01-12,,IN_GRACE
FDX20259616197,CUST405759,Ballard-Lynch,Large,2025-12-16,35751,171224,65988,2026-01-10,25,20,2026-01-30,2026-01-23,RESOLVED_IN_GRACE
FDX20253608710,CUST691194,Jackson-Hurst,Large,2025-12-09,54955,328410,185646,2026-01-03,25,20,2026-01-23,,IN_GRACE
FDX20253120109,CUST922615,Coleman-Hart,Mid,2025-12-30,7964,35551,11433,2026-01-14,15,12,2026-01-26,,IN_GRACE
FDX20253393607,CUST418672,Gibbs-Kelley,Mid,2025-12-18,22291,70580,28426,2026-01-02,15,12,2026-01-14,,ELIGIBLE
FDX20257355220,CUST875501,Gray-Raymond,Small,2025-12-29,5870,23131,11194,2026-01-08,10,7,2026-01-15,,ELIGIBLE
FDX20255485722,CUST752966,"Ball, Atkinson and Parker",Small,2025-12-28,48903,191225,79314,2026-01-07,10,7,2026-01-14,2026-01-09,RESOLVED_IN_GRACE
FDX20251886921,CUST354367,Mitchell-Floyd,Small,2026-01-10,20686,117349,61548,2026-01-20,10,7,2026-01-27,,ELIGIBLE
FDX20257210098,CUST586462,Guerra-Bass,Small,2026-01-04,25372,103453,79959,2026-01-14,10,7,2026-01-21,,ELIGIBLE
FDX20255179399,CUST486162,Nelson-Anderson,Mid,2026-01-02,30309,104192,40055,2026-01-17,15,12,2026-01-29,,ELIGIBLE
FDX20258016965,CUST720432,Warren-Bailey,Mid,2025-12-12,45592,167428,103744,2025-12-27,15,12,2026-01-08,,IN_GRACE
FDX20258680384,CUST617326,Kirk-Pena,Small,2026-01-01,6372,31329,29766,2026-01-11,10,7,2026-01-18,,IN_GRACE
FDX20254071984,CUST910143,Meyer-Cummings,Mid,2026-01-03,18781,59064,56357,2026-01-18,15,12,2026-01-30,,IN_GRACE
FDX20258364526,CUST913575,Mays LLC,Small,2026-01-05,59915,149930,149357,2026-01-15,10,7,2026-01-22,,ELIGIBLE
FDX20256939158,CUST304915,Hart-Wilson,Small,2026-01-08,28361,123630,106625,2026-01-18,10,7,2026-01-25,,ELIGIBLE
FDX20258862907,CUST868043,Rush-Cruz,Small,2026-01-06,22548,97037,64160,2026-01-16,10,7,2026-01-23,,ELIGIBLE
FDX20259426008,CUST673108,Vargas-Rodriguez,Small,2026-01-11,44403,125032,115542,2026-01-21,10,7,2026-01-28,,ELIGIBLE
FDX20255812035,CUST897423,Pierce-Wyatt,Mid,2025-12-13,24561,123738,121590,2025-12-28,15,12,2026-01-09,,ELIGIBLE
FDX20255627541,CUST934638,Hebert-Hooper,Mid,2026-01-03,54871,138465,80044,2026-01-18,15,12,2026-01-30,,IN_GRACE
FDX20258176707,CUST357034,"Underwood, Huang and Cortez",Mid,2025-12-30,18157,45879,22162,2026-01-14,15,12,2026-01-26,2026-01-25,RESOLVED_IN_GRACE
FDX20259734129,CUST257880,Bender PLC,Small,2026-01-13,53604,157802,118212,2026-01-23,10,7,2026-01-30,2026-01-27,RESOLVED_IN_GRACE
FDX20254838024,CUST106687,Parker-Dickerson,Small,2026-01-02,59363,171825,119853,2026-01-12,10,7,2026-01-19,,ELIGIBLE
FDX20256120195,CUST529954,Wells-Kelley,Mid,2025-12-22,3395,14826,5103,2026-01-06,15,12,2026-01-18,,IN_GRACE
FDX20252458649,CUST125071,Vaughan-Myers,Mid,2025-12-31,15019,80161,72483,2026-01-15,15,12,2026-01-27,,ELIGIBLE
FDX20256128149,CUST344315,"Lane, Gonzalez and Jones",Small,2025-12-29,3909,11629,4757,2026-01-08,10,7,2026-01-15,2026-01-14,RESOLVED_IN_GRACE
FDX20257820186,CUST667851,Powers-Alexander,Small,2025-12-28,9739,53965,23712,2026-01-07,10,7,2026-01-14,,IN_GRACE
FDX20256246854,CUST463251,Williams-Green,Small,2025-12-24,36382,120007,48240,2026-01-03,10,7,2026-01-10,,ELIGIBLE
FDX20252512308,CUST766833,Shelton-Hensley,Small,2026-01-04,45059,249577,210593,2026-01-14,10,7,2026-01-21,2026-01-21,RESOLVED_IN_GRACE
FDX20252333367,CUST980357,Wright-Gonzales,Large,2025-12-06,44096,133268,103743,2025-12-31,25,20,2026-01-20,,ELIGIBLE
FDX20252286698,CUST827146,Alexander-Brown,Mega,2025-12-01,12138,32285,20146,2026-01-05,35,30,2026-02-04,2026-01-16,RESOLVED_IN_GRACE
FDX20255027148,CUST110060,Morgan-Graves,Small,2026-01-03,32310,157731,82206,2026-01-13,10,7,2026-01-20,2026-01-16,RESOLVED_IN_GRACE
FDX20252570911,CUST451291,Rhodes-Wallace,Mid,2025-12-12,56457,251738,124490,2025-12-27,15,12,2026-01-08,2025-12-28,RESOLVED_IN_GRACE
FDX20253770138,CUST101533,Estrada-Elliott,Small,2025-12-28,3508,9812,8175,2026-01-07,10,7,2026-01-14,2026-01-08,RESOLVED_IN_GRACE
FDX20251963205,CUST895794,Graham-Johnson,Small,2026-01-12,45127,195967,121350,2026-01-22,10,7,2026-01-29,,ELIGIBLE
FDX20252419102,CUST789233,Hughes-Hartman,Mega,2025-12-01,57584,178007,159970,2026-01-05,35,30,2026-02-04,2026-01-18,RESOLVED_IN_GRACE
FDX20255795781,CUST494552,"Murillo, Mullen and Rodriguez",Small,2026-01-11,48869,137179,106237,2026-01-21,10,7,2026-01-28,,ELIGIBLE
FDX20259268659,CUST990247,Carson-Patterson,Mid,2026-01-03,37738,133287,75867,2026-01-18,15,12,2026-01-30,2026-01-20,RESOLVED_IN_GRACE
FDX20251179426,CUST873935,Greer-Burns,Small,2026-01-01,9559,51497,27919,2026-01-11,10,7,2026-01-18,2026-01-13,RESOLVED_IN_GRACE
FDX20258113264,CUST862540,"Horne, Andrews and Smith",Small,2025-12-27,19275,70800,39129,2026-01-06,10,7,2026-01-13,2026-01-12,RESOLVED_IN_GRACE
FDX20259534273,CUST422448,Gilbert Inc,Large,2025-12-04,47857,137917,63861,2025-12-29,25,20,2026-01-18,2026-01-07,RESOLVED_IN_GRACE
FDX20253288888,CUST208998,Byrd-Shannon,Large,2025-12-02,59075,271688,142201,2025-12-27,25,20,2026-01-16,,ELIGIBLE
FDX20259047291,CUST315161,"Gutierrez, Harper and Martin",Small,2025-12-22,59017,223994,162761,2026-01-01,10,7,2026-01-08,2026-01-05,RESOLVED_IN_GRACE
FDX20259351785,CUST655550,Mcdonald-Coleman,Small,2026-01-02,10969,45428,20527,2026-01-12,10,7,2026-01-19,,ELIGIBLE
FDX20259640458,CUST349736,"Frazier, Cardenas and Frazier",Mid,2026-01-03,9818,39541,37440,2026-01-18,15,12,2026-01-30,,ELIGIBLE
FDX20259932346,CUST540208,Stokes Inc,Small,2026-01-09,5592,27920,15220,2026-01-19,10,7,2026-01-26,,ELIGIBLE
FDX20253091977,CUST615929,Nelson-Hughes,Small,2025-12-25,9776,29242,12372,2026-01-04,10,7,2026-01-11,2026-01-08,RESOLVED_IN_GRACE
FDX20257802682,CUST162804,Wise-Mason,Mid,2025-12-18,35002,121808,87474,2026-01-02,15,12,2026-01-14,,ELIGIBLE
FDX20251233207,CUST249289,Wright-Robinson,Small,2026-01-10,5092,20080,13587,2026-01-20,10,7,2026-01-27,2026-01-27,RESOLVED_IN_GRACE
FDX20254190758,CUST846221,Shelton-Lee,Mid,2026-01-03,40664,192809,66300,2026-01-18,15,12,2026-01-30,,IN_GRACE
FDX20251122310,CUST393418,Hall-Perry,Mid,2025-12-31,42650,195213,81659,2026-01-15,15,12,2026-01-27,2026-01-19,RESOLVED_IN_GRACE
FDX20258129962,CUST197545,Jones-Duran,Small,2025-12-24,19789,104859,71026,2026-01-03,10,7,2026-01-10,,IN_GRACE
FDX20259964482,CUST146032,"Taylor, Harris and Davis",Small,2026-01-04,22379,75196,26614,2026-01-14,10,7,2026-01-21,2026-01-21,RESOLVED_IN_GRACE
FDX20256789156,CUST342716,Lewis-Wilson,Mid,2026-01-03,50885,257037,126021,2026-01-18,15,12,2026-01-30,,ELIGIBLE
FDX20255097436,CUST986575,Bryant-Dixon,Small,2025-12-29,29332,107031,71897,2026-01-08,10,7,2026-01-15,,ELIGIBLE
FDX20259860239,CUST645007,Le-Castillo,Small,2026-01-05,13842,49915,20300,2026-01-15,10,7,2026-01-22,,ELIGIBLE
FDX20251710615,CUST533121,"Guerra, Fowler and Kim",Small,2026-01-05,29887,173291,100754,2026-01-15,10,7,2026-01-22,2026-01-20,RESOLVED_IN_GRACE
FDX20258527132,CUST834891,Farrell-Edwards,Small,2025-12-27,53437,216029,55940,2026-01-06,10,7,2026-01-13,,IN_GRACE
FDX20253827503,CUST490586,Carlson PLC,Mid,2025-12-14,29690,78646,50896,2025-12-29,15,12,2026-01-10,2026-01-09,RESOLVED_IN_GRACE
FDX20259783147,CUST580728,Mcclain-Thompson,Small,2025-12-24,55339,213842,82444,2026-01-03,10,7,2026-01-10,,ELIGIBLE
FDX20254776024,CUST884229,Barker-Reese,Small,2025-12-31,7799,42140,21770,2026-01-10,10,7,2026-01-17,2026-01-14,RESOLVED_IN_GRACE
FDX20253932895,CUST189026,Hays-Hays,Small,2025-12-28,44312,138102,73641,2026-01-07,10,7,2026-01-14,2026-01-13,RESOLVED_IN_GRACE
FDX20252260344,CUST708982,Pearson PLC,Mega,2025-12-01,45690,190404,157177,2026-01-05,35,30,2026-02-04,,ELIGIBLE
FDX20257158092,CUST200219,Brown-Jennings,Large,2025-12-12,50182,188919,77755,2026-01-06,25,20,2026-01-26,2026-01-07,RESOLVED_IN_GRACE
FDX20253236718,CUST629979,Morris-Mckinney,Small,2025-12-31,34029,156286,112491,2026-01-10,10,7,2026-01-17,,IN_GRACE
FDX20259618195,CUST239999,Roth-Perez,Small,2025-12-30,57063,321948,80924,2026-01-09,10,7,2026-01-16,,IN_GRACE
FDX20256927248,CUST768169,Fuentes-Eaton,Small,2026-01-02,43375,235191,183760,2026-01-12,10,7,2026-01-19,2026-01-16,RESOLVED_IN_GRACE
FDX20251854070,CUST959793,Frey Group,Mid,2025-12-31,39288,182428,158004,2026-01-15,15,12,2026-01-27,,ELIGIBLE
FDX20258092102,CUST513507,Maldonado PLC,Mega,2025-12-01,50500,224748,64528,2026-01-05,35,30,2026-02-04,,ELIGIBLE
FDX20259313242,CUST178465,Ford-Carr,Small,2026-01-05,8805,40277,35043,2026-01-15,10,7,2026-01-22,2026-01-22,RESOLVED_IN_GRACE
FDX20257360154,CUST720647,Dennis-Stewart,Small,2025-12-23,36030,119883,37824,2026-01-02,10,7,2026-01-09,2026-01-05,RESOLVED_IN_GRACE
FDX20253860246,CUST695403,"Hodges, Gomez and Andrews",Mega,2025-12-01,8478,43985,29627,2026-01-05,35,30,2026-02-04,,ELIGIBLE
FDX20257262661,CUST165308,"Villanueva, Rosales and Jimenez",Small,2026-01-02,43049,180579,117361,2026-01-12,10,7,2026-01-19,,IN_GRACE
FDX20252899743,CUST556112,Miller-Jones,Small,2025-12-24,33511,123942,98825,2026-01-03,10,7,2026-01-10,,ELIGIBLE
FDX20256670004,CUST794622,Li-Moore,Small,2025-12-27,17257,58747,34785,2026-01-06,10,7,2026-01-13,2026-01-12,RESOLVED_IN_GRACE
FDX20255190365,CUST237057,Gallagher-Herman,Small,2026-01-12,16107,64588,58993,2026-01-22,10,7,2026-01-29,,ELIGIBLE
FDX20252977453,CUST348273,Carroll-Clark,Small,2025-12-25,55880,310887,280419,2026-01-04,10,7,2026-01-11,,ELIGIBLE
FDX20255866478,CUST405844,Sexton Group,Small,2026-01-11,41392,226372,106563,2026-01-21,10,7,2026-01-28,2026-01-25,RESOLVED_IN_GRACE
FDX20256019373,CUST373668,Mitchell-Murphy,Small,2026-01-05,51245,286180,176501,2026-01-15,10,7,2026-01-22,,ELIGIBLE
FDX20259105487,CUST992247,Trevino-Oneal,Small,2026-01-04,3756,10926,9202,2026-01-14,10,7,2026-01-21,2026-01-18,RESOLVED_IN_GRACE
FDX20255924868,CUST430310,Soto-Vargas,Mid,2025-12-31,34396,187146,128833,2026-01-15,15,12,2026-01-27,2026-01-18,RESOLVED_IN_GRACE
FDX20255441781,CUST939717,Lewis-Morrison,Mid,2026-01-04,56294,235844,119580,2026-01-19,15,12,2026-01-31,,ELIGIBLE
FDX20254574653,CUST512040,Willis-Johnson,Small,2025-12-29,6513,38097,33010,2026-01-08,10,7,2026-01-15,,ELIGIBLE
FDX20251037485,CUST834764,Davis-Schmidt,Small,2025-12-29,56663,325783,310254,2026-01-08,10,7,2026-01-15,2026-01-15,RESOLVED_IN_GRACE
FDX20257603872,CUST972310,"Rose, Martinez and Coleman",Small,2026-01-14,58031,228902,70818,2026-01-24,10,7,2026-01-31,2026-01-27,RESOLVED_IN_GRACE
FDX20254648426,CUST871073,Davis-Johnson,Small,2025-12-26,1768,9036,3523,2026-01-05,10,7,2026-01-12,,IN_GRACE
FDX20256114027,CUST442099,Webb-Hunt,Small,2026-01-07,32548,83800,37961,2026-01-17,10,7,2026-01-24,2026-01-23,RESOLVED_IN_GRACE
FDX20259649141,CUST433507,Klein-Williams,Small,2025-12-29,9074,39669,19804,2026-01-08,10,7,2026-01-15,,ELIGIBLE
FDX20251594402,CUST574751,Gomez PLC,Large,2025-12-03,42222,209843,188238,2025-12-28,25,20,2026-01-17,,ELIGIBLE
FDX20258768806,CUST385166,Church LLC,Mid,2025-12-27,39006,214873,109435,2026-01-11,15,12,2026-01-23,,ELIGIBLE
FDX20259191751,CUST344959,Rose-Farmer,Small,2026-01-02,43722,113984,90707,2026-01-12,10,7,2026-01-19,2026-01-14,RESOLVED_IN_GRACE
FDX20251964635,CUST178315,Johnson and Sons,Mid,2025-12-13,38505,101831,59971,2025-12-28,15,12,2026-01-09,,ELIGIBLE
FDX20256968395,CUST312559,Miller-Norman,Small,2025-12-31,48965,215291,57487,2026-01-10,10,7,2026-01-17,,IN_GRACE
FDX20251098836,CUST242723,Maxwell-Ruiz,Large,2025-12-06,40753,193658,167392,2025-12-31,25,20,2026-01-20,,IN_GRACE
FDX20258723456,CUST917823,Gonzalez-Fisher,Small,2025-12-27,38889,137372,104712,2026-01-06,10,7,2026-01-13,,IN_GRACE
FDX20256512184,CUST907557,"Ashley, Lowe and Rivera",Mid,2025-12-21,5918,32182,14663,2026-01-05,15,12,2026-01-17,,IN_GRACE
FDX20256005493,CUST713110,Morris-Lambert,Small,2026-01-02,30788,172642,70979,2026-01-12,10,7,2026-01-19,,ELIGIBLE
FDX20256937335,CUST214266,Neal-Jones,Large,2025-12-04,27096,119935,93330,2025-12-29,25,20,2026-01-18,,IN_GRACE
FDX20252797914,CUST262959,Blevins-Rodriguez,Mid,2025-12-25,4752,24879,11485,2026-01-09,15,12,2026-01-21,,ELIGIBLE
FDX20251086476,CUST210790,Williams-Torres,Mid,2025-12-27,50062,284104,208817,2026-01-11,15,12,2026-01-23,,IN_GRACE
FDX20256867356,CUST272359,Newton-Yates,Small,2026-01-13,43122,152870,80873,2026-01-23,10,7,2026-01-30,,ELIGIBLE
FDX20254123208,CUST571404,Grant-Perkins,Mid,2025-12-27,6543,30316,27365,2026-01-11,15,12,2026-01-23,2026-01-13,RESOLVED_IN_GRACE
FDX20257745583,CUST588694,Buckley PLC,Large,2025-12-17,7423,38113,18771,2026-01-11,25,20,2026-01-31,,ELIGIBLE
FDX20256948065,CUST429287,Taylor-Francis,Small,2026-01-07,57981,215575,67217,2026-01-17,10,7,2026-01-24,,ELIGIBLE
FDX20251148708,CUST526259,Barnes-Kelly,Large,2025-12-01,54747,317745,254621,2025-12-26,25,20,2026-01-15,,IN_GRACE
FDX20252700165,CUST226601,Perry-Rodriguez,Small,2025-12-24,13132,64809,46738,2026-01-03,10,7,2026-01-10,2026-01-09,RESOLVED_IN_GRACE
FDX20258227688,CUST661957,Bowman-White,Small,2026-01-14,59954,310163,66751,2026-01-24,10,7,2026-01-31,,IN_GRACE
FDX20259255164,CUST475691,Duncan-Bridges,Mid,2025-12-19,34957,157219,131387,2026-01-03,15,12,2026-01-15,,ELIGIBLE
FDX20254314245,CUST907756,"Rhodes, Cortez and Andrade",Mid,2026-01-02,50332,297830,64468,2026-01-17,15,12,2026-01-29,2026-01-24,RESOLVED_IN_GRACE
FDX20252421764,CUST317722,Collins-Anderson,Mega,2025-12-01,34418,190779,87209,2026-01-05,35,30,2026-02-04,2026-01-08,RESOLVED_IN_GRACE
FDX20259876767,CUST573869,"Strickland, Barnett and Moran",Small,2025-12-27,51447,160792,71119,2026-01-06,10,7,2026-01-13,,ELIGIBLE
FDX20259628834,CUST423284,Peck-Scott,Small,2026-01-14,45261,144019,105599,2026-01-24,10,7,2026-01-31,2026-01-29,RESOLVED_IN_GRACE
FDX20253578837,CUST585854,Jackson-Schmidt,Mid,2025-12-22,23273,137175,41563,2026-01-06,15,12,2026-01-18,,IN_GRACE
FDX20257890722,CUST377880,Blackwell-Miller,Small,2025-12-27,59053,292967,97986,2026-01-06,10,7,2026-01-13,,IN_GRACE
FDX20253077734,CUST993892,Schneider-Lewis,Mid,2026-01-01,52520,173292,80001,2026-01-16,15,12,2026-01-28,2026-01-20,RESOLVED_IN_GRACE
FDX20259177419,CUST225738,Salazar-Ibarra,Small,2026-01-08,6828,23144,12223,2026-01-18,10,7,2026-01-25,2026-01-22,RESOLVED_IN_GRACE
FDX20251115938,CUST194813,"Camacho, Dennis and Stewart",Mid,2026-01-03,33353,148704,51310,2026-01-18,15,12,2026-01-30,,ELIGIBLE
FDX20253611044,CUST265271,"Cross, Sloan and Lopez",Mid,2026-01-04,24189,60774,38226,2026-01-19,15,12,2026-01-31,,ELIGIBLE
FDX20255196564,CUST946826,"Sanders, Walters and Welch",Mid,2025-12-12,35519,200380,125705,2025-12-27,15,12,2026-01-08,,ELIGIBLE
FDX20254793248,CUST819380,"Burns, King and Dixon",Small,2025-12-29,51089,240160,83407,2026-01-08,10,7,2026-01-15,,ELIGIBLE
FDX20258897013,CUST418992,Luna-Allen,Large,2025-12-02,29327,96236,89684,2025-12-27,25,20,2026-01-16,2025-12-31,RESOLVED_IN_GRACE
FDX20257633020,CUST966529,Miller-Hughes,Small,2026-01-02,18618,52569,31035,2026-01-12,10,7,2026-01-19,,IN_GRACE
FDX20257279870,CUST838936,Kennedy-Gutierrez,Small,2026-01-04,19802,72372,52360,2026-01-14,10,7,2026-01-21,2026-01-20,RESOLVED_IN_GRACE
FDX20256021168,CUST830729,Walker-Mitchell,Small,2026-01-01,47925,249458,97372,2026-01-11,10,7,2026-01-18,,ELIGIBLE
FDX20257115223,CUST732608,"Mccarthy, Jordan and Wheeler",Large,2025-12-09,10935,40545,21274,2026-01-03,25,20,2026-01-23,2026-01-19,RESOLVED_IN_GRACE
FDX20258186377,CUST142288,Murphy-Alexander,Small,2026-01-07,16738,87689,80973,2026-01-17,10,7,2026-01-24,,ELIGIBLE
FDX20254056507,CUST325465,Castillo-Thomas,Large,2025-12-14,58052,211814,105211,2026-01-08,25,20,2026-01-28,,ELIGIBLE
FDX20259999758,CUST976530,Knight-Mccoy,Mid,2025-12-26,52903,158794,141538,2026-01-10,15,12,2026-01-22,,IN_GRACE
FDX20255521152,CUST998182,Jackson-Wilson,Large,2025-12-05,21784,74259,22561,2025-12-30,25,20,2026-01-19,,ELIGIBLE
FDX20252823599,CUST443716,Hopkins Ltd,Large,2025-12-01,41424,169785,65690,2025-12-26,25,20,2026-01-15,,ELIGIBLE
FDX20258358018,CUST255528,Moyer-Miller,Small,2025-12-26,3773,16629,13503,2026-01-05,10,7,2026-01-12,,IN_GRACE
FDX20258371182,CUST195643,"Garrison, Mitchell and Hardy",Mid,2026-01-03,17127,101562,80192,2026-01-18,15,12,2026-01-30,,IN_GRACE
FDX20253715129,CUST845702,"Hudson, Mayo and Ortiz",Small,2026-01-12,18598,53830,42821,2026-01-22,10,7,2026-01-29,,ELIGIBLE
FDX20253346703,CUST360276,Rodriguez-Mitchell,Small,2026-01-05,44064,243377,163429,2026-01-15,10,7,2026-01-22,,ELIGIBLE
FDX20256934735,CUST473023,Johnson-Martin,Mid,2026-01-01,5792,34717,29021,2026-01-16,15,12,2026-01-28,,ELIGIBLE
FDX20258280643,CUST515492,Hayes-Larson,Small,2025-12-25,41899,180110,79509,2026-01-04,10,7,2026-01-11,,ELIGIBLE
FDX20251097479,CUST638401,Hunt-Barnes,Small,2025-12-28,23938,66452,45518,2026-01-07,10,7,2026-01-14,,ELIGIBLE
FDX20257026992,CUST151328,Black-Martinez,Small,2025-12-31,38631,132213,125543,2026-01-10,10,7,2026-01-17,,ELIGIBLE
FDX20254329683,CUST810078,Weber-Pratt,Mid,2025-12-17,57003,229016,116306,2026-01-01,15,12,2026-01-13,,IN_GRACE
FDX20252856661,CUST413357,Estrada-Brown,Small,2026-01-08,58509,314305,269989,2026-01-18,10,7,2026-01-25,,ELIGIBLE
FDX20254180407,CUST372804,Brooks-Mckee,Small,2025-12-31,1643,8814,4626,2026-01-10,10,7,2026-01-17,2026-01-13,RESOLVED_IN_GRACE
FDX20255779824,CUST959926,Knight-Mcbride,Large,2025-12-11,46660,260147,175555,2026-01-05,25,20,2026-01-25,2026-01-21,RESOLVED_IN_GRACE
FDX20251675388,CUST282313,Burgess-Mcdonald,Small,2025-12-24,41332,161981,93155,2026-01-03,10,7,2026-01-10,2026-01-06,RESOLVED_IN_GRACE
FDX20253242783,CUST132591,Weber-Smith,Mid,2025-12-25,45501,161497,109537,2026-01-09,15,12,2026-01-21,2026-01-13,RESOLVED_IN_GRACE
FDX20257619383,CUST524035,Frazier-Winters,Mid,2025-12-23,31668,155843,77311,2026-01-07,15,12,2026-01-19,,ELIGIBLE
FDX20258064143,CUST996114,Jones-Jordan,Small,2026-01-11,31242,97629,60409,2026-01-21,10,7,2026-01-28,,ELIGIBLE
FDX20256556840,CUST574167,Maxwell-Harrell,Small,2026-01-01,35616,183629,61711,2026-01-11,10,7,2026-01-18,,ELIGIBLE
FDX20251530269,CUST682959,Simmons-Shaw,Small,2026-01-11,29174,162197,47902,2026-01-21,10,7,2026-01-28,2026-01-23,RESOLVED_IN_GRACE
FDX20253689597,CUST884417,Webb-Thomas,Mid,2025-12-30,39707,138218,50856,2026-01-14,15,12,2026-01-26,2026-01-18,RESOLVED_IN_GRACE
FDX20254338530,CUST676843,Barker and Sons,Mid,2026-01-01,22512,69868,29195,2026-01-16,15,12,2026-01-28,,ELIGIBLE
FDX20259041235,CUST361989,Bennett Inc,Mid,2025-12-16,44734,131142,76109,2025-12-31,15,12,2026-01-12,,ELIGIBLE
FDX20255459377,CUST199326,"Solis, Pena and Williams",Mid,2026-01-01,44465,165550,51113,2026-01-16,15,12,2026-01-28,,ELIGIBLE
FDX20252993004,CUST584487,Bell-Bowman,Small,2026-01-07,8506,22227,16295,2026-01-17,10,7,2026-01-24,,ELIGIBLE
FDX20258064807,CUST206857,Lee-Moyer,Mega,2025-12-01,23007,82122,47449,2026-01-05,35,30,2026-02-04,,IN_GRACE
FDX20259205196,CUST942946,Warren-Nunez,Small,2025-12-27,51631,306390,63257,2026-01-06,10,7,2026-01-13,,ELIGIBLE
FDX20259314244,CUST932369,"Hendrix, Conrad and Walker",Mid,2025-12-26,13173,49980,39715,2026-01-10,15,12,2026-01-22,,ELIGIBLE
FDX20253137987,CUST246583,Jackson-Patel,Mega,2025-12-01,39299,171364,114887,2026-01-05,35,30,2026-02-04,,IN_GRACE
FDX20256450711,CUST227352,White-Diaz,Mid,2026-01-01,48126,147469,70477,2026-01-16,15,12,2026-01-28,,ELIGIBLE
FDX20257708806,CUST112537,Eaton-Cohen,Mega,2025-12-01,15336,47477,42296,2026-01-05,35,30,2026-02-04,,IN_GRACE
FDX20259419789,CUST164664,Parsons-George,Mid,2025-12-22,49294,156291,73065,2026-01-06,15,12,2026-01-18,,ELIGIBLE
FDX20257523795,CUST970708,Martinez-Davidson,Mid,2025-12-19,16451,97232,38749,2026-01-03,15,12,2026-01-15,2026-01-04,RESOLVED_IN_GRACE
FDX20253204822,CUST918895,Allen-Gilmore,Mid,2025-12-25,38050,222027,103394,2026-01-09,15,12,2026-01-21,2026-01-18,RESOLVED_IN_GRACE
FDX20252841010,CUST333086,Carlson-Pitts,Small,2026-01-05,50822,211400,175212,2026-01-15,10,7,2026-01-22,,ELIGIBLE
FDX20252809919,CUST237064,Savage LLC,Mid,2025-12-14,5381,23426,12170,2025-12-29,15,12,2026-01-10,,ELIGIBLE
FDX20251354875,CUST307757,Johnson-Edwards,Mid,2026-01-03,39823,127036,72401,2026-01-18,15,12,2026-01-30,,ELIGIBLE
FDX20253116002,CUST963684,Carr-Chandler,Mid,2026-01-01,32959,83961,67482,2026-01-16,15,12,2026-01-28,,ELIGIBLE
FDX20253609561,CUST520040,Atkins-Hurst,Large,2025-12-01,24651,135270,82271,2025-12-26,25,20,2026-01-15,,ELIGIBLE
FDX20256773384,CUST490321,Bean-Norris,Mega,2025-12-01,35524,115693,98402,2026-01-05,35,30,2026-02-04,2026-01-25,RESOLVED_IN_GRACE
FDX20259388623,CUST819622,James-Farrell,Small,2026-01-06,12605,39631,19984,2026-01-16,10,7,2026-01-23,,ELIGIBLE
FDX20251228991,CUST760914,"Clay, Kim and Johnson",Large,2025-12-08,8814,35936,35544,2026-01-02,25,20,2026-01-22,2026-01-20,RESOLVED_IN_GRACE
FDX20254967894,CUST776001,Stevenson-Barrera,Large,2025-12-14,13676,43401,25989,2026-01-08,25,20,2026-01-28,,ELIGIBLE
FDX20251873083,CUST188121,"Ritter, Matthews and Church",Mid,2025-12-27,44065,124339,111680,2026-01-11,15,12,2026-01-23,2026-01-12,RESOLVED_IN_GRACE
FDX20256740173,CUST710610,Lowe-Wilson,Mega,2025-12-01,41953,159706,100460,2026-01-05,35,30,2026-02-04,,ELIGIBLE
FDX20258208583,CUST714590,Simmons-Williams,Mid,2026-01-01,5930,27027,9426,2026-01-16,15,12,2026-01-28,2026-01-26,RESOLVED_IN_GRACE
FDX20251134702,CUST371393,Ayers Ltd,Small,2025-12-27,16696,46623,31413,2026-01-06,10,7,2026-01-13,2026-01-13,RESOLVED_IN_GRACE
FDX20258286823,CUST952227,Wright-Hamilton,Large,2025-12-16,37115,132317,72498,2026-01-10,25,20,2026-01-30,,ELIGIBLE
FDX20259056301,CUST178629,"Vaughan, Arnold and Brown",Small,2025-12-27,48316,277701,191044,2026-01-06,10,7,2026-01-13,,ELIGIBLE
FDX20255856444,CUST122859,Ramirez-Fleming,Mid,2025-12-30,38141,159931,108960,2026-01-14,15,12,2026-01-26,,IN_GRACE
FDX20255734922,CUST167603,Wallace-Cole,Mid,2025-12-16,1704,5876,5343,2025-12-31,15,12,2026-01-12,,IN_GRACE
FDX20259152539,CUST307356,Little-Thompson,Small,2025-12-27,43308,181226,158040,2026-01-06,10,7,2026-01-13,,ELIGIBLE
FDX20252386047,CUST777366,Greene-Brown,Mega,2025-12-01,59689,343321,180961,2026-01-05,35,30,2026-02-04,,IN_GRACE
FDX20258196619,CUST564971,"Clements, Oconnor and Barry",Mid,2025-12-22,37133,108993,49678,2026-01-06,15,12,2026-01-18,2026-01-10,RESOLVED_IN_GRACE
FDX20255156509,CUST948611,Montgomery-Barker,Small,2025-12-27,53468,188422,170223,2026-01-06,10,7,2026-01-13,,IN_GRACE
FDX20253558453,CUST235047,Martinez-Hicks,Mid,2025-12-30,5510,21973,14245,2026-01-14,15,12,2026-01-26,2026-01-21,RESOLVED_IN_GRACE
FDX20259577181,CUST196446,Vance-Hammond,Large,2025-12-14,12578,51512,36580,2026-01-08,25,20,2026-01-28,,ELIGIBLE
FDX20254134994,CUST988432,Salinas-Nelson,Mid,2026-01-04,22023,95504,26108,2026-01-19,15,12,2026-01-31,,ELIGIBLE
FDX20255185358,CUST969642,Cardenas LLC,Mid,2025-12-21,30311,139776,32310,2026-01-05,15,12,2026-01-17,,IN_GRACE
FDX20255716726,CUST948179,Oconnor-Cox,Small,2026-01-04,2516,11547,6327,2026-01-14,10,7,2026-01-21,,ELIGIBLE
FDX20252929715,CUST447655,Robinson-Banks,Small,2026-01-08,24835,104280,91380,2026-01-18,10,7,2026-01-25,2026-01-23,RESOLVED_IN_GRACE
FDX20255421311,CUST228479,Wade-Smith,Small,2026-01-14,10030,38474,18674,2026-01-24,10,7,2026-01-31,2026-01-29,RESOLVED_IN_GRACE
FDX20255149917,CUST144770,"Bradford, Rivera and Smith",Mid,2025-12-18,48918,148802,136360,2026-01-02,15,12,2026-01-14,,ELIGIBLE
FDX20258200092,CUST583388,Crawford-Boyd,Mid,2025-12-29,9647,57617,11444,2026-01-13,15,12,2026-01-25,,ELIGIBLE
FDX20254328808,CUST153097,Brown-Griffin,Mega,2025-12-01,45261,258748,257892,2026-01-05,35,30,2026-02-04,2026-01-11,RESOLVED_IN_GRACE
FDX20258950602,CUST276149,Bruce Inc,Mid,2025-12-16,38504,157167,106330,2025-12-31,15,12,2026-01-12,2026-01-06,RESOLVED_IN_GRACE
FDX20252729141,CUST701761,Watson-Anderson,Small,2026-01-05,5298,17710,17244,2026-01-15,10,7,2026-01-22,,ELIGIBLE
FDX20259427765,CUST554197,Mendoza-Anderson,Mid,2025-12-27,36557,128135,101064,2026-01-11,15,12,2026-01-23,2026-01-19,RESOLVED_IN_GRACE
FDX20254039834,CUST961599,Arellano Inc,Small,2026-01-13,40268,144178,84912,2026-01-23,10,7,2026-01-30,2026-01-28,RESOLVED_IN_GRACE
FDX20254165340,CUST859620,Nelson-Bradshaw,Large,2025-12-04,33371,179938,126197,2025-12-29,25,20,2026-01-18,2026-01-06,RESOLVED_IN_GRACE
FDX20253495209,CUST514186,Eaton-Bradford,Small,2026-01-02,31941,89046,56261,2026-01-12,10,7,2026-01-19,2026-01-16,RESOLVED_IN_GRACE
FDX20254848428,CUST620226,Mathis LLC,Mid,2025-12-31,51972,207206,78268,2026-01-15,15,12,2026-01-27,2026-01-21,RESOLVED_IN_GRACE
FDX20253021003,CUST130914,Armstrong-Zamora,Small,2026-01-01,59450,210191,116168,2026-01-11,10,7,2026-01-18,,ELIGIBLE
FDX20253219555,CUST501320,Hodge-Guerrero,Small,2026-01-12,50226,134299,108716,2026-01-22,10,7,2026-01-29,,ELIGIBLE
FDX20257732414,CUST816400,Gonzalez-Mcknight,Mid,2026-01-01,52081,134432,102062,2026-01-16,15,12,2026-01-28,2026-01-23,RESOLVED_IN_GRACE
FDX20251643681,CUST547389,Pierce-Scott,Mega,2025-12-01,28769,161190,158115,2026-01-05,35,30,2026-02-04,,ELIGIBLE
FDX20255594635,CUST281201,Morgan-Yates,Small,2026-01-11,5488,26879,12472,2026-01-21,10,7,2026-01-28,,IN_GRACE
FDX20254224201,CUST471136,Wilson-Brown,Large,2025-12-05,51671,190237,75424,2025-12-30,25,20,2026-01-19,,ELIGIBLE
FDX20253452982,CUST325146,Hoover-Frazier,Small,2025-12-26,8045,38890,33891,2026-01-05,10,7,2026-01-12,,ELIGIBLE
FDX20258152177,CUST296242,Jackson-Stewart,Small,2026-01-05,6027,29181,28865,2026-01-15,10,7,2026-01-22,,ELIGIBLE
FDX20251296308,CUST388339,Scott-Mason,Small,2026-01-11,7614,22454,17285,2026-01-21,10,7,2026-01-28,,IN_GRACE
FDX20254349462,CUST393448,"Montes, Mcknight and Paul",Mid,2025-12-19,23283,102372,52147,2026-01-03,15,12,2026-01-15,,ELIGIBLE
FDX20252525643,CUST567676,Young-Ross,Mid,2025-12-22,3175,17684,7187,2026-01-06,15,12,2026-01-18,2026-01-14,RESOLVED_IN_GRACE
FDX20251854889,CUST255851,Cook PLC,Mid,2025-12-25,14971,85032,29924,2026-01-09,15,12,2026-01-21,,ELIGIBLE
FDX20257381258,CUST136332,Santos-Goodwin,Small,2025-12-29,56617,191431,123629,2026-01-08,10,7,2026-01-15,,ELIGIBLE
FDX20257833312,CUST743937,"Mcpherson, Mack and Johnson",Mid,2025-12-15,46403,130968,76597,2025-12-30,15,12,2026-01-11,,IN_GRACE
FDX20259807554,CUST749253,Mooney-Graves,Small,2026-01-06,33459,148251,115086,2026-01-16,10,7,2026-01-23,2026-01-17,RESOLVED_IN_GRACE
FDX20256141309,CUST746947,Cooley-Murphy,Mid,2026-01-02,32073,81285,46157,2026-01-17,15,12,2026-01-29,2026-01-25,RESOLVED_IN_GRACE
FDX20254882711,CUST357724,Little-Russo,Large,2025-12-01,39002,152871,42604,2025-12-26,25,20,2026-01-15,2026-01-09,RESOLVED_IN_GRACE
FDX20254720771,CUST778720,Guerrero-Brooks,Mid,2026-01-01,7891,46293,43179,2026-01-16,15,12,2026-01-28,2026-01-26,RESOLVED_IN_GRACE
FDX20256640128,CUST409440,Farrell-Brown,Small,2026-01-14,10486,29547,10963,2026-01-24,10,7,2026-01-31,,ELIGIBLE
FDX20258148366,CUST623125,Scott-Rogers,Small,2026-01-01,20295,99373,88106,2026-01-11,10,7,2026-01-18,,ELIGIBLE
FDX20259039562,CUST532005,Garcia-Keith,Large,2025-12-05,9992,27934,25616,2025-12-30,25,20,2026-01-19,2026-01-04,RESOLVED_IN_GRACE
FDX20252029277,CUST677438,Hood-Joyce,Large,2025-12-08,54351,161173,105620,2026-01-02,25,20,2026-01-22,,ELIGIBLE
FDX20259554093,CUST602300,Snyder-Davis,Small,2025-12-26,13461,51366,42871,2026-01-05,10,7,2026-01-12,,ELIGIBLE
FDX20258165093,CUST163941,Rogers-Barber,Mid,2025-12-23,46901,195520,80187,2026-01-07,15,12,2026-01-19,2026-01-12,RESOLVED_IN_GRACE
FDX20251866635,CUST191982,Norris-Robinson,Small,2025-12-22,29785,147715,65176,2026-01-01,10,7,2026-01-08,,ELIGIBLE
FDX20256105138,CUST393366,Oneal-Reed,Mega,2025-12-01,32838,114054,52162,2026-01-05,35,30,2026-02-04,,IN_GRACE
FDX20252846415,CUST501620,Khan-Martinez,Small,2026-01-01,25105,104871,33050,2026-01-11,10,7,2026-01-18,,ELIGIBLE
FDX20255517199,CUST243902,"Harris, Stephenson and Howard",Mid,2025-12-19,51816,240846,137923,2026-01-03,15,12,2026-01-15,,ELIGIBLE
FDX20257099795,CUST539599,"York, Jones and Villegas",Small,2026-01-13,56188,175702,131624,2026-01-23,10,7,2026-01-30,,IN_GRACE
FDX20255706947,CUST309146,Rodriguez-Oliver,Mid,2025-12-18,44791,118288,88737,2026-01-02,15,12,2026-01-14,,ELIGIBLE
FDX20256889214,CUST773870,Singh-Willis,Small,2025-12-25,48456,178508,98864,2026-01-04,10,7,2026-01-11,2026-01-11,RESOLVED_IN_GRACE
FDX20258014121,CUST935922,Mooney-Brooks,Small,2025-12-27,30411,157851,113738,2026-01-06,10,7,2026-01-13,2026-01-07,RESOLVED_IN_GRACE
FDX20255143446,CUST651356,Matthews-Gonzalez,Mid,2025-12-17,9979,26534,24734,2026-01-01,15,12,2026-01-13,,ELIGIBLE
FDX20256366039,CUST361250,Patel-Anderson,Small,2026-01-02,11914,32026,23238,2026-01-12,10,7,2026-01-19,2026-01-16,RESOLVED_IN_GRACE
FDX20251797863,CUST761393,Gibson-Scott,Small,2026-01-10,37461,99601,92976,2026-01-20,10,7,2026-01-27,,ELIGIBLE
FDX20254049286,CUST941134,Bond Group,Small,2025-12-31,16845,62675,62413,2026-01-10,10,7,2026-01-17,,ELIGIBLE
FDX20251686005,CUST670065,Nash-Ramirez,Small,2025-12-29,47487,202818,50416,2026-01-08,10,7,2026-01-15,,ELIGIBLE
FDX20251008991,CUST933456,Russell-Lewis,Large,2025-12-01,36700,104688,91017,2025-12-26,25,20,2026-01-15,,ELIGIBLE
FDX20251874606,CUST120478,"Krause, Hall and Perez",Small,2026-01-10,36863,204839,105820,2026-01-20,10,7,2026-01-27,2026-01-23,RESOLVED_IN_GRACE
FDX20256396217,CUST501078,Baker-Allen,Mega,2025-12-01,22591,113550,65404,2026-01-05,35,30,2026-02-04,,ELIGIBLE
FDX20254556393,CUST919898,Herman PLC,Small,2025-12-26,47640,236199,230360,2026-01-05,10,7,2026-01-12,,ELIGIBLE
FDX20255786824,CUST848023,James-Taylor,Mid,2025-12-22,48638,262793,253055,2026-01-06,15,12,2026-01-18,,IN_GRACE
FDX20258919821,CUST476556,Webb-Phillips,Mid,2025-12-24,6706,31420,15341,2026-01-08,15,12,2026-01-20,,IN_GRACE
FDX20255700293,CUST602985,Hall-Jackson,Mid,2025-12-21,20795,76294,22998,2026-01-05,15,12,2026-01-17,2026-01-11,RESOLVED_IN_GRACE
FDX20252690500,CUST670968,Martinez-Sanders,Small,2026-01-06,18559,50036,48920,2026-01-16,10,7,2026-01-23,,ELIGIBLE
FDX20258229428,CUST919394,"Trevino, King and Coleman",Small,2026-01-08,43170,202706,65431,2026-01-18,10,7,2026-01-25,,ELIGIBLE
FDX20254101100,CUST608223,Reyes-Ali,Small,2026-01-04,25742,151646,68449,2026-01-14,10,7,2026-01-21,,ELIGIBLE
FDX20255232271,CUST460745,Foster-Foster,Mid,2025-12-30,29013,136016,133551,2026-01-14,15,12,2026-01-26,,ELIGIBLE
FDX20259242417,CUST693128,Murray-Howard,Mid,2025-12-27,19889,50982,38369,2026-01-11,15,12,2026-01-23,2026-01-14,RESOLVED_IN_GRACE
FDX20257099881,CUST626797,Morales-Davis,Small,2026-01-13,4678,13612,11126,2026-01-23,10,7,2026-01-30,,ELIGIBLE
FDX20256608323,CUST437226,"Combs, Hamilton and Robinson",Small,2025-12-29,43835,240243,126661,2026-01-08,10,7,2026-01-15,2026-01-13,RESOLVED_IN_GRACE
FDX20256106258,CUST507247,Sloan-Adams,Small,2025-12-23,49755,280822,227895,2026-01-02,10,7,2026-01-09,,ELIGIBLE
FDX20252871139,CUST383572,"Mendoza, Newton and Sims",Large,2025-12-17,17407,45839,18194,2026-01-11,25,20,2026-01-31,,ELIGIBLE
FDX20252625497,CUST288550,Olson and Sons,Small,2025-12-29,6189,22814,14626,2026-01-08,10,7,2026-01-15,2026-01-15,RESOLVED_IN_GRACE
FDX20251229203,CUST127329,Ingram Group,Mid,2025-12-19,42635,127149,82378,2026-01-03,15,12,2026-01-15,,ELIGIBLE
FDX20253186206,CUST434367,Cohen-Boyd,Small,2026-01-01,58721,155523,104480,2026-01-11,10,7,2026-01-18,2026-01-17,RESOLVED_IN_GRACE
FDX20256556810,CUST726121,Jones-Flores,Small,2026-01-12,42731,248081,56405,2026-01-22,10,7,2026-01-29,,IN_GRACE
FDX20257049339,CUST329659,Ellis Group,Large,2025-12-17,26901,149837,89652,2026-01-11,25,20,2026-01-31,,ELIGIBLE
FDX20257063033,CUST130726,"Mack, Cardenas and Jackson",Small,2026-01-08,2752,16233,3934,2026-01-18,10,7,2026-01-25,,ELIGIBLE
FDX20259872833,CUST950069,Ramirez-Munoz,Mid,2026-01-03,56740,208655,127982,2026-01-18,15,12,2026-01-30,,IN_GRACE
FDX20257234284,CUST916356,Ortega-Sanchez,Mid,2025-12-14,29902,121855,70446,2025-12-29,15,12,2026-01-10,,ELIGIBLE
FDX20254997208,CUST394579,Andrews-Mendez,Small,2026-01-12,35522,122540,36250,2026-01-22,10,7,2026-01-29,,ELIGIBLE
FDX20255629621,CUST161437,Brock-Newman,Mid,2025-12-18,4712,12224,5041,2026-01-02,15,12,2026-01-14,2026-01-07,RESOLVED_IN_GRACE
FDX20254523774,CUST947935,Estes-Richardson,Mid,2025-12-17,3951,10245,6350,2026-01-01,15,12,2026-01-13,2026-01-13,RESOLVED_IN_GRACE
FDX20257443279,CUST594596,Schroeder and Sons,Small,2026-01-02,28523,104713,75549,2026-01-12,10,7,2026-01-19,,ELIGIBLE
FDX20252463496,CUST655149,Sharp-Miller,Small,2026-01-14,18009,85868,78559,2026-01-24,10,7,2026-01-31,,ELIGIBLE
FDX20252784517,CUST474795,Ramirez-Peck,Large,2025-12-09,26734,136096,130534,2026-01-03,25,20,2026-01-23,,ELIGIBLE
FDX20253189181,CUST904092,"Kent, Martin and Buckley",Large,2025-12-16,15331,57705,50424,2026-01-10,25,20,2026-01-30,,ELIGIBLE
FDX20253019210,CUST712356,Nunez-Wade,Small,2025-12-22,54566,251947,146580,2026-01-01,10,7,2026-01-08,,ELIGIBLE
FDX20251688519,CUST344068,Whitaker-Bishop,Mega,2025-12-01,12667,55343,39293,2026-01-05,35,30,2026-02-04,,ELIGIBLE
FDX20254194945,CUST267378,Espinoza-Wilson,Large,2025-12-10,2740,11471,5066,2026-01-04,25,20,2026-01-24,,ELIGIBLE
FDX20254236786,CUST204998,Burnett Group,Large,2025-12-08,57839,218527,161730,2026-01-02,25,20,2026-01-22,2026-01-16,RESOLVED_IN_GRACE
FDX20258478776,CUST359896,Brown-Reyes,Small,2026-01-07,10317,46518,39381,2026-01-17,10,7,2026-01-24,,ELIGIBLE
FDX20252654861,CUST788772,Solis Ltd,Small,2026-01-05,29159,80829,34608,2026-01-15,10,7,2026-01-22,,IN_GRACE
FDX20252256271,CUST352867,Tanner PLC,Small,2025-12-29,14110,70031,16700,2026-01-08,10,7,2026-01-15,2026-01-14,RESOLVED_IN_GRACE
FDX20256752873,CUST379473,Henry-Haney,Mid,2025-12-21,32335,159799,75772,2026-01-05,15,12,2026-01-17,2026-01-17,RESOLVED_IN_GRACE
FDX20256057934,CUST659614,Skinner Inc,Small,2025-12-25,6685,19634,14994,2026-01-04,10,7,2026-01-11,,ELIGIBLE
FDX20258955730,CUST955937,Kline and Sons,Mid,2025-12-22,8846,27706,12344,2026-01-06,15,12,2026-01-18,,ELIGIBLE
FDX20254388982,CUST929672,Nguyen Group,Small,2025-12-27,53445,234290,145956,2026-01-06,10,7,2026-01-13,,IN_GRACE
FDX20259951610,CUST872863,Taylor-Carter,Mega,2025-12-01,13092,77377,56206,2026-01-05,35,30,2026-02-04,,ELIGIBLE
FDX20253578194,CUST158624,"Griffith, Perry and Thomas",Small,2026-01-08,25936,72688,62431,2026-01-18,10,7,2026-01-25,,IN_GRACE
FDX20251735028,CUST901164,Reeves-Bush,Large,2025-12-04,45739,145149,93991,2025-12-29,25,20,2026-01-18,2026-01-17,RESOLVED_IN_GRACE
FDX20253144664,CUST330069,Santos-Townsend,Small,2025-12-28,23120,136661,26068,2026-01-07,10,7,2026-01-14,,ELIGIBLE
FDX20254216305,CUST703656,Bailey-Meyer,Small,2026-01-12,21703,85748,28836,2026-01-22,10,7,2026-01-29,,ELIGIBLE
FDX20258016442,CUST987624,"Conrad, Adams and Calhoun",Mid,2025-12-25,23664,61982,52446,2026-01-09,15,12,2026-01-21,,IN_GRACE
FDX20255236674,CUST936124,"Schroeder, Espinoza and Williams",Small,2026-01-06,58386,164482,160082,2026-01-16,10,7,2026-01-23,,IN_GRACE
FDX20256827390,CUST507290,Harmon-Gonzalez,Mid,2025-12-19,34088,118869,43414,2026-01-03,15,12,2026-01-15,,ELIGIBLE
FDX20257140662,CUST472039,Stewart-Peters,Large,2025-12-01,42915,220752,114879,2025-12-26,25,20,2026-01-15,2026-01-11,RESOLVED_IN_GRACE
FDX20258524283,CUST979988,Moore-Morris,Small,2026-01-04,54187,262395,255052,2026-01-14,10,7,2026-01-21,,IN_GRACE
FDX20252970130,CUST986278,Sanchez-Haas,Mid,2026-01-01,48799,223519,98263,2026-01-16,15,12,2026-01-28,2026-01-18,RESOLVED_IN_GRACE
FDX20258316976,CUST282150,Guerrero-Stevens,Mid,2025-12-21,42515,116738,72491,2026-01-05,15,12,2026-01-17,,ELIGIBLE
FDX20252135960,CUST284654,Gordon-Gonzales,Small,2025-12-28,52414,172010,144241,2026-01-07,10,7,2026-01-14,,IN_GRACE
FDX20259100385,CUST348041,Elliott-Flores,Small,2026-01-03,17720,52271,47772,2026-01-13,10,7,2026-01-20,,IN_GRACE
FDX20258029723,CUST721301,Johnson-Livingston,Mega,2025-12-01,27845,131453,35435,2026-01-05,35,30,2026-02-04,,ELIGIBLE
FDX20259787280,CUST433451,Baldwin-Mckenzie,Mid,2025-12-13,12127,54055,32265,2025-12-28,15,12,2026-01-09,2026-01-04,RESOLVED_IN_GRACE
FDX20259453526,CUST945372,Roy-Griffith,Mid,2025-12-26,8030,33617,24738,2026-01-10,15,12,2026-01-22,2026-01-15,RESOLVED_IN_GRACE
FDX20251366999,CUST873959,Vasquez-Cowan,Small,2025-12-30,20670,88121,70441,2026-01-09,10,7,2026-01-16,2026-01-14,RESOLVED_IN_GRACE
FDX20253800706,CUST831514,Sutton-Byrd,Small,2026-01-05,28987,109541,76890,2026-01-15,10,7,2026-01-22,2026-01-22,RESOLVED_IN_GRACE
FDX20255599450,CUST476211,Holder-Payne,Mega,2025-12-01,43681,241604,202786,2026-01-05,35,30,2026-02-04,2026-02-03,RESOLVED_IN_GRACE
FDX20253163157,CUST720298,Adams-Montgomery,Small,2026-01-02,51248,175309,84185,2026-01-12,10,7,2026-01-19,,ELIGIBLE
FDX20255859627,CUST129576,Haney-Morris,Small,2026-01-13,46273,196503,68292,2026-01-23,10,7,2026-01-30,,ELIGIBLE
FDX20251762444,CUST837623,Turner-Massey,Small,2025-12-27,45034,254730,104784,2026-01-06,10,7,2026-01-13,,ELIGIBLE
FDX20252019943,CUST834591,Velez Ltd,Large,2025-12-16,13638,67419,64274,2026-01-10,25,20,2026-01-30,,ELIGIBLE
FDX20254190874,CUST468765,Mcgrath-Gonzalez,Small,2026-01-04,5911,17661,9877,2026-01-14,10,7,2026-01-21,,ELIGIBLE
FDX20257668839,CUST695225,Bonilla and Sons,Mid,2025-12-30,58119,261671,223981,2026-01-14,15,12,2026-01-26,2026-01-17,RESOLVED_IN_GRACE
FDX20259305156,CUST690984,Lewis-Calderon,Mid,2025-12-30,19316,84865,83949,2026-01-14,15,12,2026-01-26,2026-01-26,RESOLVED_IN_GRACE
FDX20259933361,CUST249005,Avery-Massey,Mid,2025-12-29,40539,142534,116334,2026-01-13,15,12,2026-01-25,,ELIGIBLE
FDX20259614893,CUST690462,Hall-Thomas,Small,2025-12-22,31486,176778,116581,2026-01-01,10,7,2026-01-08,,ELIGIBLE
FDX20252258048,CUST297377,Hartman-Castro,Small,2025-12-23,39163,122107,74048,2026-01-02,10,7,2026-01-09,,ELIGIBLE
FDX20253776934,CUST977340,Flores-Lewis,Small,2026-01-10,56184,218929,195191,2026-01-20,10,7,2026-01-27,,ELIGIBLE
FDX20258344141,CUST949767,Anderson-Morris,Small,2026-01-09,39199,178147,44445,2026-01-19,10,7,2026-01-26,,ELIGIBLE
FDX20259544273,CUST616137,Michael Ltd,Mid,2025-12-29,59766,150716,135058,2026-01-13,15,12,2026-01-25,,ELIGIBLE
FDX20257444974,CUST668458,Nolan-Johnson,Large,2025-12-01,44789,193115,145580,2025-12-26,25,20,2026-01-15,,ELIGIBLE
FDX20257547256,CUST424065,Brooks-Barnes,Large,2025-12-01,23766,130772,57198,2025-12-26,25,20,2026-01-15,,ELIGIBLE
FDX20257725129,CUST284084,Cross-Nielsen,Large,2025-12-01,28053,100885,48325,2025-12-26,25,20,2026-01-15,,ELIGIBLE
FDX20255554916,CUST614259,Gregory-Donovan,Small,2026-01-05,43728,185131,175622,2026-01-15,10,7,2026-01-22,2026-01-19,RESOLVED_IN_GRACE
FDX20254471618,CUST139807,Sanders LLC,Large,2025-12-08,38209,100315,80415,2026-01-02,25,20,2026-01-22,,IN_GRACE
FDX20254088120,CUST194641,Knapp PLC,Large,2025-12-15,32733,180390,96671,2026-01-09,25,20,2026-01-29,,ELIGIBLE
FDX20251060407,CUST158896,Ware-Johnson,Mid,2025-12-22,32853,134206,120157,2026-01-06,15,12,2026-01-18,,ELIGIBLE
FDX20253684405,CUST343923,Wells-Perez,Small,2026-01-09,43351,233509,152943,2026-01-19,10,7,2026-01-26,,ELIGIBLE
FDX20254654207,CUST730889,Williams-Estes,Small,2025-12-27,54112,202033,177325,2026-01-06,10,7,2026-01-13,2026-01-08,RESOLVED_IN_GRACE
FDX20251148668,CUST329437,Perry-Middleton,Large,2025-12-08,31172,147546,37107,2026-01-02,25,20,2026-01-22,2026-01-13,RESOLVED_IN_GRACE
FDX20259603283,CUST120896,"Short, Cabrera and Schmidt",Small,2026-01-10,17768,62389,27468,2026-01-20,10,7,2026-01-27,2026-01-23,RESOLVED_IN_GRACE
FDX20258641031,CUST652021,Gardner-Porter,Small,2025-12-28,8808,40465,12072,2026-01-07,10,7,2026-01-14,,ELIGIBLE
FDX20259452659,CUST601207,Turner-Robertson,Mid,2025-12-25,57533,284870,176698,2026-01-09,15,12,2026-01-21,,ELIGIBLE
FDX20259809266,CUST100716,Rose PLC,Small,2026-01-11,9535,51588,17844,2026-01-21,10,7,2026-01-28,2026-01-28,RESOLVED_IN_GRACE
FDX20255342524,CUST447848,Wang-Hampton,Small,2026-01-01,36773,166859,95279,2026-01-11,10,7,2026-01-18,2026-01-14,RESOLVED_IN_GRACE
FDX20256090377,CUST743966,Leonard-Atkinson,Small,2025-12-31,30436,133134,90431,2026-01-10,10,7,2026-01-17,,ELIGIBLE
FDX20254696630,CUST311250,Lewis-Martin,Small,2025-12-24,29846,130334,120836,2026-01-03,10,7,2026-01-10,2026-01-07,RESOLVED_IN_GRACE
FDX20255972157,CUST945619,Costa-Richards,Small,2025-12-31,50884,142249,141595,2026-01-10,10,7,2026-01-17,,IN_GRACE
FDX20255504928,CUST236828,Ryan-Brown,Small,2026-01-10,41517,125186,118630,2026-01-20,10,7,2026-01-27,,ELIGIBLE
FDX20252998223,CUST457311,Whitehead-Winters,Large,2025-12-04,9396,35923,21349,2025-12-29,25,20,2026-01-18,,IN_GRACE
FDX20253870734,CUST851763,Green-Newman,Small,2025-12-24,12227,55506,28815,2026-01-03,10,7,2026-01-10,2026-01-05,RESOLVED_IN_GRACE
FDX20254756912,CUST286080,Bernard-Warren,Small,2026-01-04,23946,135475,110167,2026-01-14,10,7,2026-01-21,,ELIGIBLE
FDX20251765250,CUST941403,Johnson-Kane,Small,2025-12-23,44009,165228,58849,2026-01-02,10,7,2026-01-09,,ELIGIBLE
FDX20259951748,CUST985296,Barker-Price,Mid,2025-12-31,30881,134248,106820,2026-01-15,15,12,2026-01-27,2026-01-23,RESOLVED_IN_GRACE
FDX20254996614,CUST439307,Sherman-Perkins,Small,2025-12-25,56908,146332,126500,2026-01-04,10,7,2026-01-11,2026-01-11,RESOLVED_IN_GRACE
FDX20255896318,CUST162448,Lozano-Rivera,Small,2025-12-27,24767,117027,83421,2026-01-06,10,7,2026-01-13,2026-01-09,RESOLVED_IN_GRACE
FDX20251655832,CUST122977,Diaz-Norton,Mid,2025-12-27,39193,128594,42621,2026-01-11,15,12,2026-01-23,2026-01-22,RESOLVED_IN_GRACE
FDX20253485367,CUST254887,"Campos, Stephens and Gonzalez",Mega,2025-12-01,26060,150687,83216,2026-01-05,35,30,2026-02-04,2026-01-29,RESOLVED_IN_GRACE
FDX20255659980,CUST715104,Roth-Cain,Small,2026-01-14,53026,188285,161991,2026-01-24,10,7,2026-01-31,,ELIGIBLE
FDX20253230889,CUST838927,Huber LLC,Mid,2025-12-21,33280,89282,76636,2026-01-05,15,12,2026-01-17,,ELIGIBLE
FDX20255537143,CUST248533,Williams-Hoover,Small,2026-01-06,21358,89763,79728,2026-01-16,10,7,2026-01-23,,IN_GRACE
FDX20251864361,CUST911982,Cox-Davis,Small,2026-01-03,32791,145064,140910,2026-01-13,10,7,2026-01-20,,ELIGIBLE
FDX20255177662,CUST216308,Jackson-Simpson,Small,2025-12-24,8773,30834,9888,2026-01-03,10,7,2026-01-10,,ELIGIBLE
FDX20254522752,CUST987599,Fowler-Holden,Mid,2025-12-19,24793,121001,86143,2026-01-03,15,12,2026-01-15,,IN_GRACE
FDX20259969014,CUST651860,Carpenter-Stevenson,Mega,2025-12-01,5131,17243,11114,2026-01-05,35,30,2026-02-04,,ELIGIBLE
FDX20252949258,CUST482614,Carter-Roberson,Small,2025-12-22,50643,131396,61856,2026-01-01,10,7,2026-01-08,,ELIGIBLE
FDX20251023487,CUST176054,Powell-Carter,Large,2025-12-01,25091,111030,62066,2025-12-26,25,20,2026-01-15,,IN_GRACE
FDX20256829443,CUST491738,Howard LLC,Large,2025-12-01,18280,86181,55265,2025-12-26,25,20,2026-01-15,2025-12-28,RESOLVED_IN_GRACE
FDX20257192640,CUST838761,Perez-Pineda,Small,2026-01-01,43436,249683,127507,2026-01-11,10,7,2026-01-18,2026-01-15,RESOLVED_IN_GRACE
FDX20256445244,CUST794303,Joseph-Peterson,Mid,2025-12-22,54731,221701,89382,2026-01-06,15,12,2026-01-18,2026-01-12,RESOLVED_IN_GRACE
FDX20252396638,CUST514812,Pennington-Jackson,Small,2026-01-09,27022,150121,55395,2026-01-19,10,7,2026-01-26,2026-01-23,RESOLVED_IN_GRACE
FDX20255429825,CUST714483,Young-Campos,Mid,2025-12-23,18430,108319,53441,2026-01-07,15,12,2026-01-19,2026-01-19,RESOLVED_IN_GRACE
FDX20253241630,CUST205939,Hays-Smith,Small,2026-01-14,37516,164329,84300,2026-01-24,10,7,2026-01-31,,ELIGIBLE
FDX20257850856,CUST452909,Wilkinson-Alvarez,Small,2025-12-26,23561,103050,85610,2026-01-05,10,7,2026-01-12,,ELIGIBLE
FDX20255947522,CUST416423,Young-Lindsey,Mid,2026-01-01,27083,155933,80822,2026-01-16,15,12,2026-01-28,,ELIGIBLE
FDX20256446473,CUST438273,Jacobs LLC,Mega,2025-12-01,15296,54101,37464,2026-01-05,35,30,2026-02-04,,IN_GRACE
FDX20251960720,CUST243079,Hill-Peterson,Mid,2025-12-16,46709,187940,94876,2025-12-31,15,12,2026-01-12,,ELIGIBLE
FDX20251174620,CUST265154,Bryant-Cole,Mid,2025-12-23,1711,10081,7182,2026-01-07,15,12,2026-01-19,,ELIGIBLE
FDX20256964017,CUST867926,Benson-Hall,Mid,2025-12-17,3229,17333,8823,2026-01-01,15,12,2026-01-13,2026-01-05,RESOLVED_IN_GRACE
FDX20254678901,CUST558089,Rodriguez-Johnson,Mid,2025-12-19,52640,134185,111532,2026-01-03,15,12,2026-01-15,,ELIGIBLE
FDX20255692416,CUST930307,Quinn-Miller,Large,2025-12-01,12021,60881,60106,2025-12-26,25,20,2026-01-15,,ELIGIBLE
FDX20253965125,CUST770318,Aguirre Inc,Mid,2025-12-25,32311,97913,51042,2026-01-09,15,12,2026-01-21,2026-01-17,RESOLVED_IN_GRACE
FDX20255294752,CUST610866,Warren-Townsend,Small,2025-12-29,26998,142439,69856,2026-01-08,10,7,2026-01-15,2026-01-14,RESOLVED_IN_GRACE
FDX20251262370,CUST780714,Carroll-Li,Small,2025-12-27,34760,202339,180593,2026-01-06,10,7,2026-01-13,2026-01-10,RESOLVED_IN_GRACE
FDX20252785812,CUST432695,"Golden, Powell and Bennett",Small,2026-01-10,5444,31806,24484,2026-01-20,10,7,2026-01-27,,ELIGIBLE
FDX20257408577,CUST282664,Turner-Craig,Mid,2025-12-19,19371,69082,67564,2026-01-03,15,12,2026-01-15,2026-01-14,RESOLVED_IN_GRACE
FDX20255317535,CUST841535,Lowery-Carpenter,Mid,2025-12-24,29443,126439,32438,2026-01-08,15,12,2026-01-20,,ELIGIBLE
FDX20254458774,CUST689275,"Kirk, Long and Bowers",Mid,2025-12-25,16884,69063,44649,2026-01-09,15,12,2026-01-21,2026-01-19,RESOLVED_IN_GRACE
FDX20258418631,CUST827250,Thompson-Carr,Small,2026-01-01,36909,96350,88548,2026-01-11,10,7,2026-01-18,,ELIGIBLE
FDX20254701708,CUST743520,Mejia-Nixon,Large,2025-12-01,43195,157112,145151,2025-12-26,25,20,2026-01-15,,ELIGIBLE
FDX20256440230,CUST925220,Sharp-Chapman,Large,2025-12-04,31953,136921,121258,2025-12-29,25,20,2026-01-18,2026-01-08,RESOLVED_IN_GRACE
FDX20255509606,CUST474158,Garza-Smith,Mid,2025-12-19,18814,69642,60850,2026-01-03,15,12,2026-01-15,,ELIGIBLE
FDX20254421186,CUST334081,Todd-Beasley,Large,2025-12-07,51980,287253,267938,2026-01-01,25,20,2026-01-21,2026-01-11,RESOLVED_IN_GRACE
FDX20257634775,CUST797860,Davidson-Cochran,Mid,2025-12-25,14380,81298,61612,2026-01-09,15,12,2026-01-21,2026-01-10,RESOLVED_IN_GRACE
FDX20253611230,CUST717558,Brown-Nash,Small,2025-12-24,5211,28819,24975,2026-01-03,10,7,2026-01-10,2026-01-10,RESOLVED_IN_GRACE
FDX20258483576,CUST954017,Larsen and Sons,Mega,2025-12-01,27590,82424,55924,2026-01-05,35,30,2026-02-04,,ELIGIBLE
FDX20254887669,CUST283869,Gross-Spence,Large,2025-12-01,24757,91243,87435,2025-12-26,25,20,2026-01-15,,ELIGIBLE
FDX20258279693,CUST496764,Gordon-Campbell,Mid,2025-12-19,33988,199090,156418,2026-01-03,15,12,2026-01-15,,ELIGIBLE
FDX20257184753,CUST421727,Robinson-Cobb,Small,2025-12-25,46114,253042,113235,2026-01-04,10,7,2026-01-11,2026-01-06,RESOLVED_IN_GRACE
FDX20253488634,CUST869649,"Sellers, Taylor and Brown",Mid,2025-12-29,19731,113679,33647,2026-01-13,15,12,2026-01-25,,IN_GRACE
FDX20259036402,CUST821942,Fields-Chen,Mid,2025-12-17,29030,110314,102987,2026-01-01,15,12,2026-01-13,2026-01-03,RESOLVED_IN_GRACE
FDX20252571875,CUST408823,Hahn-Smith,Small,2025-12-30,39931,129107,90995,2026-01-09,10,7,2026-01-16,,ELIGIBLE
FDX20259320847,CUST233534,White-Patterson,Large,2025-12-01,14151,79964,70292,2025-12-26,25,20,2026-01-15,,ELIGIBLE
FDX20254045291,CUST286340,"White, Carson and Pennington",Small,2025-12-27,39638,186565,45328,2026-01-06,10,7,2026-01-13,,ELIGIBLE
FDX20258707287,CUST864234,Olsen LLC,Mid,2025-12-18,57502,323741,304303,2026-01-02,15,12,2026-01-14,,IN_GRACE
FDX20254104255,CUST101885,"Malone, Bates and Medina",Mid,2026-01-03,54113,180790,99084,2026-01-18,15,12,2026-01-30,,IN_GRACE
FDX20253954644,CUST836109,"Lloyd, Castro and Park",Mega,2025-12-01,41305,149381,86428,2026-01-05,35,30,2026-02-04,,ELIGIBLE
FDX20254168543,CUST700660,Robinson-Osborn,Large,2025-12-01,3864,11283,7044,2025-12-26,25,20,2026-01-15,2026-01-15,RESOLVED_IN_GRACE
FDX20259229532,CUST510623,Barnett-Mora,Small,2026-01-09,6346,27290,20340,2026-01-19,10,7,2026-01-26,,IN_GRACE
FDX20254026721,CUST992083,Johnson-Ramsey,Mid,2025-12-24,41676,229083,180654,2026-01-08,15,12,2026-01-20,2026-01-09,RESOLVED_IN_GRACE
FDX20255731917,CUST908274,Barnes-King,Mid,2025-12-29,32980,164354,70184,2026-01-13,15,12,2026-01-25,2026-01-17,RESOLVED_IN_GRACE
FDX20251353115,CUST695048,Ashley-Moreno,Small,2025-12-29,5004,28181,26954,2026-01-08,10,7,2026-01-15,2026-01-09,RESOLVED_IN_GRACE
FDX20256203625,CUST133955,Smith-Carr,Small,2025-12-27,2885,15795,3922,2026-01-06,10,7,2026-01-13,,IN_GRACE
FDX20253733321,CUST290926,Allen-Blevins,Large,2025-12-07,14389,50111,34565,2026-01-01,25,20,2026-01-21,2026-01-20,RESOLVED_IN_GRACE
FDX20253981886,CUST731650,Fry Inc,Mid,2025-12-21,2704,9077,4412,2026-01-05,15,12,2026-01-17,,ELIGIBLE
FDX20257613533,CUST433674,Williams-Willis,Large,2025-12-04,52014,255949,130565,2025-12-29,25,20,2026-01-18,,IN_GRACE
FDX20254151566,CUST948095,Jackson-Fields,Small,2026-01-10,16684,53365,45008,2026-01-20,10,7,2026-01-27,,ELIGIBLE
FDX20252165246,CUST741079,Schroeder-Riley,Mid,2025-12-26,39131,143856,138469,2026-01-10,15,12,2026-01-22,2026-01-15,RESOLVED_IN_GRACE
FDX20253407905,CUST331625,Johnson-Skinner,Small,2026-01-04,42362,179674,67965,2026-01-14,10,7,2026-01-21,,IN_GRACE
FDX20252208776,CUST770718,Reynolds-Hale,Mid,2025-12-22,37689,95213,43606,2026-01-06,15,12,2026-01-18,,ELIGIBLE
FDX20258153721,CUST693022,Stevens-Mclean,Small,2025-12-25,47159,217337,198473,2026-01-04,10,7,2026-01-11,2026-01-10,RESOLVED_IN_GRACE
FDX20255114676,CUST209167,"Bates, Thomas and Freeman",Small,2025-12-25,24598,141553,104967,2026-01-04,10,7,2026-01-11,2026-01-05,RESOLVED_IN_GRACE
FDX20258634038,CUST620287,"Bryant, Smith and Buck",Mid,2025-12-31,9232,44210,20670,2026-01-15,15,12,2026-01-27,2026-01-25,RESOLVED_IN_GRACE
FDX20257752901,CUST247475,Bennett-Mcfarland,Mega,2025-12-01,57012,221311,167251,2026-01-05,35,30,2026-02-04,2026-02-03,RESOLVED_IN_GRACE
FDX20252681644,CUST447255,"Russell, Atkins and Harris",Small,2026-01-09,18725,51979,34930,2026-01-19,10,7,2026-01-26,,ELIGIBLE
FDX20259837877,CUST881549,Herrera-Stephens,Large,2025-12-05,5967,18422,14853,2025-12-30,25,20,2026-01-19,2026-01-04,RESOLVED_IN_GRACE
FDX20253303365,CUST181586,Johnson-Brown,Small,2026-01-02,37760,215549,194929,2026-01-12,10,7,2026-01-19,,ELIGIBLE
FDX20251197778,CUST349556,Dickerson-Smith,Small,2026-01-02,7688,27843,21930,2026-01-12,10,7,2026-01-19,2026-01-15,RESOLVED_IN_GRACE
FDX20252673190,CUST463656,Barry-Beard,Small,2026-01-06,40174,191891,65310,2026-01-16,10,7,2026-01-23,2026-01-17,RESOLVED_IN_GRACE
FDX20257339692,CUST435039,Thomas-Singh,Small,2025-12-28,44329,148855,47932,2026-01-07,10,7,2026-01-14,2026-01-14,RESOLVED_IN_GRACE
FDX20257442292,CUST276042,Day-Blevins,Mid,2025-12-23,13857,49747,17760,2026-01-07,15,12,2026-01-19,2026-01-13,RESOLVED_IN_GRACE
FDX20251347555,CUST767090,Mooney Group,Mid,2025-12-23,41001,203367,154305,2026-01-07,15,12,2026-01-19,2026-01-18,RESOLVED_IN_GRACE
FDX20252846089,CUST193035,Reeves-Fisher,Large,2025-12-12,29858,159357,105835,2026-01-06,25,20,2026-01-26,,ELIGIBLE
FDX20251227365,CUST961574,Ward-Woods,Small,2025-12-30,18133,55436,32344,2026-01-09,10,7,2026-01-16,,IN_GRACE
FDX20251733836,CUST843404,Jennings-Hanson,Small,2025-12-25,39114,173828,88629,2026-01-04,10,7,2026-01-11,2026-01-09,RESOLVED_IN_GRACE
FDX20253217596,CUST802571,Craig Group,Mid,2025-12-17,45780,168925,140284,2026-01-01,15,12,2026-01-13,2026-01-09,RESOLVED_IN_GRACE
FDX20255166503,CUST770147,"Kerr, Cervantes and Richards",Large,2025-12-01,24912,99896,45754,2025-12-26,25,20,2026-01-15,2026-01-12,RESOLVED_IN_GRACE
FDX20252402500,CUST864711,"Oconnell, Chandler and Parker",Mega,2025-12-01,34327,125126,84777,2026-01-05,35,30,2026-02-04,,IN_GRACE
FDX20255490530,CUST452058,Flowers-Robbins,Small,2025-12-25,17381,74518,64534,2026-01-04,10,7,2026-01-11,2026-01-08,RESOLVED_IN_GRACE
FDX20253393028,CUST568325,Wilkinson-Hebert,Small,2025-12-29,17315,63373,58459,2026-01-08,10,7,2026-01-15,,ELIGIBLE
FDX20251226440,CUST111949,Winters Inc,Small,2026-01-14,37537,178908,51616,2026-01-24,10,7,2026-01-31,2026-01-30,RESOLVED_IN_GRACE
FDX20251157641,CUST378095,Conley and Sons,Small,2026-01-09,17467,44304,44215,2026-01-19,10,7,2026-01-26,,IN_GRACE
FDX20252784071,CUST319869,"Morgan, Lara and Curry",Small,2026-01-14,49408,170525,163991,2026-01-24,10,7,2026-01-31,,IN_GRACE
FDX20256677240,CUST361662,Edwards-Hancock,Small,2026-01-04,30896,139485,134487,2026-01-14,10,7,2026-01-21,2026-01-16,RESOLVED_IN_GRACE
FDX20252425479,CUST826847,Jones-Turner,Mid,2025-12-19,46312,136573,105811,2026-01-03,15,12,2026-01-15,,ELIGIBLE
FDX20254394393,CUST171087,Paul-Everett,Mid,2026-01-03,39213,151600,145908,2026-01-18,15,12,2026-01-30,2026-01-20,RESOLVED_IN_GRACE
FDX20253335893,CUST467506,"Esparza, Murphy and Cervantes",Small,2025-12-22,27781,90211,51226,2026-01-01,10,7,2026-01-08,2026-01-02,RESOLVED_IN_GRACE
FDX20259060201,CUST369125,Willis and Sons,Mid,2025-12-21,56644,228119,149049,2026-01-05,15,12,2026-01-17,,ELIGIBLE
FDX20258454556,CUST925250,Mendez-Morgan,Mid,2025-12-18,14467,46517,28377,2026-01-02,15,12,2026-01-14,,IN_GRACE
FDX20253737109,CUST213282,Myers-Johnson,Small,2026-01-11,30566,157337,110038,2026-01-21,10,7,2026-01-28,,ELIGIBLE
FDX20256157064,CUST855408,Brown-Ross,Small,2025-12-28,11047,45830,31050,2026-01-07,10,7,2026-01-14,2026-01-13,RESOLVED_IN_GRACE
FDX20256565947,CUST101343,Hammond Group,Mid,2026-01-01,52226,264527,116734,2026-01-16,15,12,2026-01-28,2026-01-28,RESOLVED_IN_GRACE
FDX20259034749,CUST150486,Mcguire Inc,Mid,2025-12-23,32030,98894,83747,2026-01-07,15,12,2026-01-19,,ELIGIBLE
FDX20253592303,CUST504684,Santos-Welch,Small,2026-01-13,38092,216174,165865,2026-01-23,10,7,2026-01-30,2026-01-28,RESOLVED_IN_GRACE
FDX20255090433,CUST559507,Cisneros-Patel,Mid,2025-12-12,59502,211824,193247,2025-12-27,15,12,2026-01-08,,IN_GRACE
FDX20251937435,CUST868170,Mcdonald-Holt,Mid,2025-12-29,59151,322467,199870,2026-01-13,15,12,2026-01-25,,ELIGIBLE
FDX20255487177,CUST540038,Thornton-Murray,Small,2026-01-03,57901,300600,78678,2026-01-13,10,7,2026-01-20,2026-01-20,RESOLVED_IN_GRACE
FDX20253064864,CUST274418,Aguilar-Short,Mega,2025-12-01,12737,66351,41323,2026-01-05,35,30,2026-02-04,,IN_GRACE
FDX20251355809,CUST534130,"Perez, Rivera and Smith",Mid,2025-12-16,30495,97961,96873,2025-12-31,15,12,2026-01-12,,ELIGIBLE
FDX20251747019,CUST617033,Callahan-Burton,Large,2025-12-12,33454,146566,67154,2026-01-06,25,20,2026-01-26,2026-01-22,RESOLVED_IN_GRACE
FDX20252724954,CUST497108,Golden PLC,Small,2026-01-14,53172,274061,153717,2026-01-24,10,7,2026-01-31,,ELIGIBLE
FDX20255978445,CUST468292,Smith-Acevedo,Large,2025-12-01,41907,126646,48723,2025-12-26,25,20,2026-01-15,,ELIGIBLE
FDX20252720773,CUST672547,Thomas-Neal,Mid,2026-01-02,20804,54370,49843,2026-01-17,15,12,2026-01-29,,ELIGIBLE
FDX20259582257,CUST493580,Gray-Phillips,Mid,2025-12-15,26364,87588,65476,2025-12-30,15,12,2026-01-11,,ELIGIBLE
FDX20257967320,CUST206355,Rowe Inc,Small,2026-01-12,26217,146862,130337,2026-01-22,10,7,2026-01-29,2026-01-26,RESOLVED_IN_GRACE
FDX20253379596,CUST969067,Carter-Williamson,Small,2026-01-06,22045,79051,76757,2026-01-16,10,7,2026-01-23,2026-01-22,RESOLVED_IN_GRACE
FDX20251020307,CUST602780,Cox-Ball,Mid,2026-01-04,19961,63052,40719,2026-01-19,15,12,2026-01-31,2026-01-27,RESOLVED_IN_GRACE
FDX20254763343,CUST927043,Logan-Richardson,Small,2025-12-28,15944,44729,37758,2026-01-07,10,7,2026-01-14,2026-01-12,RESOLVED_IN_GRACE
FDX20251402667,CUST706135,Luna-Bell,Large,2025-12-01,4789,16583,5088,2025-12-26,25,20,2026-01-15,,ELIGIBLE
FDX20254802977,CUST782591,Roberts PLC,Mega,2025-12-01,20221,53198,37514,2026-01-05,35,30,2026-02-04,,ELIGIBLE
FDX20258166143,CUST895075,Kemp-Green,Mid,2025-12-22,6578,16705,14117,2026-01-06,15,12,2026-01-18,2026-01-08,RESOLVED_IN_GRACE
FDX20257465654,CUST820539,Walls LLC,Large,2025-12-01,38644,114714,56292,2025-12-26,25,20,2026-01-15,,ELIGIBLE
FDX20253472567,CUST336540,Russell-Dalton,Small,2026-01-08,40503,174612,105869,2026-01-18,10,7,2026-01-25,,ELIGIBLE
FDX20256927556,CUST270557,Andrews-Irwin,Large,2025-12-01,53058,313124,118199,2025-12-26,25,20,2026-01-15,,ELIGIBLE
FDX20255812480,CUST573209,Porter-Wu,Small,2025-12-24,31410,85895,43208,2026-01-03,10,7,2026-01-10,2026-01-07,RESOLVED_IN_GRACE
FDX20254789711,CUST177289,Casey-Bartlett,Small,2025-12-28,25382,120838,94733,2026-01-07,10,7,2026-01-14,,ELIGIBLE
FDX20257454929,CUST938016,Petty-Leon,Large,2025-12-03,8033,29620,28359,2025-12-28,25,20,2026-01-17,2026-01-10,RESOLVED_IN_GRACE
FDX20252885904,CUST986846,Greer LLC,Mid,2025-12-12,16050,92577,62921,2025-12-27,15,12,2026-01-08,,ELIGIBLE
FDX20259251380,CUST135035,Nguyen-Allen,Large,2025-12-09,22330,59752,27503,2026-01-03,25,20,2026-01-23,,ELIGIBLE
FDX20253844728,CUST409234,Noble LLC,Small,2025-12-27,39670,154097,88170,2026-01-06,10,7,2026-01-13,,IN_GRACE
FDX20252847769,CUST121053,Carroll-Phillips,Small,2025-12-27,15198,42130,36881,2026-01-06,10,7,2026-01-13,,ELIGIBLE
FDX20254766861,CUST434198,Garrison-Medina,Large,2025-12-01,6707,17761,8571,2025-12-26,25,20,2026-01-15,2026-01-06,RESOLVED_IN_GRACE
FDX20252706851,CUST373812,Mata-Chapman,Small,2026-01-02,34999,127099,83414,2026-01-12,10,7,2026-01-19,2026-01-16,RESOLVED_IN_GRACE
FDX20255728058,CUST209812,Contreras PLC,Mid,2025-12-30,30527,105840,42536,2026-01-14,15,12,2026-01-26,2026-01-18,RESOLVED_IN_GRACE
FDX20256994631,CUST177804,Carrillo-Donaldson,Large,2025-12-13,32770,89466,78278,2026-01-07,25,20,2026-01-27,,ELIGIBLE
FDX20252279932,CUST458411,Stewart-Ramirez,Mid,2026-01-04,4535,23197,6684,2026-01-19,15,12,2026-01-31,,ELIGIBLE
FDX20256598972,CUST278368,Hall-Sharp,Mid,2026-01-02,45021,233445,117171,2026-01-17,15,12,2026-01-29,2026-01-27,RESOLVED_IN_GRACE
FDX20252985599,CUST493696,"Pratt, Walker and Thornton",Mid,2025-12-18,13988,41017,28766,2026-01-02,15,12,2026-01-14,,IN_GRACE
FDX20257048077,CUST268720,Swanson and Sons,Small,2026-01-05,25057,117017,28696,2026-01-15,10,7,2026-01-22,,ELIGIBLE
FDX20252422780,CUST867541,"Hanson, Moss and Smith",Mid,2025-12-18,54053,266117,115189,2026-01-02,15,12,2026-01-14,,ELIGIBLE
FDX20251727239,CUST178645,"Peterson, Rodriguez and Lopez",Large,2025-12-14,1946,6379,2795,2026-01-08,25,20,2026-01-28,,IN_GRACE
FDX20253535087,CUST673619,Wright-Jones,Mid,2025-12-24,47745,236095,103610,2026-01-08,15,12,2026-01-20,,ELIGIBLE
FDX20253987481,CUST197627,Livingston-Carter,Small,2026-01-11,31197,105920,62136,2026-01-21,10,7,2026-01-28,,IN_GRACE
FDX20258191191,CUST454366,Carter-Martin,Small,2025-12-31,56145,296485,182255,2026-01-10,10,7,2026-01-17,2026-01-17,RESOLVED_IN_GRACE
FDX20259899988,CUST722886,Sawyer-Wilson,Small,2025-12-25,43024,119170,53958,2026-01-04,10,7,2026-01-11,,IN_GRACE
FDX20256617751,CUST743453,Carter-Duran,Mid,2025-12-30,56645,143104,69451,2026-01-14,15,12,2026-01-26,2026-01-25,RESOLVED_IN_GRACE
FDX20254042807,CUST606186,Freeman-Rodriguez,Small,2026-01-14,59246,223985,207535,2026-01-24,10,7,2026-01-31,2026-01-26,RESOLVED_IN_GRACE
FDX20258134419,CUST838726,Ramirez-Lee,Mid,2025-12-26,28614,92045,33643,2026-01-10,15,12,2026-01-22,,ELIGIBLE
FDX20253520273,CUST132498,Martinez-Garcia,Mid,2025-12-27,55703,283856,217335,2026-01-11,15,12,2026-01-23,,IN_GRACE
FDX20256059400,CUST552275,Perez-Powers,Small,2025-12-28,57391,184912,177890,2026-01-07,10,7,2026-01-14,2026-01-14,RESOLVED_IN_GRACE
FDX20255815154,CUST785386,"Luna, Short and Freeman",Mid,2025-12-14,11939,46956,12958,2025-12-29,15,12,2026-01-10,,ELIGIBLE
FDX20256844941,CUST273012,Saunders-Brown,Mid,2025-12-31,1505,7169,2138,2026-01-15,15,12,2026-01-27,,IN_GRACE
FDX20252743531,CUST736818,Henson-Reed,Small,2026-01-03,15178,72300,40164,2026-01-13,10,7,2026-01-20,,IN_GRACE
FDX20255548190,CUST555292,"Arellano, Williams and Romero",Small,2026-01-01,23430,93954,79313,2026-01-11,10,7,2026-01-18,2026-01-15,RESOLVED_IN_GRACE
FDX20259376038,CUST264735,Freeman-Small,Small,2026-01-13,4973,18037,15627,2026-01-23,10,7,2026-01-30,,IN_GRACE
FDX20257192680,CUST156157,Harrington-Larson,Small,2026-01-13,22018,66187,39768,2026-01-23,10,7,2026-01-30,,ELIGIBLE
FDX20255452689,CUST206176,Franco-Anderson,Small,2026-01-09,17854,67008,53406,2026-01-19,10,7,2026-01-26,2026-01-25,RESOLVED_IN_GRACE
FDX20252281267,CUST447177,Woods-James,Mega,2025-12-01,4214,24208,13282,2026-01-05,35,30,2026-02-04,,ELIGIBLE
FDX20251036553,CUST315535,Williams-Santiago,Mid,2025-12-26,55807,262976,77685,2026-01-10,15,12,2026-01-22,2026-01-12,RESOLVED_IN_GRACE
FDX20253493814,CUST299212,Vasquez-Hicks,Small,2025-12-31,55898,285788,242340,2026-01-10,10,7,2026-01-17,,ELIGIBLE
FDX20253459356,CUST529161,Austin-Terry,Small,2026-01-10,57429,151682,61694,2026-01-20,10,7,2026-01-27,,ELIGIBLE
FDX20256373004,CUST831063,Mayo-Meadows,Small,2026-01-05,21346,97793,28239,2026-01-15,10,7,2026-01-22,,IN_GRACE
FDX20253479340,CUST681028,Herrera LLC,Mid,2025-12-13,6933,27681,14876,2025-12-28,15,12,2026-01-09,2025-12-30,RESOLVED_IN_GRACE
FDX20257553173,CUST857111,Evans-Boyd,Small,2026-01-04,47881,149194,122877,2026-01-14,10,7,2026-01-21,2026-01-17,RESOLVED_IN_GRACE
FDX20258494305,CUST865433,Rios-Campbell,Small,2026-01-06,41558,210441,56793,2026-01-16,10,7,2026-01-23,2026-01-23,RESOLVED_IN_GRACE
FDX20259026757,CUST666362,Holland-Watts,Small,2025-12-24,11402,60088,38024,2026-01-03,10,7,2026-01-10,2026-01-08,RESOLVED_IN_GRACE
FDX20252129335,CUST378150,Ward-Maxwell,Large,2025-12-09,52648,181569,157353,2026-01-03,25,20,2026-01-23,2026-01-12,RESOLVED_IN_GRACE
FDX20252898577,CUST792687,Thomas-Davis,Large,2025-12-01,53711,263879,180781,2025-12-26,25,20,2026-01-15,2026-01-15,RESOLVED_IN_GRACE
FDX20258171473,CUST395198,Rogers-Stephens,Mid,2026-01-04,30140,130025,36652,2026-01-19,15,12,2026-01-31,2026-01-25,RESOLVED_IN_GRACE
FDX20255672054,CUST411847,Parker-Harvey,Small,2026-01-13,18321,105621,84174,2026-01-23,10,7,2026-01-30,,IN_GRACE
FDX20253427123,CUST349087,Walter Inc,Mid,2025-12-26,56725,228919,155297,2026-01-10,15,12,2026-01-22,2026-01-13,RESOLVED_IN_GRACE
FDX20252517449,CUST200575,Brown-Clayton,Small,2025-12-27,22263,117548,68130,2026-01-06,10,7,2026-01-13,,ELIGIBLE
FDX20256419936,CUST152046,Avila-Snyder,Small,2025-12-31,2039,11956,6517,2026-01-10,10,7,2026-01-17,2026-01-12,RESOLVED_IN_GRACE
FDX20253139694,CUST511987,Smith-Archer,Small,2026-01-06,13261,53442,39522,2026-01-16,10,7,2026-01-23,2026-01-23,RESOLVED_IN_GRACE
FDX20254051311,CUST699544,Burton Group,Large,2025-12-02,18600,96118,26057,2025-12-27,25,20,2026-01-16,,IN_GRACE
FDX20257459520,CUST676363,Morgan-Bentley,Mid,2025-12-15,26848,144539,141762,2025-12-30,15,12,2026-01-11,,IN_GRACE
FDX20256915793,CUST980651,"Escobar, Murphy and Anderson",Mega,2025-12-01,18765,112478,73163,2026-01-05,35,30,2026-02-04,,ELIGIBLE
FDX20256357229,CUST614796,"Parks, Peters and Moore",Mid,2025-12-25,51102,156493,153385,2026-01-09,15,12,2026-01-21,,ELIGIBLE
FDX20259291408,CUST261050,Bridges and Sons,Small,2026-01-13,49269,252153,137745,2026-01-23,10,7,2026-01-30,,IN_GRACE
FDX20258110722,CUST157152,Lozano-Suarez,Small,2026-01-11,57384,211054,85143,2026-01-21,10,7,2026-01-28,,IN_GRACE
FDX20259074681,CUST478356,"Flores, Davis and Jackson",Small,2026-01-01,49913,260630,91688,2026-01-11,10,7,2026-01-18,2026-01-15,RESOLVED_IN_GRACE
FDX20257944833,CUST104000,West-Maldonado,Small,2026-01-13,52432,261889,81102,2026-01-23,10,7,2026-01-30,2026-01-30,RESOLVED_IN_GRACE
FDX20256594616,CUST548377,Tran-Chambers,Mid,2025-12-14,9089,32555,27496,2025-12-29,15,12,2026-01-10,,IN_GRACE
FDX20253318968,CUST191884,Perkins-Frost,Small,2025-12-29,38074,120648,88232,2026-01-08,10,7,2026-01-15,,ELIGIBLE
FDX20255125653,CUST408857,Bush-Delgado,Mid,2025-12-25,5138,24939,23368,2026-01-09,15,12,2026-01-21,2026-01-10,RESOLVED_IN_GRACE
FDX20257428781,CUST963918,Brown-Daniel,Mid,2026-01-04,6457,34738,22815,2026-01-19,15,12,2026-01-31,,ELIGIBLE
FDX20258023943,CUST794178,Shelton PLC,Small,2025-12-25,45485,200303,138315,2026-01-04,10,7,2026-01-11,,IN_GRACE
FDX20259339992,CUST755455,King-Johnston,Large,2025-12-13,33619,89557,70100,2026-01-07,25,20,2026-01-27,,IN_GRACE
FDX20259955185,CUST729371,Mccarthy-Kim,Small,2025-12-28,12667,57979,44904,2026-01-07,10,7,2026-01-14,,ELIGIBLE
FDX20259264480,CUST603660,"Hebert, Freeman and Price",Small,2026-01-05,49866,268425,149852,2026-01-15,10,7,2026-01-22,,ELIGIBLE
FDX20259933438,CUST309374,Santiago-Hill,Small,2025-12-31,57223,228541,69448,2026-01-10,10,7,2026-01-17,2026-01-13,RESOLVED_IN_GRACE
FDX20259996153,CUST201698,"Mcdonald, Barrett and Thomas",Mega,2025-12-01,19249,86092,31230,2026-01-05,35,30,2026-02-04,,ELIGIBLE
FDX20254860680,CUST126985,Allen-Golden,Large,2025-12-08,21095,89305,39104,2026-01-02,25,20,2026-01-22,,ELIGIBLE
FDX20257452974,CUST317005,Fuentes-Williams,Small,2026-01-07,42403,174315,80400,2026-01-17,10,7,2026-01-24,,ELIGIBLE
FDX20252402872,CUST279130,Stewart Ltd,Small,2026-01-11,50568,232432,179984,2026-01-21,10,7,2026-01-28,2026-01-28,RESOLVED_IN_GRACE
FDX20258077313,CUST769191,Dean-Holmes,Small,2026-01-09,42732,111753,50673,2026-01-19,10,7,2026-01-26,,ELIGIBLE
FDX20259840685,CUST405986,Deleon-Hill,Small,2026-01-11,47373,209277,58809,2026-01-21,10,7,2026-01-28,,ELIGIBLE
FDX20254679813,CUST185916,Silva-Bennett,Small,2026-01-01,5746,25126,9804,2026-01-11,10,7,2026-01-18,,ELIGIBLE
FDX20252463815,CUST596574,Wells-Durham,Small,2025-12-22,16398,69716,60246,2026-01-01,10,7,2026-01-08,,ELIGIBLE
FDX20254945884,CUST984756,Koch-Johnson,Large,2025-12-01,35041,173837,143844,2025-12-26,25,20,2026-01-15,,ELIGIBLE
FDX20257068477,CUST221119,Peck-Orozco,Small,2025-12-30,52022,176396,105854,2026-01-09,10,7,2026-01-16,2026-01-14,RESOLVED_IN_GRACE
FDX20251048085,CUST423331,Bush-Stout,Small,2026-01-01,18019,102572,98945,2026-01-11,10,7,2026-01-18,2026-01-15,RESOLVED_IN_GRACE
FDX20254410466,CUST923002,Quinn-Christensen,Mid,2025-12-24,4318,15600,6660,2026-01-08,15,12,2026-01-20,,IN_GRACE
FDX20251287807,CUST516774,Ward-Ellis,Small,2025-12-27,18197,49605,31664,2026-01-06,10,7,2026-01-13,2026-01-12,RESOLVED_IN_GRACE
FDX20257080036,CUST593821,Morgan-Green,Large,2025-12-08,38425,228420,68938,2026-01-02,25,20,2026-01-22,,ELIGIBLE
FDX20258951164,CUST612855,Perkins-Adams,Small,2026-01-12,20820,71693,21185,2026-01-22,10,7,2026-01-29,,IN_GRACE
FDX20253241313,CUST793150,Booker-Thompson,Small,2025-12-22,30682,126794,117119,2026-01-01,10,7,2026-01-08,,ELIGIBLE
FDX20252848116,CUST377877,Rhodes Inc,Mega,2025-12-01,36822,102356,65601,2026-01-05,35,30,2026-02-04,2026-01-26,RESOLVED_IN_GRACE
FDX20251999542,CUST195563,Santana-Barton,Mid,2025-12-26,2195,5848,3952,2026-01-10,15,12,2026-01-22,2026-01-19,RESOLVED_IN_GRACE
FDX20256861079,CUST773045,Williams-Mcdonald,Large,2025-12-12,6599,25169,13806,2026-01-06,25,20,2026-01-26,,IN_GRACE
FDX20257054201,CUST670557,Alexander-Jones,Mid,2025-12-18,29414,120714,105013,2026-01-02,15,12,2026-01-14,2026-01-10,RESOLVED_IN_GRACE
FDX20253337892,CUST506351,Griffin-Gay,Small,2026-01-14,11603,43793,31131,2026-01-24,10,7,2026-01-31,,ELIGIBLE
FDX20255944200,CUST293862,Watts PLC,Large,2025-12-16,50536,296879,256793,2026-01-10,25,20,2026-01-30,2026-01-25,RESOLVED_IN_GRACE
FDX20258724035,CUST489043,Hart-Graves,Small,2025-12-22,27153,121767,40885,2026-01-01,10,7,2026-01-08,,ELIGIBLE
FDX20253418271,CUST499974,Mccann-Moore,Small,2025-12-29,46272,128098,87282,2026-01-08,10,7,2026-01-15,2026-01-11,RESOLVED_IN_GRACE
FDX20258064499,CUST487345,Lewis-Sweeney,Mid,2025-12-31,9462,53735,14936,2026-01-15,15,12,2026-01-27,,ELIGIBLE
FDX20255068431,CUST295646,Williams-Newton,Small,2025-12-31,22631,61526,24550,2026-01-10,10,7,2026-01-17,2026-01-17,RESOLVED_IN_GRACE
FDX20254535586,CUST567429,Castro-Rodriguez,Mid,2025-12-12,33895,141415,35717,2025-12-27,15,12,2026-01-08,,IN_GRACE
FDX20254767947,CUST146784,Robinson-Schultz,Small,2026-01-11,6764,39448,34017,2026-01-21,10,7,2026-01-28,,ELIGIBLE
FDX20251937270,CUST376085,Hodges PLC,Small,2025-12-27,58562,266245,149752,2026-01-06,10,7,2026-01-13,,ELIGIBLE
FDX20253311922,CUST561101,Henson-White,Small,2026-01-12,51161,156969,144269,2026-01-22,10,7,2026-01-29,2026-01-28,RESOLVED_IN_GRACE
FDX20252966890,CUST587648,Snyder-Kirby,Small,2026-01-02,36685,207131,38249,2026-01-12,10,7,2026-01-19,2026-01-13,RESOLVED_IN_GRACE
FDX20253400426,CUST376195,Johnson-Decker,Small,2026-01-02,30911,139307,103472,2026-01-12,10,7,2026-01-19,,IN_GRACE
FDX20257332741,CUST337232,Chapman-Fowler,Small,2026-01-11,17911,56509,51131,2026-01-21,10,7,2026-01-28,,ELIGIBLE
FDX20251442027,CUST977740,Steele-Rios,Large,2025-12-14,20108,98468,67633,2026-01-08,25,20,2026-01-28,2026-01-23,RESOLVED_IN_GRACE
FDX20258125430,CUST381607,Garcia-Jensen,Mid,2025-12-16,30126,88769,64825,2025-12-31,15,12,2026-01-12,,ELIGIBLE
FDX20257235826,CUST691655,Ward-Garrison,Mega,2025-12-01,42468,218339,169134,2026-01-05,35,30,2026-02-04,,ELIGIBLE
FDX20251907367,CUST164633,Warner-Ferguson,Small,2026-01-01,33102,187500,45092,2026-01-11,10,7,2026-01-18,,ELIGIBLE
FDX20252778549,CUST258471,Johnson-Moore,Mid,2026-01-01,29907,130848,93883,2026-01-16,15,12,2026-01-28,2026-01-19,RESOLVED_IN_GRACE
FDX20252237660,CUST888775,Dawson-Murphy,Small,2025-12-26,46592,140686,125774,2026-01-05,10,7,2026-01-12,,IN_GRACE
FDX20258999822,CUST830302,Villa-Jackson,Large,2025-12-09,49087,164482,153732,2026-01-03,25,20,2026-01-23,,ELIGIBLE
FDX20253653705,CUST799891,Padilla-Pham,Mid,2025-12-19,55736,185707,128249,2026-01-03,15,12,2026-01-15,,IN_GRACE
FDX20251506432,CUST201400,Williams-Benitez,Large,2025-12-08,51289,189185,129773,2026-01-02,25,20,2026-01-22,,IN_GRACE
FDX20253464349,CUST189870,Goodwin-Stone,Mid,2025-12-17,39916,130544,73856,2026-01-01,15,12,2026-01-13,,ELIGIBLE
FDX20257127781,CUST800596,Mcintosh-Douglas,Small,2025-12-27,14954,38084,35764,2026-01-06,10,7,2026-01-13,,IN_GRACE
FDX20253370243,CUST460491,Lang-Gonzales,Mid,2026-01-01,40288,140315,54803,2026-01-16,15,12,2026-01-28,,ELIGIBLE
FDX20252325287,CUST947438,Garcia-Cox,Small,2026-01-11,25248,83887,54901,2026-01-21,10,7,2026-01-28,2026-01-23,RESOLVED_IN_GRACE
FDX20255111186,CUST667750,Hernandez-Craig,Small,2025-12-22,50345,221162,213440,2026-01-01,10,7,2026-01-08,2026-01-05,RESOLVED_IN_GRACE
FDX20252292941,CUST534096,Johnson-Bridges,Small,2026-01-02,36544,120464,62270,2026-01-12,10,7,2026-01-19,2026-01-16,RESOLVED_IN_GRACE
FDX20251209341,CUST893202,"Hartman, Hernandez and Hayes",Mid,2025-12-12,55813,261131,129315,2025-12-27,15,12,2026-01-08,,ELIGIBLE
FDX20257987624,CUST718372,Barton-Romero,Mid,2025-12-24,52955,312772,67211,2026-01-08,15,12,2026-01-20,2026-01-17,RESOLVED_IN_GRACE
FDX20253511838,CUST338564,"Holt, Doyle and Barker",Mid,2025-12-25,45924,265865,72730,2026-01-09,15,12,2026-01-21,,IN_GRACE
FDX20254060575,CUST680493,Wilson-Perkins,Large,2025-12-13,12678,34640,23992,2026-01-07,25,20,2026-01-27,,ELIGIBLE
FDX20258881344,CUST163946,Kirk Inc,Mid,2025-12-22,40363,171058,146286,2026-01-06,15,12,2026-01-18,2026-01-11,RESOLVED_IN_GRACE
FDX20253350695,CUST981639,Collins-Daniels,Small,2025-12-28,46593,238463,211232,2026-01-07,10,7,2026-01-14,,ELIGIBLE
FDX20259849143,CUST505910,Flowers-Gill,Mid,2025-12-25,59057,350345,264095,2026-01-09,15,12,2026-01-21,,ELIGIBLE
FDX20256024905,CUST958160,Cole Ltd,Large,2025-12-16,40225,240390,181651,2026-01-10,25,20,2026-01-30,2026-01-11,RESOLVED_IN_GRACE
FDX20258888386,CUST647967,"Wolf, Martinez and Swanson",Small,2025-12-29,7437,24371,12849,2026-01-08,10,7,2026-01-15,,ELIGIBLE
FDX20257904201,CUST538967,"Strong, Christensen and Bennett",Mega,2025-12-01,23929,112906,40844,2026-01-05,35,30,2026-02-04,,IN_GRACE
FDX20256659575,CUST661527,Simmons PLC,Large,2025-12-13,5486,31151,12569,2026-01-07,25,20,2026-01-27,2026-01-21,RESOLVED_IN_GRACE
FDX20258448641,CUST820442,Macias-Johnson,Mid,2025-12-17,7793,43828,8747,2026-01-01,15,12,2026-01-13,,ELIGIBLE
FDX20251221617,CUST597889,Sullivan-Rodriguez,Small,2026-01-13,57841,291232,199324,2026-01-23,10,7,2026-01-30,,ELIGIBLE
FDX20255811186,CUST700534,Wilson-Walton,Small,2026-01-09,4010,12461,9870,2026-01-19,10,7,2026-01-26,,ELIGIBLE
FDX20252866744,CUST347088,Fuentes-Rivera,Mid,2025-12-13,33670,192152,43758,2025-12-28,15,12,2026-01-09,,ELIGIBLE
FDX20253615355,CUST599397,Ruiz-Clark,Mega,2025-12-01,53412,151844,106290,2026-01-05,35,30,2026-02-04,2026-02-02,RESOLVED_IN_GRACE
FDX20252006646,CUST413369,Perry Inc,Small,2026-01-02,44028,154215,138096,2026-01-12,10,7,2026-01-19,,ELIGIBLE
FDX20251538869,CUST182790,Molina Ltd,Small,2026-01-02,4597,23537,17645,2026-01-12,10,7,2026-01-19,,ELIGIBLE
FDX20253912192,CUST513982,Cordova-Chapman,Mid,2025-12-30,48572,184595,168549,2026-01-14,15,12,2026-01-26,,ELIGIBLE
FDX20259443896,CUST995420,Richardson-Bailey,Mid,2025-12-25,5580,21371,20350,2026-01-09,15,12,2026-01-21,2026-01-15,RESOLVED_IN_GRACE
FDX20253690206,CUST849003,Stanton-Harvey,Small,2026-01-09,23588,140110,69691,2026-01-19,10,7,2026-01-26,,ELIGIBLE
FDX20251182327,CUST136415,Hughes-Hanson,Small,2026-01-13,59499,311996,87183,2026-01-23,10,7,2026-01-30,,IN_GRACE
FDX20257650332,CUST626491,Ibarra PLC,Small,2026-01-08,22343,72011,47995,2026-01-18,10,7,2026-01-25,,ELIGIBLE
FDX20258107177,CUST698967,Henderson-Allen,Small,2026-01-08,30212,125178,40289,2026-01-18,10,7,2026-01-25,,ELIGIBLE
FDX20258621830,CUST641922,Stewart-Cortez,Mid,2025-12-31,30047,167559,138404,2026-01-15,15,12,2026-01-27,,IN_GRACE
FDX20255329433,CUST939333,Lee-Fowler,Small,2026-01-13,11440,66122,38039,2026-01-23,10,7,2026-01-30,,ELIGIBLE
FDX20259420022,CUST699245,West-Kim,Large,2025-12-01,58906,238286,200906,2025-12-26,25,20,2026-01-15,,ELIGIBLE
FDX20256134397,CUST810446,"Butler, Bryan and Morris",Mid,2025-12-28,57838,248552,108395,2026-01-12,15,12,2026-01-24,,ELIGIBLE
FDX20254813710,CUST750403,Lindsey-Morris,Small,2026-01-14,26781,74075,35481,2026-01-24,10,7,2026-01-31,,ELIGIBLE
FDX20258108007,CUST254610,Berg-Wright,Mid,2025-12-14,52654,225940,116478,2025-12-29,15,12,2026-01-10,,ELIGIBLE
FDX20253630678,CUST226124,Sosa LLC,Large,2025-12-01,57974,243426,192567,2025-12-26,25,20,2026-01-15,,ELIGIBLE
FDX20255560510,CUST893969,Stewart-Duran,Small,2026-01-04,33493,108374,52405,2026-01-14,10,7,2026-01-21,,ELIGIBLE
FDX20252542438,CUST570852,Lane and Sons,Mid,2026-01-02,54543,152246,135654,2026-01-17,15,12,2026-01-29,,ELIGIBLE
FDX20259749335,CUST281276,Flores-Hernandez,Mid,2026-01-02,11210,39676,21899,2026-01-17,15,12,2026-01-29,,IN_GRACE
FDX20257334410,CUST275284,Moore-Ingram,Mid,2026-01-02,58718,219122,152981,2026-01-17,15,12,2026-01-29,,IN_GRACE
FDX20253099389,CUST322182,"Pineda, Cross and Thornton",Large,2025-12-01,4514,24475,22522,2025-12-26,25,20,2026-01-15,,IN_GRACE
FDX20254554492,CUST947732,Mata-Bell,Mid,2025-12-31,2785,13306,12852,2026-01-15,15,12,2026-01-27,,ELIGIBLE
FDX20257717637,CUST302087,Norman Ltd,Small,2026-01-14,19078,50099,39149,2026-01-24,10,7,2026-01-31,,ELIGIBLE
FDX20251939470,CUST232315,James PLC,Small,2025-12-22,30282,148993,135238,2026-01-01,10,7,2026-01-08,,ELIGIBLE
FDX20254672640,CUST144748,Roman-Mcdaniel,Mid,2026-01-02,31848,187017,85405,2026-01-17,15,12,2026-01-29,2026-01-28,RESOLVED_IN_GRACE
FDX20257581550,CUST543940,Wallace-Palmer,Large,2025-12-01,57998,291493,188550,2025-12-26,25,20,2026-01-15,,ELIGIBLE
FDX20254081870,CUST182175,Smith-Shelton,Mid,2025-12-22,7850,46403,42965,2026-01-06,15,12,2026-01-18,2026-01-10,RESOLVED_IN_GRACE
FDX20252295356,CUST816308,Walters-Torres,Large,2025-12-15,43180,183318,73919,2026-01-09,25,20,2026-01-29,,IN_GRACE
FDX20258859053,CUST556542,Garrett-Riggs,Mid,2026-01-01,50958,142055,57628,2026-01-16,15,12,2026-01-28,,ELIGIBLE
FDX20259009715,CUST311727,"Pace, Romero and Johnson",Large,2025-12-01,43424,109730,100704,2025-12-26,25,20,2026-01-15,,ELIGIBLE
FDX20256254450,CUST962520,Johnson-Morrison,Small,2025-12-29,27026,109850,97793,2026-01-08,10,7,2026-01-15,,IN_GRACE
FDX20257796448,CUST757694,Grant-Barrera,Small,2026-01-05,20693,119270,58336,2026-01-15,10,7,2026-01-22,2026-01-17,RESOLVED_IN_GRACE
FDX20257383228,CUST255061,Burnett-Martinez,Mega,2025-12-01,57313,329798,178653,2026-01-05,35,30,2026-02-04,,ELIGIBLE
FDX20253765293,CUST974625,Johnson-Cooper,Small,2026-01-06,3290,8320,5556,2026-01-16,10,7,2026-01-23,2026-01-20,RESOLVED_IN_GRACE
FDX20251917238,CUST723952,Ryan-Gordon,Small,2025-12-27,5561,21279,17055,2026-01-06,10,7,2026-01-13,2026-01-13,RESOLVED_IN_GRACE
FDX20257232368,CUST370413,Garza-Allen,Small,2025-12-31,22024,109335,22195,2026-01-10,10,7,2026-01-17,2026-01-16,RESOLVED_IN_GRACE
FDX20258117262,CUST435281,Preston-Smith,Mid,2025-12-22,36475,171038,166629,2026-01-06,15,12,2026-01-18,2026-01-07,RESOLVED_IN_GRACE
FDX20254267037,CUST862422,Richardson-Henderson,Mid,2026-01-04,26653,102797,100739,2026-01-19,15,12,2026-01-31,,IN_GRACE
FDX20255528498,CUST946561,Larson-Anderson,Small,2026-01-09,58005,324119,186443,2026-01-19,10,7,2026-01-26,,ELIGIBLE
FDX20252818665,CUST170267,Lewis-Sharp,Small,2026-01-11,32322,129690,114087,2026-01-21,10,7,2026-01-28,,IN_GRACE
FDX20252751542,CUST191254,Jones-Bowman,Small,2026-01-02,53719,135690,91025,2026-01-12,10,7,2026-01-19,2026-01-15,RESOLVED_IN_GRACE
FDX20252305411,CUST506951,"Sharp, Conway and Huff",Large,2025-12-13,32136,160372,160262,2026-01-07,25,20,2026-01-27,,IN_GRACE
FDX20257085123,CUST683390,Montgomery-Young,Mega,2025-12-01,4838,22413,12786,2026-01-05,35,30,2026-02-04,,ELIGIBLE
FDX20256628280,CUST516656,"Roach, Knight and Brown",Large,2025-12-15,5280,21811,20677,2026-01-09,25,20,2026-01-29,,ELIGIBLE
FDX20251470581,CUST678870,"Mccullough, Watson and Juarez",Mid,2025-12-19,2467,8239,6469,2026-01-03,15,12,2026-01-15,2026-01-14,RESOLVED_IN_GRACE
FDX20255018645,CUST441968,Pena-Williams,Large,2025-12-04,36218,166166,39311,2025-12-29,25,20,2026-01-18,,IN_GRACE
FDX20255734646,CUST998235,Bell-Robinson,Small,2026-01-05,11973,59780,39855,2026-01-15,10,7,2026-01-22,,IN_GRACE
FDX20253730666,CUST389617,Miller-Landry,Mid,2026-01-01,18728,95097,33615,2026-01-16,15,12,2026-01-28,,ELIGIBLE
FDX20252786178,CUST644932,Gomez-Rivera,Mid,2025-12-26,13825,34849,15390,2026-01-10,15,12,2026-01-22,,ELIGIBLE
FDX20252095873,CUST580412,Hopkins-Jackson,Small,2025-12-25,22513,62826,30263,2026-01-04,10,7,2026-01-11,,ELIGIBLE
FDX20254555258,CUST112964,"Becker, Gonzalez and Levine",Large,2025-12-01,42340,248828,128263,2025-12-26,25,20,2026-01-15,2026-01-11,RESOLVED_IN_GRACE
FDX20251184163,CUST924758,Robertson and Sons,Large,2025-12-14,23022,96716,86224,2026-01-08,25,20,2026-01-28,,ELIGIBLE
FDX20256186174,CUST834435,Clark Ltd,Mid,2025-12-25,15246,73643,48534,2026-01-09,15,12,2026-01-21,2026-01-10,RESOLVED_IN_GRACE
FDX20254149818,CUST753323,Rodriguez-Taylor,Mid,2025-12-30,37016,129600,60602,2026-01-14,15,12,2026-01-26,,ELIGIBLE
FDX20254384399,CUST716118,Garcia-Porter,Small,2026-01-09,33266,123463,36459,2026-01-19,10,7,2026-01-26,,ELIGIBLE
FDX20251543024,CUST647945,Villanueva-Rhodes,Small,2025-12-31,26587,87427,60044,2026-01-10,10,7,2026-01-17,,ELIGIBLE
FDX20255032154,CUST919656,Williams-Collins,Small,2026-01-05,12287,63575,33619,2026-01-15,10,7,2026-01-22,,ELIGIBLE
FDX20255515889,CUST539976,Bryant-King,Large,2025-12-01,52883,132906,111133,2025-12-26,25,20,2026-01-15,2026-01-01,RESOLVED_IN_GRACE
FDX20252426723,CUST217984,Smith-Mccarthy,Mid,2025-12-17,24075,101439,53395,2026-01-01,15,12,2026-01-13,2026-01-04,RESOLVED_IN_GRACE
FDX20251752869,CUST534574,Willis-Hamilton,Small,2025-12-26,2361,11971,4655,2026-01-05,10,7,2026-01-12,2026-01-10,RESOLVED_IN_GRACE
FDX20259116934,CUST256911,Kim-Williamson,Large,2025-12-03,25140,72413,46085,2025-12-28,25,20,2026-01-17,,ELIGIBLE
FDX20251766393,CUST255398,Perry-Hernandez,Large,2025-12-12,56695,238676,71397,2026-01-06,25,20,2026-01-26,,ELIGIBLE
FDX20251806126,CUST694116,"Vaughn, Walker and Cook",Mid,2025-12-22,9172,29107,19968,2026-01-06,15,12,2026-01-18,,ELIGIBLE
FDX20256277781,CUST716493,Smith-James,Mega,2025-12-01,11789,46045,42467,2026-01-05,35,30,2026-02-04,,ELIGIBLE
FDX20252563819,CUST710981,Jefferson-Ruiz,Small,2025-12-24,6783,19967,19906,2026-01-03,10,7,2026-01-10,,IN_GRACE
FDX20256177530,CUST895216,Phillips-Velazquez,Mid,2025-12-21,30186,147929,97051,2026-01-05,15,12,2026-01-17,,ELIGIBLE
FDX20251142249,CUST205071,Horton-Rodriguez,Small,2025-12-29,32562,169549,123139,2026-01-08,10,7,2026-01-15,2026-01-09,RESOLVED_IN_GRACE
FDX20256983579,CUST210766,Collins-Lee,Mid,2025-12-31,48656,216390,80659,2026-01-15,15,12,2026-01-27,,ELIGIBLE
FDX20255737922,CUST690016,Morgan-Bailey,Small,2025-12-27,15148,78657,64049,2026-01-06,10,7,2026-01-13,,ELIGIBLE
FDX20257679620,CUST917411,Salazar-Harvey,Small,2026-01-01,46826,148617,116372,2026-01-11,10,7,2026-01-18,,ELIGIBLE
FDX20259392233,CUST205896,Downs and Sons,Mid,2026-01-02,43122,177858,66136,2026-01-17,15,12,2026-01-29,,ELIGIBLE
FDX20254269606,CUST923914,Humphrey-Sellers,Mid,2026-01-04,35112,90992,58630,2026-01-19,15,12,2026-01-31,,ELIGIBLE
FDX20256275972,CUST399990,Suarez-Jones,Small,2026-01-11,50564,150681,88508,2026-01-21,10,7,2026-01-28,,IN_GRACE
FDX20257553873,CUST661652,"Costa, Wong and Jacobson",Small,2026-01-12,8173,24599,8896,2026-01-22,10,7,2026-01-29,2026-01-28,RESOLVED_IN_GRACE
FDX20256969959,CUST460572,Roberts-Poole,Large,2025-12-01,55555,139736,120122,2025-12-26,25,20,2026-01-15,2026-01-04,RESOLVED_IN_GRACE
FDX20253172932,CUST530849,Kelly-Dixon,Large,2025-12-01,42915,118222,78939,2025-12-26,25,20,2026-01-15,,ELIGIBLE
FDX20252633762,CUST376967,"Watkins, Sampson and Cox",Mega,2025-12-01,49667,222125,67426,2026-01-05,35,30,2026-02-04,2026-01-16,RESOLVED_IN_GRACE
FDX20256558596,CUST501650,Smith-Ortiz,Small,2025-12-27,29537,149926,108666,2026-01-06,10,7,2026-01-13,2026-01-13,RESOLVED_IN_GRACE
FDX20257833134,CUST786594,Harris-Rodriguez,Mid,2025-12-16,15448,52793,25542,2025-12-31,15,12,2026-01-12,,ELIGIBLE
FDX20259448643,CUST609172,Morrison-Williams,Small,2026-01-02,32486,134583,124257,2026-01-12,10,7,2026-01-19,2026-01-17,RESOLVED_IN_GRACE
FDX20252694547,CUST699809,Simpson PLC,Small,2025-12-24,11028,52648,47843,2026-01-03,10,7,2026-01-10,2026-01-08,RESOLVED_IN_GRACE
FDX20259425133,CUST738543,"Gordon, Watts and Robertson",Mid,2025-12-30,39767,168945,98496,2026-01-14,15,12,2026-01-26,,ELIGIBLE
FDX20253519714,CUST596025,Mullins-Gonzalez,Mid,2025-12-27,16319,74281,46823,2026-01-11,15,12,2026-01-23,,IN_GRACE
FDX20251397373,CUST139285,Paul-Obrien,Small,2025-12-22,56377,301309,109609,2026-01-01,10,7,2026-01-08,,ELIGIBLE
FDX20257410771,CUST280564,"Lucero, Smith and Bennett",Small,2026-01-05,4255,19932,19585,2026-01-15,10,7,2026-01-22,2026-01-17,RESOLVED_IN_GRACE
FDX20259001944,CUST388792,Mccarthy-Larson,Small,2026-01-04,45696,211136,92401,2026-01-14,10,7,2026-01-21,,IN_GRACE
FDX20251627606,CUST522548,Knight-Solis,Large,2025-12-01,57256,196526,69953,2025-12-26,25,20,2026-01-15,2026-01-08,RESOLVED_IN_GRACE
FDX20255867395,CUST250840,Huff-White,Small,2025-12-27,4857,24166,18382,2026-01-06,10,7,2026-01-13,2026-01-08,RESOLVED_IN_GRACE
FDX20253704873,CUST748276,Irwin-Glass,Mid,2026-01-04,28465,77108,57231,2026-01-19,15,12,2026-01-31,,IN_GRACE
FDX20253542382,CUST738221,Nelson-Hopkins,Small,2026-01-05,6805,21884,11747,2026-01-15,10,7,2026-01-22,2026-01-22,RESOLVED_IN_GRACE
FDX20258769633,CUST813884,Silva-Black,Small,2025-12-30,54781,169221,81465,2026-01-09,10,7,2026-01-16,,IN_GRACE
FDX20252321253,CUST827356,Esparza LLC,Small,2026-01-11,32772,108823,71710,2026-01-21,10,7,2026-01-28,2026-01-26,RESOLVED_IN_GRACE
FDX20252565160,CUST521233,Meyer-Townsend,Mid,2025-12-30,7172,22416,17742,2026-01-14,15,12,2026-01-26,,ELIGIBLE
FDX20254885101,CUST140666,Johnson-Hart,Mid,2025-12-22,22008,125170,31119,2026-01-06,15,12,2026-01-18,,ELIGIBLE
FDX20254617959,CUST515018,Rivera-Sanders,Small,2026-01-05,38691,154877,95085,2026-01-15,10,7,2026-01-22,,ELIGIBLE
FDX20253363282,CUST447596,Watson-Knight,Small,2026-01-04,27017,143380,64656,2026-01-14,10,7,2026-01-21,,ELIGIBLE
FDX20253701920,CUST824056,Rodriguez-Ramirez,Large,2025-12-13,58492,195956,171391,2026-01-07,25,20,2026-01-27,,ELIGIBLE
FDX20259415785,CUST349119,Norris-Perez,Mid,2025-12-16,20995,79692,49013,2025-12-31,15,12,2026-01-12,,ELIGIBLE
FDX20259662089,CUST151685,Humphrey-Garcia,Small,2025-12-30,24433,86635,29940,2026-01-09,10,7,2026-01-16,,ELIGIBLE
FDX20259779300,CUST881975,Walters-Morris,Small,2025-12-28,44608,191797,127214,2026-01-07,10,7,2026-01-14,,ELIGIBLE
FDX20256727998,CUST598302,"Solomon, Lewis and Rodriguez",Small,2025-12-29,46915,273572,254584,2026-01-08,10,7,2026-01-15,2026-01-11,RESOLVED_IN_GRACE
FDX20258507472,CUST381631,Harris-Johnson,Small,2025-12-22,25933,119975,98274,2026-01-01,10,7,2026-01-08,,IN_GRACE
FDX20253201130,CUST490532,Baker-Jackson,Small,2026-01-01,51348,159130,99603,2026-01-11,10,7,2026-01-18,2026-01-12,RESOLVED_IN_GRACE
FDX20256687823,CUST121215,Young-Chandler,Small,2025-12-29,50923,269664,203925,2026-01-08,10,7,2026-01-15,2026-01-11,RESOLVED_IN_GRACE
FDX20255879512,CUST454278,"Jordan, Fowler and Beard",Small,2025-12-28,8634,51605,27871,2026-01-07,10,7,2026-01-14,,ELIGIBLE
FDX20257045105,CUST957091,Gonzales-Simpson,Mid,2025-12-20,26500,158162,87503,2026-01-04,15,12,2026-01-16,2026-01-15,RESOLVED_IN_GRACE
FDX20258229326,CUST932204,Ortiz-Garcia,Mid,2025-12-19,8564,38911,23235,2026-01-03,15,12,2026-01-15,,ELIGIBLE
FDX20251671305,CUST417776,Chase-Strickland,Small,2026-01-01,41959,249231,193724,2026-01-11,10,7,2026-01-18,2026-01-15,RESOLVED_IN_GRACE
FDX20257503423,CUST426053,Woodard-Ibarra,Mid,2025-12-17,59001,255204,118839,2026-01-01,15,12,2026-01-13,,ELIGIBLE
FDX20255011610,CUST393964,"Shea, Davis and Bell",Small,2025-12-26,17219,87204,23296,2026-01-05,10,7,2026-01-12,2026-01-07,RESOLVED_IN_GRACE
FDX20254503428,CUST983788,"Mason, Schwartz and Chase",Mid,2025-12-30,14507,36780,23721,2026-01-14,15,12,2026-01-26,,ELIGIBLE
FDX20252258262,CUST615500,Mcmahon-Rogers,Small,2026-01-08,11700,43025,19586,2026-01-18,10,7,2026-01-25,2026-01-25,RESOLVED_IN_GRACE
FDX20253556871,CUST999924,Charles-Burton,Small,2026-01-02,16050,85443,83964,2026-01-12,10,7,2026-01-19,2026-01-17,RESOLVED_IN_GRACE
FDX20259347047,CUST830000,Smith-Torres,Small,2026-01-08,42876,169925,56460,2026-01-18,10,7,2026-01-25,,IN_GRACE
FDX20252634202,CUST818119,"Hays, Gilbert and Hines",Mid,2025-12-14,44846,261536,146186,2025-12-29,15,12,2026-01-10,,IN_GRACE
FDX20251250681,CUST202988,Wilcox Inc,Small,2025-12-22,1766,5604,3094,2026-01-01,10,7,2026-01-08,,IN_GRACE
FDX20253392808,CUST339030,Bush-Gonzalez,Mid,2025-12-25,3275,18190,15174,2026-01-09,15,12,2026-01-21,,IN_GRACE
FDX20256193258,CUST240913,Herring-Porter,Large,2025-12-01,48273,160936,113240,2025-12-26,25,20,2026-01-15,2025-12-27,RESOLVED_IN_GRACE
FDX20252462431,CUST415076,"Guerrero, Hill and Wilkins",Large,2025-12-01,18441,46479,19235,2025-12-26,25,20,2026-01-15,2026-01-05,RESOLVED_IN_GRACE
FDX20259370358,CUST879850,Levy-Bautista,Mid,2026-01-03,17566,94691,89166,2026-01-18,15,12,2026-01-30,,ELIGIBLE
FDX20252578970,CUST564635,Fuller-Carr,Small,2025-12-26,30042,124851,86237,2026-01-05,10,7,2026-01-12,,ELIGIBLE
FDX20258630409,CUST911630,Garcia-Warren,Small,2026-01-02,35257,127884,96507,2026-01-12,10,7,2026-01-19,2026-01-13,RESOLVED_IN_GRACE
FDX20256263326,CUST965938,Lester-Williams,Mid,2025-12-23,54700,267728,225701,2026-01-07,15,12,2026-01-19,,ELIGIBLE
FDX20253847389,CUST436454,"Ibarra, Richards and Campbell",Small,2025-12-27,11515,54260,14321,2026-01-06,10,7,2026-01-13,,ELIGIBLE
FDX20255959482,CUST382507,"Stanton, Daniel and Koch",Small,2026-01-06,49880,166693,110711,2026-01-16,10,7,2026-01-23,,ELIGIBLE
FDX20253709058,CUST864201,Bray PLC,Large,2025-12-01,22109,117745,88462,2025-12-26,25,20,2026-01-15,,ELIGIBLE
FDX20252143565,CUST537017,Braun-Phillips,Small,2026-01-02,41213,212730,153049,2026-01-12,10,7,2026-01-19,,ELIGIBLE
FDX20255699588,CUST734366,Reynolds-Diaz,Large,2025-12-08,14773,64019,47768,2026-01-02,25,20,2026-01-22,,ELIGIBLE
FDX20257095636,CUST776913,Smith-Grant,Mega,2025-12-01,3396,14337,6757,2026-01-05,35,30,2026-02-04,,ELIGIBLE
FDX20256928539,CUST193624,Kim-Faulkner,Small,2025-12-27,33319,108663,102776,2026-01-06,10,7,2026-01-13,2026-01-07,RESOLVED_IN_GRACE
FDX20252497018,CUST297064,Casey-Gibson,Small,2026-01-12,56755,287312,259819,2026-01-22,10,7,2026-01-29,2026-01-27,RESOLVED_IN_GRACE
FDX20252193429,CUST563173,Mathis-Chavez,Mid,2025-12-30,11149,41060,17371,2026-01-14,15,12,2026-01-26,,ELIGIBLE
FDX20254006246,CUST321659,Hanson-Sanders,Large,2025-12-01,59363,159721,133319,2025-12-26,25,20,2026-01-15,,ELIGIBLE
FDX20258729953,CUST963994,Howard-Alvarado,Mid,2025-12-21,31672,83052,37790,2026-01-05,15,12,2026-01-17,,ELIGIBLE
FDX20255327583,CUST526949,Williams-Andrews,Small,2025-12-24,41392,245564,85884,2026-01-03,10,7,2026-01-10,,IN_GRACE
FDX20258940001,CUST876936,Collins-Barnett,Large,2025-12-07,20807,112852,86341,2026-01-01,25,20,2026-01-21,2026-01-03,RESOLVED_IN_GRACE
FDX20255295408,CUST607993,Bishop-Hogan,Mid,2025-12-21,42846,229460,137725,2026-01-05,15,12,2026-01-17,,ELIGIBLE
FDX20258416290,CUST896386,Garner Ltd,Mid,2025-12-12,8006,37173,30694,2025-12-27,15,12,2026-01-08,,ELIGIBLE
FDX20253356313,CUST641590,Diaz-Miller,Small,2025-12-26,27463,86824,34299,2026-01-05,10,7,2026-01-12,,ELIGIBLE
FDX20253079808,CUST492073,Jackson-Bullock,Mid,2025-12-22,1708,8885,5861,2026-01-06,15,12,2026-01-18,,IN_GRACE
FDX20259191626,CUST960899,Perkins-White,Mid,2025-12-18,44768,220455,94083,2026-01-02,15,12,2026-01-14,2026-01-09,RESOLVED_IN_GRACE
FDX20251664254,CUST158936,Curtis-Riggs,Large,2025-12-14,31672,148307,121534,2026-01-08,25,20,2026-01-28,,ELIGIBLE
FDX20257098050,CUST640299,Williams-Simmons,Mid,2025-12-31,12894,65362,55421,2026-01-15,15,12,2026-01-27,,ELIGIBLE
FDX20255808770,CUST929937,Graham-Cunningham,Small,2025-12-28,44109,128103,99633,2026-01-07,10,7,2026-01-14,,ELIGIBLE
FDX20257726643,CUST266694,"Bright, Chen and King",Small,2025-12-31,37180,217132,187645,2026-01-10,10,7,2026-01-17,,ELIGIBLE
FDX20257862438,CUST168804,Wilson-Washington,Small,2026-01-13,26876,68667,27778,2026-01-23,10,7,2026-01-30,,ELIGIBLE
FDX20253163996,CUST426236,Delgado-Miller,Small,2026-01-07,26298,118035,92384,2026-01-17,10,7,2026-01-24,,ELIGIBLE
FDX20258395861,CUST844037,Carlson-Watkins,Large,2025-12-09,46125,252565,62717,2026-01-03,25,20,2026-01-23,2026-01-09,RESOLVED_IN_GRACE
FDX20257152746,CUST631413,Blake-Wheeler,Mid,2025-12-21,33373,160501,39526,2026-01-05,15,12,2026-01-17,2026-01-10,RESOLVED_IN_GRACE
FDX20259597975,CUST522979,Harmon Ltd,Mid,2025-12-19,49138,165687,97567,2026-01-03,15,12,2026-01-15,,ELIGIBLE
FDX20256262096,CUST242239,Schaefer Group,Small,2026-01-01,12762,67576,56801,2026-01-11,10,7,2026-01-18,,IN_GRACE
FDX20257269362,CUST918430,"Goodwin, Novak and Hamilton",Mid,2025-12-12,18949,96842,61223,2025-12-27,15,12,2026-01-08,2026-01-05,RESOLVED_IN_GRACE
FDX20252400738,CUST992647,Sanchez-Adams,Small,2025-12-26,3022,14473,11966,2026-01-05,10,7,2026-01-12,,ELIGIBLE
FDX20257932248,CUST649753,Vargas-Swanson,Large,2025-12-01,52371,150608,141187,2025-12-26,25,20,2026-01-15,2026-01-10,RESOLVED_IN_GRACE
FDX20259488305,CUST696296,Le Inc,Small,2026-01-01,40610,136695,61159,2026-01-11,10,7,2026-01-18,,ELIGIBLE
FDX20258551295,CUST130354,Mcclure-Gonzalez,Small,2025-12-27,42872,182018,69312,2026-01-06,10,7,2026-01-13,,ELIGIBLE
FDX20255409512,CUST282176,Brown-Stevens,Mid,2025-12-25,45135,232463,203602,2026-01-09,15,12,2026-01-21,2026-01-17,RESOLVED_IN_GRACE
FDX20251715977,CUST302127,Ryan-Evans,Small,2025-12-27,2049,6899,3059,2026-01-06,10,7,2026-01-13,2026-01-07,RESOLVED_IN_GRACE
FDX20251957285,CUST973390,"Santos, Mccarthy and Morris",Small,2026-01-01,38043,111435,107664,2026-01-11,10,7,2026-01-18,,ELIGIBLE
FDX20255107344,CUST310477,Phillips-Vasquez,Small,2026-01-01,15402,55832,52021,2026-01-11,10,7,2026-01-18,2026-01-17,RESOLVED_IN_GRACE
FDX20251133260,CUST977633,Lopez-Dyer,Small,2026-01-08,1787,9528,6260,2026-01-18,10,7,2026-01-25,2026-01-25,RESOLVED_IN_GRACE
FDX20253593123,CUST160426,Johnson-Mercer,Small,2026-01-02,24158,94274,57897,2026-01-12,10,7,2026-01-19,,ELIGIBLE
FDX20252766607,CUST361609,Forbes-Malone,Mid,2025-12-15,36280,150475,108498,2025-12-30,15,12,2026-01-11,2026-01-09,RESOLVED_IN_GRACE
FDX20255876475,CUST134677,Harrison-Blair,Small,2025-12-31,4418,24478,13321,2026-01-10,10,7,2026-01-17,,ELIGIBLE
FDX20257305241,CUST578621,Anderson-Stone,Mid,2025-12-22,36495,123570,61712,2026-01-06,15,12,2026-01-18,,IN_GRACE
FDX20253654252,CUST153015,Thornton-Wolf,Small,2026-01-01,18210,72819,70371,2026-01-11,10,7,2026-01-18,2026-01-14,RESOLVED_IN_GRACE
FDX20257698813,CUST477880,Gentry-Rodgers,Small,2026-01-05,36836,141523,127544,2026-01-15,10,7,2026-01-22,2026-01-19,RESOLVED_IN_GRACE
FDX20252224379,CUST838862,Peters-Bell,Mid,2025-12-14,49749,290676,85268,2025-12-29,15,12,2026-01-10,,IN_GRACE
FDX20254742179,CUST308781,Ball-Reid,Small,2026-01-05,26855,74985,38834,2026-01-15,10,7,2026-01-22,2026-01-16,RESOLVED_IN_GRACE
FDX20257513301,CUST387286,Gay-Velazquez,Mid,2025-12-23,15691,43830,37644,2026-01-07,15,12,2026-01-19,,IN_GRACE
FDX20258755747,CUST486244,Miller-Olson,Small,2025-12-31,34553,176525,42299,2026-01-10,10,7,2026-01-17,,ELIGIBLE
FDX20252568722,CUST963508,Rodriguez-Greene,Small,2026-01-03,29179,165121,139934,2026-01-13,10,7,2026-01-20,,ELIGIBLE
FDX20256854207,CUST586768,"Mendez, Davis and Williams",Mid,2026-01-02,50500,235045,128525,2026-01-17,15,12,2026-01-29,2026-01-18,RESOLVED_IN_GRACE
FDX20258816129,CUST629663,Rogers-Graham,Small,2026-01-10,22483,131961,84943,2026-01-20,10,7,2026-01-27,2026-01-26,RESOLVED_IN_GRACE
FDX20258859936,CUST516224,Cook-Velasquez,Small,2026-01-01,46310,195386,104655,2026-01-11,10,7,2026-01-18,,ELIGIBLE
FDX20259977752,CUST766275,"Watson, Smith and Johnson",Large,2025-12-01,43465,115031,113091,2025-12-26,25,20,2026-01-15,,ELIGIBLE
FDX20258798939,CUST229890,Beltran-Wells,Mid,2025-12-13,34182,180455,179876,2025-12-28,15,12,2026-01-09,2025-12-29,RESOLVED_IN_GRACE
FDX20252830713,CUST814263,Vega-Fernandez,Large,2025-12-01,56672,325890,167636,2025-12-26,25,20,2026-01-15,,ELIGIBLE
FDX20252439863,CUST132047,Stevens-Miller,Small,2025-12-27,30672,145366,53344,2026-01-06,10,7,2026-01-13,,ELIGIBLE
FDX20254024485,CUST353690,Neal and Sons,Small,2025-12-27,43601,196670,106832,2026-01-06,10,7,2026-01-13,,ELIGIBLE
FDX20252817783,CUST490559,Hall-Green,Mega,2025-12-01,30258,89658,38562,2026-01-05,35,30,2026-02-04,,IN_GRACE
FDX20257659629,CUST612530,"Hull, Rodriguez and Johnson",Small,2026-01-01,28911,168608,166768,2026-01-11,10,7,2026-01-18,,ELIGIBLE
FDX20258266453,CUST722899,Eaton-Thomas,Large,2025-12-11,36070,155251,39100,2026-01-05,25,20,2026-01-25,2026-01-15,RESOLVED_IN_GRACE
FDX20254346568,CUST567773,Schmidt-Davis,Mid,2025-12-30,6762,27837,17248,2026-01-14,15,12,2026-01-26,,ELIGIBLE
FDX20257736395,CUST286209,Hinton-Anderson,Small,2025-12-29,33390,154321,116830,2026-01-08,10,7,2026-01-15,,ELIGIBLE
FDX20256515017,CUST597635,Glover-Payne,Mid,2025-12-16,7950,27573,22355,2025-12-31,15,12,2026-01-12,2026-01-04,RESOLVED_IN_GRACE
FDX20252081652,CUST715388,Figueroa-Alexander,Large,2025-12-14,48319,141198,85504,2026-01-08,25,20,2026-01-28,,ELIGIBLE
FDX20256323156,CUST678115,Rich Group,Small,2025-12-23,55144,181661,70799,2026-01-02,10,7,2026-01-09,2026-01-09,RESOLVED_IN_GRACE
FDX20256744913,CUST466749,"Calderon, Allen and Bates",Small,2025-12-27,32827,169708,121489,2026-01-06,10,7,2026-01-13,2026-01-10,RESOLVED_IN_GRACE
FDX20259158676,CUST460971,Rivera-Estes,Small,2026-01-12,10512,43981,42000,2026-01-22,10,7,2026-01-29,,ELIGIBLE
FDX20254567426,CUST271456,Underwood-Wilson,Small,2025-12-24,40441,173334,106509,2026-01-03,10,7,2026-01-10,2026-01-05,RESOLVED_IN_GRACE
FDX20258989636,CUST978343,Cabrera-Brown,Large,2025-12-12,14370,43213,30648,2026-01-06,25,20,2026-01-26,,ELIGIBLE
FDX20252918079,CUST371224,Mann-Riley,Mega,2025-12-01,37192,113826,96119,2026-01-05,35,30,2026-02-04,,ELIGIBLE
FDX20255670358,CUST885342,Watts-Miller,Mid,2025-12-31,16313,88125,21427,2026-01-15,15,12,2026-01-27,2026-01-21,RESOLVED_IN_GRACE
FDX20258626564,CUST971230,Gregory-Palmer,Mid,2025-12-17,44051,235325,151137,2026-01-01,15,12,2026-01-13,,ELIGIBLE
FDX20251642271,CUST822312,Pennington Group,Small,2025-12-25,29988,92646,32086,2026-01-04,10,7,2026-01-11,,ELIGIBLE
FDX20253612902,CUST194782,Woodard-Perkins,Small,2025-12-23,36094,130724,37933,2026-01-02,10,7,2026-01-09,,IN_GRACE
FDX20258884747,CUST398916,Hughes-Freeman,Mid,2025-12-31,30370,144194,66315,2026-01-15,15,12,2026-01-27,2026-01-27,RESOLVED_IN_GRACE
FDX20253441316,CUST128783,"Cantrell, Robertson and Knapp",Mid,2025-12-26,27778,102614,29554,2026-01-10,15,12,2026-01-22,2026-01-12,RESOLVED_IN_GRACE
FDX20254581434,CUST505343,Rodriguez-Fernandez,Small,2026-01-14,23261,116114,82115,2026-01-24,10,7,2026-01-31,,ELIGIBLE
FDX20256371840,CUST152062,Blake-Figueroa,Mid,2025-12-29,20787,105219,71406,2026-01-13,15,12,2026-01-25,,IN_GRACE
FDX20251525516,CUST270820,Owen-Taylor,Mid,2025-12-27,10603,34164,30260,2026-01-11,15,12,2026-01-23,,ELIGIBLE
FDX20257380120,CUST995296,Santos-Kelley,Small,2026-01-06,41769,231766,175724,2026-01-16,10,7,2026-01-23,,ELIGIBLE
FDX20252046902,CUST700056,Camacho-Goodman,Small,2026-01-11,44898,195242,156947,2026-01-21,10,7,2026-01-28,2026-01-24,RESOLVED_IN_GRACE
FDX20257064842,CUST917711,Hicks-Joseph,Large,2025-12-01,42861,139976,84292,2025-12-26,25,20,2026-01-15,,ELIGIBLE
FDX20258216043,CUST324729,Ellis-Jimenez,Large,2025-12-08,24018,99458,43638,2026-01-02,25,20,2026-01-22,2026-01-11,RESOLVED_IN_GRACE
FDX20258942495,CUST998746,Malone-Schmidt,Small,2026-01-14,23395,132177,126712,2026-01-24,10,7,2026-01-31,,ELIGIBLE
FDX20254580607,CUST332103,Kim-Mcdaniel,Large,2025-12-01,29150,125552,88711,2025-12-26,25,20,2026-01-15,,ELIGIBLE
FDX20251907270,CUST778827,"James, Newman and Webb",Small,2025-12-27,12937,72327,24645,2026-01-06,10,7,2026-01-13,,IN_GRACE
FDX20254548261,CUST336047,Velasquez-Hoffman,Large,2025-12-16,39022,111928,99737,2026-01-10,25,20,2026-01-30,,IN_GRACE
FDX20251384915,CUST810614,Bond-Lee,Small,2025-12-22,12117,39157,35664,2026-01-01,10,7,2026-01-08,,IN_GRACE
FDX20258095426,CUST316773,Williamson-Graham,Small,2025-12-31,29026,134454,109752,2026-01-10,10,7,2026-01-17,,ELIGIBLE
FDX20255527300,CUST382154,Jordan-Lopez,Small,2026-01-12,19280,53924,47686,2026-01-22,10,7,2026-01-29,,ELIGIBLE
FDX20255229054,CUST783238,Scott-Meyer,Small,2026-01-14,45160,119052,58122,2026-01-24,10,7,2026-01-31,2026-01-27,RESOLVED_IN_GRACE
FDX20253954562,CUST529399,Perez-Lin,Small,2025-12-27,52193,198582,79511,2026-01-06,10,7,2026-01-13,,IN_GRACE
FDX20252402429,CUST638214,Nguyen-Jones,Mid,2025-12-30,16420,74916,27144,2026-01-14,15,12,2026-01-26,,ELIGIBLE
FDX20253377967,CUST121026,"Krueger, West and Hayden",Small,2026-01-08,30223,169570,91403,2026-01-18,10,7,2026-01-25,2026-01-23,RESOLVED_IN_GRACE
FDX20252161974,CUST918207,Chavez-Lloyd,Small,2026-01-06,28183,158395,98640,2026-01-16,10,7,2026-01-23,,ELIGIBLE
FDX20255595368,CUST904858,Torres-Lewis,Large,2025-12-11,35946,118521,66957,2026-01-05,25,20,2026-01-25,2026-01-25,RESOLVED_IN_GRACE
FDX20257795921,CUST815338,Reynolds-Glass,Mid,2026-01-01,10344,39156,37682,2026-01-16,15,12,2026-01-28,2026-01-25,RESOLVED_IN_GRACE
FDX20252370851,CUST109330,Nelson-Jackson,Small,2026-01-03,45173,250488,147481,2026-01-13,10,7,2026-01-20,2026-01-15,RESOLVED_IN_GRACE
FDX20256005260,CUST597126,Hansen and Sons,Small,2026-01-04,11666,52636,28239,2026-01-14,10,7,2026-01-21,,IN_GRACE
FDX20258573586,CUST238741,Gonzalez-Haney,Small,2026-01-14,29235,158176,94901,2026-01-24,10,7,2026-01-31,,ELIGIBLE
FDX20258041764,CUST778818,"Vega, Gay and Richardson",Small,2026-01-04,49973,235364,98919,2026-01-14,10,7,2026-01-21,2026-01-19,RESOLVED_IN_GRACE
FDX20259804312,CUST281614,Walter-Washington,Large,2025-12-13,28519,127753,39906,2026-01-07,25,20,2026-01-27,2026-01-09,RESOLVED_IN_GRACE
FDX20254592084,CUST730343,Williams-Lopez,Small,2026-01-10,16354,64504,42663,2026-01-20,10,7,2026-01-27,2026-01-23,RESOLVED_IN_GRACE
FDX20255352802,CUST939767,Oneill-Hayes,Small,2025-12-22,34086,120432,118158,2026-01-01,10,7,2026-01-08,,IN_GRACE
FDX20254088321,CUST108874,Haley and Sons,Small,2025-12-26,37848,108200,78762,2026-01-05,10,7,2026-01-12,,IN_GRACE
FDX20251901645,CUST334639,Perry-Roach,Small,2026-01-09,14657,68794,57374,2026-01-19,10,7,2026-01-26,,ELIGIBLE
FDX20252550906,CUST364650,Garcia-Vargas,Small,2026-01-06,6690,39860,26705,2026-01-16,10,7,2026-01-23,,ELIGIBLE
FDX20258189612,CUST737894,Martin-Summers,Mid,2025-12-29,56054,292079,98241,2026-01-13,15,12,2026-01-25,2026-01-20,RESOLVED_IN_GRACE
FDX20256738129,CUST944193,"Miller, Lopez and Bennett",Small,2025-12-28,11045,59137,26237,2026-01-07,10,7,2026-01-14,,ELIGIBLE
FDX20255981239,CUST420297,Brown-Barrett,Small,2026-01-02,42584,202308,43650,2026-01-12,10,7,2026-01-19,,ELIGIBLE
FDX20253760410,CUST847362,Lin-Watson,Mid,2025-12-16,43936,214380,52181,2025-12-31,15,12,2026-01-12,,IN_GRACE
FDX20254332044,CUST843826,Heath Inc,Large,2025-12-17,4926,14843,7361,2026-01-11,25,20,2026-01-31,,ELIGIBLE
FDX20256859883,CUST773962,"Nicholson, Goodwin and Gillespie",Small,2026-01-13,55365,250598,163523,2026-01-23,10,7,2026-01-30,2026-01-30,RESOLVED_IN_GRACE
FDX20258031349,CUST388755,Young-Li,Small,2025-12-27,20201,101667,24968,2026-01-06,10,7,2026-01-13,,ELIGIBLE
FDX20259080330,CUST544393,Clark-Mitchell,Small,2025-12-26,39869,213426,59652,2026-01-05,10,7,2026-01-12,,ELIGIBLE
FDX20258977556,CUST494763,Johnson-Jones,Small,2026-01-13,20160,55152,25637,2026-01-23,10,7,2026-01-30,,ELIGIBLE
FDX20259984304,CUST992952,Pratt LLC,Mid,2026-01-01,1916,5174,4362,2026-01-16,15,12,2026-01-28,,ELIGIBLE
FDX20253695916,CUST465648,Bryan Inc,Small,2026-01-13,8471,35257,21323,2026-01-23,10,7,2026-01-30,,IN_GRACE
FDX20258328019,CUST581294,Hicks-Schmidt,Small,2025-12-27,24805,139721,139231,2026-01-06,10,7,2026-01-13,,ELIGIBLE
FDX20256950750,CUST364239,Flores-Roberts,Small,2025-12-28,22673,97170,67213,2026-01-07,10,7,2026-01-14,,ELIGIBLE
FDX20257528651,CUST328808,Woodward Group,Mid,2025-12-14,21880,87286,24419,2025-12-29,15,12,2026-01-10,2025-12-30,RESOLVED_IN_GRACE
FDX20251166623,CUST589368,"Fitzgerald, Moss and Jackson",Small,2026-01-01,7797,35042,24801,2026-01-11,10,7,2026-01-18,2026-01-18,RESOLVED_IN_GRACE
FDX20254331283,CUST416822,Bartlett-Swanson,Mega,2025-12-01,19113,100228,36190,2026-01-05,35,30,2026-02-04,2026-01-26,RESOLVED_IN_GRACE
FDX20252305413,CUST810091,Smith-Burgess,Large,2025-12-14,49681,252892,240306,2026-01-08,25,20,2026-01-28,,IN_GRACE
FDX20253426274,CUST645928,Meza Inc,Small,2026-01-05,21037,73074,21315,2026-01-15,10,7,2026-01-22,,IN_GRACE
FDX20256431331,CUST964352,Rivera and Sons,Mega,2025-12-01,43882,192225,91303,2026-01-05,35,30,2026-02-04,2026-02-01,RESOLVED_IN_GRACE
FDX20256310245,CUST753898,Miller-Howard,Mega,2025-12-01,48298,154963,92846,2026-01-05,35,30,2026-02-04,,IN_GRACE
FDX20251238014,CUST516444,Guerrero-Garcia,Small,2026-01-04,45095,256896,194677,2026-01-14,10,7,2026-01-21,,ELIGIBLE
FDX20253525076,CUST712879,Gonzalez-Perry,Small,2025-12-25,34690,203761,154686,2026-01-04,10,7,2026-01-11,,ELIGIBLE
FDX20258695022,CUST207282,Sims-Simon,Small,2026-01-01,46491,168001,53896,2026-01-11,10,7,2026-01-18,,IN_GRACE
FDX20253474414,CUST107704,Berg Group,Small,2026-01-08,34207,186931,86188,2026-01-18,10,7,2026-01-25,2026-01-20,RESOLVED_IN_GRACE
FDX20259379307,CUST636361,Villarreal-Howard,Small,2026-01-13,8643,35096,21646,2026-01-23,10,7,2026-01-30,,ELIGIBLE
FDX20256308442,CUST794530,"Lucas, Obrien and Pollard",Small,2025-12-29,25978,117355,100630,2026-01-08,10,7,2026-01-15,,ELIGIBLE
FDX20252906007,CUST984247,Lee-Stevens,Small,2026-01-01,59606,176799,65615,2026-01-11,10,7,2026-01-18,2026-01-17,RESOLVED_IN_GRACE
FDX20257818036,CUST980152,Lee-Cuevas,Small,2025-12-31,30823,84805,71927,2026-01-10,10,7,2026-01-17,,ELIGIBLE
FDX20255409097,CUST492408,Floyd-Jackson,Large,2025-12-01,36379,179912,142289,2025-12-26,25,20,2026-01-15,,IN_GRACE
FDX20259735757,CUST688730,Frazier-Tucker,Mid,2025-12-26,50718,144024,66177,2026-01-10,15,12,2026-01-22,,ELIGIBLE
FDX20251061687,CUST778787,"Woodard, Robertson and Williams",Small,2025-12-25,54830,266754,79263,2026-01-04,10,7,2026-01-11,,ELIGIBLE
FDX20258559125,CUST722615,Daniels-Gutierrez,Mid,2025-12-29,15485,82552,48623,2026-01-13,15,12,2026-01-25,,ELIGIBLE
FDX20253109184,CUST738635,Smith-Stewart,Mid,2025-12-26,1560,9137,2762,2026-01-10,15,12,2026-01-22,,ELIGIBLE
FDX20258538483,CUST396408,Young-Long,Small,2025-12-26,24935,66731,26406,2026-01-05,10,7,2026-01-12,2026-01-09,RESOLVED_IN_GRACE
FDX20252634873,CUST412974,Roberts-Miller,Small,2026-01-10,19177,71029,28856,2026-01-20,10,7,2026-01-27,2026-01-24,RESOLVED_IN_GRACE
FDX20251612133,CUST817659,Harding-Smith,Mid,2025-12-16,29059,106363,61197,2025-12-31,15,12,2026-01-12,2026-01-05,RESOLVED_IN_GRACE
FDX20254667881,CUST213355,Green-Romero,Small,2026-01-13,56029,290885,225468,2026-01-23,10,7,2026-01-30,,ELIGIBLE
FDX20254148361,CUST605139,Valentine Group,Mega,2025-12-01,21593,108232,65951,2026-01-05,35,30,2026-02-04,2026-01-10,RESOLVED_IN_GRACE
FDX20258049385,CUST166938,Turner-Thompson,Large,2025-12-09,29749,162675,123106,2026-01-03,25,20,2026-01-23,2026-01-05,RESOLVED_IN_GRACE
FDX20253786712,CUST452618,Perkins-Gutierrez,Mid,2025-12-13,57033,226436,107486,2025-12-28,15,12,2026-01-09,2026-01-02,RESOLVED_IN_GRACE
FDX20257334348,CUST389913,"Deleon, Fritz and Jackson",Mid,2026-01-01,34208,202012,162748,2026-01-16,15,12,2026-01-28,,ELIGIBLE
FDX20254626181,CUST771712,Gardner-Gonzalez,Small,2026-01-04,45534,182879,66382,2026-01-14,10,7,2026-01-21,,ELIGIBLE
FDX20256839906,CUST440930,Chaney Ltd,Large,2025-12-01,6853,30607,7340,2025-12-26,25,20,2026-01-15,,ELIGIBLE
FDX20254519240,CUST390334,"Ortega, Miller and Sanchez",Large,2025-12-12,11786,62779,36297,2026-01-06,25,20,2026-01-26,,ELIGIBLE
FDX20254207115,CUST373832,Ray-Riley,Large,2025-12-01,47448,268832,139816,2025-12-26,25,20,2026-01-15,,ELIGIBLE
FDX20251241105,CUST787991,Hall-Mccoy,Large,2025-12-01,14099,82239,79442,2025-12-26,25,20,2026-01-15,,ELIGIBLE
FDX20257211871,CUST845635,Hodges-Nichols,Large,2025-12-01,24002,107079,102580,2025-12-26,25,20,2026-01-15,,ELIGIBLE
FDX20257103458,CUST783112,Williams-Alvarez,Small,2025-12-22,43398,255542,172777,2026-01-01,10,7,2026-01-08,,ELIGIBLE
FDX20251271644,CUST413305,Daniels-Howard,Small,2026-01-14,22237,129487,119069,2026-01-24,10,7,2026-01-31,,ELIGIBLE
FDX20256065787,CUST297509,"Duncan, Brown and Johnson",Small,2025-12-31,13774,38323,22304,2026-01-10,10,7,2026-01-17,2026-01-16,RESOLVED_IN_GRACE
FDX20256150025,CUST257212,Hall LLC,Small,2025-12-26,6071,26457,16659,2026-01-05,10,7,2026-01-12,2026-01-07,RESOLVED_IN_GRACE
FDX20259423591,CUST642421,Lopez-Cordova,Small,2026-01-03,53231,271860,246629,2026-01-13,10,7,2026-01-20,,ELIGIBLE
FDX20253092879,CUST902658,Cervantes Group,Small,2025-12-26,52915,175459,152883,2026-01-05,10,7,2026-01-12,,ELIGIBLE
FDX20259374022,CUST351974,Armstrong-Miles,Large,2025-12-13,16469,44431,42874,2026-01-07,25,20,2026-01-27,,ELIGIBLE
FDX20258650368,CUST159532,Snow PLC,Small,2026-01-05,58007,170961,110352,2026-01-15,10,7,2026-01-22,,ELIGIBLE
FDX20257946668,CUST944554,Day-Pruitt,Small,2025-12-24,19442,78881,20783,2026-01-03,10,7,2026-01-10,,IN_GRACE
FDX20257885148,CUST998960,Mcdonald-Harper,Small,2025-12-27,44679,176210,79779,2026-01-06,10,7,2026-01-13,,ELIGIBLE
FDX20256901033,CUST941339,Garcia-Goodwin,Small,2026-01-01,41024,232323,161081,2026-01-11,10,7,2026-01-18,,ELIGIBLE
FDX20256909123,CUST949376,Griffin-Nelson,Small,2025-12-26,47696,192443,125005,2026-01-05,10,7,2026-01-12,,ELIGIBLE
FDX20258144563,CUST729180,Bryant-Zimmerman,Mega,2025-12-01,43663,184462,103238,2026-01-05,35,30,2026-02-04,,ELIGIBLE
FDX20259777333,CUST523727,Vazquez-Green,Mid,2025-12-31,16435,91923,35503,2026-01-15,15,12,2026-01-27,,IN_GRACE
FDX20256634235,CUST792616,"Barnes, Ellis and Orozco",Small,2025-12-28,40372,181954,130825,2026-01-07,10,7,2026-01-14,,ELIGIBLE
FDX20252902200,CUST435109,Hunt-Gibbs,Small,2025-12-22,46005,234693,183709,2026-01-01,10,7,2026-01-08,2026-01-05,RESOLVED_IN_GRACE
FDX20253949666,CUST813824,Dixon-Hawkins,Small,2026-01-13,34195,176349,108216,2026-01-23,10,7,2026-01-30,2026-01-29,RESOLVED_IN_GRACE
FDX20258697782,CUST246726,Nixon-Phillips,Small,2025-12-27,5025,22226,20506,2026-01-06,10,7,2026-01-13,2026-01-10,RESOLVED_IN_GRACE
FDX20258187084,CUST856320,Hamilton-Jones,Small,2026-01-07,9985,42121,30834,2026-01-17,10,7,2026-01-24,,ELIGIBLE
FDX20257259939,CUST126691,Coleman-Saunders,Small,2025-12-25,43210,211137,115023,2026-01-04,10,7,2026-01-11,,ELIGIBLE
FDX20253967808,CUST787237,House-Smith,Large,2025-12-11,42155,231432,81565,2026-01-05,25,20,2026-01-25,2026-01-22,RESOLVED_IN_GRACE
FDX20253728933,CUST621533,Watts-Ward,Small,2026-01-07,15333,81683,54106,2026-01-17,10,7,2026-01-24,2026-01-18,RESOLVED_IN_GRACE
FDX20258312788,CUST409963,Long-Williams,Mid,2026-01-03,38391,98643,65265,2026-01-18,15,12,2026-01-30,2026-01-26,RESOLVED_IN_GRACE
FDX20257401570,CUST372028,Villa LLC,Small,2026-01-14,42644,126133,45499,2026-01-24,10,7,2026-01-31,2026-01-25,RESOLVED_IN_GRACE
FDX20255781975,CUST538897,Adams-Douglas,Small,2025-12-31,40588,217414,187136,2026-01-10,10,7,2026-01-17,,ELIGIBLE
FDX20258339925,CUST524252,Barnett-Burgess,Mid,2026-01-01,20608,89736,43380,2026-01-16,15,12,2026-01-28,,ELIGIBLE
FDX20255752118,CUST507135,Davis-Owens,Mid,2026-01-03,41713,237414,84978,2026-01-18,15,12,2026-01-30,2026-01-28,RESOLVED_IN_GRACE
FDX20252664720,CUST872519,Moore-Peterson,Large,2025-12-06,38850,162039,47504,2025-12-31,25,20,2026-01-20,2026-01-13,RESOLVED_IN_GRACE
FDX20252470022,CUST137034,King-Alexander,Mid,2025-12-18,43184,176031,77560,2026-01-02,15,12,2026-01-14,2026-01-04,RESOLVED_IN_GRACE
FDX20252741677,CUST711344,Boyer-Anderson,Mid,2025-12-17,9932,57779,18231,2026-01-01,15,12,2026-01-13,,ELIGIBLE
FDX20252503875,CUST842464,Cook-Brown,Mid,2026-01-03,29265,119757,95577,2026-01-18,15,12,2026-01-30,,ELIGIBLE
FDX20251275590,CUST699829,Holland-Brown,Mid,2026-01-03,24349,140097,85931,2026-01-18,15,12,2026-01-30,2026-01-19,RESOLVED_IN_GRACE
FDX20257900127,CUST955653,Huffman LLC,Mid,2025-12-15,58295,346671,152632,2025-12-30,15,12,2026-01-11,2026-01-04,RESOLVED_IN_GRACE
FDX20252739382,CUST299140,Peters-Gordon,Small,2026-01-06,35298,165857,44661,2026-01-16,10,7,2026-01-23,,IN_GRACE
FDX20259328292,CUST459836,Price PLC,Mid,2025-12-26,1615,6841,4594,2026-01-10,15,12,2026-01-22,,ELIGIBLE
FDX20252672723,CUST861842,"Meadows, Porter and Edwards",Mid,2025-12-25,32273,154574,107374,2026-01-09,15,12,2026-01-21,2026-01-19,RESOLVED_IN_GRACE
FDX20258450817,CUST848021,Chavez Inc,Small,2026-01-11,7306,30115,24633,2026-01-21,10,7,2026-01-28,2026-01-27,RESOLVED_IN_GRACE
FDX20259445004,CUST333164,Morgan-Spears,Small,2025-12-27,18607,61498,35941,2026-01-06,10,7,2026-01-13,2026-01-12,RESOLVED_IN_GRACE
FDX20251547533,CUST819656,Pollard-Ramirez,Small,2025-12-25,24486,110878,70397,2026-01-04,10,7,2026-01-11,,IN_GRACE
FDX20255863789,CUST660605,Stanley-Martin,Mid,2025-12-24,9166,44235,18825,2026-01-08,15,12,2026-01-20,2026-01-12,RESOLVED_IN_GRACE
FDX20258057182,CUST769320,Frye-Stewart,Small,2026-01-09,20297,77556,37679,2026-01-19,10,7,2026-01-26,,ELIGIBLE
FDX20254554607,CUST923024,Deleon-Haynes,Mid,2025-12-17,19537,56165,50168,2026-01-01,15,12,2026-01-13,,ELIGIBLE
FDX20254739295,CUST598844,Roberts-Powell,Mid,2025-12-12,46836,124122,114221,2025-12-27,15,12,2026-01-08,,ELIGIBLE
FDX20258627423,CUST804505,Hopkins-Sanders,Mid,2026-01-02,52105,135533,106421,2026-01-17,15,12,2026-01-29,,IN_GRACE
FDX20257393458,CUST475911,Petty-Allen,Small,2025-12-22,57423,314556,114165,2026-01-01,10,7,2026-01-08,2026-01-02,RESOLVED_IN_GRACE
FDX20252921009,CUST631958,Norman-Oconnell,Large,2025-12-03,49586,186706,135773,2025-12-28,25,20,2026-01-17,2026-01-17,RESOLVED_IN_GRACE
FDX20254280956,CUST414777,Craig-Barton,Mid,2025-12-21,43997,186658,106557,2026-01-05,15,12,2026-01-17,,ELIGIBLE
FDX20258878148,CUST986486,"Garrett, Stone and Vasquez",Mid,2025-12-21,22647,115573,93409,2026-01-05,15,12,2026-01-17,,ELIGIBLE
FDX20253087766,CUST278243,Banks-Vargas,Small,2026-01-12,50620,298469,290843,2026-01-22,10,7,2026-01-29,,ELIGIBLE
FDX20256882321,CUST981473,Bailey-Smith,Small,2025-12-24,19160,90648,21853,2026-01-03,10,7,2026-01-10,,ELIGIBLE
FDX20258783741,CUST789558,Jones-Carlson,Small,2026-01-14,50155,249272,105014,2026-01-24,10,7,2026-01-31,,ELIGIBLE
FDX20257927895,CUST685365,James-Ramos,Small,2026-01-13,46783,149334,67236,2026-01-23,10,7,2026-01-30,,ELIGIBLE
FDX20257640565,CUST289934,Fischer-Lynch,Small,2026-01-06,35778,110880,45388,2026-01-16,10,7,2026-01-23,2026-01-22,RESOLVED_IN_GRACE
FDX20251127592,CUST408054,Donovan-Chen,Small,2026-01-04,8103,46279,12780,2026-01-14,10,7,2026-01-21,,ELIGIBLE
FDX20257285479,CUST202344,Poole Group,Small,2025-12-27,13459,59432,33681,2026-01-06,10,7,2026-01-13,2026-01-12,RESOLVED_IN_GRACE
FDX20254757032,CUST593649,Rivera-Mcbride,Mid,2025-12-30,11473,34885,33100,2026-01-14,15,12,2026-01-26,,IN_GRACE
FDX20259515457,CUST234159,Parker-Boyd,Mid,2025-12-13,34980,97769,55908,2025-12-28,15,12,2026-01-09,,ELIGIBLE
FDX20255758092,CUST876909,Lee-Parks,Small,2026-01-02,18279,62905,50770,2026-01-12,10,7,2026-01-19,2026-01-17,RESOLVED_IN_GRACE
FDX20255489736,CUST371216,Cox-Wiley,Large,2025-12-10,34610,163021,63106,2026-01-04,25,20,2026-01-24,2026-01-19,RESOLVED_IN_GRACE
FDX20255437558,CUST860413,"Shaffer, Howard and Patrick",Mega,2025-12-01,43157,227358,56748,2026-01-05,35,30,2026-02-04,,IN_GRACE
FDX20256157260,CUST947609,Stevenson-Walker,Small,2026-01-05,33454,91268,57697,2026-01-15,10,7,2026-01-22,,ELIGIBLE
FDX20257957788,CUST686187,"Pham, Herrera and Turner",Small,2025-12-24,57581,151360,115770,2026-01-03,10,7,2026-01-10,,ELIGIBLE
FDX20255052611,CUST899977,Harris-Mitchell,Mega,2025-12-01,3147,18053,9225,2026-01-05,35,30,2026-02-04,,IN_GRACE
FDX20251069752,CUST291961,Hayden-Fox,Small,2026-01-08,43791,114709,96505,2026-01-18,10,7,2026-01-25,2026-01-20,RESOLVED_IN_GRACE
FDX20257955106,CUST812730,Saunders-Mccoy,Mid,2025-12-14,26720,154451,55203,2025-12-29,15,12,2026-01-10,,ELIGIBLE
FDX20251548189,CUST451936,Mills-Powell,Small,2025-12-28,13657,63225,40177,2026-01-07,10,7,2026-01-14,2026-01-09,RESOLVED_IN_GRACE
FDX20251260551,CUST786224,George-White,Large,2025-12-13,18235,92366,44732,2026-01-07,25,20,2026-01-27,,ELIGIBLE
FDX20251440348,CUST193637,Barton LLC,Mid,2026-01-02,10019,53057,31954,2026-01-17,15,12,2026-01-29,2026-01-25,RESOLVED_IN_GRACE
FDX20253573211,CUST333049,Hess PLC,Small,2026-01-08,11521,29019,27774,2026-01-18,10,7,2026-01-25,2026-01-23,RESOLVED_IN_GRACE
FDX20257281485,CUST472541,Frederick Ltd,Small,2025-12-28,35924,96701,52657,2026-01-07,10,7,2026-01-14,2026-01-13,RESOLVED_IN_GRACE
FDX20259706758,CUST334176,Thompson-Scott,Mid,2026-01-01,33683,89462,65223,2026-01-16,15,12,2026-01-28,2026-01-25,RESOLVED_IN_GRACE
FDX20256326278,CUST880360,Harrison-Pham,Mid,2025-12-24,42231,168915,100024,2026-01-08,15,12,2026-01-20,,ELIGIBLE
FDX20256621876,CUST422002,Weber-Coleman,Mid,2025-12-24,41101,238310,171847,2026-01-08,15,12,2026-01-20,2026-01-16,RESOLVED_IN_GRACE
FDX20253859017,CUST540897,"Sherman, Rose and Schneider",Small,2025-12-26,44987,198662,87738,2026-01-05,10,7,2026-01-12,2026-01-11,RESOLVED_IN_GRACE
FDX20258214533,CUST926372,Robinson-Porter,Mid,2025-12-15,44214,160555,125520,2025-12-30,15,12,2026-01-11,,ELIGIBLE
FDX20255057252,CUST447411,Chandler-Mayer,Small,2026-01-10,40095,214180,91256,2026-01-20,10,7,2026-01-27,,ELIGIBLE
FDX20257565971,CUST489737,Burton-Baird,Mid,2026-01-03,26980,141599,132563,2026-01-18,15,12,2026-01-30,2026-01-20,RESOLVED_IN_GRACE
FDX20254232305,CUST373216,Webster-Edwards,Large,2025-12-01,54634,272684,133419,2025-12-26,25,20,2026-01-15,,IN_GRACE
FDX20257598776,CUST714015,"Wilson, Coleman and Lawrence",Small,2026-01-08,25220,99371,60308,2026-01-18,10,7,2026-01-25,,ELIGIBLE
FDX20251865385,CUST408334,Terry-Ali,Large,2025-12-01,8553,49771,46972,2025-12-26,25,20,2026-01-15,2026-01-13,RESOLVED_IN_GRACE
FDX20258199144,CUST586288,Phillips-Forbes,Small,2025-12-22,45646,172974,112091,2026-01-01,10,7,2026-01-08,2026-01-04,RESOLVED_IN_GRACE
FDX20253162087,CUST992562,Hudson and Sons,Large,2025-12-04,31146,172002,71414,2025-12-29,25,20,2026-01-18,,IN_GRACE
FDX20257550021,CUST223502,Medina-Wilcox,Large,2025-12-01,36057,111844,88455,2025-12-26,25,20,2026-01-15,2025-12-31,RESOLVED_IN_GRACE
FDX20253914492,CUST593393,Adams-Wilkerson,Mega,2025-12-01,50151,283894,54831,2026-01-05,35,30,2026-02-04,2026-01-09,RESOLVED_IN_GRACE
FDX20257763214,CUST156284,Johnson-Chang,Small,2025-12-26,28986,118589,42703,2026-01-05,10,7,2026-01-12,,IN_GRACE
FDX20256337250,CUST765213,Lane-Johnson,Small,2026-01-07,22188,131136,63299,2026-01-17,10,7,2026-01-24,,IN_GRACE
FDX20259678469,CUST711922,Robinson-Kidd,Small,2026-01-06,12375,62503,30991,2026-01-16,10,7,2026-01-23,,ELIGIBLE
FDX20253658243,CUST708502,Jackson-Pierce,Small,2025-12-24,30750,181858,173197,2026-01-03,10,7,2026-01-10,,IN_GRACE
FDX20258338380,CUST750803,Frost-Stokes,Large,2025-12-01,55971,334171,315037,2025-12-26,25,20,2026-01-15,2025-12-30,RESOLVED_IN_GRACE
FDX20254875025,CUST174675,Watson-Barnes,Large,2025-12-04,25166,147165,68615,2025-12-29,25,20,2026-01-18,,ELIGIBLE
FDX20252670640,CUST595158,"Chang, Bolton and Cruz",Small,2026-01-06,49641,182791,100252,2026-01-16,10,7,2026-01-23,,ELIGIBLE
FDX20253119470,CUST303993,Scott-Miller,Small,2025-12-23,14920,41931,36140,2026-01-02,10,7,2026-01-09,2026-01-06,RESOLVED_IN_GRACE
FDX20259460029,CUST624788,"Raymond, Kennedy and Avila",Large,2025-12-11,39126,157510,48462,2026-01-05,25,20,2026-01-25,,ELIGIBLE
FDX20252985964,CUST225636,Moon-Scott,Mid,2025-12-26,53468,308033,109347,2026-01-10,15,12,2026-01-22,2026-01-21,RESOLVED_IN_GRACE
FDX20257576872,CUST813763,Reyes-Rodriguez,Mid,2026-01-01,21079,117591,64263,2026-01-16,15,12,2026-01-28,2026-01-23,RESOLVED_IN_GRACE
FDX20255365936,CUST500209,Brown-Price,Mid,2025-12-19,59162,164570,139936,2026-01-03,15,12,2026-01-15,2026-01-10,RESOLVED_IN_GRACE
FDX20253668469,CUST655575,Fisher-Greene,Mid,2025-12-29,50615,151379,111536,2026-01-13,15,12,2026-01-25,,ELIGIBLE
FDX20256409052,CUST412848,Proctor and Sons,Small,2025-12-27,26368,113207,109002,2026-01-06,10,7,2026-01-13,,IN_GRACE
FDX20254418568,CUST533174,Norman-Williams,Large,2025-12-13,4815,16706,6659,2026-01-07,25,20,2026-01-27,,ELIGIBLE
FDX20252564549,CUST156688,Crawford-Shaw,Large,2025-12-01,54101,140598,56774,2025-12-26,25,20,2026-01-15,2025-12-28,RESOLVED_IN_GRACE
FDX20252564733,CUST995735,Erickson-Baker,Mid,2026-01-02,12741,64535,47366,2026-01-17,15,12,2026-01-29,,IN_GRACE
FDX20251430171,CUST258102,Woods-Matthews,Mega,2025-12-01,29297,113571,109356,2026-01-05,35,30,2026-02-04,2026-01-30,RESOLVED_IN_GRACE
FDX20258338707,CUST244037,Martinez-Martinez,Small,2026-01-10,38400,189526,175187,2026-01-20,10,7,2026-01-27,2026-01-26,RESOLVED_IN_GRACE
FDX20251193577,CUST310026,"Dickson, Russell and Brown",Small,2026-01-06,51001,249153,65786,2026-01-16,10,7,2026-01-23,2026-01-23,RESOLVED_IN_GRACE
FDX20253567729,CUST459315,Gutierrez-Walker,Mid,2025-12-14,1827,7442,2815,2025-12-29,15,12,2026-01-10,,IN_GRACE
FDX20251466714,CUST529068,Cantrell-Bradley,Mid,2025-12-12,43213,140861,85888,2025-12-27,15,12,2026-01-08,,ELIGIBLE
FDX20252321583,CUST697062,Hansen-Schneider,Mid,2025-12-15,16396,74592,59115,2025-12-30,15,12,2026-01-11,,IN_GRACE
FDX20257415688,CUST579798,Ballard-Mayer,Mid,2025-12-27,5000,26321,11333,2026-01-11,15,12,2026-01-23,,IN_GRACE
FDX20251424293,CUST250181,"Weaver, Ochoa and Reese",Mega,2025-12-01,7762,39526,30705,2026-01-05,35,30,2026-02-04,2026-01-06,RESOLVED_IN_GRACE
FDX20253190232,CUST431752,Morris-Shelton,Mid,2025-12-26,23186,86245,81324,2026-01-10,15,12,2026-01-22,,ELIGIBLE
FDX20258611927,CUST850432,Navarro-Hoffman,Large,2025-12-01,34002,194408,134423,2025-12-26,25,20,2026-01-15,,IN_GRACE
FDX20257008279,CUST289117,Wheeler-Mora,Large,2025-12-14,40695,156313,63056,2026-01-08,25,20,2026-01-28,,IN_GRACE
FDX20254129876,CUST916779,Bryant-Nash,Small,2026-01-12,49353,269209,171948,2026-01-22,10,7,2026-01-29,,ELIGIBLE
FDX20255021865,CUST184736,Marsh-Fowler,Small,2026-01-11,43029,151550,135948,2026-01-21,10,7,2026-01-28,,ELIGIBLE
FDX20254720435,CUST611265,Long-Phillips,Small,2026-01-04,58581,276983,133812,2026-01-14,10,7,2026-01-21,,ELIGIBLE
FDX20255981533,CUST448787,Shelton-Hammond,Large,2025-12-16,45771,215300,94872,2026-01-10,25,20,2026-01-30,,ELIGIBLE
FDX20254251909,CUST761685,Warner-Hurst,Mid,2025-12-19,13230,58976,47021,2026-01-03,15,12,2026-01-15,,ELIGIBLE
FDX20259982810,CUST285413,Mitchell-Harris,Mid,2025-12-25,45823,274732,170532,2026-01-09,15,12,2026-01-21,2026-01-15,RESOLVED_IN_GRACE
FDX20255114686,CUST428638,Morales-Burke,Small,2025-12-29,14242,41427,16755,2026-01-08,10,7,2026-01-15,2026-01-14,RESOLVED_IN_GRACE
FDX20257343582,CUST765320,Heath-Rollins,Mid,2025-12-17,59287,239420,102152,2026-01-01,15,12,2026-01-13,,ELIGIBLE
FDX20255370124,CUST160831,Cook-Burton,Small,2026-01-07,45299,181443,99407,2026-01-17,10,7,2026-01-24,,IN_GRACE
FDX20251868201,CUST104942,"Heath, Meyer and Curtis",Large,2025-12-13,36827,156554,54390,2026-01-07,25,20,2026-01-27,,ELIGIBLE
FDX20255613144,CUST574012,Brown-Williamson,Small,2026-01-14,57811,316579,64702,2026-01-24,10,7,2026-01-31,,ELIGIBLE
FDX20252391894,CUST386814,Bush-Mendez,Mid,2025-12-17,30628,119190,89094,2026-01-01,15,12,2026-01-13,2026-01-11,RESOLVED_IN_GRACE
FDX20253412052,CUST319553,"Chan, Walker and Jacobs",Small,2025-12-25,14136,83371,26853,2026-01-04,10,7,2026-01-11,,ELIGIBLE
FDX20251388238,CUST898169,Evans-Rodriguez,Small,2025-12-27,21847,93910,54758,2026-01-06,10,7,2026-01-13,,IN_GRACE
FDX20252735086,CUST911117,"Banks, Carlson and Campbell",Mid,2025-12-27,44369,181086,74526,2026-01-11,15,12,2026-01-23,,ELIGIBLE
FDX20252861122,CUST276795,Clarke-Hunt,Small,2026-01-04,40409,199485,111231,2026-01-14,10,7,2026-01-21,2026-01-17,RESOLVED_IN_GRACE
FDX20258702884,CUST704272,Daniels-Parker,Small,2026-01-11,45968,265571,245132,2026-01-21,10,7,2026-01-28,,ELIGIBLE
FDX20253058301,CUST901619,Evans-Bridges,Large,2025-12-04,51495,299563,152253,2025-12-29,25,20,2026-01-18,2026-01-04,RESOLVED_IN_GRACE
FDX20252796448,CUST266131,Jackson-Perez,Large,2025-12-01,42983,176322,96069,2025-12-26,25,20,2026-01-15,,ELIGIBLE
FDX20253379602,CUST613358,Mayer PLC,Mid,2025-12-27,37732,167193,38563,2026-01-11,15,12,2026-01-23,2026-01-21,RESOLVED_IN_GRACE
FDX20255738943,CUST923353,Pearson-Riddle,Mid,2025-12-21,48461,158142,148982,2026-01-05,15,12,2026-01-17,2026-01-13,RESOLVED_IN_GRACE
FDX20255395541,CUST900660,Evans-Ryan,Small,2025-12-27,30778,164086,50297,2026-01-06,10,7,2026-01-13,,ELIGIBLE
FDX20254030429,CUST917629,Mcdaniel-Hensley,Mega,2025-12-01,56799,234991,174886,2026-01-05,35,30,2026-02-04,,ELIGIBLE
FDX20252556542,CUST192318,Baldwin-Hart,Mega,2025-12-01,57449,203526,165984,2026-01-05,35,30,2026-02-04,,ELIGIBLE
FDX20252298244,CUST235691,Martinez Group,Small,2026-01-02,36099,133685,36825,2026-01-12,10,7,2026-01-19,,IN_GRACE
FDX20259292055,CUST744328,Villa-Gardner,Large,2025-12-01,43905,226337,59316,2025-12-26,25,20,2026-01-15,,ELIGIBLE
FDX20257063240,CUST554779,Bailey-Gibson,Mid,2026-01-01,22503,70649,57999,2026-01-16,15,12,2026-01-28,2026-01-19,RESOLVED_IN_GRACE
FDX20254489198,CUST764259,Baldwin-Bennett,Small,2025-12-27,24409,72644,66765,2026-01-06,10,7,2026-01-13,2026-01-07,RESOLVED_IN_GRACE
FDX20257556539,CUST550268,Schultz-Reyes,Small,2026-01-11,53293,141232,78392,2026-01-21,10,7,2026-01-28,,ELIGIBLE
FDX20252688991,CUST522988,Carter-Johnson,Mid,2025-12-22,7375,39835,24783,2026-01-06,15,12,2026-01-18,,ELIGIBLE
FDX20259238233,CUST549865,Aguilar-Hughes,Small,2025-12-27,29979,134313,47094,2026-01-06,10,7,2026-01-13,,ELIGIBLE
FDX20251368376,CUST600590,Wood-Barry,Small,2026-01-06,2741,14664,8559,2026-01-16,10,7,2026-01-23,,ELIGIBLE
FDX20257941491,CUST501936,"Chandler, Chapman and Hamilton",Mid,2025-12-17,39448,126253,75347,2026-01-01,15,12,2026-01-13,,ELIGIBLE
FDX20252234399,CUST104895,Brown-Hill,Large,2025-12-07,19707,98194,74003,2026-01-01,25,20,2026-01-21,,ELIGIBLE
FDX20259162405,CUST139557,Martinez-Montgomery,Small,2026-01-08,29656,84255,70238,2026-01-18,10,7,2026-01-25,2026-01-22,RESOLVED_IN_GRACE
FDX20252280314,CUST659711,Wilson-Sanders,Small,2026-01-08,54323,241299,174678,2026-01-18,10,7,2026-01-25,,ELIGIBLE
FDX20254528180,CUST309100,Jones-Carr,Mid,2025-12-13,46477,214872,48981,2025-12-28,15,12,2026-01-09,,ELIGIBLE
FDX20258044872,CUST866151,Serrano-Rios,Small,2026-01-04,7545,42452,29361,2026-01-14,10,7,2026-01-21,,ELIGIBLE
FDX20257295723,CUST491225,Hernandez-Carter,Small,2025-12-27,5077,21549,12764,2026-01-06,10,7,2026-01-13,,ELIGIBLE
FDX20256261082,CUST114760,Holt-Espinoza,Mid,2025-12-31,19333,48524,44521,2026-01-15,15,12,2026-01-27,2026-01-17,RESOLVED_IN_GRACE
FDX20258564486,CUST437864,"Owen, Hayden and Lang",Mid,2025-12-18,1566,5433,3172,2026-01-02,15,12,2026-01-14,,ELIGIBLE
FDX20253702870,CUST893612,Gallagher-Steele,Large,2025-12-01,44363,208434,134059,2025-12-26,25,20,2026-01-15,2026-01-10,RESOLVED_IN_GRACE
FDX20254016651,CUST973703,Obrien-Wyatt,Mid,2026-01-04,26304,156774,66162,2026-01-19,15,12,2026-01-31,2026-01-27,RESOLVED_IN_GRACE
FDX20256012276,CUST656829,Mcdowell-Wilson,Small,2026-01-04,25757,119344,109957,2026-01-14,10,7,2026-01-21,,IN_GRACE
FDX20251170125,CUST299834,Alexander-Smith,Large,2025-12-13,56942,245851,152035,2026-01-07,25,20,2026-01-27,2026-01-22,RESOLVED_IN_GRACE
FDX20253997703,CUST118786,Cooper-Patterson,Small,2025-12-31,59329,198805,95837,2026-01-10,10,7,2026-01-17,2026-01-15,RESOLVED_IN_GRACE
FDX20251527651,CUST809621,Mueller-Mcmahon,Small,2025-12-28,43632,234019,169380,2026-01-07,10,7,2026-01-14,,IN_GRACE
FDX20252966409,CUST104324,Strickland Group,Mid,2025-12-27,21217,63998,25061,2026-01-11,15,12,2026-01-23,,ELIGIBLE
FDX20256751404,CUST757128,Hoover-Guzman,Mid,2025-12-17,23622,59410,52013,2026-01-01,15,12,2026-01-13,,ELIGIBLE
FDX20256818065,CUST869238,Graham-Kelly,Mid,2025-12-17,35555,131410,116073,2026-01-01,15,12,2026-01-13,,IN_GRACE
FDX20259118679,CUST360909,"Watts, Meyer and Walker",Small,2025-12-23,2877,9680,4853,2026-01-02,10,7,2026-01-09,,IN_GRACE
FDX20251084130,CUST337256,Alexander-Moss,Mid,2025-12-29,17468,47242,37520,2026-01-13,15,12,2026-01-25,2026-01-18,RESOLVED_IN_GRACE
FDX20253657314,CUST827213,Davis-Gonzalez,Mid,2025-12-30,59905,261494,259332,2026-01-14,15,12,2026-01-26,,ELIGIBLE
FDX20259753488,CUST461076,Evans-Alvarado,Mega,2025-12-01,47549,167583,62921,2026-01-05,35,30,2026-02-04,2026-01-15,RESOLVED_IN_GRACE
FDX20255269818,CUST427252,Myers-Wilson,Large,2025-12-02,47570,246125,214416,2025-12-27,25,20,2026-01-16,,ELIGIBLE
FDX20253040002,CUST235193,Martinez-Hampton,Small,2025-12-31,3035,14438,4635,2026-01-10,10,7,2026-01-17,2026-01-17,RESOLVED_IN_GRACE
FDX20254235406,CUST207697,Fox and Sons,Mid,2026-01-03,26089,109054,54964,2026-01-18,15,12,2026-01-30,,IN_GRACE
FDX20251495854,CUST502181,Anderson-Simmons,Small,2026-01-01,57190,264309,114790,2026-01-11,10,7,2026-01-18,,IN_GRACE
FDX20259991819,CUST627786,Acosta-Stone,Mid,2025-12-26,56311,144104,98513,2026-01-10,15,12,2026-01-22,2026-01-14,RESOLVED_IN_GRACE
FDX20251386516,CUST717265,Vargas PLC,Small,2026-01-07,52357,208575,95588,2026-01-17,10,7,2026-01-24,,ELIGIBLE
FDX20259690512,CUST420984,Saunders-Meyers,Small,2025-12-26,37097,170914,37115,2026-01-05,10,7,2026-01-12,,ELIGIBLE
FDX20259585651,CUST275133,Gibson-Phillips,Large,2025-12-09,33661,177126,172121,2026-01-03,25,20,2026-01-23,,ELIGIBLE
FDX20253555942,CUST168458,Collins-Finley,Small,2025-12-25,6107,36072,35302,2026-01-04,10,7,2026-01-11,,ELIGIBLE
FDX20254629021,CUST963862,"Nguyen, Rogers and Gonzalez",Mid,2025-12-22,56035,249626,95076,2026-01-06,15,12,2026-01-18,,ELIGIBLE
FDX20257121849,CUST147939,Orr-Walsh,Small,2025-12-29,39431,151633,47611,2026-01-08,10,7,2026-01-15,,ELIGIBLE
FDX20252925830,CUST412687,"Baird, Day and Rodriguez",Small,2026-01-06,39216,197086,68427,2026-01-16,10,7,2026-01-23,,ELIGIBLE
FDX20254639947,CUST404955,Conrad-Blankenship,Small,2025-12-25,24543,68718,55934,2026-01-04,10,7,2026-01-11,,ELIGIBLE
FDX20251494887,CUST578073,Weeks-Warren,Mid,2025-12-14,8810,50160,12118,2025-12-29,15,12,2026-01-10,2026-01-05,RESOLVED_IN_GRACE
FDX20256495204,CUST863187,Gomez-Oneal,Small,2026-01-13,27588,84928,53625,2026-01-23,10,7,2026-01-30,2026-01-28,RESOLVED_IN_GRACE
FDX20253324735,CUST645561,Zimmerman-Williams,Small,2026-01-01,5077,19909,12178,2026-01-11,10,7,2026-01-18,,ELIGIBLE
FDX20254686979,CUST725339,"Huber, Carter and Reynolds",Mid,2025-12-28,57032,263071,72152,2026-01-12,15,12,2026-01-24,,ELIGIBLE
FDX20252399937,CUST649577,Kramer-Cox,Large,2025-12-01,23235,133608,30916,2025-12-26,25,20,2026-01-15,,ELIGIBLE
FDX20253123664,CUST454245,Morrow PLC,Mid,2025-12-30,19141,63372,26980,2026-01-14,15,12,2026-01-26,,ELIGIBLE
FDX20255489424,CUST554730,Knapp-Gomez,Small,2026-01-10,31654,165238,154673,2026-01-20,10,7,2026-01-27,,ELIGIBLE
FDX20255591361,CUST820141,Lee-Lee,Mid,2025-12-14,30536,156134,86994,2025-12-29,15,12,2026-01-10,2026-01-09,RESOLVED_IN_GRACE
FDX20259079485,CUST240288,Allen-Brown,Small,2026-01-04,14786,43774,34264,2026-01-14,10,7,2026-01-21,2026-01-19,RESOLVED_IN_GRACE
FDX20254342651,CUST459381,Smith-Duarte,Mid,2025-12-18,20183,104512,78269,2026-01-02,15,12,2026-01-14,,ELIGIBLE
FDX20252542997,CUST613989,Collier PLC,Small,2026-01-05,3615,18338,13804,2026-01-15,10,7,2026-01-22,,IN_GRACE
FDX20256847755,CUST476701,Henry-Matthews,Mid,2025-12-29,26878,155419,33259,2026-01-13,15,12,2026-01-25,,ELIGIBLE
FDX20255937884,CUST886553,Hines-Jackson,Large,2025-12-14,37512,214677,108591,2026-01-08,25,20,2026-01-28,2026-01-28,RESOLVED_IN_GRACE
FDX20258835693,CUST297579,Scott-Porter,Mid,2025-12-29,29037,81665,38783,2026-01-13,15,12,2026-01-25,,ELIGIBLE
FDX20259318172,CUST272892,"Boyer, Ho and Scott",Small,2026-01-10,11302,61761,25653,2026-01-20,10,7,2026-01-27,,ELIGIBLE
FDX20258315906,CUST951452,Barrera-Garrett,Small,2026-01-05,2705,15168,13674,2026-01-15,10,7,2026-01-22,2026-01-22,RESOLVED_IN_GRACE
FDX20259600949,CUST522986,"Osborne, Davis and Murphy",Small,2025-12-26,33618,154962,101392,2026-01-05,10,7,2026-01-12,,IN_GRACE
FDX20257709915,CUST120053,Manning-Nelson,Mid,2026-01-01,21879,116181,81165,2026-01-16,15,12,2026-01-28,,ELIGIBLE
FDX20254238912,CUST339513,Garcia-Taylor,Small,2025-12-26,57173,290567,198510,2026-01-05,10,7,2026-01-12,,ELIGIBLE
FDX20255195866,CUST335217,Huang-Adams,Mid,2025-12-12,34821,205845,167136,2025-12-27,15,12,2026-01-08,2025-12-30,RESOLVED_IN_GRACE
FDX20253901779,CUST862491,Parks-Walton,Large,2025-12-16,18274,96651,46689,2026-01-10,25,20,2026-01-30,,IN_GRACE
FDX20254319815,CUST237579,Mathews-Powell,Small,2025-12-27,31336,123981,112826,2026-01-06,10,7,2026-01-13,2026-01-10,RESOLVED_IN_GRACE
FDX20255715786,CUST321449,"Webster, Jackson and Howard",Mid,2025-12-30,36301,187851,138985,2026-01-14,15,12,2026-01-26,2026-01-23,RESOLVED_IN_GRACE
FDX20257590525,CUST869735,Schultz-Morris,Mid,2025-12-13,46494,229167,92884,2025-12-28,15,12,2026-01-09,2026-01-05,RESOLVED_IN_GRACE
FDX20252726284,CUST122977,Ramsey and Sons,Large,2025-12-04,18122,105637,83949,2025-12-29,25,20,2026-01-18,,ELIGIBLE
FDX20256227531,CUST718337,"Wyatt, Calderon and Hall",Small,2026-01-06,13781,80066,44495,2026-01-16,10,7,2026-01-23,,ELIGIBLE
FDX20253779198,CUST629146,Perry-Daniels,Small,2025-12-27,2300,12899,2885,2026-01-06,10,7,2026-01-13,,ELIGIBLE
FDX20254453284,CUST277193,Carter-Simpson,Mid,2025-12-12,38847,212532,55834,2025-12-27,15,12,2026-01-08,,ELIGIBLE
FDX20259184459,CUST229144,"Koch, Sims and Walls",Small,2026-01-02,22763,90637,86742,2026-01-12,10,7,2026-01-19,,IN_GRACE
FDX20258272447,CUST484398,Rubio PLC,Small,2026-01-08,54870,224455,209642,2026-01-18,10,7,2026-01-25,,ELIGIBLE
FDX20258485284,CUST845652,Tanner-Calhoun,Small,2026-01-09,24760,63991,32339,2026-01-19,10,7,2026-01-26,,ELIGIBLE
FDX20258109132,CUST782141,Browning-Murphy,Small,2025-12-27,54742,187815,111386,2026-01-06,10,7,2026-01-13,,ELIGIBLE
FDX20255557932,CUST930605,Stanley-Garcia,Small,2026-01-14,26708,126057,46550,2026-01-24,10,7,2026-01-31,,ELIGIBLE
FDX20256347715,CUST139178,Byrd-Sullivan,Small,2025-12-27,49133,145861,57736,2026-01-06,10,7,2026-01-13,,ELIGIBLE
FDX20252804542,CUST493417,"Cherry, Salazar and Moreno",Large,2025-12-14,56241,226461,156342,2026-01-08,25,20,2026-01-28,2026-01-23,RESOLVED_IN_GRACE
FDX20257426442,CUST771425,Alvarez and Sons,Mid,2025-12-14,51616,265848,68952,2025-12-29,15,12,2026-01-10,,ELIGIBLE
FDX20258202676,CUST368214,Franco-Green,Small,2025-12-23,19655,51465,37208,2026-01-02,10,7,2026-01-09,2026-01-04,RESOLVED_IN_GRACE
FDX20254350758,CUST908713,Taylor-Johnson,Mid,2025-12-22,36542,115277,75047,2026-01-06,15,12,2026-01-18,,ELIGIBLE
FDX20256920939,CUST660708,White-Osborne,Small,2026-01-08,50805,233367,131698,2026-01-18,10,7,2026-01-25,,IN_GRACE
FDX20257274015,CUST753404,Schneider-Mann,Mid,2025-12-15,41419,134747,125398,2025-12-30,15,12,2026-01-11,,ELIGIBLE
FDX20252078208,CUST150947,Larsen-Mitchell,Small,2026-01-05,17227,72517,22452,2026-01-15,10,7,2026-01-22,,ELIGIBLE
FDX20258539737,CUST722774,Harris-Stevens,Mega,2025-12-01,29034,115321,36365,2026-01-05,35,30,2026-02-04,,IN_GRACE
FDX20253805973,CUST150290,Sanford-Wilson,Mega,2025-12-01,38717,169813,82670,2026-01-05,35,30,2026-02-04,,IN_GRACE
FDX20251566398,CUST794125,King-Mcdonald,Mid,2025-12-19,45010,169309,131604,2026-01-03,15,12,2026-01-15,2026-01-05,RESOLVED_IN_GRACE
FDX20259579143,CUST213365,Wilson-Nguyen,Small,2026-01-02,25990,139693,79508,2026-01-12,10,7,2026-01-19,2026-01-18,RESOLVED_IN_GRACE
FDX20255245703,CUST785315,Frank-Pena,Small,2026-01-10,16954,73133,52257,2026-01-20,10,7,2026-01-27,2026-01-21,RESOLVED_IN_GRACE
FDX20257875441,CUST976735,Mclaughlin-Adams,Mid,2025-12-26,53686,192597,84661,2026-01-10,15,12,2026-01-22,2026-01-21,RESOLVED_IN_GRACE
FDX20255923669,CUST120700,Gibbs-Goodman,Small,2026-01-06,55873,299918,72318,2026-01-16,10,7,2026-01-23,2026-01-19,RESOLVED_IN_GRACE
FDX20259900282,CUST150578,Johnson-Fernandez,Small,2026-01-08,8460,37948,32286,2026-01-18,10,7,2026-01-25,,ELIGIBLE
FDX20256909830,CUST823255,"Black, Wilson and Mason",Small,2025-12-30,6386,23872,18877,2026-01-09,10,7,2026-01-16,2026-01-16,RESOLVED_IN_GRACE
FDX20257682477,CUST221414,Moore-Stephens,Mega,2025-12-01,39524,104952,41249,2026-01-05,35,30,2026-02-04,,ELIGIBLE
FDX20251502309,CUST537020,Rodriguez-Camacho,Small,2025-12-28,19572,106614,97447,2026-01-07,10,7,2026-01-14,,ELIGIBLE
FDX20252923507,CUST565897,Taylor-Thompson,Small,2026-01-11,4656,16618,11737,2026-01-21,10,7,2026-01-28,2026-01-27,RESOLVED_IN_GRACE
FDX20254018292,CUST498724,Lowe-Richardson,Mega,2025-12-01,21506,90651,55810,2026-01-05,35,30,2026-02-04,,ELIGIBLE
FDX20256413691,CUST229598,"Ramos, Gutierrez and Robbins",Mid,2025-12-25,5431,24951,23333,2026-01-09,15,12,2026-01-21,2026-01-11,RESOLVED_IN_GRACE
FDX20258203915,CUST673867,Carr-Perkins,Mid,2025-12-27,23035,70463,62674,2026-01-11,15,12,2026-01-23,2026-01-15,RESOLVED_IN_GRACE
FDX20254119134,CUST365015,Ryan-Mcconnell,Small,2026-01-10,41885,171548,160870,2026-01-20,10,7,2026-01-27,2026-01-22,RESOLVED_IN_GRACE
FDX20257001957,CUST597440,Lopez-Harrison,Small,2025-12-27,33908,158134,107915,2026-01-06,10,7,2026-01-13,2026-01-07,RESOLVED_IN_GRACE
FDX20255115755,CUST835962,"Zhang, Alexander and Miller",Large,2025-12-01,58213,329903,96299,2025-12-26,25,20,2026-01-15,,ELIGIBLE
FDX20252218702,CUST260565,Costa-Mcclain,Small,2025-12-28,42279,147780,99166,2026-01-07,10,7,2026-01-14,2026-01-14,RESOLVED_IN_GRACE
FDX20254610191,CUST315477,Montoya-Jordan,Small,2026-01-04,56671,281899,213046,2026-01-14,10,7,2026-01-21,,IN_GRACE
FDX20257235425,CUST828961,Perez-Berg,Mega,2025-12-01,5061,13343,13261,2026-01-05,35,30,2026-02-04,,ELIGIBLE
FDX20257240525,CUST819050,Bender-Mercado,Small,2026-01-04,56805,253672,234579,2026-01-14,10,7,2026-01-21,2026-01-15,RESOLVED_IN_GRACE
FDX20253433361,CUST760929,Clark-Barrett,Large,2025-12-05,43475,219507,180480,2025-12-30,25,20,2026-01-19,2026-01-02,RESOLVED_IN_GRACE
FDX20256275644,CUST109756,"Espinoza, Page and Wagner",Mega,2025-12-01,59993,226397,140812,2026-01-05,35,30,2026-02-04,2026-02-02,RESOLVED_IN_GRACE
FDX20253051914,CUST415743,Hernandez-Campbell,Small,2026-01-13,6790,31029,27718,2026-01-23,10,7,2026-01-30,,IN_GRACE
FDX20251161614,CUST541315,Wright-Little,Mid,2025-12-22,29460,168351,131365,2026-01-06,15,12,2026-01-18,,IN_GRACE
FDX20256345038,CUST793805,Stevens-Young,Mega,2025-12-01,7792,22849,15605,2026-01-05,35,30,2026-02-04,2026-01-30,RESOLVED_IN_GRACE
FDX20251182888,CUST205885,Bass-Evans,Mid,2025-12-19,32078,169957,71953,2026-01-03,15,12,2026-01-15,,IN_GRACE
FDX20256517512,CUST794663,Mccoy-Murphy,Small,2026-01-05,56239,300326,129195,2026-01-15,10,7,2026-01-22,2026-01-17,RESOLVED_IN_GRACE
FDX20254586506,CUST645583,Hart-Andrews,Large,2025-12-04,1628,7422,5468,2025-12-29,25,20,2026-01-18,,ELIGIBLE
FDX20258807724,CUST383091,Conrad Inc,Small,2026-01-14,4786,12941,7590,2026-01-24,10,7,2026-01-31,,ELIGIBLE
FDX20256394902,CUST753050,Steele-Robinson,Small,2026-01-09,50021,261072,245065,2026-01-19,10,7,2026-01-26,,ELIGIBLE
FDX20254903198,CUST735053,Spencer-Alvarado,Small,2026-01-02,24086,132877,44215,2026-01-12,10,7,2026-01-19,,ELIGIBLE
FDX20252111241,CUST834764,Campbell-York,Small,2025-12-26,19858,51171,28212,2026-01-05,10,7,2026-01-12,2026-01-10,RESOLVED_IN_GRACE
FDX20257469141,CUST243826,Griffin Group,Small,2025-12-27,43936,235569,170951,2026-01-06,10,7,2026-01-13,2026-01-12,RESOLVED_IN_GRACE
FDX20255758257,CUST539170,Wolf LLC,Small,2025-12-28,46337,270351,230422,2026-01-07,10,7,2026-01-14,,IN_GRACE
FDX20254559708,CUST971002,"Crawford, Morgan and Taylor",Small,2025-12-27,22622,120015,45774,2026-01-06,10,7,2026-01-13,,ELIGIBLE
FDX20259845994,CUST210010,Anderson-Wilson,Small,2026-01-08,20169,51308,21266,2026-01-18,10,7,2026-01-25,,ELIGIBLE
FDX20254648430,CUST636435,Taylor Group,Large,2025-12-14,16604,45358,23068,2026-01-08,25,20,2026-01-28,,ELIGIBLE
FDX20252726714,CUST853681,Rojas-Hoffman,Small,2025-12-29,6973,29408,9086,2026-01-08,10,7,2026-01-15,,IN_GRACE
FDX20255664879,CUST747703,Scott LLC,Mid,2025-12-18,50417,262337,158846,2026-01-02,15,12,2026-01-14,,ELIGIBLE
FDX20252255341,CUST223453,"Ellison, Cohen and Price",Small,2026-01-09,7553,33539,18941,2026-01-19,10,7,2026-01-26,2026-01-24,RESOLVED_IN_GRACE
FDX20258075793,CUST396439,French-Cook,Mid,2025-12-19,38094,209321,84774,2026-01-03,15,12,2026-01-15,,ELIGIBLE
FDX20258301537,CUST219550,Nelson-Palmer,Mid,2025-12-20,52170,170357,142119,2026-01-04,15,12,2026-01-16,,ELIGIBLE
FDX20256331518,CUST922880,Chandler and Sons,Large,2025-12-05,21823,94370,83196,2025-12-30,25,20,2026-01-19,,ELIGIBLE
FDX20256370746,CUST211425,Bolton and Sons,Small,2026-01-12,28982,107053,42160,2026-01-22,10,7,2026-01-29,2026-01-27,RESOLVED_IN_GRACE
FDX20254324412,CUST621917,Frye Group,Mega,2025-12-01,19226,93446,85555,2026-01-05,35,30,2026-02-04,,ELIGIBLE
FDX20254307179,CUST308296,"Ryan, Nguyen and Lamb",Mid,2025-12-31,15385,50333,39167,2026-01-15,15,12,2026-01-27,,IN_GRACE
FDX20251833152,CUST738584,Potter-Anderson,Small,2026-01-04,6433,35712,25195,2026-01-14,10,7,2026-01-21,,ELIGIBLE
FDX20259286841,CUST309452,Carney and Sons,Small,2025-12-26,3983,11312,4065,2026-01-05,10,7,2026-01-12,,ELIGIBLE
FDX20259365975,CUST915749,Wu-Branch,Mid,2025-12-15,10431,52521,25661,2025-12-30,15,12,2026-01-11,,ELIGIBLE
FDX20251785036,CUST375769,"Dillon, Park and Hines",Small,2026-01-04,15410,55718,24184,2026-01-14,10,7,2026-01-21,,ELIGIBLE
FDX20255603927,CUST971889,Krause-Taylor,Mid,2025-12-22,10997,56528,42868,2026-01-06,15,12,2026-01-18,,ELIGIBLE
FDX20258067188,CUST648558,"Marsh, Mcgee and Wade",Large,2025-12-13,47202,242123,61584,2026-01-07,25,20,2026-01-27,,ELIGIBLE
FDX20253000834,CUST311469,Saunders-Wilson,Mid,2025-12-24,36332,133739,111993,2026-01-08,15,12,2026-01-20,2026-01-13,RESOLVED_IN_GRACE
FDX20253081929,CUST475308,Mueller-May,Small,2026-01-09,57227,321061,143957,2026-01-19,10,7,2026-01-26,,IN_GRACE
FDX20258596473,CUST837606,Blair and Sons,Mid,2025-12-29,29198,139337,51782,2026-01-13,15,12,2026-01-25,,ELIGIBLE
FDX20253871248,CUST529660,"Holloway, Alvarado and Ponce",Small,2025-12-28,16887,82652,64126,2026-01-07,10,7,2026-01-14,,ELIGIBLE
FDX20256484048,CUST409698,Frey-Ho,Large,2025-12-08,50088,222404,119272,2026-01-02,25,20,2026-01-22,2026-01-09,RESOLVED_IN_GRACE
FDX20257423283,CUST268163,Nielsen-Brown,Small,2025-12-26,46990,190418,114116,2026-01-05,10,7,2026-01-12,,ELIGIBLE
FDX20254966501,CUST141319,Perez-Mendoza,Mid,2025-12-17,36772,195193,84439,2026-01-01,15,12,2026-01-13,,ELIGIBLE
FDX20251356829,CUST674765,Lewis-Mendez,Large,2025-12-01,7490,26623,24614,2025-12-26,25,20,2026-01-15,,ELIGIBLE
FDX20255782125,CUST620465,Palmer-Jordan,Large,2025-12-15,43022,108651,58382,2026-01-09,25,20,2026-01-29,,ELIGIBLE
FDX20251299243,CUST317782,"Spears, Riley and Perez",Small,2026-01-11,9411,44062,31619,2026-01-21,10,7,2026-01-28,2026-01-25,RESOLVED_IN_GRACE
FDX20251077963,CUST821634,Franco-Hoffman,Mid,2026-01-03,28068,149078,64304,2026-01-18,15,12,2026-01-30,,ELIGIBLE
FDX20258747246,CUST604012,Arnold-Montgomery,Mid,2025-12-27,52531,157450,140637,2026-01-11,15,12,2026-01-23,,ELIGIBLE
FDX20255770866,CUST446663,Chan-Wallace,Mid,2025-12-22,25791,77932,39600,2026-01-06,15,12,2026-01-18,,ELIGIBLE
FDX20253198789,CUST345896,"Joseph, Glover and Jenkins",Mid,2026-01-03,42300,248793,242265,2026-01-18,15,12,2026-01-30,2026-01-24,RESOLVED_IN_GRACE
FDX20257758043,CUST102871,Robinson-Bowman,Mid,2026-01-03,25644,96670,46234,2026-01-18,15,12,2026-01-30,2026-01-22,RESOLVED_IN_GRACE
FDX20251620894,CUST113368,Moody-Clark,Small,2026-01-14,32338,128242,34163,2026-01-24,10,7,2026-01-31,2026-01-29,RESOLVED_IN_GRACE
FDX20259950091,CUST804258,Turner-Simon,Mid,2025-12-21,51182,184501,180935,2026-01-05,15,12,2026-01-17,,ELIGIBLE
FDX20259850211,CUST193326,Frazier-Lee,Large,2025-12-01,17373,51126,47706,2025-12-26,25,20,2026-01-15,,ELIGIBLE
FDX20251656328,CUST215795,Brown-Hall,Small,2026-01-06,22446,77982,75910,2026-01-16,10,7,2026-01-23,,ELIGIBLE
FDX20256660462,CUST975804,Chandler-Sullivan,Small,2025-12-31,22456,75755,67114,2026-01-10,10,7,2026-01-17,2026-01-16,RESOLVED_IN_GRACE
FDX20251273003,CUST702042,Santos-Choi,Large,2025-12-01,15941,49499,34209,2025-12-26,25,20,2026-01-15,2026-01-03,RESOLVED_IN_GRACE
FDX20252165246,CUST801520,Moses-Vincent,Small,2025-12-26,17957,90679,36929,2026-01-05,10,7,2026-01-12,,ELIGIBLE
FDX20258883502,CUST618105,Walker-Meza,Small,2026-01-01,7791,43684,21194,2026-01-11,10,7,2026-01-18,,IN_GRACE
FDX20252595845,CUST256389,Moore-Jones,Small,2026-01-10,38785,188564,165283,2026-01-20,10,7,2026-01-27,2026-01-27,RESOLVED_IN_GRACE
FDX20257963867,CUST194458,Kramer-Johnson,Small,2026-01-12,39255,211501,124686,2026-01-22,10,7,2026-01-29,,ELIGIBLE
FDX20256049913,CUST917392,Allen-Johnson,Large,2025-12-14,30150,97104,31000,2026-01-08,25,20,2026-01-28,,IN_GRACE
FDX20255608257,CUST636561,Turner-Clark,Small,2025-12-24,33667,110024,62855,2026-01-03,10,7,2026-01-10,2026-01-06,RESOLVED_IN_GRACE
FDX20256321559,CUST178693,Foster-Schwartz,Small,2026-01-10,2745,7063,6188,2026-01-20,10,7,2026-01-27,2026-01-26,RESOLVED_IN_GRACE
FDX20256801971,CUST858711,Hunt-Mcguire,Small,2026-01-08,18475,102330,61164,2026-01-18,10,7,2026-01-25,,ELIGIBLE
FDX20257716663,CUST858724,"Oliver, Hubbard and Smith",Small,2026-01-12,52047,215594,189201,2026-01-22,10,7,2026-01-29,2026-01-23,RESOLVED_IN_GRACE
FDX20252338271,CUST206210,Lewis-Carter,Small,2025-12-27,21476,121653,43848,2026-01-06,10,7,2026-01-13,,ELIGIBLE
FDX20256254198,CUST368322,Mueller-Webb,Small,2025-12-27,41680,180904,52602,2026-01-06,10,7,2026-01-13,,ELIGIBLE
FDX20259284901,CUST775636,Harrington-Brown,Small,2025-12-30,32685,194161,174519,2026-01-09,10,7,2026-01-16,,ELIGIBLE
FDX20251789750,CUST342389,Herrera-Schmidt,Small,2025-12-31,11935,63875,36775,2026-01-10,10,7,2026-01-17,2026-01-12,RESOLVED_IN_GRACE
FDX20257598940,CUST578938,Lopez-Roman,Mid,2025-12-18,25441,109123,93803,2026-01-02,15,12,2026-01-14,2026-01-10,RESOLVED_IN_GRACE
FDX20256007056,CUST410401,Butler Ltd,Mid,2026-01-02,50553,173489,126121,2026-01-17,15,12,2026-01-29,,IN_GRACE
FDX20258626616,CUST376955,Smith-Bennett,Large,2025-12-14,13904,82767,73123,2026-01-08,25,20,2026-01-28,2026-01-09,RESOLVED_IN_GRACE
FDX20259276815,CUST586830,Carpenter-Cross,Mid,2026-01-01,51710,241413,92926,2026-01-16,15,12,2026-01-28,2026-01-27,RESOLVED_IN_GRACE
FDX20253036971,CUST152512,Donovan-Jordan,Mid,2025-12-31,43429,203258,176241,2026-01-15,15,12,2026-01-27,,ELIGIBLE
FDX20257273103,CUST204657,King-Perez,Mid,2025-12-12,31845,174501,88883,2025-12-27,15,12,2026-01-08,,IN_GRACE
FDX20252723751,CUST952679,Hopkins-Perez,Mid,2025-12-22,26438,68646,60751,2026-01-06,15,12,2026-01-18,,ELIGIBLE
FDX20251491374,CUST283188,Petty-Navarro,Small,2026-01-11,5464,25692,17000,2026-01-21,10,7,2026-01-28,,ELIGIBLE
FDX20254758337,CUST141360,Yang-Barnett,Mid,2025-12-25,36790,109404,54600,2026-01-09,15,12,2026-01-21,,ELIGIBLE
FDX20251802525,CUST993647,Madden Group,Mid,2025-12-26,28898,91067,78425,2026-01-10,15,12,2026-01-22,,ELIGIBLE
FDX20251174416,CUST404681,"Caldwell, Frey and Johnson",Mid,2025-12-15,14794,83301,25632,2025-12-30,15,12,2026-01-11,,ELIGIBLE
FDX20253327577,CUST477712,Burke-Burns,Large,2025-12-01,28289,131039,77214,2025-12-26,25,20,2026-01-15,,ELIGIBLE
FDX20252763884,CUST940534,Mckinney Inc,Small,2026-01-01,57152,148145,65477,2026-01-11,10,7,2026-01-18,,ELIGIBLE
FDX20256416675,CUST809641,Miller-Harmon,Mid,2025-12-17,7028,29697,13514,2026-01-01,15,12,2026-01-13,,ELIGIBLE
FDX20258309538,CUST427897,Henderson-Cooper,Mega,2025-12-01,57213,178599,140563,2026-01-05,35,30,2026-02-04,2026-01-20,RESOLVED_IN_GRACE
FDX20254797376,CUST546688,Callahan-Freeman,Large,2025-12-01,50472,132590,78656,2025-12-26,25,20,2026-01-15,,ELIGIBLE
FDX20253855338,CUST874415,Thomas-Sanders,Small,2026-01-13,56258,219482,81280,2026-01-23,10,7,2026-01-30,2026-01-30,RESOLVED_IN_GRACE
FDX20252476675,CUST221531,"Holden, Sanders and Schwartz",Small,2025-12-24,58805,221879,175151,2026-01-03,10,7,2026-01-10,2026-01-07,RESOLVED_IN_GRACE
FDX20254207127,CUST199613,Cardenas-Smith,Small,2026-01-04,23616,108811,95026,2026-01-14,10,7,2026-01-21,,ELIGIBLE
FDX20257188771,CUST992596,Flynn-Mcdowell,Mid,2025-12-21,34879,178501,145354,2026-01-05,15,12,2026-01-17,,ELIGIBLE
FDX20251082902,CUST895034,Gray Ltd,Small,2025-12-29,15363,86648,79267,2026-01-08,10,7,2026-01-15,,ELIGIBLE
FDX20251880652,CUST148118,George Inc,Large,2025-12-01,7381,26197,21785,2025-12-26,25,20,2026-01-15,,IN_GRACE
FDX20255356836,CUST110142,Arroyo PLC,Mid,2025-12-30,40173,224305,42244,2026-01-14,15,12,2026-01-26,2026-01-23,RESOLVED_IN_GRACE
FDX20251722698,CUST993385,Maldonado-Lindsey,Mega,2025-12-01,3533,20141,14437,2026-01-05,35,30,2026-02-04,,ELIGIBLE
FDX20252858975,CUST245117,Stanley and Sons,Small,2026-01-11,17764,77563,29843,2026-01-21,10,7,2026-01-28,,ELIGIBLE
FDX20251805363,CUST795578,Cooper-Johnson,Large,2025-12-08,36864,214716,189778,2026-01-02,25,20,2026-01-22,,ELIGIBLE
FDX20256105140,CUST778636,"Baker, Tucker and Stanley",Large,2025-12-04,37594,113712,60641,2025-12-29,25,20,2026-01-18,,ELIGIBLE
FDX20252258998,CUST278795,Brown-Cooper,Small,2026-01-01,47667,158497,133482,2026-01-11,10,7,2026-01-18,,ELIGIBLE
FDX20255424607,CUST444625,Zhang-Woods,Small,2026-01-06,52802,190464,155128,2026-01-16,10,7,2026-01-23,,ELIGIBLE
FDX20256525223,CUST474894,"Berger, Floyd and Evans",Small,2025-12-28,53997,221524,172722,2026-01-07,10,7,2026-01-14,,ELIGIBLE
FDX20257367900,CUST558976,Simmons-Peterson,Small,2026-01-10,46584,211819,97768,2026-01-20,10,7,2026-01-27,2026-01-27,RESOLVED_IN_GRACE
FDX20255528372,CUST752011,Douglas-Bartlett,Mid,2025-12-19,43781,237042,145734,2026-01-03,15,12,2026-01-15,2026-01-08,RESOLVED_IN_GRACE
FDX20253857807,CUST381342,Caldwell-Burgess,Small,2026-01-12,54350,211411,141427,2026-01-22,10,7,2026-01-29,,IN_GRACE
FDX20253311285,CUST868677,Baker and Sons,Mid,2026-01-02,8956,27584,19693,2026-01-17,15,12,2026-01-29,,ELIGIBLE
FDX20258729158,CUST197466,Espinoza LLC,Mid,2026-01-03,26629,86847,37706,2026-01-18,15,12,2026-01-30,,ELIGIBLE
FDX20253011612,CUST490722,Wood-Long,Mid,2025-12-18,11539,29635,29287,2026-01-02,15,12,2026-01-14,,IN_GRACE
FDX20253118772,CUST954551,Briggs-Berry,Small,2026-01-01,58960,319576,112833,2026-01-11,10,7,2026-01-18,2026-01-18,RESOLVED_IN_GRACE
FDX20256357513,CUST459370,Raymond and Sons,Small,2026-01-05,19891,103184,53496,2026-01-15,10,7,2026-01-22,2026-01-21,RESOLVED_IN_GRACE
FDX20253483052,CUST291752,Strong-Doyle,Small,2026-01-06,19117,65029,57657,2026-01-16,10,7,2026-01-23,,ELIGIBLE
FDX20257933921,CUST219361,Gonzalez-Walker,Mega,2025-12-01,38578,197801,70565,2026-01-05,35,30,2026-02-04,,ELIGIBLE
FDX20258495720,CUST520245,Harris-Fox,Mid,2025-12-21,15242,72039,18969,2026-01-05,15,12,2026-01-17,,ELIGIBLE
FDX20253053083,CUST519692,Hoffman-Holloway,Small,2026-01-02,30831,86929,67465,2026-01-12,10,7,2026-01-19,,IN_GRACE
FDX20259753742,CUST578715,Hammond-Porter,Mid,2025-12-17,45918,213382,57547,2026-01-01,15,12,2026-01-13,,ELIGIBLE
FDX20259851473,CUST385037,"Lindsey, Graham and Fox",Small,2026-01-02,49268,236553,198769,2026-01-12,10,7,2026-01-19,,ELIGIBLE
FDX20255035313,CUST976303,Adams PLC,Mid,2025-12-14,40338,153907,119664,2025-12-29,15,12,2026-01-10,,IN_GRACE
FDX20259018281,CUST504452,Mathis-Ortega,Small,2026-01-02,40744,170802,85291,2026-01-12,10,7,2026-01-19,,ELIGIBLE
FDX20259222577,CUST823415,Flynn Inc,Small,2026-01-07,6365,17122,12661,2026-01-17,10,7,2026-01-24,,IN_GRACE
FDX20255706707,CUST991993,"Humphrey, Watson and Miller",Small,2026-01-09,44624,250307,96969,2026-01-19,10,7,2026-01-26,,ELIGIBLE
FDX20256400776,CUST601476,Avery-Marquez,Mid,2025-12-17,35493,183161,75329,2026-01-01,15,12,2026-01-13,,ELIGIBLE
FDX20259098468,CUST938754,Jones-Smith,Mid,2025-12-12,41893,141665,51147,2025-12-27,15,12,2026-01-08,2026-01-03,RESOLVED_IN_GRACE
FDX20254788807,CUST542226,Thompson-Lawrence,Large,2025-12-01,11048,65776,44884,2025-12-26,25,20,2026-01-15,,ELIGIBLE
FDX20252540137,CUST780364,Wilson-Riddle,Small,2026-01-14,49382,222470,53238,2026-01-24,10,7,2026-01-31,,ELIGIBLE
FDX20255426031,CUST935620,Mann-Jones,Mega,2025-12-01,21562,78224,53330,2026-01-05,35,30,2026-02-04,,IN_GRACE
FDX20255969984,CUST274880,Summers LLC,Small,2026-01-01,34716,135713,126610,2026-01-11,10,7,2026-01-18,2026-01-15,RESOLVED_IN_GRACE
FDX20252389057,CUST218548,Jones-Williams,Small,2026-01-13,53600,161737,151930,2026-01-23,10,7,2026-01-30,2026-01-24,RESOLVED_IN_GRACE
FDX20256922519,CUST238948,"Gill, Richardson and Bailey",Large,2025-12-02,17586,71589,60245,2025-12-27,25,20,2026-01-16,,ELIGIBLE
FDX20255066398,CUST829987,"Welch, Mason and Harrison",Mega,2025-12-01,13994,76533,14811,2026-01-05,35,30,2026-02-04,,ELIGIBLE
FDX20254454281,CUST861697,Marshall-Harding,Mid,2026-01-04,25112,112142,103558,2026-01-19,15,12,2026-01-31,,ELIGIBLE
FDX20252308903,CUST161495,Garcia-Massey,Small,2026-01-08,23327,112733,46422,2026-01-18,10,7,2026-01-25,2026-01-21,RESOLVED_IN_GRACE
FDX20252260713,CUST985364,Davidson-Vaughn,Large,2025-12-11,42561,115462,92803,2026-01-05,25,20,2026-01-25,2026-01-25,RESOLVED_IN_GRACE
FDX20259298107,CUST267138,Johnson-Wallace,Large,2025-12-01,21166,62524,30352,2025-12-26,25,20,2026-01-15,2026-01-02,RESOLVED_IN_GRACE
FDX20252011111,CUST208751,Fernandez-Wagner,Mid,2026-01-03,22412,78064,58267,2026-01-18,15,12,2026-01-30,,IN_GRACE
FDX20254564746,CUST536236,Watts-Schneider,Small,2025-12-29,36148,161974,116685,2026-01-08,10,7,2026-01-15,2026-01-13,RESOLVED_IN_GRACE
FDX20251220253,CUST719446,Stephenson LLC,Small,2025-12-22,45744,114798,113170,2026-01-01,10,7,2026-01-08,,IN_GRACE
FDX20254626151,CUST606121,Weber-Moreno,Small,2025-12-27,51287,264267,151845,2026-01-06,10,7,2026-01-13,2026-01-13,RESOLVED_IN_GRACE
FDX20258854260,CUST941235,Meyers-Phillips,Small,2026-01-10,3535,17443,4658,2026-01-20,10,7,2026-01-27,2026-01-21,RESOLVED_IN_GRACE
FDX20257460238,CUST696580,Stevens-Norman,Small,2026-01-12,59459,149597,119803,2026-01-22,10,7,2026-01-29,,ELIGIBLE
FDX20254152731,CUST811346,Sullivan Group,Large,2025-12-01,8018,29296,27542,2025-12-26,25,20,2026-01-15,2026-01-01,RESOLVED_IN_GRACE
FDX20259181335,CUST559447,Palmer-Johnson,Large,2025-12-07,14891,83363,67353,2026-01-01,25,20,2026-01-21,,IN_GRACE
FDX20252753801,CUST290065,Morgan-Hall,Small,2026-01-13,3182,11960,9964,2026-01-23,10,7,2026-01-30,2026-01-28,RESOLVED_IN_GRACE
FDX20256711805,CUST741018,Roberts-Baker,Large,2025-12-17,3423,16873,14075,2026-01-11,25,20,2026-01-31,2026-01-22,RESOLVED_IN_GRACE
FDX20254500758,CUST498197,Hernandez-Frazier,Small,2025-12-29,38092,227767,113118,2026-01-08,10,7,2026-01-15,,ELIGIBLE
FDX20259852408,CUST917012,Krueger-Smith,Small,2025-12-26,18609,97774,54259,2026-01-05,10,7,2026-01-12,,IN_GRACE
FDX20259622269,CUST476018,"Riley, Nichols and Johnson",Mid,2026-01-03,15224,90634,79183,2026-01-18,15,12,2026-01-30,,IN_GRACE
FDX20256257292,CUST741055,Marquez-Sutton,Small,2026-01-09,10303,33157,16804,2026-01-19,10,7,2026-01-26,,ELIGIBLE
FDX20256231562,CUST130216,Frazier-Deleon,Small,2026-01-11,12889,60502,59678,2026-01-21,10,7,2026-01-28,2026-01-27,RESOLVED_IN_GRACE
FDX20258617224,CUST817712,"Hood, Morris and Garcia",Mega,2025-12-01,33897,149725,145790,2026-01-05,35,30,2026-02-04,,ELIGIBLE
FDX20253583673,CUST979269,"Woods, Meyer and Rogers",Mid,2025-12-12,28807,99858,58121,2025-12-27,15,12,2026-01-08,,ELIGIBLE
FDX20259464296,CUST862606,Hawkins-Gonzalez,Mega,2025-12-01,52341,149898,146071,2026-01-05,35,30,2026-02-04,,ELIGIBLE
FDX20252772688,CUST237002,Gaines-Parker,Small,2026-01-01,39991,119879,106090,2026-01-11,10,7,2026-01-18,,ELIGIBLE
FDX20253182053,CUST606545,"Page, Moreno and Thornton",Mid,2025-12-12,5092,22705,12724,2025-12-27,15,12,2026-01-08,2026-01-05,RESOLVED_IN_GRACE
FDX20254670600,CUST611833,Williamson and Sons,Mid,2025-12-22,59952,227746,123047,2026-01-06,15,12,2026-01-18,2026-01-07,RESOLVED_IN_GRACE
FDX20257100930,CUST218423,Maxwell-Smith,Small,2026-01-13,52037,285090,174976,2026-01-23,10,7,2026-01-30,2026-01-28,RESOLVED_IN_GRACE
FDX20257468887,CUST531262,Jones-Ford,Small,2026-01-03,33495,126918,82751,2026-01-13,10,7,2026-01-20,2026-01-18,RESOLVED_IN_GRACE
FDX20258590547,CUST562094,Durham-Robertson,Mid,2025-12-22,48421,189582,94709,2026-01-06,15,12,2026-01-18,,IN_GRACE
FDX20259614497,CUST148205,Rowe-Oneill,Small,2026-01-02,9183,41153,13165,2026-01-12,10,7,2026-01-19,,ELIGIBLE
FDX20254406122,CUST166412,Adams-Zuniga,Small,2026-01-01,37947,103503,46559,2026-01-11,10,7,2026-01-18,,ELIGIBLE
FDX20257714324,CUST374320,Jackson-Davis,Small,2025-12-22,54632,274365,250420,2026-01-01,10,7,2026-01-08,,IN_GRACE
FDX20254153336,CUST786789,Howard-Watson,Small,2026-01-05,32467,117771,93107,2026-01-15,10,7,2026-01-22,,ELIGIBLE
FDX20252151576,CUST429502,Noble-Campos,Mid,2025-12-18,12387,70182,18383,2026-01-02,15,12,2026-01-14,2026-01-14,RESOLVED_IN_GRACE
FDX20255661355,CUST112960,Reilly Group,Mid,2025-12-18,46883,177080,60618,2026-01-02,15,12,2026-01-14,,ELIGIBLE
FDX20258098339,CUST838793,Grant LLC,Small,2026-01-04,9563,34359,22226,2026-01-14,10,7,2026-01-21,,ELIGIBLE
FDX20253754757,CUST810859,Moore-Barrett,Small,2026-01-01,24883,143355,115552,2026-01-11,10,7,2026-01-18,2026-01-15,RESOLVED_IN_GRACE
FDX20256153067,CUST650311,Rowe-Hanna,Small,2026-01-01,21761,105211,22727,2026-01-11,10,7,2026-01-18,2026-01-13,RESOLVED_IN_GRACE
FDX20252712355,CUST904812,"Knapp, Landry and Clark",Mid,2025-12-17,5252,17427,16492,2026-01-01,15,12,2026-01-13,2026-01-05,RESOLVED_IN_GRACE
FDX20253471111,CUST879746,Dillon and Sons,Mid,2025-12-18,8505,25617,10869,2026-01-02,15,12,2026-01-14,,ELIGIBLE
FDX20258733526,CUST704660,Norman-Stark,Small,2026-01-02,33568,153103,48421,2026-01-12,10,7,2026-01-19,2026-01-16,RESOLVED_IN_GRACE
FDX20252798071,CUST858931,Smith-Cowan,Large,2025-12-04,53047,137063,93472,2025-12-29,25,20,2026-01-18,,ELIGIBLE
FDX20252848835,CUST692458,Martin-Davis,Small,2026-01-07,13147,48890,22358,2026-01-17,10,7,2026-01-24,2026-01-21,RESOLVED_IN_GRACE
FDX20255035968,CUST334865,"Weber, Silva and Walters",Large,2025-12-09,57599,226497,195456,2026-01-03,25,20,2026-01-23,,ELIGIBLE
FDX20251278299,CUST802382,Wilson-Reid,Small,2025-12-28,37180,165223,49224,2026-01-07,10,7,2026-01-14,2026-01-14,RESOLVED_IN_GRACE
FDX20258731726,CUST454733,Gray-Gonzales,Large,2025-12-08,6700,34217,17102,2026-01-02,25,20,2026-01-22,2026-01-22,RESOLVED_IN_GRACE
FDX20254137838,CUST644315,Graves and Sons,Small,2026-01-13,54709,180486,57877,2026-01-23,10,7,2026-01-30,2026-01-27,RESOLVED_IN_GRACE
FDX20255475434,CUST648513,Villarreal and Sons,Small,2026-01-05,15829,41164,24404,2026-01-15,10,7,2026-01-22,,ELIGIBLE
FDX20251479597,CUST821673,Jones-Velazquez,Small,2026-01-11,9125,35298,20399,2026-01-21,10,7,2026-01-28,,ELIGIBLE
FDX20258989988,CUST834611,Anderson-Bryant,Mid,2025-12-25,10038,54817,21012,2026-01-09,15,12,2026-01-21,2026-01-16,RESOLVED_IN_GRACE
FDX20259906779,CUST748270,Harrison-Floyd,Small,2026-01-01,7360,36528,36464,2026-01-11,10,7,2026-01-18,,ELIGIBLE
FDX20258594054,CUST199868,Johnson-Moss,Mega,2025-12-01,38621,123532,39890,2026-01-05,35,30,2026-02-04,,ELIGIBLE
FDX20256904855,CUST553873,"Khan, Barrera and Clark",Small,2026-01-05,39169,188132,98216,2026-01-15,10,7,2026-01-22,,ELIGIBLE
FDX20255455671,CUST793856,Gonzales-Mckenzie,Mid,2025-12-20,7848,21013,8152,2026-01-04,15,12,2026-01-16,2026-01-06,RESOLVED_IN_GRACE
FDX20252985184,CUST861949,"Jackson, Hall and Harrison",Small,2026-01-06,31625,157962,117976,2026-01-16,10,7,2026-01-23,2026-01-23,RESOLVED_IN_GRACE
FDX20252410406,CUST360651,Lynn Inc,Small,2026-01-11,13353,54606,17575,2026-01-21,10,7,2026-01-28,,ELIGIBLE
FDX20256946295,CUST605339,Merritt Ltd,Small,2026-01-13,16278,66709,58039,2026-01-23,10,7,2026-01-30,,ELIGIBLE
FDX20258238926,CUST462544,Hoffman-Combs,Small,2025-12-29,12634,41815,19022,2026-01-08,10,7,2026-01-15,,ELIGIBLE
FDX20254557877,CUST795951,"Hines, Moore and Turner",Small,2025-12-23,37100,178253,41819,2026-01-02,10,7,2026-01-09,,ELIGIBLE
FDX20253526985,CUST809147,Williams-Coleman,Small,2025-12-28,6425,23117,21130,2026-01-07,10,7,2026-01-14,2026-01-08,RESOLVED_IN_GRACE
FDX20257659346,CUST772561,Graham-Mccarty,Small,2025-12-27,13075,34646,31611,2026-01-06,10,7,2026-01-13,2026-01-12,RESOLVED_IN_GRACE
FDX20259425356,CUST503572,Fernandez-Ellis,Mega,2025-12-01,59652,295937,292345,2026-01-05,35,30,2026-02-04,2026-02-02,RESOLVED_IN_GRACE
FDX20258228437,CUST255875,"Lara, Johnson and Wilson",Small,2026-01-04,7461,38206,17675,2026-01-14,10,7,2026-01-21,2026-01-15,RESOLVED_IN_GRACE
FDX20259521598,CUST979789,Keller-Hicks,Large,2025-12-01,6398,25079,19117,2025-12-26,25,20,2026-01-15,,IN_GRACE
FDX20256599219,CUST966582,"Brady, Young and Moore",Large,2025-12-01,41878,206279,63469,2025-12-26,25,20,2026-01-15,2026-01-03,RESOLVED_IN_GRACE
FDX20251891827,CUST685466,Cox-Gonzalez,Large,2025-12-01,54974,243074,64373,2025-12-26,25,20,2026-01-15,,ELIGIBLE
FDX20258404466,CUST742686,Brown-Flores,Small,2026-01-07,32002,144929,50722,2026-01-17,10,7,2026-01-24,,ELIGIBLE
FDX20255573282,CUST157216,Steele-Allen,Mid,2025-12-22,33673,104723,38434,2026-01-06,15,12,2026-01-18,2026-01-17,RESOLVED_IN_GRACE
FDX20257203890,CUST112210,Crosby Group,Mid,2025-12-26,50192,199493,145733,2026-01-10,15,12,2026-01-22,,ELIGIBLE
FDX20252641024,CUST774652,"Shepard, Jordan and Cohen",Mega,2025-12-01,4682,11940,8236,2026-01-05,35,30,2026-02-04,2026-01-29,RESOLVED_IN_GRACE
FDX20251824338,CUST264550,Gardner PLC,Small,2025-12-25,56713,195442,148681,2026-01-04,10,7,2026-01-11,2026-01-06,RESOLVED_IN_GRACE
FDX20257417663,CUST630126,Kane and Sons,Large,2025-12-01,17292,56783,41043,2025-12-26,25,20,2026-01-15,2025-12-27,RESOLVED_IN_GRACE
FDX20258089856,CUST990079,"Jacobs, Wilson and Hill",Mid,2025-12-14,8842,35285,32115,2025-12-29,15,12,2026-01-10,,IN_GRACE
FDX20254253632,CUST592085,Coffey-Evans,Small,2026-01-01,13787,62071,22440,2026-01-11,10,7,2026-01-18,,ELIGIBLE
FDX20255932600,CUST993251,Silva-Atkinson,Mid,2025-12-12,22829,66015,25166,2025-12-27,15,12,2026-01-08,2026-01-01,RESOLVED_IN_GRACE
FDX20254178437,CUST619920,Deleon-Lee,Mega,2025-12-01,56752,292925,128082,2026-01-05,35,30,2026-02-04,,ELIGIBLE
FDX20257756052,CUST273438,"Hurst, Vincent and Davila",Small,2026-01-05,26263,81322,58070,2026-01-15,10,7,2026-01-22,,ELIGIBLE
FDX20253963613,CUST178501,Beltran-Pierce,Small,2026-01-14,17507,46093,29407,2026-01-24,10,7,2026-01-31,,ELIGIBLE
FDX20255629265,CUST887931,Archer Group,Mid,2025-12-12,45116,132350,89408,2025-12-27,15,12,2026-01-08,,ELIGIBLE
FDX20259884588,CUST615530,Kennedy-Sanchez,Small,2025-12-28,8086,26996,15338,2026-01-07,10,7,2026-01-14,2026-01-13,RESOLVED_IN_GRACE
FDX20259281506,CUST436208,Silva-Perkins,Small,2026-01-04,9729,26243,22698,2026-01-14,10,7,2026-01-21,,ELIGIBLE
FDX20259700973,CUST352593,Clark-Chavez,Mid,2025-12-23,30540,102959,37763,2026-01-07,15,12,2026-01-19,2026-01-17,RESOLVED_IN_GRACE
FDX20258274019,CUST446968,Fischer-Johnson,Large,2025-12-09,56216,179816,94674,2026-01-03,25,20,2026-01-23,,IN_GRACE
FDX20252831812,CUST391668,Williams-Kirby,Small,2026-01-10,1507,7680,4041,2026-01-20,10,7,2026-01-27,2026-01-21,RESOLVED_IN_GRACE
FDX20251836704,CUST152796,Hunter-Obrien,Large,2025-12-01,43293,161063,87591,2025-12-26,25,20,2026-01-15,,ELIGIBLE
FDX20255176591,CUST631553,Anthony and Sons,Large,2025-12-07,38663,206654,147419,2026-01-01,25,20,2026-01-21,2026-01-12,RESOLVED_IN_GRACE
FDX20252863660,CUST333524,Cox-Thompson,Large,2025-12-07,17153,58381,54080,2026-01-01,25,20,2026-01-21,,ELIGIBLE
FDX20254683937,CUST677236,Brandt-Finley,Small,2025-12-24,4769,19206,17800,2026-01-03,10,7,2026-01-10,,ELIGIBLE
FDX20252932532,CUST774567,Castillo-Smith,Small,2026-01-12,26658,96173,94484,2026-01-22,10,7,2026-01-29,,ELIGIBLE
FDX20251891503,CUST497030,Mccoy-Gordon,Mid,2026-01-03,25217,126024,61648,2026-01-18,15,12,2026-01-30,2026-01-22,RESOLVED_IN_GRACE
FDX20251598744,CUST522866,Wood-Conner,Mid,2025-12-23,16002,79655,22632,2026-01-07,15,12,2026-01-19,,ELIGIBLE
FDX20255465729,CUST956794,Daniels-Norton,Large,2025-12-14,40038,184003,172255,2026-01-08,25,20,2026-01-28,,ELIGIBLE
FDX20255005847,CUST346415,"Torres, Smith and Johnson",Mid,2025-12-27,2773,7123,2999,2026-01-11,15,12,2026-01-23,2026-01-20,RESOLVED_IN_GRACE
FDX20252104735,CUST182659,Wheeler-Cook,Small,2026-01-08,21058,66010,46738,2026-01-18,10,7,2026-01-25,,IN_GRACE
FDX20259927688,CUST581395,Lee-Lowe,Small,2025-12-29,10780,51669,42770,2026-01-08,10,7,2026-01-15,2026-01-11,RESOLVED_IN_GRACE
FDX20252695035,CUST565765,Castaneda PLC,Small,2026-01-05,4370,12440,10213,2026-01-15,10,7,2026-01-22,,ELIGIBLE
FDX20255621443,CUST940183,Wheeler-Rose,Small,2026-01-01,21821,110981,89914,2026-01-11,10,7,2026-01-18,2026-01-13,RESOLVED_IN_GRACE
FDX20254799452,CUST700870,Bennett-Perkins,Small,2026-01-06,43992,141772,79117,2026-01-16,10,7,2026-01-23,,ELIGIBLE
FDX20257787380,CUST569865,Moreno Inc,Small,2026-01-06,27146,115407,27858,2026-01-16,10,7,2026-01-23,,ELIGIBLE
FDX20257575126,CUST192295,Powell-Farmer,Mid,2025-12-25,55918,144458,85428,2026-01-09,15,12,2026-01-21,,ELIGIBLE
FDX20257591523,CUST998198,Stokes-Briggs,Large,2025-12-01,39350,165398,140083,2025-12-26,25,20,2026-01-15,,ELIGIBLE
FDX20252699603,CUST622669,Lopez-Kelly,Small,2026-01-09,42992,204517,137561,2026-01-19,10,7,2026-01-26,,ELIGIBLE
FDX20254689113,CUST568784,Daniels-Jones,Small,2026-01-05,34980,181377,111120,2026-01-15,10,7,2026-01-22,2026-01-19,RESOLVED_IN_GRACE
FDX20255500772,CUST431414,Jackson-Lowe,Mid,2025-12-15,57883,339451,208654,2025-12-30,15,12,2026-01-11,2026-01-10,RESOLVED_IN_GRACE
FDX20259307601,CUST224473,Dorsey-Torres,Mid,2025-12-18,12073,34025,15273,2026-01-02,15,12,2026-01-14,2026-01-11,RESOLVED_IN_GRACE
FDX20254451163,CUST621533,Wood-Kidd,Large,2025-12-06,8417,46036,9810,2025-12-31,25,20,2026-01-20,,ELIGIBLE
FDX20253869392,CUST881439,Rogers-Espinoza,Mid,2025-12-29,10704,40759,16247,2026-01-13,15,12,2026-01-25,2026-01-14,RESOLVED_IN_GRACE
FDX20254415429,CUST785111,Smith-Scott,Small,2026-01-11,7720,31597,19125,2026-01-21,10,7,2026-01-28,2026-01-22,RESOLVED_IN_GRACE
FDX20256832315,CUST118632,Burns-Strong,Small,2026-01-05,40824,238978,184360,2026-01-15,10,7,2026-01-22,2026-01-20,RESOLVED_IN_GRACE
FDX20255831713,CUST207629,"Kidd, Mcdonald and Roberts",Large,2025-12-11,1956,8215,8051,2026-01-05,25,20,2026-01-25,,ELIGIBLE
FDX20255831479,CUST523037,"Cannon, Lee and Guzman",Small,2025-12-25,2536,8176,6522,2026-01-04,10,7,2026-01-11,2026-01-11,RESOLVED_IN_GRACE
FDX20251052124,CUST532368,Burns LLC,Mega,2025-12-01,24375,65176,54288,2026-01-05,35,30,2026-02-04,,IN_GRACE
FDX20252581127,CUST137572,Flores-Reyes,Large,2025-12-12,24014,75761,72705,2026-01-06,25,20,2026-01-26,,IN_GRACE
FDX20254105107,CUST684194,Moreno-Gonzalez,Small,2026-01-09,39404,140850,90506,2026-01-19,10,7,2026-01-26,2026-01-26,RESOLVED_IN_GRACE
FDX20259442968,CUST675771,Dudley Inc,Small,2025-12-26,31743,141375,114842,2026-01-05,10,7,2026-01-12,2026-01-08,RESOLVED_IN_GRACE
FDX20258998677,CUST100177,Wilson-Summers,Mid,2026-01-03,54086,140693,90860,2026-01-18,15,12,2026-01-30,2026-01-25,RESOLVED_IN_GRACE
FDX20256122489,CUST966028,"Beck, Turner and Frederick",Mid,2025-12-16,7669,31999,28886,2025-12-31,15,12,2026-01-12,2026-01-03,RESOLVED_IN_GRACE
FDX20255003370,CUST195310,Baird Group,Small,2025-12-27,44876,150297,133171,2026-01-06,10,7,2026-01-13,,ELIGIBLE
FDX20253856028,CUST930244,Schwartz-Rodriguez,Small,2026-01-01,43270,243232,207711,2026-01-11,10,7,2026-01-18,2026-01-14,RESOLVED_IN_GRACE
FDX20256286710,CUST733553,Lopez-Sanchez,Small,2025-12-25,14363,83969,70892,2026-01-04,10,7,2026-01-11,2026-01-07,RESOLVED_IN_GRACE
FDX20252165255,CUST749137,Davis-Roberts,Mid,2025-12-30,29351,143884,126799,2026-01-14,15,12,2026-01-26,2026-01-25,RESOLVED_IN_GRACE
FDX20253795846,CUST768507,Bishop Ltd,Mega,2025-12-01,38075,226006,81241,2026-01-05,35,30,2026-02-04,,ELIGIBLE
FDX20254143117,CUST419394,Pittman-Rice,Small,2026-01-04,2165,6576,2193,2026-01-14,10,7,2026-01-21,,ELIGIBLE
FDX20256572641,CUST633030,Silva and Sons,Small,2026-01-12,18348,101268,91185,2026-01-22,10,7,2026-01-29,,IN_GRACE
FDX20258637262,CUST689648,Valenzuela Group,Large,2025-12-05,33361,93931,91672,2025-12-30,25,20,2026-01-19,2025-12-31,RESOLVED_IN_GRACE
FDX20253379573,CUST316899,"Tran, Cochran and Landry",Small,2025-12-29,55790,199078,156310,2026-01-08,10,7,2026-01-15,2026-01-15,RESOLVED_IN_GRACE
FDX20251213654,CUST786393,"Pena, Gonzales and Chen",Mid,2025-12-30,45646,203076,105279,2026-01-14,15,12,2026-01-26,,ELIGIBLE
FDX20258962478,CUST804091,Barnes-Cisneros,Small,2025-12-25,20132,114278,69493,2026-01-04,10,7,2026-01-11,,ELIGIBLE
FDX20258179349,CUST578368,"Wade, Perez and Lewis",Small,2025-12-31,50788,204395,73958,2026-01-10,10,7,2026-01-17,,ELIGIBLE
FDX20256604498,CUST457411,Stout-Craig,Mid,2025-12-24,18049,64223,27398,2026-01-08,15,12,2026-01-20,2026-01-20,RESOLVED_IN_GRACE
FDX20251349416,CUST480992,Doyle-Rodriguez,Large,2025-12-01,48076,243139,78221,2025-12-26,25,20,2026-01-15,,ELIGIBLE
FDX20253978208,CUST965401,Gomez-Estrada,Large,2025-12-01,46472,268759,161248,2025-12-26,25,20,2026-01-15,,ELIGIBLE
FDX20255426369,CUST156911,"Ochoa, Banks and Porter",Small,2026-01-01,20861,96338,49419,2026-01-11,10,7,2026-01-18,,ELIGIBLE
FDX20252291460,CUST956255,"Cain, Lang and Thomas",Small,2025-12-26,5722,24023,17627,2026-01-05,10,7,2026-01-12,,ELIGIBLE
FDX20253864292,CUST333746,Curry-Robinson,Small,2025-12-22,39541,195374,132636,2026-01-01,10,7,2026-01-08,,ELIGIBLE
FDX20251163307,CUST985331,Weaver-Sheppard,Large,2025-12-09,2504,7094,2911,2026-01-03,25,20,2026-01-23,2026-01-08,RESOLVED_IN_GRACE
FDX20256907989,CUST576535,Benitez-Webb,Mega,2025-12-01,42665,111502,98571,2026-01-05,35,30,2026-02-04,,IN_GRACE
FDX20258949550,CUST448098,Davidson-Anderson,Small,2026-01-14,48613,274292,140387,2026-01-24,10,7,2026-01-31,,ELIGIBLE
FDX20251016885,CUST687360,Ingram-Washington,Mid,2026-01-01,21489,115387,47152,2026-01-16,15,12,2026-01-28,,ELIGIBLE
FDX20259192437,CUST904694,"Martinez, Miller and Dunn",Mid,2025-12-27,22152,111049,55480,2026-01-11,15,12,2026-01-23,,ELIGIBLE
FDX20255152535,CUST749863,Johnson-Simpson,Mid,2026-01-01,10362,55335,19471,2026-01-16,15,12,2026-01-28,2026-01-26,RESOLVED_IN_GRACE
FDX20258928379,CUST729094,Carroll-Jones,Small,2025-12-31,18159,58709,45214,2026-01-10,10,7,2026-01-17,,ELIGIBLE
FDX20252835192,CUST596116,"Pugh, Miller and Barnett",Large,2025-12-03,42734,131171,47717,2025-12-28,25,20,2026-01-17,,ELIGIBLE
FDX20251757936,CUST851470,Taylor-Vega,Mid,2026-01-02,52835,292047,59337,2026-01-17,15,12,2026-01-29,,IN_GRACE
FDX20251291769,CUST789089,Brown-Murillo,Mega,2025-12-01,38560,138208,72779,2026-01-05,35,30,2026-02-04,2026-01-16,RESOLVED_IN_GRACE
FDX20255876441,CUST480941,Ryan-Moran,Small,2025-12-29,5215,30126,9030,2026-01-08,10,7,2026-01-15,,IN_GRACE
FDX20254830031,CUST850689,Smith-Potter,Large,2025-12-09,18809,103462,57754,2026-01-03,25,20,2026-01-23,2026-01-18,RESOLVED_IN_GRACE
FDX20259812554,CUST574514,Matthews-Brown,Small,2025-12-24,4200,12971,7445,2026-01-03,10,7,2026-01-10,,ELIGIBLE
FDX20259441397,CUST219562,Garza-Reese,Small,2026-01-05,28916,73080,57731,2026-01-15,10,7,2026-01-22,,ELIGIBLE
FDX20253806907,CUST202170,Hunter and Sons,Mid,2025-12-17,20872,66905,53114,2026-01-01,15,12,2026-01-13,,IN_GRACE
FDX20253459253,CUST896204,Bennett-Taylor,Mid,2026-01-01,5382,27476,5799,2026-01-16,15,12,2026-01-28,,IN_GRACE
FDX20252575550,CUST790917,Smith-Stanley,Mid,2025-12-23,12471,42544,24365,2026-01-07,15,12,2026-01-19,2026-01-10,RESOLVED_IN_GRACE
FDX20252677595,CUST332518,Williams-Allen,Small,2026-01-09,23495,101073,49991,2026-01-19,10,7,2026-01-26,2026-01-25,RESOLVED_IN_GRACE
FDX20256110378,CUST102303,Anderson-Smith,Small,2025-12-31,44650,132665,69318,2026-01-10,10,7,2026-01-17,2026-01-13,RESOLVED_IN_GRACE
FDX20256631731,CUST457938,Kelley-Johnson,Small,2025-12-25,50193,149941,109189,2026-01-04,10,7,2026-01-11,2026-01-08,RESOLVED_IN_GRACE
FDX20258593642,CUST472390,Rojas-Cross,Large,2025-12-01,13720,46536,15565,2025-12-26,25,20,2026-01-15,,ELIGIBLE
FDX20259231939,CUST970196,Weaver Ltd,Mid,2025-12-31,39248,188934,117673,2026-01-15,15,12,2026-01-27,,IN_GRACE
FDX20256885129,CUST764441,Walter-Frazier,Mid,2025-12-19,6039,31211,18162,2026-01-03,15,12,2026-01-15,2026-01-08,RESOLVED_IN_GRACE
FDX20255317440,CUST938769,Bell Group,Large,2025-12-01,45996,123268,58607,2025-12-26,25,20,2026-01-15,,IN_GRACE
FDX20259162003,CUST406166,Paul-Serrano,Large,2025-12-07,26952,99797,85820,2026-01-01,25,20,2026-01-21,,ELIGIBLE
FDX20255253642,CUST674295,Peterson-Olsen,Small,2026-01-08,41742,113837,87747,2026-01-18,10,7,2026-01-25,,ELIGIBLE
FDX20257111760,CUST647341,Baker-Bullock,Small,2026-01-09,52051,274139,122348,2026-01-19,10,7,2026-01-26,,ELIGIBLE
FDX20258696560,CUST492052,Gray-Roy,Mid,2025-12-22,37837,137773,110412,2026-01-06,15,12,2026-01-18,2026-01-08,RESOLVED_IN_GRACE
FDX20251227516,CUST836201,Sloan-Anderson,Large,2025-12-16,30703,101389,57463,2026-01-10,25,20,2026-01-30,,ELIGIBLE
FDX20256916088,CUST211486,Smith-Chambers,Small,2026-01-11,15346,87854,68574,2026-01-21,10,7,2026-01-28,,IN_GRACE
FDX20256052190,CUST148001,Morgan-Weiss,Mid,2026-01-02,42029,132157,45476,2026-01-17,15,12,2026-01-29,,ELIGIBLE
FDX20256599209,CUST272129,Fox-Wells,Mega,2025-12-01,51362,270796,94257,2026-01-05,35,30,2026-02-04,,IN_GRACE
FDX20259687763,CUST616342,Holt PLC,Large,2025-12-11,54017,288407,164978,2026-01-05,25,20,2026-01-25,2026-01-17,RESOLVED_IN_GRACE
FDX20259126125,CUST247271,Chen-Farmer,Small,2025-12-29,29947,89165,38900,2026-01-08,10,7,2026-01-15,2026-01-15,RESOLVED_IN_GRACE
FDX20252891816,CUST961760,Orozco-Whitaker,Mid,2025-12-31,5491,26269,14826,2026-01-15,15,12,2026-01-27,,ELIGIBLE
FDX20255528798,CUST851678,"Maynard, Webster and Boone",Small,2026-01-02,26827,103475,80408,2026-01-12,10,7,2026-01-19,,ELIGIBLE
FDX20259712557,CUST878579,Ward Inc,Small,2026-01-05,56335,266537,154907,2026-01-15,10,7,2026-01-22,2026-01-18,RESOLVED_IN_GRACE
FDX20251347746,CUST856609,"Mooney, Kelly and Hall",Mega,2025-12-01,31878,152440,138910,2026-01-05,35,30,2026-02-04,,IN_GRACE
FDX20253481356,CUST529088,"Turner, Cook and Nelson",Mega,2025-12-01,24804,112133,47030,2026-01-05,35,30,2026-02-04,,ELIGIBLE
FDX20257884009,CUST212157,Taylor-Simpson,Small,2025-12-23,23185,64219,59562,2026-01-02,10,7,2026-01-09,,ELIGIBLE
FDX20254695275,CUST366641,Greer-Jones,Mid,2025-12-30,18636,106994,64903,2026-01-14,15,12,2026-01-26,,ELIGIBLE
FDX20253376209,CUST740524,Callahan Inc,Large,2025-12-10,5299,15794,10307,2026-01-04,25,20,2026-01-24,,ELIGIBLE
FDX20256992727,CUST305438,Anderson-Avery,Small,2026-01-08,17740,96404,92921,2026-01-18,10,7,2026-01-25,2026-01-23,RESOLVED_IN_GRACE
FDX20259352238,CUST296653,Johnson-Strickland,Large,2025-12-13,38513,136977,85198,2026-01-07,25,20,2026-01-27,,ELIGIBLE
FDX20251518494,CUST226611,Mcconnell-Allen,Small,2025-12-25,32204,82556,70222,2026-01-04,10,7,2026-01-11,,ELIGIBLE
FDX20255099811,CUST993590,Smith-Mcintyre,Small,2025-12-24,39442,143335,106897,2026-01-03,10,7,2026-01-10,,ELIGIBLE
FDX20258226291,CUST511981,"Ingram, Smith and Bowers",Small,2026-01-08,29806,90218,30348,2026-01-18,10,7,2026-01-25,,ELIGIBLE
FDX20257030065,CUST326061,Walker-Stephenson,Small,2026-01-02,10953,61524,33520,2026-01-12,10,7,2026-01-19,2026-01-18,RESOLVED_IN_GRACE
FDX20254461265,CUST579247,Medina-Lowe,Large,2025-12-01,23451,72660,39892,2025-12-26,25,20,2026-01-15,,ELIGIBLE
FDX20252497768,CUST964607,Booker-Lam,Mid,2025-12-14,17124,77459,61438,2025-12-29,15,12,2026-01-10,2026-01-01,RESOLVED_IN_GRACE
FDX20254252130,CUST919378,Robbins-Lopez,Mid,2025-12-30,22624,100280,41099,2026-01-14,15,12,2026-01-26,,ELIGIBLE
FDX20257338067,CUST299836,Myers-Lyons,Small,2025-12-26,2234,7601,3754,2026-01-05,10,7,2026-01-12,2026-01-11,RESOLVED_IN_GRACE
FDX20252810792,CUST851606,Sullivan-Wilson,Small,2026-01-01,58452,336184,273098,2026-01-11,10,7,2026-01-18,2026-01-14,RESOLVED_IN_GRACE
FDX20255595680,CUST454349,Daniel LLC,Large,2025-12-01,56083,288166,86969,2025-12-26,25,20,2026-01-15,2026-01-13,RESOLVED_IN_GRACE
FDX20258537488,CUST213000,Chandler-Dickson,Small,2025-12-23,51474,160715,125241,2026-01-02,10,7,2026-01-09,2026-01-09,RESOLVED_IN_GRACE
FDX20259840030,CUST893928,Mitchell-Vargas,Mid,2025-12-13,57493,282431,66752,2025-12-28,15,12,2026-01-09,,IN_GRACE
FDX20253935211,CUST534603,Brown-Morgan,Mid,2025-12-18,52549,222831,101222,2026-01-02,15,12,2026-01-14,,ELIGIBLE
FDX20255451151,CUST148759,Wilson-Love,Small,2025-12-31,36239,202827,90019,2026-01-10,10,7,2026-01-17,,ELIGIBLE
FDX20256852648,CUST764000,Schmitt-Ruiz,Small,2026-01-14,54539,294873,256749,2026-01-24,10,7,2026-01-31,2026-01-25,RESOLVED_IN_GRACE
FDX20256556541,CUST978146,Harrell-Mckinney,Mega,2025-12-01,57218,231875,108273,2026-01-05,35,30,2026-02-04,,ELIGIBLE
FDX20257560331,CUST804791,Hart-Rodriguez,Small,2026-01-01,2490,13320,10501,2026-01-11,10,7,2026-01-18,2026-01-13,RESOLVED_IN_GRACE
FDX20258001036,CUST717413,Chan-Williams,Small,2025-12-24,59798,153419,147713,2026-01-03,10,7,2026-01-10,2026-01-08,RESOLVED_IN_GRACE
FDX20255634657,CUST229204,Moran-Shepard,Mid,2025-12-12,16244,93815,23201,2025-12-27,15,12,2026-01-08,,ELIGIBLE
FDX20256189583,CUST909652,Johnson-Henry,Small,2026-01-02,16376,77772,75440,2026-01-12,10,7,2026-01-19,2026-01-17,RESOLVED_IN_GRACE
FDX20254197278,CUST572388,Blair-Hansen,Small,2025-12-27,20473,53614,27328,2026-01-06,10,7,2026-01-13,,ELIGIBLE
FDX20251689543,CUST579605,Riley-Duncan,Small,2025-12-26,49840,237522,216916,2026-01-05,10,7,2026-01-12,2026-01-09,RESOLVED_IN_GRACE
FDX20259725456,CUST790441,Parks-Collins,Mid,2025-12-27,31903,183532,137245,2026-01-11,15,12,2026-01-23,,ELIGIBLE
FDX20256759189,CUST717942,Clark-Anderson,Large,2025-12-07,40328,138128,131561,2026-01-01,25,20,2026-01-21,2026-01-04,RESOLVED_IN_GRACE
FDX20253062947,CUST628689,Charles-Montoya,Large,2025-12-01,39620,131298,41897,2025-12-26,25,20,2026-01-15,2026-01-06,RESOLVED_IN_GRACE
FDX20258272245,CUST241176,"Cook, Sanchez and Garza",Mid,2025-12-26,2332,12748,10353,2026-01-10,15,12,2026-01-22,2026-01-12,RESOLVED_IN_GRACE
FDX20258634097,CUST623059,"Brock, Lowe and Johnson",Small,2026-01-11,39421,218665,48597,2026-01-21,10,7,2026-01-28,2026-01-26,RESOLVED_IN_GRACE
FDX20256821657,CUST104548,"Dalton, Conway and Huff",Mid,2025-12-17,24699,125321,63134,2026-01-01,15,12,2026-01-13,2026-01-06,RESOLVED_IN_GRACE
FDX20255838692,CUST656127,Moore-Fletcher,Small,2026-01-01,24329,97174,27540,2026-01-11,10,7,2026-01-18,,ELIGIBLE
FDX20252848691,CUST871976,Stewart-Roberts,Mid,2026-01-03,57183,257381,212135,2026-01-18,15,12,2026-01-30,2026-01-20,RESOLVED_IN_GRACE
FDX20251139836,CUST150931,Palmer-Parsons,Small,2025-12-29,59802,230613,124612,2026-01-08,10,7,2026-01-15,,ELIGIBLE
FDX20259370606,CUST680099,Oneal-Wright,Mid,2025-12-29,34912,146865,139570,2026-01-13,15,12,2026-01-25,,ELIGIBLE
FDX20253468450,CUST553834,Powers Group,Mid,2025-12-25,29941,136563,57106,2026-01-09,15,12,2026-01-21,,IN_GRACE
FDX20258823508,CUST979562,"Chung, Flores and Whitaker",Large,2025-12-13,37695,174240,102099,2026-01-07,25,20,2026-01-27,,IN_GRACE
FDX20253520403,CUST713543,"Simon, Fisher and Decker",Mid,2025-12-21,9131,48114,29933,2026-01-05,15,12,2026-01-17,2026-01-17,RESOLVED_IN_GRACE
FDX20259777607,CUST606390,Mckinney-Luna,Small,2025-12-23,53993,232672,162298,2026-01-02,10,7,2026-01-09,,IN_GRACE
FDX20255861731,CUST633025,Graves-Fleming,Mid,2025-12-26,33962,140559,113690,2026-01-10,15,12,2026-01-22,2026-01-16,RESOLVED_IN_GRACE
FDX20253728089,CUST919023,Smith-Wilkerson,Small,2026-01-05,40786,223034,204608,2026-01-15,10,7,2026-01-22,,IN_GRACE
FDX20256094327,CUST285810,Underwood-Carr,Mid,2025-12-29,12215,67446,36930,2026-01-13,15,12,2026-01-25,,IN_GRACE
FDX20259167564,CUST825423,Lopez-Hernandez,Mega,2025-12-01,13300,60050,28149,2026-01-05,35,30,2026-02-04,2026-01-11,RESOLVED_IN_GRACE
FDX20255836199,CUST706658,Holmes-Santos,Mid,2025-12-23,48423,245802,105685,2026-01-07,15,12,2026-01-19,2026-01-10,RESOLVED_IN_GRACE
FDX20252084084,CUST282085,Martin-Barnett,Small,2026-01-06,18832,77011,50880,2026-01-16,10,7,2026-01-23,,ELIGIBLE
FDX20255944694,CUST865979,Jones-Young,Mid,2026-01-01,51048,138863,76037,2026-01-16,15,12,2026-01-28,,IN_GRACE
FDX20251261597,CUST954845,Fitzgerald-Ball,Small,2026-01-06,45827,135236,120665,2026-01-16,10,7,2026-01-23,,ELIGIBLE
FDX20258614476,CUST234618,Robinson-Gardner,Mid,2025-12-24,45197,123553,87987,2026-01-08,15,12,2026-01-20,2026-01-15,RESOLVED_IN_GRACE
FDX20251687078,CUST208584,Pugh-Haynes,Mid,2025-12-23,28074,112278,42388,2026-01-07,15,12,2026-01-19,,ELIGIBLE
FDX20254646113,CUST506224,Tran and Sons,Mega,2025-12-01,18903,55500,34210,2026-01-05,35,30,2026-02-04,2026-01-15,RESOLVED_IN_GRACE
FDX20255748242,CUST789461,"Kennedy, Keith and Ayala",Mid,2025-12-23,14030,36455,28720,2026-01-07,15,12,2026-01-19,,IN_GRACE
FDX20253070908,CUST729718,"Dudley, Armstrong and Walter",Mid,2025-12-19,27529,136764,112971,2026-01-03,15,12,2026-01-15,,ELIGIBLE
FDX20251892435,CUST735605,Moss-Mullen,Large,2025-12-11,57593,204452,96996,2026-01-05,25,20,2026-01-25,2026-01-24,RESOLVED_IN_GRACE
FDX20259193429,CUST437477,"Bowman, Duffy and Pierce",Mid,2025-12-13,52629,264482,169009,2025-12-28,15,12,2026-01-09,2026-01-04,RESOLVED_IN_GRACE
FDX20256130833,CUST628597,Foley-Murphy,Mid,2025-12-16,54627,318801,99636,2025-12-31,15,12,2026-01-12,,ELIGIBLE
FDX20251085400,CUST503348,Thomas-Lowe,Small,2025-12-26,43504,221863,52257,2026-01-05,10,7,2026-01-12,,ELIGIBLE
FDX20258219619,CUST539001,Bailey-Raymond,Mega,2025-12-01,24714,144002,36084,2026-01-05,35,30,2026-02-04,2026-01-24,RESOLVED_IN_GRACE
FDX20256909866,CUST738576,Cunningham-Banks,Small,2026-01-13,8268,36096,34234,2026-01-23,10,7,2026-01-30,,IN_GRACE
FDX20251010766,CUST826155,Gonzales-Coleman,Mid,2025-12-22,1987,6278,4182,2026-01-06,15,12,2026-01-18,,IN_GRACE
FDX20251837217,CUST899407,Robertson-Murphy,Large,2025-12-15,13695,49817,41728,2026-01-09,25,20,2026-01-29,,ELIGIBLE
FDX20255218353,CUST360297,"Olson, Hawkins and Dominguez",Small,2025-12-29,50609,189519,166328,2026-01-08,10,7,2026-01-15,,ELIGIBLE
FDX20253310537,CUST386886,Marquez-Hunt,Large,2025-12-12,17907,92535,46090,2026-01-06,25,20,2026-01-26,,ELIGIBLE
FDX20256875686,CUST517196,Smith-Owens,Mid,2025-12-30,31810,112212,101817,2026-01-14,15,12,2026-01-26,,IN_GRACE
FDX20255752407,CUST459513,Blanchard-Young,Small,2025-12-28,4466,12268,6250,2026-01-07,10,7,2026-01-14,,IN_GRACE
FDX20259422048,CUST408463,Cole-Nelson,Small,2025-12-25,6431,33297,15042,2026-01-04,10,7,2026-01-11,2026-01-06,RESOLVED_IN_GRACE
FDX20253601089,CUST574843,Martinez-Williamson,Large,2025-12-01,20324,60649,32673,2025-12-26,25,20,2026-01-15,2026-01-07,RESOLVED_IN_GRACE
FDX20252442898,CUST943890,Duncan-Kerr,Large,2025-12-04,57827,321242,310296,2025-12-29,25,20,2026-01-18,,IN_GRACE
FDX20255541070,CUST239850,Brock-Stewart,Mega,2025-12-01,48407,152295,105743,2026-01-05,35,30,2026-02-04,,IN_GRACE
FDX20253393173,CUST244892,"Potter, Wilkins and Scott",Mid,2025-12-12,50626,273768,88083,2025-12-27,15,12,2026-01-08,2026-01-03,RESOLVED_IN_GRACE
FDX20254300538,CUST532794,Schroeder-Reed,Mega,2025-12-01,9648,28404,13208,2026-01-05,35,30,2026-02-04,2026-01-29,RESOLVED_IN_GRACE
FDX20258248609,CUST731792,Hancock-Smith,Mid,2026-01-01,20305,111221,70342,2026-01-16,15,12,2026-01-28,,IN_GRACE
FDX20252354222,CUST834018,Blake-Scott,Small,2026-01-10,12678,33344,27267,2026-01-20,10,7,2026-01-27,,IN_GRACE
FDX20255878848,CUST884782,Wilson-Lara,Small,2026-01-09,14933,54065,45162,2026-01-19,10,7,2026-01-26,,ELIGIBLE
FDX20254671824,CUST637179,Johns LLC,Small,2025-12-28,36802,155113,152908,2026-01-07,10,7,2026-01-14,2026-01-14,RESOLVED_IN_GRACE
FDX20251539164,CUST413433,"Tucker, Schmidt and Delgado",Mid,2025-12-14,50659,186666,140786,2025-12-29,15,12,2026-01-10,2026-01-03,RESOLVED_IN_GRACE
FDX20258938605,CUST984027,Thompson-Carpenter,Small,2026-01-14,9432,41967,36459,2026-01-24,10,7,2026-01-31,2026-01-27,RESOLVED_IN_GRACE
FDX20256949741,CUST835570,Bonilla-Barrett,Small,2026-01-06,24371,115657,64389,2026-01-16,10,7,2026-01-23,2026-01-20,RESOLVED_IN_GRACE
FDX20255172971,CUST674416,Miller-Woodward,Mid,2025-12-21,14213,39740,35574,2026-01-05,15,12,2026-01-17,,ELIGIBLE
FDX20257480045,CUST429159,Wolf-Gregory,Small,2026-01-11,7903,45264,33883,2026-01-21,10,7,2026-01-28,2026-01-26,RESOLVED_IN_GRACE
FDX20258089435,CUST846454,Poole-Harris,Mid,2025-12-18,36482,134041,114136,2026-01-02,15,12,2026-01-14,,ELIGIBLE
FDX20257696015,CUST872610,Watkins-Richard,Small,2025-12-27,13042,59115,39415,2026-01-06,10,7,2026-01-13,,ELIGIBLE
FDX20252646494,CUST680472,Reid-Boyle,Small,2025-12-28,16664,72685,58416,2026-01-07,10,7,2026-01-14,,ELIGIBLE
FDX20255383230,CUST763311,Bates Group,Mid,2026-01-03,49089,127659,50897,2026-01-18,15,12,2026-01-30,,ELIGIBLE
FDX20256067099,CUST327900,Baker-Jimenez,Mid,2025-12-17,37245,206905,206884,2026-01-01,15,12,2026-01-13,,ELIGIBLE
FDX20256213281,CUST310647,"Cummings, Brown and French",Small,2026-01-02,35754,205778,194198,2026-01-12,10,7,2026-01-19,2026-01-15,RESOLVED_IN_GRACE
FDX20253907524,CUST319899,Ball-Casey,Large,2025-12-16,16153,76349,28889,2026-01-10,25,20,2026-01-30,2026-01-12,RESOLVED_IN_GRACE
FDX20258311783,CUST754487,Jackson-Fox,Small,2026-01-11,9664,43703,33644,2026-01-21,10,7,2026-01-28,,ELIGIBLE
FDX20256410314,CUST849086,"Estes, Johnston and Boyd",Large,2025-12-11,32558,147861,129000,2026-01-05,25,20,2026-01-25,,ELIGIBLE
FDX20253334991,CUST404694,Fleming Ltd,Small,2025-12-22,59831,176852,112862,2026-01-01,10,7,2026-01-08,,IN_GRACE
FDX20254347166,CUST819964,Love-Mitchell,Small,2026-01-04,25979,121775,27260,2026-01-14,10,7,2026-01-21,2026-01-19,RESOLVED_IN_GRACE
FDX20255194647,CUST462066,Short-Hayes,Large,2025-12-01,36202,96696,94531,2025-12-26,25,20,2026-01-15,2026-01-04,RESOLVED_IN_GRACE
FDX20253276513,CUST805034,Parks-Walker,Large,2025-12-01,5991,31631,28397,2025-12-26,25,20,2026-01-15,,ELIGIBLE
FDX20257984561,CUST239116,Nelson-Holmes,Mid,2025-12-17,42186,115360,59206,2026-01-01,15,12,2026-01-13,,ELIGIBLE
FDX20254347443,CUST844904,Herring and Sons,Mid,2025-12-15,19935,87105,72645,2025-12-30,15,12,2026-01-11,2026-01-11,RESOLVED_IN_GRACE
FDX20256050986,CUST781664,Bridges-Baker,Small,2026-01-01,13596,70411,48124,2026-01-11,10,7,2026-01-18,,ELIGIBLE
FDX20256116985,CUST286450,Carlson-Livingston,Small,2026-01-06,52732,176518,109385,2026-01-16,10,7,2026-01-23,,IN_GRACE
FDX20252436094,CUST628370,"Long, Ruiz and Miller",Small,2026-01-04,5799,29809,12523,2026-01-14,10,7,2026-01-21,,ELIGIBLE
FDX20255988439,CUST668843,Anderson-Turner,Small,2026-01-10,18690,92107,68174,2026-01-20,10,7,2026-01-27,,ELIGIBLE
FDX20258736886,CUST828038,Benton Inc,Small,2025-12-28,3727,18248,11222,2026-01-07,10,7,2026-01-14,2026-01-09,RESOLVED_IN_GRACE
FDX20254076474,CUST767814,Franklin-Turner,Small,2026-01-04,51576,242692,104428,2026-01-14,10,7,2026-01-21,,ELIGIBLE
FDX20257307661,CUST438041,Murphy-Chan,Small,2026-01-07,6624,25142,25104,2026-01-17,10,7,2026-01-24,,ELIGIBLE
FDX20258329845,CUST844858,Larsen-Cox,Small,2026-01-01,14289,80912,26568,2026-01-11,10,7,2026-01-18,,IN_GRACE
FDX20252611322,CUST221011,Chen and Sons,Mid,2025-12-19,35334,99526,47784,2026-01-03,15,12,2026-01-15,,ELIGIBLE
FDX20253325487,CUST897730,Collins-Matthews,Small,2025-12-26,31084,95233,81095,2026-01-05,10,7,2026-01-12,,ELIGIBLE
FDX20259834402,CUST469348,Shields-Owens,Small,2026-01-11,11442,67236,59816,2026-01-21,10,7,2026-01-28,,ELIGIBLE
FDX20258413874,CUST689593,"Ramsey, Day and Edwards",Small,2026-01-13,14700,70835,63486,2026-01-23,10,7,2026-01-30,,IN_GRACE
FDX20256255638,CUST603704,Graham-Carroll,Small,2026-01-13,1953,7384,4733,2026-01-23,10,7,2026-01-30,,IN_GRACE
FDX20259452615,CUST711116,Thomas-Garner,Large,2025-12-01,1942,10179,5697,2025-12-26,25,20,2026-01-15,,IN_GRACE
FDX20256998844,CUST698357,Palmer-Daniel,Mid,2026-01-03,1715,9547,6012,2026-01-18,15,12,2026-01-30,,ELIGIBLE
FDX20258858093,CUST799565,Moyer-Hubbard,Large,2025-12-07,53084,192965,125746,2026-01-01,25,20,2026-01-21,2026-01-20,RESOLVED_IN_GRACE
FDX20256942386,CUST844618,Henry-Morris,Large,2025-12-12,8836,43537,14138,2026-01-06,25,20,2026-01-26,,ELIGIBLE
FDX20258175098,CUST537757,Delacruz-Carson,Mid,2025-12-14,27835,107103,92071,2025-12-29,15,12,2026-01-10,2026-01-05,RESOLVED_IN_GRACE
FDX20258827453,CUST806995,Morris-Molina,Mid,2025-12-22,18216,83592,30335,2026-01-06,15,12,2026-01-18,,ELIGIBLE
FDX20258054914,CUST884197,Juarez-Hardy,Small,2026-01-10,49036,247705,100832,2026-01-20,10,7,2026-01-27,2026-01-25,RESOLVED_IN_GRACE
FDX20257882997,CUST982260,Hopkins-Hughes,Mid,2025-12-19,46748,223594,192233,2026-01-03,15,12,2026-01-15,2026-01-05,RESOLVED_IN_GRACE
FDX20258739061,CUST659837,Wilson-Perez,Large,2025-12-01,14834,52411,45967,2025-12-26,25,20,2026-01-15,,ELIGIBLE
FDX20251464274,CUST399817,Weiss-Adams,Small,2026-01-05,44031,144547,135604,2026-01-15,10,7,2026-01-22,2026-01-17,RESOLVED_IN_GRACE
FDX20251443289,CUST988459,Monroe-Williams,Small,2026-01-03,43157,235656,225501,2026-01-13,10,7,2026-01-20,2026-01-20,RESOLVED_IN_GRACE
FDX20258061842,CUST542904,Thornton-Powers,Small,2025-12-24,38095,122307,111268,2026-01-03,10,7,2026-01-10,2026-01-04,RESOLVED_IN_GRACE
FDX20252483592,CUST947568,Kelley-Leonard,Small,2026-01-14,25340,108616,52543,2026-01-24,10,7,2026-01-31,,ELIGIBLE
FDX20253358634,CUST113390,Davis-Duke,Mid,2025-12-25,44698,263694,93300,2026-01-09,15,12,2026-01-21,,IN_GRACE
FDX20256073262,CUST648122,Reynolds-Hancock,Large,2025-12-16,25423,129598,95537,2026-01-10,25,20,2026-01-30,,ELIGIBLE
FDX20255070918,CUST211642,Henry-Rodriguez,Small,2025-12-27,17823,46796,23554,2026-01-06,10,7,2026-01-13,,ELIGIBLE
FDX20259593404,CUST126499,Olson-Santiago,Small,2025-12-29,7291,24783,20317,2026-01-08,10,7,2026-01-15,2026-01-12,RESOLVED_IN_GRACE
FDX20257259766,CUST499371,Meyers Inc,Small,2025-12-22,5658,27517,7340,2026-01-01,10,7,2026-01-08,2026-01-07,RESOLVED_IN_GRACE
FDX20253135317,CUST252386,Brown Ltd,Large,2025-12-04,17131,58840,50138,2025-12-29,25,20,2026-01-18,,ELIGIBLE
FDX20255921482,CUST155642,Johnson-Jenkins,Mid,2025-12-22,21875,64212,52910,2026-01-06,15,12,2026-01-18,,ELIGIBLE
FDX20251898185,CUST802812,Wallace-Griffith,Mid,2025-12-16,51256,264744,170551,2025-12-31,15,12,2026-01-12,,ELIGIBLE
FDX20257587730,CUST159354,Moreno-Ryan,Mid,2025-12-20,27954,71633,38081,2026-01-04,15,12,2026-01-16,2026-01-13,RESOLVED_IN_GRACE
FDX20253112852,CUST309612,Kerr-Warren,Small,2026-01-11,33816,125142,112177,2026-01-21,10,7,2026-01-28,,IN_GRACE
FDX20257760247,CUST379947,Rodriguez-Park,Mid,2025-12-28,2441,13836,5060,2026-01-12,15,12,2026-01-24,,ELIGIBLE
FDX20251099872,CUST886626,Jones PLC,Mid,2025-12-25,28608,162080,94373,2026-01-09,15,12,2026-01-21,2026-01-18,RESOLVED_IN_GRACE
FDX20258764626,CUST923690,Dickerson Group,Mid,2025-12-27,34845,96412,35094,2026-01-11,15,12,2026-01-23,,ELIGIBLE
FDX20259690736,CUST268752,Phillips-Bennett,Small,2026-01-01,23684,63179,39948,2026-01-11,10,7,2026-01-18,2026-01-16,RESOLVED_IN_GRACE
FDX20258721222,CUST400538,"Davies, Ayers and Singh",Small,2026-01-13,7272,31858,23025,2026-01-23,10,7,2026-01-30,2026-01-28,RESOLVED_IN_GRACE
FDX20251911778,CUST816586,Stewart-Tran,Small,2026-01-09,6384,21649,15085,2026-01-19,10,7,2026-01-26,2026-01-24,RESOLVED_IN_GRACE
FDX20252420343,CUST362732,Turner-Howard,Mega,2025-12-01,45356,177181,161808,2026-01-05,35,30,2026-02-04,,ELIGIBLE
FDX20251917592,CUST253541,Scott-Edwards,Small,2026-01-05,41449,161659,120319,2026-01-15,10,7,2026-01-22,2026-01-21,RESOLVED_IN_GRACE
FDX20255532781,CUST980155,Matthews-Mcclain,Mid,2025-12-29,36892,135344,120018,2026-01-13,15,12,2026-01-25,,ELIGIBLE
FDX20252795982,CUST165046,Ray-Stephens,Small,2025-12-29,38680,155234,137879,2026-01-08,10,7,2026-01-15,,ELIGIBLE
FDX20256594923,CUST824141,Ayala-Jackson,Small,2026-01-14,5292,31454,10379,2026-01-24,10,7,2026-01-31,,ELIGIBLE
FDX20252634085,CUST922458,Richardson-Perkins,Mid,2025-12-20,53455,181828,156627,2026-01-04,15,12,2026-01-16,,ELIGIBLE
FDX20255875071,CUST409477,Wilson-Saunders,Mega,2025-12-01,30862,161860,156035,2026-01-05,35,30,2026-02-04,,IN_GRACE
FDX20259077690,CUST313910,Thompson-Gilbert,Small,2025-12-26,35375,101073,71274,2026-01-05,10,7,2026-01-12,,ELIGIBLE
FDX20256558419,CUST890200,Joseph-Hunt,Mid,2025-12-26,29398,148490,75059,2026-01-10,15,12,2026-01-22,2026-01-14,RESOLVED_IN_GRACE
FDX20252021141,CUST667460,Hill-Long,Large,2025-12-04,40399,184018,104646,2025-12-29,25,20,2026-01-18,,ELIGIBLE
FDX20253037470,CUST133875,Palmer-Rogers,Small,2025-12-27,55733,249889,210413,2026-01-06,10,7,2026-01-13,,ELIGIBLE
FDX20259570152,CUST476105,Barnes-Moore,Large,2025-12-09,35354,183952,74320,2026-01-03,25,20,2026-01-23,,ELIGIBLE
FDX20251889532,CUST953568,Dickerson-Lewis,Small,2026-01-06,17423,94431,40273,2026-01-16,10,7,2026-01-23,,ELIGIBLE
FDX20254440410,CUST574579,Ingram-Cantu,Small,2026-01-02,4300,17937,7042,2026-01-12,10,7,2026-01-19,2026-01-18,RESOLVED_IN_GRACE
FDX20259661473,CUST207458,Stewart-Clark,Mid,2025-12-16,21194,120051,75500,2025-12-31,15,12,2026-01-12,,IN_GRACE
FDX20253418467,CUST746036,Lee-Carroll,Small,2026-01-14,7996,42243,13599,2026-01-24,10,7,2026-01-31,2026-01-27,RESOLVED_IN_GRACE
FDX20259309833,CUST808340,Mcintosh-Reynolds,Large,2025-12-07,29799,162581,71556,2026-01-01,25,20,2026-01-21,2026-01-09,RESOLVED_IN_GRACE
FDX20253288458,CUST875414,"Key, Daniels and Wilson",Small,2025-12-22,4906,25005,21234,2026-01-01,10,7,2026-01-08,,ELIGIBLE
FDX20254750438,CUST689179,Walsh LLC,Large,2025-12-16,37711,101973,41939,2026-01-10,25,20,2026-01-30,,ELIGIBLE
FDX20253596701,CUST335203,Bullock-Cox,Small,2025-12-27,46010,266020,119263,2026-01-06,10,7,2026-01-13,2026-01-10,RESOLVED_IN_GRACE
FDX20256048133,CUST878476,Wolfe-Mayer,Small,2026-01-06,33692,89133,39239,2026-01-16,10,7,2026-01-23,,ELIGIBLE
FDX20256215882,CUST778553,Dixon-Henderson,Large,2025-12-06,19650,59277,29507,2025-12-31,25,20,2026-01-20,,IN_GRACE
FDX20251108226,CUST688534,Lee-Mcdaniel,Small,2025-12-28,38289,95951,55021,2026-01-07,10,7,2026-01-14,,ELIGIBLE
FDX20259136197,CUST507777,Robinson-Harris,Small,2026-01-01,20823,109404,34610,2026-01-11,10,7,2026-01-18,2026-01-18,RESOLVED_IN_GRACE
FDX20254367185,CUST349136,Pena-Phillips,Small,2026-01-11,11884,32144,30294,2026-01-21,10,7,2026-01-28,,ELIGIBLE
FDX20252924495,CUST635740,"Knox, Raymond and Davis",Large,2025-12-13,14708,86399,69735,2026-01-07,25,20,2026-01-27,,ELIGIBLE
FDX20252126456,CUST922405,Walker-Becker,Small,2026-01-11,9899,43422,39156,2026-01-21,10,7,2026-01-28,2026-01-24,RESOLVED_IN_GRACE
FDX20251000599,CUST935540,Cunningham-Young,Small,2026-01-14,34516,129507,87297,2026-01-24,10,7,2026-01-31,,ELIGIBLE
FDX20253567284,CUST937625,Rogers-Anderson,Large,2025-12-09,13677,48221,43081,2026-01-03,25,20,2026-01-23,,ELIGIBLE
FDX20253030620,CUST829943,Wilson-Fletcher,Mid,2025-12-27,37186,177708,148788,2026-01-11,15,12,2026-01-23,2026-01-23,RESOLVED_IN_GRACE
FDX20259721175,CUST401610,"Aguilar, White and Novak",Mid,2025-12-19,6102,30972,13355,2026-01-03,15,12,2026-01-15,,ELIGIBLE
FDX20252625102,CUST826596,Smith-Gross,Large,2025-12-04,54124,169371,158688,2025-12-29,25,20,2026-01-18,,ELIGIBLE
FDX20255147429,CUST796772,Kelley-Carter,Large,2025-12-17,31128,138007,84504,2026-01-11,25,20,2026-01-31,2026-01-12,RESOLVED_IN_GRACE
FDX20254427478,CUST149261,Moore-Fernandez,Mega,2025-12-01,47604,228065,96948,2026-01-05,35,30,2026-02-04,2026-01-25,RESOLVED_IN_GRACE
FDX20252738237,CUST500118,Friedman-Cook,Small,2026-01-03,58909,317707,238892,2026-01-13,10,7,2026-01-20,2026-01-16,RESOLVED_IN_GRACE
FDX20258948078,CUST506380,Taylor-Saunders,Small,2025-12-22,43483,126078,74963,2026-01-01,10,7,2026-01-08,2026-01-05,RESOLVED_IN_GRACE
FDX20251413665,CUST536801,Sutton-Miller,Small,2026-01-11,38025,107969,93946,2026-01-21,10,7,2026-01-28,,ELIGIBLE
FDX20259485991,CUST926394,Williams-Tapia,Small,2025-12-31,25075,124882,63318,2026-01-10,10,7,2026-01-17,2026-01-11,RESOLVED_IN_GRACE
FDX20258445994,CUST818430,Case and Sons,Large,2025-12-16,47246,226350,202871,2026-01-10,25,20,2026-01-30,,ELIGIBLE
FDX20257555091,CUST427841,Brock and Sons,Large,2025-12-12,37464,159460,121928,2026-01-06,25,20,2026-01-26,,ELIGIBLE
FDX20251933705,CUST678944,Smith-Graves,Small,2026-01-01,15872,66891,42392,2026-01-11,10,7,2026-01-18,2026-01-17,RESOLVED_IN_GRACE
FDX20253043656,CUST156415,Potts-Jensen,Mid,2026-01-04,17470,87941,49791,2026-01-19,15,12,2026-01-31,,IN_GRACE
FDX20256031885,CUST113595,Frazier PLC,Small,2026-01-11,32670,178843,130064,2026-01-21,10,7,2026-01-28,,ELIGIBLE
FDX20257787345,CUST879794,Jackson-Foster,Mid,2025-12-15,28794,83207,62033,2025-12-30,15,12,2026-01-11,,ELIGIBLE
FDX20259115466,CUST363550,"Contreras, Taylor and Perez",Small,2026-01-02,19349,94711,48372,2026-01-12,10,7,2026-01-19,,ELIGIBLE
FDX20254087744,CUST312952,Davis-Barnett,Mid,2026-01-03,23956,123047,83316,2026-01-18,15,12,2026-01-30,,ELIGIBLE
FDX20254941435,CUST750706,Owen-Bell,Small,2026-01-01,33066,176312,163080,2026-01-11,10,7,2026-01-18,,IN_GRACE
FDX20255366631,CUST918859,Holmes-Page,Small,2025-12-28,59774,286950,154720,2026-01-07,10,7,2026-01-14,2026-01-12,RESOLVED_IN_GRACE
FDX20258367376,CUST564586,Rodriguez-Miller,Small,2026-01-12,10550,44500,32779,2026-01-22,10,7,2026-01-29,,ELIGIBLE
FDX20253066894,CUST970300,Lin-Green,Mid,2025-12-19,34602,117138,88865,2026-01-03,15,12,2026-01-15,,ELIGIBLE
FDX20258253691,CUST336504,Adkins-Sandoval,Small,2026-01-02,6330,33379,28649,2026-01-12,10,7,2026-01-19,,ELIGIBLE
FDX20253453606,CUST764575,Ford-Sims,Mid,2025-12-30,54234,270080,237172,2026-01-14,15,12,2026-01-26,,IN_GRACE
FDX20251363358,CUST838857,Keith-Price,Mid,2025-12-25,14073,64005,33185,2026-01-09,15,12,2026-01-21,,ELIGIBLE
FDX20254100561,CUST844012,Price-Gray,Small,2025-12-26,21950,125827,96080,2026-01-05,10,7,2026-01-12,2026-01-07,RESOLVED_IN_GRACE
FDX20253377099,CUST779091,Moran-Lee,Small,2026-01-01,13958,75492,72068,2026-01-11,10,7,2026-01-18,,ELIGIBLE
FDX20255037972,CUST485604,Campbell-Stuart,Small,2026-01-01,26228,70489,44712,2026-01-11,10,7,2026-01-18,,ELIGIBLE
FDX20253865137,CUST891787,"Blankenship, Gutierrez and Ryan",Small,2026-01-11,10054,42742,18802,2026-01-21,10,7,2026-01-28,,IN_GRACE
FDX20259581797,CUST716966,Bonilla-Brown,Small,2026-01-06,22759,57466,34713,2026-01-16,10,7,2026-01-23,2026-01-19,RESOLVED_IN_GRACE
FDX20254361332,CUST673167,Mitchell-Crane,Small,2026-01-07,56065,242381,186227,2026-01-17,10,7,2026-01-24,2026-01-23,RESOLVED_IN_GRACE
FDX20258988612,CUST874320,Davila-Gonzalez,Mid,2026-01-03,5578,19037,7552,2026-01-18,15,12,2026-01-30,,ELIGIBLE
FDX20259060889,CUST732697,Franklin-Brown,Large,2025-12-01,32917,188724,168454,2025-12-26,25,20,2026-01-15,,ELIGIBLE
FDX20255865999,CUST306012,Cisneros-Simmons,Mid,2025-12-26,12841,72593,34655,2026-01-10,15,12,2026-01-22,,ELIGIBLE
FDX20255856148,CUST913848,Oconnor-Perez,Small,2026-01-11,53239,287162,198831,2026-01-21,10,7,2026-01-28,2026-01-26,RESOLVED_IN_GRACE
FDX20252678051,CUST860127,Hawkins-Thomas,Mega,2025-12-01,6193,28522,9745,2026-01-05,35,30,2026-02-04,,ELIGIBLE
FDX20259270565,CUST302897,Larsen-Martinez,Mid,2025-12-25,48901,123134,79591,2026-01-09,15,12,2026-01-21,,ELIGIBLE
FDX20257162932,CUST408467,Watson-Massey,Small,2025-12-31,30215,170009,137965,2026-01-10,10,7,2026-01-17,,ELIGIBLE
FDX20255616776,CUST570616,Cooper-Anderson,Mid,2025-12-21,15152,87953,36365,2026-01-05,15,12,2026-01-17,2026-01-15,RESOLVED_IN_GRACE
FDX20257563066,CUST286044,Pittman-Herrera,Small,2026-01-13,20620,51884,27920,2026-01-23,10,7,2026-01-30,,ELIGIBLE
FDX20257472998,CUST815819,Gregory Group,Small,2026-01-05,56159,273547,270969,2026-01-15,10,7,2026-01-22,,ELIGIBLE
FDX20252800796,CUST178086,"Mejia, Harrington and Torres",Mid,2025-12-15,49094,130848,88942,2025-12-30,15,12,2026-01-11,,ELIGIBLE
FDX20258784019,CUST296059,"Kline, Perry and Hall",Small,2026-01-11,15516,70958,32257,2026-01-21,10,7,2026-01-28,,IN_GRACE
FDX20257994362,CUST282237,Ramsey-Fuller,Small,2025-12-25,7400,38984,12536,2026-01-04,10,7,2026-01-11,,ELIGIBLE
FDX20258127514,CUST870786,Davis-Gross,Small,2026-01-09,30142,155432,147049,2026-01-19,10,7,2026-01-26,2026-01-26,RESOLVED_IN_GRACE
FDX20253485821,CUST638807,Wilson-Moss,Small,2026-01-01,37474,96203,71061,2026-01-11,10,7,2026-01-18,,ELIGIBLE
FDX20251469269,CUST225151,Becker-Taylor,Small,2026-01-11,49416,221928,132993,2026-01-21,10,7,2026-01-28,,ELIGIBLE
FDX20255755035,CUST495521,"Gilmore, Ramos and Scott",Mid,2025-12-26,22407,71761,23401,2026-01-10,15,12,2026-01-22,2026-01-19,RESOLVED_IN_GRACE
FDX20258668568,CUST142608,Hogan-Woods,Small,2026-01-08,28579,84773,68865,2026-01-18,10,7,2026-01-25,2026-01-25,RESOLVED_IN_GRACE
FDX20253015388,CUST549323,Santiago-Nguyen,Small,2026-01-13,40401,222248,41208,2026-01-23,10,7,2026-01-30,2026-01-30,RESOLVED_IN_GRACE
FDX20257533541,CUST392670,Parker-Johnson,Small,2026-01-09,34007,196161,165718,2026-01-19,10,7,2026-01-26,2026-01-21,RESOLVED_IN_GRACE
FDX20251184878,CUST683635,Ramirez-Charles,Small,2026-01-14,42436,160255,131357,2026-01-24,10,7,2026-01-31,,ELIGIBLE
FDX20256079496,CUST377075,Le-Martinez,Mid,2025-12-22,6747,24564,10938,2026-01-06,15,12,2026-01-18,2026-01-16,RESOLVED_IN_GRACE
FDX20251571826,CUST236384,Fisher-Johnson,Mega,2025-12-01,21422,57785,32331,2026-01-05,35,30,2026-02-04,2026-01-27,RESOLVED_IN_GRACE
FDX20258457126,CUST268746,Moody-Fuller,Small,2026-01-09,32364,185025,128608,2026-01-19,10,7,2026-01-26,2026-01-24,RESOLVED_IN_GRACE
FDX20251715242,CUST712353,Cruz-Cook,Mega,2025-12-01,20566,75219,44091,2026-01-05,35,30,2026-02-04,2026-02-03,RESOLVED_IN_GRACE
FDX20256951329,CUST987110,Hawkins-Mitchell,Mid,2025-12-29,4305,11842,11574,2026-01-13,15,12,2026-01-25,,ELIGIBLE
FDX20253337125,CUST367403,"Freeman, Adams and Davis",Mid,2025-12-19,27946,118817,86706,2026-01-03,15,12,2026-01-15,,ELIGIBLE
FDX20258850178,CUST105919,Frost-Hunter,Large,2025-12-03,25384,111286,67240,2025-12-28,25,20,2026-01-17,,ELIGIBLE
FDX20258689839,CUST446620,Castillo-Hernandez,Small,2026-01-06,32615,121026,100959,2026-01-16,10,7,2026-01-23,,ELIGIBLE
FDX20255645678,CUST588983,"Campbell, Mcclure and Cruz",Small,2026-01-13,26274,93496,45733,2026-01-23,10,7,2026-01-30,2026-01-28,RESOLVED_IN_GRACE
FDX20251153009,CUST844163,Murphy-Hart,Small,2026-01-11,6168,15772,14284,2026-01-21,10,7,2026-01-28,2026-01-27,RESOLVED_IN_GRACE
FDX20253656077,CUST262325,Pacheco-Crawford,Large,2025-12-05,50535,127171,95214,2025-12-30,25,20,2026-01-19,,ELIGIBLE
FDX20257002009,CUST141880,George-Shaw,Mid,2026-01-03,27340,76125,49450,2026-01-18,15,12,2026-01-30,2026-01-24,RESOLVED_IN_GRACE
FDX20259399318,CUST261169,Hodges-Hernandez,Mega,2025-12-01,32881,109750,101480,2026-01-05,35,30,2026-02-04,,ELIGIBLE
FDX20259442389,CUST438302,Anderson-Vega,Mid,2025-12-17,48494,285219,248540,2026-01-01,15,12,2026-01-13,,IN_GRACE
FDX20254536303,CUST725874,Ruiz-Clements,Large,2025-12-09,56426,215474,86781,2026-01-03,25,20,2026-01-23,2026-01-05,RESOLVED_IN_GRACE
FDX20256852464,CUST153325,Perez-Smith,Large,2025-12-01,39002,203601,40739,2025-12-26,25,20,2026-01-15,,ELIGIBLE
FDX20259808972,CUST911242,Daniels-Dickerson,Mid,2025-12-14,52540,138868,109109,2025-12-29,15,12,2026-01-10,,ELIGIBLE
FDX20257553588,CUST755744,Farrell-Ward,Small,2026-01-13,26372,81191,53112,2026-01-23,10,7,2026-01-30,,ELIGIBLE
FDX20259607469,CUST745512,Flynn-Rosales,Mid,2026-01-01,59080,324397,94122,2026-01-16,15,12,2026-01-28,2026-01-27,RESOLVED_IN_GRACE
FDX20252053034,CUST984096,Reid-Franklin,Mega,2025-12-01,23970,85310,29166,2026-01-05,35,30,2026-02-04,,ELIGIBLE
FDX20253927571,CUST794042,Long-Nguyen,Small,2026-01-13,30368,125526,83566,2026-01-23,10,7,2026-01-30,,ELIGIBLE
FDX20253540116,CUST415783,"Marshall, Peterson and Martin",Small,2026-01-12,2866,9860,5268,2026-01-22,10,7,2026-01-29,,ELIGIBLE
FDX20256903348,CUST614379,Morris Ltd,Small,2025-12-22,20628,100659,69990,2026-01-01,10,7,2026-01-08,,ELIGIBLE
FDX20256692359,CUST928278,Williams-Robinson,Small,2026-01-11,40875,223565,195506,2026-01-21,10,7,2026-01-28,,ELIGIBLE
FDX20258708824,CUST700495,"Tyler, Harris and Miller",Mid,2026-01-03,7490,35445,10262,2026-01-18,15,12,2026-01-30,2026-01-23,RESOLVED_IN_GRACE
FDX20253349469,CUST676884,Wells-Pope,Small,2026-01-11,15454,53717,40820,2026-01-21,10,7,2026-01-28,,IN_GRACE
FDX20255669772,CUST475479,Brown-Black,Small,2026-01-08,58307,308244,176678,2026-01-18,10,7,2026-01-25,,ELIGIBLE
FDX20256082320,CUST176421,Mckenzie-Pruitt,Small,2026-01-06,23005,117565,66573,2026-01-16,10,7,2026-01-23,,ELIGIBLE
FDX20257609027,CUST922116,Robinson-Perez,Small,2026-01-11,57006,237395,125912,2026-01-21,10,7,2026-01-28,,IN_GRACE
FDX20252144375,CUST842057,Jefferson-Hernandez,Mid,2025-12-29,27268,70359,52466,2026-01-13,15,12,2026-01-25,,ELIGIBLE
FDX20259115888,CUST433299,Short LLC,Mid,2025-12-17,37976,144888,73145,2026-01-01,15,12,2026-01-13,,ELIGIBLE
FDX20257317003,CUST650916,James-Rogers,Mid,2025-12-22,52278,178053,107055,2026-01-06,15,12,2026-01-18,2026-01-07,RESOLVED_IN_GRACE
FDX20258914690,CUST330646,"Montoya, Zuniga and Ford",Small,2026-01-09,25926,90289,41357,2026-01-19,10,7,2026-01-26,,ELIGIBLE
FDX20254026182,CUST292800,"Petersen, Ward and Gilbert",Small,2026-01-01,58586,284061,201860,2026-01-11,10,7,2026-01-18,2026-01-13,RESOLVED_IN_GRACE
FDX20259505716,CUST645895,Barrett-Rodriguez,Mid,2025-12-21,54772,301988,136114,2026-01-05,15,12,2026-01-17,2026-01-15,RESOLVED_IN_GRACE
FDX20259815318,CUST171488,Thomas-Jones,Small,2026-01-14,47665,273517,161759,2026-01-24,10,7,2026-01-31,,IN_GRACE
FDX20255349090,CUST924451,Carter-Daniels,Small,2026-01-03,40060,205074,138931,2026-01-13,10,7,2026-01-20,2026-01-19,RESOLVED_IN_GRACE
FDX20253171340,CUST629678,Joseph Inc,Small,2025-12-27,4788,15748,13207,2026-01-06,10,7,2026-01-13,2026-01-10,RESOLVED_IN_GRACE
FDX20256437103,CUST267112,Allen-Green,Small,2026-01-08,51163,211851,186829,2026-01-18,10,7,2026-01-25,2026-01-23,RESOLVED_IN_GRACE
FDX20256840068,CUST536135,Morris-Smith,Mid,2025-12-22,3872,14405,5641,2026-01-06,15,12,2026-01-18,,ELIGIBLE
FDX20257774201,CUST669460,Hammond-Gray,Small,2025-12-27,20448,53695,33094,2026-01-06,10,7,2026-01-13,2026-01-10,RESOLVED_IN_GRACE
FDX20252133636,CUST663123,Harris-Fuller,Mid,2025-12-17,16118,60336,50618,2026-01-01,15,12,2026-01-13,,ELIGIBLE
FDX20251753785,CUST523013,Shaffer Inc,Small,2026-01-09,30657,110733,74388,2026-01-19,10,7,2026-01-26,2026-01-20,RESOLVED_IN_GRACE
FDX20251495294,CUST196411,Tate-Gomez,Small,2026-01-13,10551,51958,18476,2026-01-23,10,7,2026-01-30,2026-01-28,RESOLVED_IN_GRACE
FDX20253670591,CUST466375,"Norman, Smith and Hubbard",Mid,2026-01-02,59160,211111,177173,2026-01-17,15,12,2026-01-29,2026-01-27,RESOLVED_IN_GRACE
FDX20254887353,CUST331942,"Myers, Jones and Murphy",Mega,2025-12-01,5204,18407,7795,2026-01-05,35,30,2026-02-04,2026-01-26,RESOLVED_IN_GRACE
FDX20252619679,CUST323717,Washington-Hardin,Large,2025-12-08,50154,284592,104755,2026-01-02,25,20,2026-01-22,,ELIGIBLE
FDX20252782083,CUST795556,Williams-Carrillo,Mid,2025-12-27,59117,153564,137846,2026-01-11,15,12,2026-01-23,2026-01-22,RESOLVED_IN_GRACE
FDX20259379110,CUST448005,Barber Ltd,Small,2026-01-02,46578,192786,123728,2026-01-12,10,7,2026-01-19,2026-01-14,RESOLVED_IN_GRACE
FDX20258992883,CUST447148,Reyes Inc,Large,2025-12-11,6097,20593,7485,2026-01-05,25,20,2026-01-25,,ELIGIBLE
FDX20256430103,CUST478323,Rodriguez-Jones,Small,2026-01-06,53344,185080,125349,2026-01-16,10,7,2026-01-23,,ELIGIBLE
FDX20254884505,CUST407835,Hunter-Floyd,Mid,2026-01-03,57196,329893,226825,2026-01-18,15,12,2026-01-30,,ELIGIBLE
FDX20254969777,CUST329056,White-Downs,Mid,2025-12-17,23150,115484,102665,2026-01-01,15,12,2026-01-13,,ELIGIBLE
FDX20252768852,CUST889216,"Allison, Johnston and Hall",Small,2026-01-02,41531,111836,46894,2026-01-12,10,7,2026-01-19,,ELIGIBLE
FDX20253919201,CUST748314,Carr-Nguyen,Large,2025-12-11,32659,105965,77569,2026-01-05,25,20,2026-01-25,,IN_GRACE
FDX20257443851,CUST656268,Cline Group,Small,2025-12-31,27784,120232,100793,2026-01-10,10,7,2026-01-17,,ELIGIBLE
FDX20258047372,CUST597923,Dunn-Miller,Small,2026-01-04,33292,100416,65999,2026-01-14,10,7,2026-01-21,,ELIGIBLE
FDX20252079947,CUST688602,Scott-Williams,Mid,2025-12-18,5261,25655,12133,2026-01-02,15,12,2026-01-14,,ELIGIBLE
FDX20252038956,CUST963699,Snyder-Mullins,Small,2026-01-06,28965,118085,87520,2026-01-16,10,7,2026-01-23,,ELIGIBLE
FDX20255202421,CUST888669,Brooks-Ortega,Mid,2025-12-29,58091,283345,110017,2026-01-13,15,12,2026-01-25,,ELIGIBLE
FDX20252920551,CUST780840,"Munoz, Henry and King",Small,2025-12-22,30470,167635,49790,2026-01-01,10,7,2026-01-08,,ELIGIBLE
FDX20251627774,CUST109231,Perez PLC,Large,2025-12-01,43924,206879,72539,2025-12-26,25,20,2026-01-15,,IN_GRACE
FDX20252222751,CUST220294,Nelson-Stanley,Small,2026-01-04,53109,146562,90440,2026-01-14,10,7,2026-01-21,2026-01-15,RESOLVED_IN_GRACE
FDX20258407618,CUST801432,Wu and Sons,Small,2026-01-10,16975,68581,48804,2026-01-20,10,7,2026-01-27,,ELIGIBLE
FDX20257280082,CUST462814,Watkins-Kim,Mid,2025-12-27,31347,141710,81107,2026-01-11,15,12,2026-01-23,,IN_GRACE
FDX20251494247,CUST567315,"Franco, Weber and Waller",Large,2025-12-08,33390,162931,80742,2026-01-02,25,20,2026-01-22,2026-01-21,RESOLVED_IN_GRACE
FDX20253920363,CUST352023,"Sosa, Williams and Robinson",Small,2026-01-04,44519,164178,141955,2026-01-14,10,7,2026-01-21,,ELIGIBLE
FDX20256388157,CUST773462,Strickland-Dunn,Mid,2025-12-27,9929,33512,18819,2026-01-11,15,12,2026-01-23,,ELIGIBLE
FDX20252806251,CUST743512,Scott-Pope,Small,2025-12-27,58534,304008,158943,2026-01-06,10,7,2026-01-13,,IN_GRACE
FDX20258541520,CUST751303,Bradshaw PLC,Mid,2025-12-18,32920,110889,94250,2026-01-02,15,12,2026-01-14,2026-01-04,RESOLVED_IN_GRACE
FDX20257335562,CUST355671,Cochran-Cooke,Small,2025-12-27,40123,210846,163763,2026-01-06,10,7,2026-01-13,,IN_GRACE
FDX20253235004,CUST141814,Campbell-Wheeler,Small,2025-12-27,22052,98178,81237,2026-01-06,10,7,2026-01-13,2026-01-11,RESOLVED_IN_GRACE
FDX20254350987,CUST815706,Fuentes-Pennington,Small,2026-01-13,9250,49636,17912,2026-01-23,10,7,2026-01-30,,ELIGIBLE
FDX20254283602,CUST436526,Donaldson-Conrad,Small,2025-12-27,3473,18590,8482,2026-01-06,10,7,2026-01-13,,ELIGIBLE
FDX20255236162,CUST499898,Suarez and Sons,Large,2025-12-01,23420,93149,26554,2025-12-26,25,20,2026-01-15,,ELIGIBLE
FDX20259239341,CUST934883,Neal-Moore,Small,2026-01-05,12197,65756,58390,2026-01-15,10,7,2026-01-22,,IN_GRACE
FDX20258340281,CUST218881,Carlson-Bridges,Large,2025-12-17,42432,178911,120587,2026-01-11,25,20,2026-01-31,2026-01-18,RESOLVED_IN_GRACE
FDX20255799782,CUST504620,Bowman-Hensley,Mega,2025-12-01,38188,131710,87611,2026-01-05,35,30,2026-02-04,,ELIGIBLE
FDX20254783204,CUST369054,Reynolds-Adkins,Mid,2025-12-21,56580,295592,173724,2026-01-05,15,12,2026-01-17,,IN_GRACE
FDX20254375454,CUST666479,Williams-Oliver,Large,2025-12-10,27955,144784,64501,2026-01-04,25,20,2026-01-24,,ELIGIBLE
FDX20253719411,CUST859143,Gomez-Barker,Mid,2025-12-22,9435,39023,31556,2026-01-06,15,12,2026-01-18,,IN_GRACE
FDX20258282368,CUST396567,Stephenson-Vega,Large,2025-12-02,26970,118134,90789,2025-12-27,25,20,2026-01-16,,IN_GRACE
FDX20259867252,CUST125905,Phillips-Davis,Large,2025-12-16,19164,103803,85513,2026-01-10,25,20,2026-01-30,,ELIGIBLE
FDX20254226188,CUST641975,Stevens-Williams,Small,2026-01-01,41105,205220,199052,2026-01-11,10,7,2026-01-18,,ELIGIBLE
FDX20252443147,CUST962043,Landry-Cochran,Small,2026-01-02,58622,148693,126695,2026-01-12,10,7,2026-01-19,,ELIGIBLE
FDX20251406730,CUST907921,Bartlett-Ray,Small,2026-01-10,51701,254800,187548,2026-01-20,10,7,2026-01-27,,ELIGIBLE
FDX20252614070,CUST493172,"Stevens, Reese and Wright",Mid,2025-12-22,29279,103598,103314,2026-01-06,15,12,2026-01-18,2026-01-08,RESOLVED_IN_GRACE
FDX20254414828,CUST639292,Townsend-Durham,Large,2025-12-03,20965,68429,56304,2025-12-28,25,20,2026-01-17,,ELIGIBLE
FDX20251557661,CUST941814,Williams-Wu,Mid,2025-12-16,46896,179984,131713,2025-12-31,15,12,2026-01-12,2026-01-10,RESOLVED_IN_GRACE
FDX20253358248,CUST633447,Malone-Knapp,Small,2025-12-28,4001,22222,13349,2026-01-07,10,7,2026-01-14,2026-01-12,RESOLVED_IN_GRACE
FDX20251087850,CUST567200,Carpenter Inc,Small,2026-01-04,4969,21644,14505,2026-01-14,10,7,2026-01-21,2026-01-17,RESOLVED_IN_GRACE
FDX20257032432,CUST610451,"Howell, Proctor and Simmons",Small,2026-01-14,32070,116722,56483,2026-01-24,10,7,2026-01-31,,IN_GRACE
FDX20257845563,CUST145981,Carr Group,Small,2026-01-13,31518,85780,61188,2026-01-23,10,7,2026-01-30,,ELIGIBLE
FDX20252207374,CUST410833,Mcmahon-Miller,Mega,2025-12-01,10524,50053,30195,2026-01-05,35,30,2026-02-04,,ELIGIBLE
FDX20256716187,CUST783176,Brown-Vasquez,Small,2025-12-29,19371,93461,39105,2026-01-08,10,7,2026-01-15,,ELIGIBLE
FDX20254108891,CUST301863,Walter-Hamilton,Large,2025-12-05,32984,155954,86981,2025-12-30,25,20,2026-01-19,,ELIGIBLE
FDX20259860962,CUST435872,"Casey, Williams and Davis",Mid,2025-12-27,5677,16187,15533,2026-01-11,15,12,2026-01-23,2026-01-17,RESOLVED_IN_GRACE
FDX20259324443,CUST638857,Pugh LLC,Large,2025-12-13,18050,75275,72262,2026-01-07,25,20,2026-01-27,2026-01-13,RESOLVED_IN_GRACE
FDX20254189967,CUST186345,Hansen-Ramirez,Mid,2025-12-17,37519,218381,110202,2026-01-01,15,12,2026-01-13,,IN_GRACE
FDX20254480849,CUST200617,Duffy-Burke,Small,2025-12-29,5092,27684,15499,2026-01-08,10,7,2026-01-15,,ELIGIBLE
FDX20258947918,CUST275526,Navarro-Ramirez,Small,2026-01-01,7422,38662,15472,2026-01-11,10,7,2026-01-18,2026-01-16,RESOLVED_IN_GRACE
FDX20259402873,CUST910883,Knight-Brown,Mid,2025-12-16,9620,40601,22131,2025-12-31,15,12,2026-01-12,2026-01-01,RESOLVED_IN_GRACE
FDX20256907359,CUST664107,Hines and Sons,Large,2025-12-09,17178,72359,52969,2026-01-03,25,20,2026-01-23,,ELIGIBLE
FDX20256980829,CUST659106,Tucker-Robinson,Mid,2025-12-27,12532,67954,14562,2026-01-11,15,12,2026-01-23,,IN_GRACE
FDX20253313134,CUST107686,Morris-Clayton,Mid,2026-01-02,16467,61754,43592,2026-01-17,15,12,2026-01-29,2026-01-26,RESOLVED_IN_GRACE
FDX20252126668,CUST757386,Davis-Bennett,Small,2025-12-26,40712,131965,129312,2026-01-05,10,7,2026-01-12,2026-01-06,RESOLVED_IN_GRACE
FDX20258363152,CUST168652,Banks-Hartman,Small,2025-12-30,38188,193008,178419,2026-01-09,10,7,2026-01-16,2026-01-13,RESOLVED_IN_GRACE
FDX20258172456,CUST321020,Edwards-Sandoval,Small,2026-01-04,32977,142610,33032,2026-01-14,10,7,2026-01-21,2026-01-20,RESOLVED_IN_GRACE
FDX20257310216,CUST802897,Howard-Schneider,Small,2026-01-06,32281,127655,36134,2026-01-16,10,7,2026-01-23,,ELIGIBLE
FDX20252188961,CUST760093,Jones-Wilkerson,Small,2026-01-09,8467,27438,27332,2026-01-19,10,7,2026-01-26,,ELIGIBLE
FDX20252311035,CUST911159,"Carroll, Padilla and Arias",Small,2026-01-14,44363,167397,154206,2026-01-24,10,7,2026-01-31,,ELIGIBLE
FDX20253133934,CUST323530,Garcia-Buckley,Large,2025-12-03,54103,292708,218709,2025-12-28,25,20,2026-01-17,,ELIGIBLE
FDX20259677962,CUST818699,Martinez-Torres,Mega,2025-12-01,12860,53272,38660,2026-01-05,35,30,2026-02-04,2026-01-20,RESOLVED_IN_GRACE
FDX20256003418,CUST544815,Little-Burton,Mid,2025-12-12,56387,301388,300267,2025-12-27,15,12,2026-01-08,2026-01-04,RESOLVED_IN_GRACE
FDX20252693039,CUST976258,Vargas-Coleman,Small,2026-01-01,46825,196879,150218,2026-01-11,10,7,2026-01-18,,ELIGIBLE
FDX20252978495,CUST208975,Morgan-Long,Small,2025-12-27,54877,201372,78991,2026-01-06,10,7,2026-01-13,2026-01-13,RESOLVED_IN_GRACE
FDX20259367003,CUST315565,Fernandez-Smith,Mid,2025-12-31,32904,184195,159359,2026-01-15,15,12,2026-01-27,,ELIGIBLE
FDX20254868381,CUST663876,Duarte-Aguilar,Small,2025-12-25,5894,31734,19107,2026-01-04,10,7,2026-01-11,2026-01-06,RESOLVED_IN_GRACE
FDX20251863674,CUST969005,Jackson LLC,Small,2025-12-26,28129,123587,85753,2026-01-05,10,7,2026-01-12,,ELIGIBLE
FDX20256551912,CUST836879,Holloway Group,Large,2025-12-01,49657,262428,157440,2025-12-26,25,20,2026-01-15,,ELIGIBLE
FDX20251378200,CUST877388,Nelson-Gray,Large,2025-12-15,6087,28447,13703,2026-01-09,25,20,2026-01-29,,ELIGIBLE
FDX20254758452,CUST912863,"Browning, Ramsey and Daniel",Small,2025-12-26,53635,193452,156481,2026-01-05,10,7,2026-01-12,2026-01-07,RESOLVED_IN_GRACE
FDX20255863655,CUST556379,Meyers-Camacho,Large,2025-12-11,53346,273386,84640,2026-01-05,25,20,2026-01-25,,IN_GRACE
FDX20255217487,CUST777968,Walton-Williams,Small,2025-12-26,17345,44040,23829,2026-01-05,10,7,2026-01-12,2026-01-07,RESOLVED_IN_GRACE
FDX20257550268,CUST956429,Young-Mcgee,Small,2025-12-28,50273,233180,84306,2026-01-07,10,7,2026-01-14,2026-01-10,RESOLVED_IN_GRACE
FDX20257004652,CUST175623,Gillespie-Martinez,Small,2026-01-09,46381,277163,181572,2026-01-19,10,7,2026-01-26,2026-01-23,RESOLVED_IN_GRACE
FDX20252140059,CUST883171,Contreras-Thompson,Large,2025-12-13,21367,56985,37938,2026-01-07,25,20,2026-01-27,,ELIGIBLE
FDX20253648501,CUST819368,Rojas-Dominguez,Mid,2025-12-14,27871,121647,75878,2025-12-29,15,12,2026-01-10,2026-01-03,RESOLVED_IN_GRACE
FDX20255832995,CUST261223,Anderson-Baldwin,Mid,2025-12-22,38660,224185,157282,2026-01-06,15,12,2026-01-18,2026-01-07,RESOLVED_IN_GRACE
FDX20252254551,CUST124906,Deleon-Elliott,Small,2026-01-01,52469,213171,111450,2026-01-11,10,7,2026-01-18,,ELIGIBLE
FDX20259966143,CUST581532,Nelson-Rodriguez,Small,2025-12-28,27330,107245,62591,2026-01-07,10,7,2026-01-14,2026-01-14,RESOLVED_IN_GRACE
FDX20255049993,CUST851690,Kelley Inc,Large,2025-12-11,17782,98006,51429,2026-01-05,25,20,2026-01-25,,ELIGIBLE
FDX20259686567,CUST447828,Holmes-Cooper,Large,2025-12-09,38406,184222,113710,2026-01-03,25,20,2026-01-23,,ELIGIBLE
FDX20259389396,CUST139726,Rodriguez-Watson,Mid,2025-12-22,8262,24978,11831,2026-01-06,15,12,2026-01-18,2026-01-17,RESOLVED_IN_GRACE
FDX20256238506,CUST191772,Phillips-Roberts,Large,2025-12-04,31979,129792,54311,2025-12-29,25,20,2026-01-18,,IN_GRACE
FDX20257697794,CUST176806,Pacheco and Sons,Mid,2025-12-31,4671,26505,22394,2026-01-15,15,12,2026-01-27,,ELIGIBLE
FDX20251950399,CUST156904,Clark-Branch,Small,2025-12-22,44239,118829,54234,2026-01-01,10,7,2026-01-08,2026-01-07,RESOLVED_IN_GRACE
FDX20252860164,CUST286638,Scott-Scott,Mid,2025-12-25,13075,67489,53428,2026-01-09,15,12,2026-01-21,,ELIGIBLE
FDX20258901711,CUST932794,Stone Ltd,Mid,2025-12-28,17853,103400,51232,2026-01-12,15,12,2026-01-24,,ELIGIBLE
FDX20255413298,CUST364144,Warner-Lewis,Small,2026-01-04,34771,108359,104584,2026-01-14,10,7,2026-01-21,2026-01-15,RESOLVED_IN_GRACE
FDX20251502947,CUST685193,Pierce-Webb,Mid,2026-01-04,3044,17263,5712,2026-01-19,15,12,2026-01-31,2026-01-20,RESOLVED_IN_GRACE
FDX20251541480,CUST173863,"Adkins, Reed and Bautista",Mid,2025-12-27,24788,94226,75292,2026-01-11,15,12,2026-01-23,,ELIGIBLE
FDX20256671458,CUST702891,"Pacheco, Hodges and White",Mid,2025-12-29,22559,59789,41488,2026-01-13,15,12,2026-01-25,,ELIGIBLE
FDX20258070014,CUST961530,"Reese, Wilkinson and Watson",Small,2026-01-02,42983,200490,147679,2026-01-12,10,7,2026-01-19,,ELIGIBLE
FDX20255376858,CUST338703,Torres-Jefferson,Mid,2025-12-31,35882,145583,117014,2026-01-15,15,12,2026-01-27,,ELIGIBLE
FDX20254364020,CUST371212,Robinson-Long,Small,2025-12-26,28944,150828,34112,2026-01-05,10,7,2026-01-12,,ELIGIBLE
FDX20256612670,CUST527433,Richard LLC,Large,2025-12-16,4013,11336,8937,2026-01-10,25,20,2026-01-30,,IN_GRACE
FDX20251996431,CUST506881,Harrison-Daniels,Small,2025-12-22,12602,45823,24932,2026-01-01,10,7,2026-01-08,,ELIGIBLE
FDX20253336875,CUST573039,"Dunlap, Camacho and White",Mid,2025-12-23,7363,44150,28081,2026-01-07,15,12,2026-01-19,2026-01-10,RESOLVED_IN_GRACE
FDX20254426466,CUST760830,Walls-Walker,Small,2026-01-13,54331,214592,58153,2026-01-23,10,7,2026-01-30,2026-01-26,RESOLVED_IN_GRACE
FDX20256529924,CUST524094,Robles-Grant,Small,2026-01-03,59980,182149,181595,2026-01-13,10,7,2026-01-20,,IN_GRACE
FDX20252045698,CUST554059,Watkins-Nelson,Small,2025-12-31,22029,114863,64896,2026-01-10,10,7,2026-01-17,,ELIGIBLE
FDX20254953000,CUST431773,Weeks-Benson,Large,2025-12-07,35187,178342,105150,2026-01-01,25,20,2026-01-21,2026-01-06,RESOLVED_IN_GRACE
FDX20259280480,CUST117711,"Murray, Roberts and Braun",Small,2026-01-11,31788,134933,99587,2026-01-21,10,7,2026-01-28,,ELIGIBLE
FDX20252223258,CUST508422,Moore-Porter,Mid,2025-12-29,28844,84325,71550,2026-01-13,15,12,2026-01-25,2026-01-16,RESOLVED_IN_GRACE
FDX20251593277,CUST806004,Padilla-Norman,Mid,2025-12-12,32981,141311,139696,2025-12-27,15,12,2026-01-08,,ELIGIBLE
FDX20256802325,CUST224052,Colon PLC,Large,2025-12-01,49225,272646,243935,2025-12-26,25,20,2026-01-15,2026-01-02,RESOLVED_IN_GRACE
FDX20252187207,CUST660814,Garcia-Lang,Mega,2025-12-01,54212,198840,113509,2026-01-05,35,30,2026-02-04,2026-01-13,RESOLVED_IN_GRACE
FDX20257983351,CUST106185,"Cooley, Kelly and Brooks",Small,2026-01-08,55827,225740,170092,2026-01-18,10,7,2026-01-25,,ELIGIBLE
FDX20252352134,CUST772580,Mckay-Barnes,Small,2025-12-25,56644,302973,138095,2026-01-04,10,7,2026-01-11,,ELIGIBLE
FDX20259032452,CUST855274,Gonzalez-Humphrey,Mid,2025-12-17,11637,30397,14706,2026-01-01,15,12,2026-01-13,2026-01-10,RESOLVED_IN_GRACE
FDX20253172055,CUST748386,King-Barnes,Small,2026-01-03,19047,81236,71248,2026-01-13,10,7,2026-01-20,,ELIGIBLE
FDX20255538377,CUST166309,Lynch-Smith,Mid,2026-01-01,22503,114944,74111,2026-01-16,15,12,2026-01-28,,IN_GRACE
FDX20251700297,CUST892682,Bryant-Reid,Mid,2025-12-31,26286,76721,53428,2026-01-15,15,12,2026-01-27,,ELIGIBLE
FDX20252745857,CUST882186,Mcdonald-Johnson,Small,2026-01-07,58438,334127,150318,2026-01-17,10,7,2026-01-24,,ELIGIBLE
FDX20251597270,CUST714054,Kramer-White,Small,2026-01-03,59449,299428,279973,2026-01-13,10,7,2026-01-20,2026-01-20,RESOLVED_IN_GRACE
FDX20259331510,CUST147727,Jackson-Henson,Small,2026-01-14,48352,216300,62258,2026-01-24,10,7,2026-01-31,,IN_GRACE
FDX20259516186,CUST834928,Nixon Ltd,Mid,2025-12-19,49430,232212,123182,2026-01-03,15,12,2026-01-15,,ELIGIBLE
FDX20254778984,CUST989455,"Henson, Castro and Salinas",Mid,2025-12-26,5781,14907,9283,2026-01-10,15,12,2026-01-22,,ELIGIBLE
FDX20256876348,CUST176115,"Vance, Martinez and Hogan",Small,2025-12-27,6599,34015,16656,2026-01-06,10,7,2026-01-13,,ELIGIBLE
FDX20258239629,CUST475075,Turner-Schroeder,Mid,2025-12-26,5628,30022,13679,2026-01-10,15,12,2026-01-22,,ELIGIBLE
FDX20259012674,CUST627262,"Odom, Quinn and Gutierrez",Small,2026-01-13,45302,160597,128983,2026-01-23,10,7,2026-01-30,,ELIGIBLE
FDX20256090515,CUST211291,Parks-Hahn,Large,2025-12-02,28234,118898,46656,2025-12-27,25,20,2026-01-16,2026-01-03,RESOLVED_IN_GRACE
FDX20254821097,CUST403915,Farrell-Lee,Small,2025-12-27,18253,87217,74355,2026-01-06,10,7,2026-01-13,,ELIGIBLE
FDX20251359758,CUST925115,Monroe-Leblanc,Large,2025-12-12,25712,111728,62601,2026-01-06,25,20,2026-01-26,2026-01-20,RESOLVED_IN_GRACE
FDX20251928728,CUST819195,Morgan Ltd,Mid,2025-12-30,50505,142920,67213,2026-01-14,15,12,2026-01-26,,IN_GRACE
FDX20251442143,CUST415989,Newton Ltd,Small,2026-01-05,55122,310581,264891,2026-01-15,10,7,2026-01-22,,ELIGIBLE
FDX20254291258,CUST736030,"Washington, Campbell and Travis",Small,2026-01-01,5534,21056,17999,2026-01-11,10,7,2026-01-18,2026-01-18,RESOLVED_IN_GRACE
FDX20259962151,CUST190707,Arnold Inc,Mid,2025-12-31,36997,129250,90914,2026-01-15,15,12,2026-01-27,,ELIGIBLE
FDX20257365080,CUST395192,Jenkins-Walker,Large,2025-12-09,31316,166818,76804,2026-01-03,25,20,2026-01-23,,ELIGIBLE
FDX20251303581,CUST902448,Reyes-Miller,Small,2026-01-13,30047,109236,69724,2026-01-23,10,7,2026-01-30,2026-01-29,RESOLVED_IN_GRACE
FDX20259089526,CUST558936,Bradford-Schwartz,Large,2025-12-01,4894,14729,13299,2025-12-26,25,20,2026-01-15,,IN_GRACE
FDX20251874771,CUST499941,"Harper, Thomas and Bowers",Small,2026-01-14,41978,150265,134431,2026-01-24,10,7,2026-01-31,2026-01-29,RESOLVED_IN_GRACE
FDX20257494876,CUST514306,Phillips-Taylor,Small,2026-01-01,40927,132338,80258,2026-01-11,10,7,2026-01-18,,ELIGIBLE
FDX20257328832,CUST962057,Mccormick-Black,Large,2025-12-01,46041,170193,154484,2025-12-26,25,20,2026-01-15,,ELIGIBLE
FDX20253101134,CUST792818,Aguirre-Clark,Mega,2025-12-01,23385,86251,45644,2026-01-05,35,30,2026-02-04,,ELIGIBLE
FDX20258209482,CUST132316,Jordan-Ferguson,Small,2025-12-31,58941,315287,127661,2026-01-10,10,7,2026-01-17,,ELIGIBLE
FDX20258161079,CUST597012,Garrett-Garcia,Mid,2026-01-03,55603,186236,100541,2026-01-18,15,12,2026-01-30,,IN_GRACE
FDX20253311404,CUST263917,Knight-Terry,Small,2026-01-09,42760,219563,75625,2026-01-19,10,7,2026-01-26,,IN_GRACE
FDX20252939164,CUST659381,"Sutton, Miller and Williamson",Mid,2025-12-22,55855,279346,231059,2026-01-06,15,12,2026-01-18,,ELIGIBLE
FDX20258347629,CUST330545,Henry-Hodge,Small,2026-01-13,58090,256068,254159,2026-01-23,10,7,2026-01-30,,ELIGIBLE
FDX20252979586,CUST243006,Hernandez-Sanchez,Mid,2025-12-29,43870,110286,108948,2026-01-13,15,12,2026-01-25,2026-01-25,RESOLVED_IN_GRACE
FDX20257169127,CUST883028,George-Harrell,Small,2026-01-12,35000,98596,89767,2026-01-22,10,7,2026-01-29,2026-01-29,RESOLVED_IN_GRACE
FDX20256902041,CUST509985,Clark-Robbins,Small,2026-01-04,17756,95650,84181,2026-01-14,10,7,2026-01-21,2026-01-17,RESOLVED_IN_GRACE
FDX20254248834,CUST935474,Hall-Warner,Mid,2025-12-28,48135,239512,135453,2026-01-12,15,12,2026-01-24,,ELIGIBLE
FDX20256756692,CUST936223,Williams-Sosa,Small,2025-12-27,56996,161622,89090,2026-01-06,10,7,2026-01-13,2026-01-12,RESOLVED_IN_GRACE
FDX20258323671,CUST990731,Gonzalez-Kline,Small,2025-12-26,51615,196490,62983,2026-01-05,10,7,2026-01-12,,ELIGIBLE
FDX20251971778,CUST672233,Valdez-Morgan,Small,2026-01-06,31856,167806,103476,2026-01-16,10,7,2026-01-23,,ELIGIBLE
FDX20254995833,CUST409307,Keith Ltd,Large,2025-12-06,42029,128195,107956,2025-12-31,25,20,2026-01-20,,ELIGIBLE
FDX20254892874,CUST764845,Villegas PLC,Small,2026-01-13,58479,338934,224831,2026-01-23,10,7,2026-01-30,,ELIGIBLE
FDX20252543349,CUST251074,Pruitt-Houston,Mega,2025-12-01,2709,12904,11485,2026-01-05,35,30,2026-02-04,,IN_GRACE
FDX20251168605,CUST412534,"Flynn, Nelson and Aguilar",Large,2025-12-01,59479,185018,147281,2025-12-26,25,20,2026-01-15,,ELIGIBLE
FDX20254810540,CUST810189,Gomez-Farmer,Mega,2025-12-01,18567,49811,43412,2026-01-05,35,30,2026-02-04,,ELIGIBLE
FDX20257930088,CUST933635,"Patton, Walters and Medina",Small,2026-01-02,24160,101722,59475,2026-01-12,10,7,2026-01-19,,IN_GRACE
FDX20259996238,CUST864752,"Fitzpatrick, Smith and Moore",Large,2025-12-13,28872,165557,120968,2026-01-07,25,20,2026-01-27,,ELIGIBLE
FDX20251768056,CUST779414,Frank-Spears,Mid,2025-12-27,6617,20839,7591,2026-01-11,15,12,2026-01-23,2026-01-18,RESOLVED_IN_GRACE
FDX20251249956,CUST491255,Kelly-Acevedo,Small,2026-01-01,41924,110861,98384,2026-01-11,10,7,2026-01-18,,ELIGIBLE
FDX20255193002,CUST111691,Brown-Jones,Small,2025-12-31,8620,24686,18847,2026-01-10,10,7,2026-01-17,,IN_GRACE
FDX20251954349,CUST680412,Chen-Peterson,Large,2025-12-08,52766,223345,207921,2026-01-02,25,20,2026-01-22,2026-01-17,RESOLVED_IN_GRACE
FDX20252285330,CUST682032,Spencer-Nelson,Large,2025-12-09,15821,81441,73444,2026-01-03,25,20,2026-01-23,,ELIGIBLE
FDX20251950506,CUST248241,Jones-Marks,Mid,2026-01-04,11693,50740,27316,2026-01-19,15,12,2026-01-31,,IN_GRACE
FDX20253125939,CUST229221,Welch-Wolfe,Small,2025-12-27,53317,133569,83730,2026-01-06,10,7,2026-01-13,,IN_GRACE
FDX20258357746,CUST143802,Kelly-Beck,Small,2025-12-24,9287,33558,26822,2026-01-03,10,7,2026-01-10,,IN_GRACE
FDX20254029855,CUST105274,Dunn-Bryant,Small,2026-01-12,19382,98076,59932,2026-01-22,10,7,2026-01-29,,ELIGIBLE
FDX20255741173,CUST700538,"Alvarado, Turner and Eaton",Small,2025-12-29,16435,91144,49237,2026-01-08,10,7,2026-01-15,,ELIGIBLE
FDX20251733490,CUST725637,Fry-Huerta,Mega,2025-12-01,19290,64964,55141,2026-01-05,35,30,2026-02-04,2026-01-06,RESOLVED_IN_GRACE
FDX20256270157,CUST513224,Humphrey-Jordan,Small,2025-12-22,46585,200457,113215,2026-01-01,10,7,2026-01-08,,ELIGIBLE
FDX20256866446,CUST663244,Zhang LLC,Mid,2025-12-21,45590,118396,53609,2026-01-05,15,12,2026-01-17,2026-01-15,RESOLVED_IN_GRACE
FDX20255097740,CUST674122,Sullivan-Wolf,Mid,2025-12-22,12307,44575,15828,2026-01-06,15,12,2026-01-18,2026-01-16,RESOLVED_IN_GRACE
FDX20255905871,CUST189261,Mclaughlin-Parsons,Small,2026-01-09,24760,68169,55704,2026-01-19,10,7,2026-01-26,2026-01-24,RESOLVED_IN_GRACE
FDX20253176277,CUST419491,Miller-Paul,Small,2026-01-14,34039,116939,36017,2026-01-24,10,7,2026-01-31,2026-01-31,RESOLVED_IN_GRACE
FDX20257674289,CUST320256,Holland LLC,Large,2025-12-15,23930,84590,62060,2026-01-09,25,20,2026-01-29,,ELIGIBLE
FDX20259031276,CUST884645,Miller-Bruce,Large,2025-12-01,3267,8788,5232,2025-12-26,25,20,2026-01-15,2026-01-04,RESOLVED_IN_GRACE
FDX20253053134,CUST877446,Dyer-Smith,Small,2025-12-27,43051,162459,67454,2026-01-06,10,7,2026-01-13,2026-01-12,RESOLVED_IN_GRACE
FDX20252288554,CUST861200,Thomas-Barber,Small,2026-01-13,42312,147476,93216,2026-01-23,10,7,2026-01-30,,ELIGIBLE
FDX20252281408,CUST460554,Garcia-Williams,Mid,2025-12-28,10818,28690,21658,2026-01-12,15,12,2026-01-24,2026-01-23,RESOLVED_IN_GRACE
FDX20255197640,CUST322022,Kim-Santana,Small,2026-01-12,25375,111630,70751,2026-01-22,10,7,2026-01-29,,ELIGIBLE
FDX20254453773,CUST532699,Mcdonald Ltd,Small,2026-01-09,49002,222794,87712,2026-01-19,10,7,2026-01-26,,IN_GRACE
FDX20259303534,CUST777308,Greene-Carr,Mega,2025-12-01,59703,281637,138748,2026-01-05,35,30,2026-02-04,,ELIGIBLE
FDX20256988766,CUST992819,Nichols-Fischer,Small,2025-12-27,41280,233702,138657,2026-01-06,10,7,2026-01-13,,ELIGIBLE
FDX20254695807,CUST637450,"David, Guzman and Church",Small,2025-12-25,26702,111987,84710,2026-01-04,10,7,2026-01-11,,IN_GRACE
FDX20258441397,CUST249375,Cherry PLC,Mega,2025-12-01,37306,183893,94883,2026-01-05,35,30,2026-02-04,2026-02-01,RESOLVED_IN_GRACE
FDX20256078780,CUST268772,Morris-Taylor,Mega,2025-12-01,54601,196647,118288,2026-01-05,35,30,2026-02-04,2026-01-25,RESOLVED_IN_GRACE
FDX20257156124,CUST292930,Taylor-Ferrell,Small,2025-12-25,39540,174684,93940,2026-01-04,10,7,2026-01-11,2026-01-05,RESOLVED_IN_GRACE
FDX20255910412,CUST331512,Chan Group,Mid,2026-01-03,3432,18055,14606,2026-01-18,15,12,2026-01-30,2026-01-24,RESOLVED_IN_GRACE
FDX20255097093,CUST746850,Howell-Burns,Small,2026-01-03,6706,34443,23240,2026-01-13,10,7,2026-01-20,,ELIGIBLE
FDX20259838978,CUST975297,Smith-Zhang,Mid,2025-12-12,34822,133387,93138,2025-12-27,15,12,2026-01-08,,IN_GRACE
FDX20255488496,CUST365018,Flowers-Wagner,Mid,2025-12-27,37344,151017,106911,2026-01-11,15,12,2026-01-23,2026-01-14,RESOLVED_IN_GRACE
FDX20256349565,CUST303765,Hernandez-Marshall,Small,2026-01-01,52959,271162,56924,2026-01-11,10,7,2026-01-18,,IN_GRACE
FDX20259446412,CUST220190,Keller-Johnston,Large,2025-12-01,45989,263310,135145,2025-12-26,25,20,2026-01-15,,IN_GRACE
FDX20252751175,CUST290167,Harrison Ltd,Mid,2025-12-27,33107,106374,99919,2026-01-11,15,12,2026-01-23,,ELIGIBLE
FDX20251905928,CUST803571,Willis-Powell,Small,2025-12-29,17376,83023,75794,2026-01-08,10,7,2026-01-15,2026-01-13,RESOLVED_IN_GRACE
FDX20256815577,CUST938504,"Travis, Rose and Austin",Small,2026-01-10,14513,37076,36864,2026-01-20,10,7,2026-01-27,,ELIGIBLE
FDX20257892648,CUST694849,Rodriguez-Raymond,Mid,2026-01-02,57463,162317,130975,2026-01-17,15,12,2026-01-29,2026-01-27,RESOLVED_IN_GRACE
FDX20259157211,CUST993650,Wagner-Sandoval,Small,2026-01-02,38361,209191,133090,2026-01-12,10,7,2026-01-19,,ELIGIBLE
FDX20255693994,CUST157030,Fisher-Mason,Mid,2026-01-04,42863,244161,119516,2026-01-19,15,12,2026-01-31,,ELIGIBLE
FDX20252316106,CUST992744,"Baxter, Ford and Silva",Small,2026-01-01,27990,153210,118669,2026-01-11,10,7,2026-01-18,,ELIGIBLE
FDX20254415085,CUST887524,Zavala Group,Mid,2025-12-15,49422,128201,108520,2025-12-30,15,12,2026-01-11,,ELIGIBLE
FDX20253300684,CUST675512,Gomez-Davis,Large,2025-12-01,50893,203865,140407,2025-12-26,25,20,2026-01-15,,ELIGIBLE
FDX20259740844,CUST583671,Solis-Butler,Small,2026-01-12,58457,256125,99709,2026-01-22,10,7,2026-01-29,2026-01-28,RESOLVED_IN_GRACE
FDX20254867751,CUST775990,Fisher-Gonzalez,Large,2025-12-01,22431,105515,83740,2025-12-26,25,20,2026-01-15,,ELIGIBLE
FDX20256116030,CUST676365,Roy Group,Small,2026-01-13,1732,6043,3014,2026-01-23,10,7,2026-01-30,,IN_GRACE
FDX20254536127,CUST176697,Morrison Ltd,Large,2025-12-09,30827,90096,65842,2026-01-03,25,20,2026-01-23,2026-01-20,RESOLVED_IN_GRACE
FDX20253059370,CUST404771,Hanson and Sons,Mid,2025-12-29,30811,123777,99021,2026-01-13,15,12,2026-01-25,2026-01-21,RESOLVED_IN_GRACE
FDX20257247667,CUST804313,Mora-Good,Mega,2025-12-01,55405,224550,69417,2026-01-05,35,30,2026-02-04,,ELIGIBLE
FDX20253381714,CUST170634,Leon-Dennis,Large,2025-12-11,53579,285929,198326,2026-01-05,25,20,2026-01-25,,ELIGIBLE
FDX20251601759,CUST362865,Forbes-Blair,Mid,2025-12-25,58561,154755,145662,2026-01-09,15,12,2026-01-21,,ELIGIBLE
FDX20254944411,CUST202972,Hughes-Jones,Small,2025-12-31,10161,27666,26074,2026-01-10,10,7,2026-01-17,,ELIGIBLE
FDX20258386629,CUST307007,Marshall-Miller,Large,2025-12-01,23874,76314,26865,2025-12-26,25,20,2026-01-15,,ELIGIBLE
FDX20258612879,CUST860835,Baker-Horn,Mid,2025-12-17,18020,71289,69999,2026-01-01,15,12,2026-01-13,,ELIGIBLE
FDX20252916606,CUST708798,Hall-Clark,Large,2025-12-01,39866,111984,100514,2025-12-26,25,20,2026-01-15,,IN_GRACE
FDX20251357181,CUST610856,Novak-Ruiz,Small,2026-01-06,20343,78140,58420,2026-01-16,10,7,2026-01-23,,IN_GRACE
FDX20259370278,CUST446922,Farmer-Mueller,Mega,2025-12-01,2867,13702,7121,2026-01-05,35,30,2026-02-04,,ELIGIBLE
FDX20251566334,CUST474486,Henderson-Cordova,Small,2026-01-14,36428,124020,99343,2026-01-24,10,7,2026-01-31,2026-01-28,RESOLVED_IN_GRACE
FDX20255534857,CUST234443,"Russo, Barajas and Steele",Large,2025-12-01,13961,75133,24954,2025-12-26,25,20,2026-01-15,2025-12-28,RESOLVED_IN_GRACE
FDX20255663517,CUST803904,Pierce-Jackson,Mid,2025-12-17,11267,47688,28004,2026-01-01,15,12,2026-01-13,2026-01-06,RESOLVED_IN_GRACE
FDX20257445414,CUST787313,Mills-Weber,Mid,2026-01-04,2353,13708,6211,2026-01-19,15,12,2026-01-31,,IN_GRACE
FDX20256040091,CUST345925,Coleman-Foster,Small,2026-01-01,43144,134399,118399,2026-01-11,10,7,2026-01-18,,ELIGIBLE
FDX20252417562,CUST204904,Harper-Boyd,Small,2026-01-02,33205,93590,92772,2026-01-12,10,7,2026-01-19,,ELIGIBLE
FDX20252001936,CUST398987,Rojas-Brown,Small,2025-12-24,36982,178008,37091,2026-01-03,10,7,2026-01-10,2026-01-04,RESOLVED_IN_GRACE
FDX20255682394,CUST749609,Foster-Hunter,Large,2025-12-13,5928,20746,6877,2026-01-07,25,20,2026-01-27,,ELIGIBLE
FDX20257441381,CUST173199,Becker LLC,Large,2025-12-11,51129,179165,150391,2026-01-05,25,20,2026-01-25,,ELIGIBLE
FDX20259310719,CUST302897,Owens-Moreno,Large,2025-12-15,27554,132887,51121,2026-01-09,25,20,2026-01-29,,IN_GRACE
FDX20251316224,CUST433222,Roy-Johnson,Small,2026-01-08,41504,122638,93249,2026-01-18,10,7,2026-01-25,2026-01-23,RESOLVED_IN_GRACE
FDX20257418764,CUST609462,Hayes-Flores,Mid,2025-12-14,54287,300919,120524,2025-12-29,15,12,2026-01-10,2026-01-01,RESOLVED_IN_GRACE
FDX20257453578,CUST572536,Lynn-Morales,Mid,2025-12-22,29913,85602,71765,2026-01-06,15,12,2026-01-18,,ELIGIBLE
FDX20258449415,CUST444295,Durham-Kerr,Mid,2025-12-15,52396,233830,161214,2025-12-30,15,12,2026-01-11,,IN_GRACE
FDX20251745169,CUST746281,Bennett-Hill,Small,2025-12-28,44903,222435,116884,2026-01-07,10,7,2026-01-14,2026-01-11,RESOLVED_IN_GRACE
FDX20254765620,CUST791454,Mason-Sellers,Large,2025-12-01,5843,15563,13850,2025-12-26,25,20,2026-01-15,,IN_GRACE
FDX20254451578,CUST420523,Cruz-Arnold,Small,2026-01-06,47006,267760,104644,2026-01-16,10,7,2026-01-23,2026-01-19,RESOLVED_IN_GRACE
FDX20257364050,CUST827143,Crosby-Howell,Small,2025-12-31,13489,62752,35879,2026-01-10,10,7,2026-01-17,2026-01-14,RESOLVED_IN_GRACE
FDX20254094168,CUST712546,Simpson-Mitchell,Small,2025-12-27,25530,81543,71471,2026-01-06,10,7,2026-01-13,,ELIGIBLE
FDX20258232405,CUST259797,Griffin-Smith,Large,2025-12-01,47850,126162,119114,2025-12-26,25,20,2026-01-15,,ELIGIBLE
FDX20259933732,CUST693024,Terrell-Clark,Small,2025-12-23,17750,51347,30383,2026-01-02,10,7,2026-01-09,,ELIGIBLE
FDX20251876771,CUST694397,Bailey-Johnson,Small,2026-01-01,2249,10958,2333,2026-01-11,10,7,2026-01-18,2026-01-12,RESOLVED_IN_GRACE
FDX20256119535,CUST482199,Riley and Sons,Small,2026-01-03,49767,225671,70752,2026-01-13,10,7,2026-01-20,,ELIGIBLE
FDX20251525229,CUST946934,Griffin-Byrd,Small,2026-01-12,43150,245472,101137,2026-01-22,10,7,2026-01-29,,ELIGIBLE
FDX20256835191,CUST431699,"Jacobson, Bryant and Williams",Mid,2025-12-25,13196,38926,24026,2026-01-09,15,12,2026-01-21,,IN_GRACE
FDX20251436075,CUST549112,Moyer-Mendez,Small,2026-01-01,11876,66962,14939,2026-01-11,10,7,2026-01-18,,ELIGIBLE
FDX20256640806,CUST276831,Shaw-Ross,Small,2025-12-31,5393,29613,15066,2026-01-10,10,7,2026-01-17,2026-01-11,RESOLVED_IN_GRACE
FDX20255404568,CUST105066,Sandoval-Howell,Mid,2025-12-21,54409,236471,153381,2026-01-05,15,12,2026-01-17,,ELIGIBLE
FDX20254633007,CUST428429,Bradley-Yang,Mid,2025-12-28,48118,190495,103376,2026-01-12,15,12,2026-01-24,,ELIGIBLE
FDX20251458775,CUST358133,"Compton, Jefferson and Herring",Mid,2026-01-01,3969,18930,10158,2026-01-16,15,12,2026-01-28,2026-01-17,RESOLVED_IN_GRACE
FDX20256720097,CUST923824,Porter LLC,Large,2025-12-08,54115,213082,93008,2026-01-02,25,20,2026-01-22,,IN_GRACE
FDX20258282586,CUST332286,Holmes Group,Mid,2025-12-16,37952,156520,50590,2025-12-31,15,12,2026-01-12,2026-01-07,RESOLVED_IN_GRACE
FDX20258173085,CUST846794,Owen-Green,Large,2025-12-01,33660,102538,61481,2025-12-26,25,20,2026-01-15,,ELIGIBLE
FDX20251958290,CUST875753,Porter-Stone,Small,2026-01-01,10065,44868,35098,2026-01-11,10,7,2026-01-18,2026-01-18,RESOLVED_IN_GRACE
FDX20252832243,CUST771967,Ashley LLC,Mega,2025-12-01,49962,191000,123564,2026-01-05,35,30,2026-02-04,,ELIGIBLE
FDX20257511414,CUST557309,Walker-Wilson,Small,2025-12-25,32576,96602,35075,2026-01-04,10,7,2026-01-11,,ELIGIBLE
FDX20255822081,CUST390119,"Gardner, Brown and Key",Mid,2025-12-31,26454,72458,52239,2026-01-15,15,12,2026-01-27,,ELIGIBLE
FDX20259971807,CUST980919,Patterson-Wood,Small,2026-01-08,5517,27884,20400,2026-01-18,10,7,2026-01-25,,ELIGIBLE
FDX20258776282,CUST476948,Reynolds-Smith,Small,2025-12-29,43698,171346,108112,2026-01-08,10,7,2026-01-15,,ELIGIBLE
FDX20258110771,CUST240829,"Vazquez, Valdez and Stark",Mid,2026-01-02,31196,147243,100878,2026-01-17,15,12,2026-01-29,,ELIGIBLE
FDX20259705913,CUST812591,Smith-Foster,Small,2026-01-11,59535,310988,102663,2026-01-21,10,7,2026-01-28,,ELIGIBLE
FDX20255363765,CUST868577,Arnold-Marshall,Large,2025-12-16,6244,23986,10249,2026-01-10,25,20,2026-01-30,2026-01-28,RESOLVED_IN_GRACE
FDX20253727117,CUST447668,Sanchez-Proctor,Small,2025-12-28,9225,24351,10207,2026-01-07,10,7,2026-01-14,2026-01-11,RESOLVED_IN_GRACE
FDX20257397002,CUST603268,Graham-Peterson,Small,2026-01-10,12047,69967,13713,2026-01-20,10,7,2026-01-27,2026-01-25,RESOLVED_IN_GRACE
FDX20258840537,CUST585331,Stewart-Cooper,Small,2025-12-22,44799,179424,168248,2026-01-01,10,7,2026-01-08,,ELIGIBLE
FDX20254996784,CUST566991,Martin-Spears,Small,2026-01-10,42175,245176,230917,2026-01-20,10,7,2026-01-27,2026-01-21,RESOLVED_IN_GRACE
FDX20253212456,CUST476167,Garcia-Mcdaniel,Small,2026-01-09,49106,150219,134997,2026-01-19,10,7,2026-01-26,,ELIGIBLE
FDX20251254735,CUST912402,Love-Shannon,Small,2025-12-27,7727,34262,9724,2026-01-06,10,7,2026-01-13,,ELIGIBLE
FDX20255709366,CUST420310,Schwartz-Anderson,Mid,2025-12-18,49659,214546,152080,2026-01-02,15,12,2026-01-14,,IN_GRACE
FDX20255603547,CUST610626,Ward-Osborne,Mega,2025-12-01,19288,109162,102874,2026-01-05,35,30,2026-02-04,,ELIGIBLE
FDX20252435070,CUST678469,Wiley-Phillips,Small,2026-01-08,58509,324007,283198,2026-01-18,10,7,2026-01-25,,ELIGIBLE
FDX20255193173,CUST214119,"Kaufman, Le and Winters",Small,2025-12-31,50009,211802,191396,2026-01-10,10,7,2026-01-17,,ELIGIBLE
FDX20255963118,CUST284308,Smith-Miller,Small,2025-12-23,42774,204023,161929,2026-01-02,10,7,2026-01-09,,ELIGIBLE
FDX20256662853,CUST776909,Miller-Leblanc,Mid,2025-12-17,51067,223260,168995,2026-01-01,15,12,2026-01-13,,IN_GRACE
FDX20257620309,CUST736095,Whitehead LLC,Small,2026-01-03,40334,106415,69861,2026-01-13,10,7,2026-01-20,,ELIGIBLE
FDX20251647704,CUST185955,Black-Morris,Small,2026-01-07,54292,194691,158747,2026-01-17,10,7,2026-01-24,,ELIGIBLE
FDX20255601485,CUST982683,Potter and Sons,Mid,2025-12-30,42684,227602,126622,2026-01-14,15,12,2026-01-26,,ELIGIBLE
FDX20257068232,CUST394247,"Fuller, Watkins and West",Large,2025-12-01,42999,180767,171240,2025-12-26,25,20,2026-01-15,2026-01-15,RESOLVED_IN_GRACE
FDX20255508832,CUST966589,Curry-Miller,Mid,2025-12-18,6947,18046,16500,2026-01-02,15,12,2026-01-14,,ELIGIBLE
FDX20255202915,CUST246802,Conway-Alvarez,Small,2025-12-26,51369,290424,239097,2026-01-05,10,7,2026-01-12,2026-01-10,RESOLVED_IN_GRACE
FDX20251207016,CUST664781,Turner-Scott,Mid,2026-01-03,39771,156428,137063,2026-01-18,15,12,2026-01-30,,ELIGIBLE
FDX20253085515,CUST305973,Byrd-Pearson,Small,2026-01-06,55542,265492,194282,2026-01-16,10,7,2026-01-23,,ELIGIBLE
FDX20256148846,CUST376021,Weaver-Mcguire,Mid,2026-01-04,20004,102729,61224,2026-01-19,15,12,2026-01-31,2026-01-22,RESOLVED_IN_GRACE
FDX20256385308,CUST869177,Mosley-Taylor,Large,2025-12-11,15735,89859,21368,2026-01-05,25,20,2026-01-25,,ELIGIBLE
FDX20255437867,CUST757057,Gordon-Hicks,Mid,2025-12-17,36761,92486,55701,2026-01-01,15,12,2026-01-13,2026-01-07,RESOLVED_IN_GRACE
FDX20253999504,CUST180176,Marsh Group,Small,2026-01-07,56511,197377,107261,2026-01-17,10,7,2026-01-24,,ELIGIBLE
FDX20258445874,CUST862760,"Faulkner, Powell and Carpenter",Small,2026-01-03,18838,74886,20463,2026-01-13,10,7,2026-01-20,,ELIGIBLE
FDX20258763225,CUST179062,Jennings-Gutierrez,Small,2026-01-14,18784,69779,20490,2026-01-24,10,7,2026-01-31,,ELIGIBLE
FDX20251289686,CUST119535,Guzman PLC,Small,2025-12-26,53111,254151,61572,2026-01-05,10,7,2026-01-12,,IN_GRACE
FDX20258380453,CUST990856,Weber-Fields,Small,2025-12-24,1640,4292,2270,2026-01-03,10,7,2026-01-10,,ELIGIBLE
FDX20251148825,CUST631815,Gordon-Alvarez,Small,2026-01-12,27232,129501,73043,2026-01-22,10,7,2026-01-29,2026-01-25,RESOLVED_IN_GRACE
FDX20258825556,CUST762308,Martin-Miranda,Large,2025-12-01,18663,75930,41418,2025-12-26,25,20,2026-01-15,,ELIGIBLE
FDX20251620820,CUST132709,Hill-Ellison,Small,2025-12-27,14759,83355,71666,2026-01-06,10,7,2026-01-13,2026-01-13,RESOLVED_IN_GRACE
FDX20257018384,CUST952117,Cohen Group,Small,2025-12-23,20545,63074,48357,2026-01-02,10,7,2026-01-09,,ELIGIBLE
FDX20259056551,CUST710156,Reed-Norton,Mid,2025-12-27,15316,72958,24458,2026-01-11,15,12,2026-01-23,2026-01-17,RESOLVED_IN_GRACE
FDX20254654790,CUST707021,Barnes-Hale,Large,2025-12-01,6786,20376,14504,2025-12-26,25,20,2026-01-15,,IN_GRACE
FDX20257855353,CUST524814,Wiggins LLC,Large,2025-12-05,57452,180609,164956,2025-12-30,25,20,2026-01-19,,ELIGIBLE
FDX20251982890,CUST906564,"Holland, Quinn and Williams",Mid,2026-01-01,43092,160767,49999,2026-01-16,15,12,2026-01-28,,ELIGIBLE
FDX20252334575,CUST718697,"Mckenzie, Hernandez and Atkins",Small,2026-01-12,14112,58149,47335,2026-01-22,10,7,2026-01-29,,ELIGIBLE
FDX20255637988,CUST323095,Brown-Peters,Small,2026-01-09,12238,36475,27792,2026-01-19,10,7,2026-01-26,,ELIGIBLE
FDX20256268490,CUST138436,Alvarado-Roberts,Small,2026-01-12,54027,181015,104920,2026-01-22,10,7,2026-01-29,,ELIGIBLE
FDX20252074471,CUST678388,Hernandez LLC,Small,2026-01-09,16253,85534,48784,2026-01-19,10,7,2026-01-26,,ELIGIBLE
FDX20258389348,CUST373276,Smith-Jordan,Mid,2025-12-14,58226,153216,129540,2025-12-29,15,12,2026-01-10,,ELIGIBLE
FDX20254016609,CUST669868,George-Romero,Large,2025-12-01,51744,143235,85591,2025-12-26,25,20,2026-01-15,,ELIGIBLE
FDX20255328638,CUST665892,Wilson-Lopez,Mega,2025-12-01,37766,97825,72845,2026-01-05,35,30,2026-02-04,,ELIGIBLE
FDX20255632933,CUST595036,Wyatt-Smith,Mid,2025-12-27,59763,330646,330045,2026-01-11,15,12,2026-01-23,,IN_GRACE
FDX20255354372,CUST785672,Green-Johnson,Mid,2026-01-02,48258,233167,230353,2026-01-17,15,12,2026-01-29,,ELIGIBLE
FDX20259303529,CUST912853,Henderson-Nguyen,Small,2026-01-09,6682,20221,9406,2026-01-19,10,7,2026-01-26,2026-01-26,RESOLVED_IN_GRACE
FDX20253134439,CUST255852,"Reyes, Brown and Myers",Large,2025-12-01,25573,129745,28285,2025-12-26,25,20,2026-01-15,,ELIGIBLE
FDX20254815456,CUST483588,Hardin LLC,Small,2026-01-01,21330,93242,51694,2026-01-11,10,7,2026-01-18,,IN_GRACE
FDX20253927545,CUST511564,"Daniel, Coleman and Sparks",Small,2025-12-31,5437,26627,15875,2026-01-10,10,7,2026-01-17,2026-01-16,RESOLVED_IN_GRACE
FDX20253464602,CUST334153,Hicks-Harrison,Large,2025-12-01,55824,261306,182625,2025-12-26,25,20,2026-01-15,2025-12-31,RESOLVED_IN_GRACE
FDX20251831808,CUST909652,Smith-Perez,Small,2026-01-04,7578,22219,9765,2026-01-14,10,7,2026-01-21,2026-01-18,RESOLVED_IN_GRACE
FDX20254903596,CUST718241,Turner-Padilla,Mid,2025-12-22,8513,44297,35033,2026-01-06,15,12,2026-01-18,,ELIGIBLE
FDX20252920094,CUST868844,"Kim, Phillips and Shaw",Mega,2025-12-01,35351,102231,35454,2026-01-05,35,30,2026-02-04,,ELIGIBLE
FDX20251645952,CUST998801,Gates and Sons,Large,2025-12-11,38506,121103,97996,2026-01-05,25,20,2026-01-25,,ELIGIBLE
FDX20254091294,CUST405134,Christensen-Smith,Small,2026-01-01,28734,128053,59271,2026-01-11,10,7,2026-01-18,,IN_GRACE
FDX20259501337,CUST240384,Howard-Cook,Small,2025-12-31,25581,80820,31167,2026-01-10,10,7,2026-01-17,2026-01-13,RESOLVED_IN_GRACE
FDX20258387157,CUST587274,Payne-Horne,Small,2025-12-29,11477,56100,43196,2026-01-08,10,7,2026-01-15,,ELIGIBLE
FDX20256323988,CUST625465,Brandt-Johnson,Mid,2025-12-30,14736,79664,44332,2026-01-14,15,12,2026-01-26,,IN_GRACE
FDX20251703897,CUST635205,Hanna-Maxwell,Large,2025-12-04,9006,24896,9210,2025-12-29,25,20,2026-01-18,,ELIGIBLE
FDX20254824407,CUST194952,Dalton-Hughes,Small,2025-12-27,31122,178052,32844,2026-01-06,10,7,2026-01-13,,ELIGIBLE
FDX20252020270,CUST516059,Barton-Moyer,Small,2026-01-04,27382,138464,81174,2026-01-14,10,7,2026-01-21,,ELIGIBLE
FDX20255346217,CUST481540,"Hinton, Wilson and Bishop",Small,2025-12-28,35970,174437,149516,2026-01-07,10,7,2026-01-14,,ELIGIBLE
FDX20255319211,CUST626560,Mcmillan-Cannon,Small,2026-01-08,19462,103598,59719,2026-01-18,10,7,2026-01-25,2026-01-19,RESOLVED_IN_GRACE
FDX20251270418,CUST111106,Hall-Martinez,Small,2025-12-27,20559,113349,51390,2026-01-06,10,7,2026-01-13,2026-01-09,RESOLVED_IN_GRACE
FDX20256927978,CUST794868,"Yoder, Huerta and Patrick",Small,2025-12-31,58835,306176,279012,2026-01-10,10,7,2026-01-17,2026-01-13,RESOLVED_IN_GRACE
FDX20251750496,CUST350484,Hardy-Barnett,Mega,2025-12-01,29531,145819,104146,2026-01-05,35,30,2026-02-04,,ELIGIBLE
FDX20254937559,CUST989173,Klein-Aguilar,Small,2026-01-02,23499,83838,65166,2026-01-12,10,7,2026-01-19,2026-01-16,RESOLVED_IN_GRACE
FDX20256867489,CUST945718,Rogers-Carey,Small,2026-01-06,20624,75904,43089,2026-01-16,10,7,2026-01-23,2026-01-18,RESOLVED_IN_GRACE
FDX20252831459,CUST743863,Mcknight-Velasquez,Small,2026-01-02,22308,115980,80537,2026-01-12,10,7,2026-01-19,2026-01-16,RESOLVED_IN_GRACE
FDX20252299884,CUST817395,Riley-Schultz,Small,2025-12-22,36782,168362,165576,2026-01-01,10,7,2026-01-08,2026-01-07,RESOLVED_IN_GRACE
FDX20259505007,CUST273899,Jenkins-Jones,Small,2025-12-25,33113,189113,91073,2026-01-04,10,7,2026-01-11,,ELIGIBLE
FDX20258445941,CUST893988,Yang Group,Small,2025-12-27,46098,265333,144120,2026-01-06,10,7,2026-01-13,,IN_GRACE
FDX20252898888,CUST639111,Frost-Lynch,Mid,2025-12-22,7295,30951,27823,2026-01-06,15,12,2026-01-18,2026-01-13,RESOLVED_IN_GRACE
FDX20259573753,CUST247189,Rodriguez-Cooper,Mid,2025-12-25,3728,12999,6367,2026-01-09,15,12,2026-01-21,,ELIGIBLE
FDX20252299399,CUST567896,Stewart-Rollins,Mid,2025-12-31,45282,178519,171221,2026-01-15,15,12,2026-01-27,,IN_GRACE
FDX20254975843,CUST266956,Hanna-Jones,Mid,2025-12-26,49970,132824,63057,2026-01-10,15,12,2026-01-22,,ELIGIBLE
FDX20254423255,CUST287847,Gonzalez-Fuller,Mid,2025-12-30,18869,49396,47765,2026-01-14,15,12,2026-01-26,2026-01-24,RESOLVED_IN_GRACE
FDX20256465833,CUST693868,Robertson-Moore,Small,2025-12-23,24630,146310,32726,2026-01-02,10,7,2026-01-09,2026-01-08,RESOLVED_IN_GRACE
FDX20257230376,CUST693297,Brock-Campbell,Small,2026-01-09,30328,180156,50428,2026-01-19,10,7,2026-01-26,2026-01-22,RESOLVED_IN_GRACE
FDX20257978813,CUST791444,Singh-Maxwell,Small,2025-12-26,43713,134866,125106,2026-01-05,10,7,2026-01-12,,ELIGIBLE
FDX20252197778,CUST253300,Gray-Larson,Small,2025-12-27,41471,203286,99798,2026-01-06,10,7,2026-01-13,2026-01-08,RESOLVED_IN_GRACE
FDX20258155068,CUST871667,Clark-Reese,Small,2026-01-09,16153,44180,37468,2026-01-19,10,7,2026-01-26,2026-01-22,RESOLVED_IN_GRACE
FDX20255749368,CUST867562,Velez-Harmon,Mid,2025-12-27,33459,148043,53243,2026-01-11,15,12,2026-01-23,,IN_GRACE
FDX20253400475,CUST606990,Jensen Group,Mid,2025-12-27,23571,136391,78433,2026-01-11,15,12,2026-01-23,,ELIGIBLE
FDX20251414306,CUST476224,Oliver Ltd,Mid,2025-12-17,6434,19082,12355,2026-01-01,15,12,2026-01-13,,ELIGIBLE
FDX20256478441,CUST142383,Monroe-Cruz,Large,2025-12-17,43353,198708,103629,2026-01-11,25,20,2026-01-31,2026-01-19,RESOLVED_IN_GRACE
FDX20257044611,CUST329448,Murphy and Sons,Large,2025-12-04,54213,267947,256997,2025-12-29,25,20,2026-01-18,,ELIGIBLE
FDX20256620128,CUST898461,Wilkinson-Dunn,Small,2026-01-11,20584,63469,46375,2026-01-21,10,7,2026-01-28,,ELIGIBLE
FDX20257847411,CUST611329,Jackson-Morgan,Small,2025-12-22,9738,25479,16855,2026-01-01,10,7,2026-01-08,,IN_GRACE
FDX20257286684,CUST343007,Davis-Horne,Mid,2026-01-04,13636,69973,61812,2026-01-19,15,12,2026-01-31,,IN_GRACE
FDX20258896784,CUST165914,Rasmussen-Fisher,Mega,2025-12-01,51565,262305,74394,2026-01-05,35,30,2026-02-04,,IN_GRACE
FDX20255933559,CUST377198,Morgan-Murray,Mid,2025-12-25,22531,109886,74645,2026-01-09,15,12,2026-01-21,2026-01-10,RESOLVED_IN_GRACE
FDX20251522734,CUST487380,Turner LLC,Small,2026-01-13,44861,162749,48362,2026-01-23,10,7,2026-01-30,,ELIGIBLE
FDX20253689602,CUST345386,Duke and Sons,Small,2026-01-11,39228,113270,85281,2026-01-21,10,7,2026-01-28,2026-01-22,RESOLVED_IN_GRACE
FDX20257179080,CUST144887,Cain-Figueroa,Small,2026-01-12,43371,245259,99853,2026-01-22,10,7,2026-01-29,,ELIGIBLE
FDX20251748441,CUST801062,Stark-Gallagher,Large,2025-12-07,18739,73065,36703,2026-01-01,25,20,2026-01-21,,ELIGIBLE
FDX20255880032,CUST316818,Clayton PLC,Small,2026-01-12,54956,286137,108651,2026-01-22,10,7,2026-01-29,,ELIGIBLE
FDX20253517643,CUST643042,Miles Ltd,Small,2026-01-14,28200,103225,70370,2026-01-24,10,7,2026-01-31,2026-01-28,RESOLVED_IN_GRACE
FDX20251428411,CUST929906,Cooper-Williams,Small,2026-01-06,36066,98191,81442,2026-01-16,10,7,2026-01-23,2026-01-21,RESOLVED_IN_GRACE
FDX20252782278,CUST478799,Peterson-Alvarez,Mid,2025-12-26,34187,143522,114867,2026-01-10,15,12,2026-01-22,,ELIGIBLE
FDX20254548039,CUST506945,"Haley, Oliver and Watson",Mid,2025-12-30,42721,172030,79994,2026-01-14,15,12,2026-01-26,2026-01-22,RESOLVED_IN_GRACE
FDX20256253043,CUST592489,"Fleming, Ortiz and James",Small,2025-12-26,11000,46819,28077,2026-01-05,10,7,2026-01-12,,ELIGIBLE
FDX20259569737,CUST576728,Joseph-Greer,Large,2025-12-13,7666,42228,35479,2026-01-07,25,20,2026-01-27,,ELIGIBLE
FDX20259525883,CUST148693,Neal-Boyd,Small,2026-01-10,31893,130540,50799,2026-01-20,10,7,2026-01-27,,ELIGIBLE
FDX20256772247,CUST141843,Lewis-Smith,Mega,2025-12-01,7682,45443,42860,2026-01-05,35,30,2026-02-04,,ELIGIBLE
FDX20254604898,CUST780027,Holmes-Thomas,Large,2025-12-12,33663,181830,109745,2026-01-06,25,20,2026-01-26,,ELIGIBLE
FDX20257355875,CUST439813,Jones-Ellison,Small,2026-01-14,17321,44651,37546,2026-01-24,10,7,2026-01-31,,IN_GRACE
FDX20251546929,CUST208239,Lamb-Morton,Large,2025-12-12,28178,107938,93684,2026-01-06,25,20,2026-01-26,,ELIGIBLE
FDX20253517835,CUST837920,"Jarvis, Jackson and Simpson",Mid,2025-12-28,21253,70234,60751,2026-01-12,15,12,2026-01-24,,ELIGIBLE
FDX20257393623,CUST646699,Bennett-Goodwin,Mid,2025-12-27,43461,161353,61818,2026-01-11,15,12,2026-01-23,2026-01-18,RESOLVED_IN_GRACE
FDX20252316088,CUST764343,"Roy, Ortiz and Wilson",Mid,2025-12-17,36120,121266,75682,2026-01-01,15,12,2026-01-13,,ELIGIBLE
FDX20252297070,CUST969948,Mills-Reynolds,Small,2026-01-01,35742,152665,38911,2026-01-11,10,7,2026-01-18,,ELIGIBLE
FDX20254767844,CUST386780,Vance Inc,Mid,2025-12-26,41086,147868,117592,2026-01-10,15,12,2026-01-22,,IN_GRACE
FDX20259447259,CUST975427,"Ayala, Sanchez and Simpson",Small,2026-01-11,57109,230747,84436,2026-01-21,10,7,2026-01-28,,ELIGIBLE
FDX20258014220,CUST877948,"House, Bowers and Cabrera",Small,2026-01-08,29066,160747,73313,2026-01-18,10,7,2026-01-25,2026-01-23,RESOLVED_IN_GRACE
FDX20253034109,CUST376106,Alvarez-Miller,Mid,2025-12-16,48001,274465,58621,2025-12-31,15,12,2026-01-12,,ELIGIBLE
FDX20259854283,CUST706739,Guerra-Cook,Mid,2025-12-16,37969,176755,129312,2025-12-31,15,12,2026-01-12,,ELIGIBLE
FDX20251862877,CUST670792,Stevenson and Sons,Small,2026-01-04,18854,67367,43602,2026-01-14,10,7,2026-01-21,2026-01-16,RESOLVED_IN_GRACE
FDX20258924368,CUST697856,Harrell-Reed,Small,2025-12-26,30209,138014,57174,2026-01-05,10,7,2026-01-12,,ELIGIBLE
FDX20259798778,CUST282294,Hall-Savage,Small,2026-01-05,16130,47014,44361,2026-01-15,10,7,2026-01-22,2026-01-17,RESOLVED_IN_GRACE
FDX20259729789,CUST494956,Jones-Johnson,Large,2025-12-15,23626,127381,36232,2026-01-09,25,20,2026-01-29,,ELIGIBLE
FDX20258399044,CUST785428,Contreras-Hansen,Small,2026-01-14,10061,55623,35839,2026-01-24,10,7,2026-01-31,,ELIGIBLE
FDX20256317360,CUST496905,Kennedy-Ball,Large,2025-12-01,27873,98903,62731,2025-12-26,25,20,2026-01-15,2025-12-27,RESOLVED_IN_GRACE
FDX20255516136,CUST483041,Aguilar-Lewis,Small,2025-12-31,18284,97972,31952,2026-01-10,10,7,2026-01-17,,ELIGIBLE
FDX20254271952,CUST716225,Smith-Cummings,Small,2025-12-31,42320,221752,108461,2026-01-10,10,7,2026-01-17,2026-01-13,RESOLVED_IN_GRACE
FDX20255916819,CUST785073,Miller-Gardner,Mid,2025-12-27,32145,136110,76850,2026-01-11,15,12,2026-01-23,2026-01-23,RESOLVED_IN_GRACE
FDX20255094127,CUST976052,"Estrada, Chapman and Lopez",Small,2026-01-05,13434,42042,23374,2026-01-15,10,7,2026-01-22,2026-01-19,RESOLVED_IN_GRACE
FDX20256514410,CUST181618,Hensley-Jordan,Small,2025-12-26,56865,302294,162014,2026-01-05,10,7,2026-01-12,2026-01-10,RESOLVED_IN_GRACE
FDX20255078093,CUST641760,Jones-Martinez,Small,2026-01-13,53815,221325,83915,2026-01-23,10,7,2026-01-30,,ELIGIBLE
FDX20257072764,CUST363807,Hicks-Jackson,Small,2026-01-06,28515,148975,51843,2026-01-16,10,7,2026-01-23,2026-01-17,RESOLVED_IN_GRACE
FDX20254873703,CUST494609,Duncan-Wright,Mega,2025-12-01,32738,130434,42194,2026-01-05,35,30,2026-02-04,2026-01-20,RESOLVED_IN_GRACE
FDX20258647410,CUST333726,Baker-Gardner,Large,2025-12-04,8336,28951,20511,2025-12-29,25,20,2026-01-18,,ELIGIBLE
FDX20256281742,CUST641455,"Shannon, Jackson and Bird",Mid,2025-12-23,46567,154056,129009,2026-01-07,15,12,2026-01-19,2026-01-16,RESOLVED_IN_GRACE
FDX20252936374,CUST525556,Taylor-Hoover,Small,2026-01-13,20968,95372,55118,2026-01-23,10,7,2026-01-30,,ELIGIBLE
FDX20255044088,CUST470040,Scott-Hernandez,Large,2025-12-04,43600,228086,51245,2025-12-29,25,20,2026-01-18,2026-01-09,RESOLVED_IN_GRACE
FDX20258465986,CUST956934,Green-Ray,Small,2026-01-06,1965,10037,2153,2026-01-16,10,7,2026-01-23,,ELIGIBLE
FDX20257877413,CUST461792,Lee-Arnold,Large,2025-12-14,24729,119444,58783,2026-01-08,25,20,2026-01-28,,IN_GRACE
FDX20257071358,CUST610511,Harris-Ellis,Large,2025-12-01,46257,202811,184287,2025-12-26,25,20,2026-01-15,2025-12-28,RESOLVED_IN_GRACE
FDX20252336977,CUST931161,Warner-Callahan,Small,2025-12-31,33265,137686,88250,2026-01-10,10,7,2026-01-17,2026-01-13,RESOLVED_IN_GRACE
FDX20256905321,CUST605529,Martinez-Brown,Mid,2025-12-21,36540,151594,104390,2026-01-05,15,12,2026-01-17,,ELIGIBLE
FDX20259483289,CUST733561,Larson-Campbell,Small,2026-01-05,21037,67669,35837,2026-01-15,10,7,2026-01-22,2026-01-20,RESOLVED_IN_GRACE
FDX20252282513,CUST106918,Price-Collins,Small,2025-12-25,45179,178410,76359,2026-01-04,10,7,2026-01-11,2026-01-06,RESOLVED_IN_GRACE
FDX20257078334,CUST626214,Simmons-Carson,Mid,2025-12-22,31393,135591,37482,2026-01-06,15,12,2026-01-18,2026-01-14,RESOLVED_IN_GRACE
FDX20259122764,CUST245718,Flores-Clark,Small,2026-01-01,36612,192851,98182,2026-01-11,10,7,2026-01-18,,IN_GRACE
FDX20254864628,CUST561267,Wong-Roberts,Mid,2025-12-27,14378,58892,54135,2026-01-11,15,12,2026-01-23,2026-01-16,RESOLVED_IN_GRACE
FDX20258532433,CUST273650,Smith-Lee,Mid,2025-12-27,36932,115459,53649,2026-01-11,15,12,2026-01-23,,IN_GRACE
FDX20258027140,CUST341162,Brennan-Owen,Mid,2026-01-02,18285,69456,26594,2026-01-17,15,12,2026-01-29,,ELIGIBLE
FDX20254854788,CUST180832,Burke-Cline,Small,2026-01-01,20304,121680,90657,2026-01-11,10,7,2026-01-18,2026-01-12,RESOLVED_IN_GRACE
FDX20253101870,CUST639535,Roman-Chambers,Large,2025-12-01,26855,69164,39241,2025-12-26,25,20,2026-01-15,,IN_GRACE
FDX20255109477,CUST774734,Kelley-Ryan,Mid,2025-12-16,59168,243494,124263,2025-12-31,15,12,2026-01-12,,IN_GRACE
FDX20257838685,CUST394450,Hill-Sanders,Small,2025-12-28,21764,68550,53693,2026-01-07,10,7,2026-01-14,2026-01-11,RESOLVED_IN_GRACE
FDX20253317607,CUST321791,"Blackwell, Roberts and Park",Mid,2026-01-04,47386,210961,129018,2026-01-19,15,12,2026-01-31,,ELIGIBLE
FDX20255366756,CUST257538,Miller-Reed,Small,2026-01-05,28198,84471,81112,2026-01-15,10,7,2026-01-22,,ELIGIBLE
FDX20255813134,CUST295984,Snyder-Garcia,Small,2025-12-27,18673,53150,25436,2026-01-06,10,7,2026-01-13,2026-01-12,RESOLVED_IN_GRACE
FDX20256730623,CUST265001,Ray-Jones,Small,2025-12-28,51676,280892,223586,2026-01-07,10,7,2026-01-14,,ELIGIBLE
FDX20256265434,CUST479818,Horn-Fox,Small,2025-12-27,8657,22710,19374,2026-01-06,10,7,2026-01-13,,ELIGIBLE
FDX20252979107,CUST731264,Orozco-Wood,Small,2025-12-25,8041,29699,23195,2026-01-04,10,7,2026-01-11,2026-01-11,RESOLVED_IN_GRACE
FDX20252367443,CUST852146,"Shepherd, Martinez and Gray",Small,2025-12-28,16074,77420,58074,2026-01-07,10,7,2026-01-14,2026-01-13,RESOLVED_IN_GRACE
FDX20257853539,CUST956639,Aguirre-Todd,Small,2025-12-24,46098,136085,128588,2026-01-03,10,7,2026-01-10,2026-01-05,RESOLVED_IN_GRACE
FDX20258063586,CUST224078,Evans Ltd,Mid,2025-12-19,55784,290710,188545,2026-01-03,15,12,2026-01-15,,ELIGIBLE
FDX20259472929,CUST793223,Perry-Carter,Small,2026-01-09,55197,308981,116878,2026-01-19,10,7,2026-01-26,2026-01-26,RESOLVED_IN_GRACE
FDX20253489714,CUST341535,Solomon-Pearson,Mid,2026-01-01,22037,123220,54857,2026-01-16,15,12,2026-01-28,2026-01-21,RESOLVED_IN_GRACE
FDX20259291304,CUST534753,"Kaiser, Perez and Morgan",Mid,2025-12-30,38203,97655,82387,2026-01-14,15,12,2026-01-26,,ELIGIBLE
FDX20254323637,CUST950576,Miller-Garner,Large,2025-12-12,7991,24389,23021,2026-01-06,25,20,2026-01-26,2026-01-22,RESOLVED_IN_GRACE
FDX20254018484,CUST446265,Reyes-Merritt,Mid,2026-01-01,6315,20225,13563,2026-01-16,15,12,2026-01-28,,IN_GRACE
FDX20258618016,CUST855242,Herrera-Jensen,Small,2026-01-05,33602,175402,61156,2026-01-15,10,7,2026-01-22,2026-01-18,RESOLVED_IN_GRACE
FDX20251260252,CUST218844,Navarro-Lopez,Mega,2025-12-01,26742,151681,92527,2026-01-05,35,30,2026-02-04,,ELIGIBLE
FDX20253797952,CUST604906,Davenport PLC,Small,2026-01-05,23657,84653,77893,2026-01-15,10,7,2026-01-22,,ELIGIBLE
FDX20253026500,CUST808029,Mahoney and Sons,Mid,2025-12-30,56143,298056,57321,2026-01-14,15,12,2026-01-26,,ELIGIBLE
FDX20258023372,CUST602073,Robinson-Smith,Small,2026-01-12,56095,295070,81290,2026-01-22,10,7,2026-01-29,,ELIGIBLE
FDX20255418718,CUST602290,"Farrell, Richard and Roberts",Mid,2025-12-23,46139,233545,120007,2026-01-07,15,12,2026-01-19,,ELIGIBLE
FDX20258882947,CUST320939,Fields-English,Mid,2025-12-30,19287,112108,93987,2026-01-14,15,12,2026-01-26,,ELIGIBLE
FDX20252694421,CUST719489,Vance-Hanna,Mid,2025-12-23,18041,46020,35282,2026-01-07,15,12,2026-01-19,,IN_GRACE
FDX20253120605,CUST269078,Perry-Mckinney,Mid,2025-12-31,1630,9457,3205,2026-01-15,15,12,2026-01-27,,ELIGIBLE
FDX20251571694,CUST778700,Lopez-Mitchell,Large,2025-12-16,3387,17279,13137,2026-01-10,25,20,2026-01-30,,ELIGIBLE
FDX20258238024,CUST973846,"Mclean, Vargas and Davidson",Small,2026-01-02,49578,165881,71411,2026-01-12,10,7,2026-01-19,,ELIGIBLE
FDX20251401503,CUST530859,Moore-Hughes,Mid,2025-12-18,38604,108234,91341,2026-01-02,15,12,2026-01-14,,ELIGIBLE
FDX20253800715,CUST123536,"Parsons, Davis and Newton",Mid,2025-12-17,18632,100851,31331,2026-01-01,15,12,2026-01-13,,ELIGIBLE
FDX20252224983,CUST355506,Jackson-Taylor,Large,2025-12-12,41150,204865,126554,2026-01-06,25,20,2026-01-26,,IN_GRACE
FDX20253220930,CUST145240,Contreras-Gray,Small,2026-01-09,37928,172261,46562,2026-01-19,10,7,2026-01-26,,ELIGIBLE
FDX20259638539,CUST234097,Mathews-Warren,Mega,2025-12-01,11628,66100,27691,2026-01-05,35,30,2026-02-04,,ELIGIBLE
FDX20259880342,CUST701344,Thompson-Thompson,Mid,2025-12-18,31946,135017,64953,2026-01-02,15,12,2026-01-14,2026-01-08,RESOLVED_IN_GRACE
FDX20257511474,CUST721121,Ali-Whitaker,Small,2025-12-31,9806,51775,51746,2026-01-10,10,7,2026-01-17,2026-01-13,RESOLVED_IN_GRACE
FDX20258086002,CUST268956,"Romero, Weeks and Nelson",Large,2025-12-01,37878,213358,71824,2025-12-26,25,20,2026-01-15,,ELIGIBLE
FDX20256945304,CUST241268,Chavez-Castro,Small,2025-12-29,35885,91580,46934,2026-01-08,10,7,2026-01-15,,ELIGIBLE
FDX20253138306,CUST760120,Bauer Inc,Small,2026-01-09,17097,78795,74674,2026-01-19,10,7,2026-01-26,,ELIGIBLE
FDX20257749767,CUST637544,Mason-Bernard,Mid,2026-01-03,26720,108775,81741,2026-01-18,15,12,2026-01-30,,IN_GRACE
FDX20255050605,CUST141094,Miller-Ford,Small,2025-12-26,13192,60115,16059,2026-01-05,10,7,2026-01-12,2026-01-06,RESOLVED_IN_GRACE
FDX20255922299,CUST700067,Stevenson-Thompson,Large,2025-12-03,37834,96721,61758,2025-12-28,25,20,2026-01-17,,ELIGIBLE
FDX20252996986,CUST253999,Bowman-Salinas,Large,2025-12-14,39485,105455,55229,2026-01-08,25,20,2026-01-28,2026-01-25,RESOLVED_IN_GRACE
FDX20256650705,CUST158627,Cross PLC,Mid,2025-12-14,51858,274272,185933,2025-12-29,15,12,2026-01-10,,ELIGIBLE
FDX20256647890,CUST274421,Murphy-Leblanc,Mega,2025-12-01,2385,6075,5248,2026-01-05,35,30,2026-02-04,2026-01-13,RESOLVED_IN_GRACE
FDX20252808110,CUST370804,Long-Chang,Small,2025-12-28,1503,3760,2863,2026-01-07,10,7,2026-01-14,2026-01-09,RESOLVED_IN_GRACE
FDX20251758962,CUST288783,"Jimenez, James and Anderson",Mid,2025-12-25,31388,148997,51543,2026-01-09,15,12,2026-01-21,,ELIGIBLE
FDX20252237362,CUST641737,"Hoffman, Watkins and Pham",Small,2026-01-01,37292,220641,141440,2026-01-11,10,7,2026-01-18,2026-01-18,RESOLVED_IN_GRACE
FDX20256955200,CUST525151,Walters-Moyer,Small,2025-12-31,35833,186072,161416,2026-01-10,10,7,2026-01-17,,ELIGIBLE
FDX20258531214,CUST728471,Gregory-Rodriguez,Small,2026-01-01,42763,148916,145782,2026-01-11,10,7,2026-01-18,,ELIGIBLE
FDX20257859779,CUST690982,Thompson and Sons,Small,2026-01-05,48984,286852,89507,2026-01-15,10,7,2026-01-22,,IN_GRACE
FDX20258545615,CUST768595,Hampton-Schneider,Small,2025-12-26,4849,18368,5014,2026-01-05,10,7,2026-01-12,,IN_GRACE
FDX20258309667,CUST119524,Dawson-Hudson,Small,2025-12-31,31273,87425,35297,2026-01-10,10,7,2026-01-17,,ELIGIBLE
FDX20255853499,CUST854500,Day-Melton,Large,2025-12-17,57776,286625,74165,2026-01-11,25,20,2026-01-31,2026-01-25,RESOLVED_IN_GRACE
FDX20259004511,CUST863336,David-Evans,Mega,2025-12-01,38927,141895,60724,2026-01-05,35,30,2026-02-04,,ELIGIBLE
FDX20253258306,CUST793889,Jackson-Mills,Small,2026-01-11,14939,83720,76199,2026-01-21,10,7,2026-01-28,,ELIGIBLE
FDX20254077793,CUST961198,Ward-Perez,Large,2025-12-09,26302,150629,77628,2026-01-03,25,20,2026-01-23,2026-01-09,RESOLVED_IN_GRACE
FDX20259545877,CUST397223,Boone-Arroyo,Small,2025-12-24,8895,34239,17713,2026-01-03,10,7,2026-01-10,2026-01-04,RESOLVED_IN_GRACE
FDX20252405754,CUST189913,Brown-Sampson,Small,2026-01-13,24332,69711,62240,2026-01-23,10,7,2026-01-30,2026-01-28,RESOLVED_IN_GRACE
FDX20253554438,CUST327114,Clark-Orozco,Small,2026-01-13,5399,28089,5484,2026-01-23,10,7,2026-01-30,,ELIGIBLE
FDX20251130589,CUST571023,Thomas-Atkins,Mega,2025-12-01,56444,319096,122970,2026-01-05,35,30,2026-02-04,2026-01-20,RESOLVED_IN_GRACE
FDX20257205454,CUST735988,Howard-Martinez,Mid,2025-12-22,49593,159133,130811,2026-01-06,15,12,2026-01-18,,ELIGIBLE
FDX20258608923,CUST594312,Knight-Green,Mid,2025-12-19,44960,156089,153988,2026-01-03,15,12,2026-01-15,,ELIGIBLE
FDX20257364849,CUST605065,Weber-Hodges,Large,2025-12-08,55334,320403,216947,2026-01-02,25,20,2026-01-22,,ELIGIBLE
FDX20256376038,CUST278852,Frederick-Oliver,Large,2025-12-04,57132,183379,143928,2025-12-29,25,20,2026-01-18,,ELIGIBLE
FDX20258358269,CUST330019,Navarro-Johnson,Mid,2025-12-27,38108,202460,94904,2026-01-11,15,12,2026-01-23,,ELIGIBLE
FDX20253964907,CUST970699,Mckenzie-Rivas,Small,2025-12-26,23266,128673,124048,2026-01-05,10,7,2026-01-12,2026-01-12,RESOLVED_IN_GRACE
FDX20259534019,CUST530720,King-Martinez,Mega,2025-12-01,17078,62772,55334,2026-01-05,35,30,2026-02-04,,IN_GRACE
FDX20255685869,CUST730025,Mcbride-Johns,Mega,2025-12-01,12476,56778,25598,2026-01-05,35,30,2026-02-04,2026-01-23,RESOLVED_IN_GRACE
FDX20252625688,CUST249644,Mendoza-Rios,Mid,2026-01-01,39682,226955,208729,2026-01-16,15,12,2026-01-28,,ELIGIBLE
FDX20254896735,CUST933215,Dominguez-Carter,Mid,2025-12-24,44426,181668,129309,2026-01-08,15,12,2026-01-20,,ELIGIBLE
FDX20255988680,CUST710948,"Hayden, Peterson and Macdonald",Mid,2025-12-14,24512,141103,36104,2025-12-29,15,12,2026-01-10,,ELIGIBLE
FDX20259276091,CUST960307,Hill-Thompson,Mid,2025-12-17,4974,17048,8737,2026-01-01,15,12,2026-01-13,2026-01-05,RESOLVED_IN_GRACE
FDX20256722997,CUST904771,Sutton-Williams,Mid,2025-12-17,25057,110252,93800,2026-01-01,15,12,2026-01-13,,ELIGIBLE
FDX20251810137,CUST290719,Walker-Ramos,Mid,2026-01-01,34540,132020,94248,2026-01-16,15,12,2026-01-28,,ELIGIBLE
FDX20259685189,CUST753484,Petersen PLC,Small,2026-01-06,56893,181162,173839,2026-01-16,10,7,2026-01-23,,ELIGIBLE
FDX20259811287,CUST791691,Newman PLC,Mid,2025-12-18,35281,173327,93231,2026-01-02,15,12,2026-01-14,2026-01-07,RESOLVED_IN_GRACE
FDX20259526649,CUST635617,Smith-Cervantes,Mega,2025-12-01,27714,155110,55966,2026-01-05,35,30,2026-02-04,,IN_GRACE
FDX20258158662,CUST377370,Allen-Murphy,Small,2026-01-06,43943,245028,203583,2026-01-16,10,7,2026-01-23,,ELIGIBLE
FDX20255785821,CUST275868,Lloyd-Martinez,Mid,2026-01-04,7886,33958,10561,2026-01-19,15,12,2026-01-31,,IN_GRACE
FDX20256415686,CUST859364,Harrison-Charles,Small,2026-01-01,44924,119320,90818,2026-01-11,10,7,2026-01-18,,ELIGIBLE
FDX20257443587,CUST818894,Randolph-Hamilton,Large,2025-12-16,22548,129126,86543,2026-01-10,25,20,2026-01-30,2026-01-22,RESOLVED_IN_GRACE
FDX20256344856,CUST459316,Reyes-Smith,Small,2025-12-27,15128,39035,38006,2026-01-06,10,7,2026-01-13,,IN_GRACE
FDX20253993320,CUST575497,English Ltd,Small,2026-01-03,43196,147203,120137,2026-01-13,10,7,2026-01-20,,ELIGIBLE
FDX20253402439,CUST725510,Bowen-Dougherty,Small,2026-01-11,28329,82132,46146,2026-01-21,10,7,2026-01-28,,ELIGIBLE
FDX20251703542,CUST719284,"Forbes, Hernandez and Palmer",Large,2025-12-01,48658,275048,206324,2025-12-26,25,20,2026-01-15,,IN_GRACE
FDX20254534635,CUST172187,Ellis-Ortiz,Mid,2025-12-23,45359,128365,125276,2026-01-07,15,12,2026-01-19,,ELIGIBLE
FDX20258223223,CUST340977,Douglas-White,Small,2026-01-06,21007,60969,49095,2026-01-16,10,7,2026-01-23,,IN_GRACE
FDX20259709639,CUST496583,Hicks-Blake,Small,2026-01-11,32171,154653,75129,2026-01-21,10,7,2026-01-28,,IN_GRACE
FDX20255668364,CUST504186,Price-Whitney,Small,2026-01-11,42605,147623,128074,2026-01-21,10,7,2026-01-28,,ELIGIBLE
FDX20256274209,CUST238635,Anderson-Grant,Large,2025-12-01,4262,13720,11867,2025-12-26,25,20,2026-01-15,,ELIGIBLE
FDX20252668771,CUST213844,Estes and Sons,Mid,2025-12-31,40546,234540,201800,2026-01-15,15,12,2026-01-27,2026-01-26,RESOLVED_IN_GRACE
FDX20256827492,CUST117367,"Buchanan, Flores and Sanchez",Mid,2025-12-18,49380,148584,85403,2026-01-02,15,12,2026-01-14,,ELIGIBLE
FDX20255777999,CUST312177,Terry-Riley,Small,2026-01-05,23015,92042,33615,2026-01-15,10,7,2026-01-22,2026-01-22,RESOLVED_IN_GRACE
FDX20253778181,CUST648102,Young-Vargas,Large,2025-12-01,6155,33816,26339,2025-12-26,25,20,2026-01-15,,ELIGIBLE
FDX20252988957,CUST628859,Baxter LLC,Small,2026-01-11,9429,54584,50476,2026-01-21,10,7,2026-01-28,,ELIGIBLE
FDX20255829206,CUST817611,Vazquez-Martin,Small,2026-01-09,12099,63888,30420,2026-01-19,10,7,2026-01-26,,ELIGIBLE
FDX20255594415,CUST540186,Martinez-Santos,Small,2026-01-05,23597,126636,63030,2026-01-15,10,7,2026-01-22,,ELIGIBLE
FDX20259164392,CUST966662,"Morse, Villa and Lloyd",Mega,2025-12-01,36629,188391,163413,2026-01-05,35,30,2026-02-04,2026-01-14,RESOLVED_IN_GRACE
FDX20258363801,CUST256826,Burke-Herrera,Small,2025-12-31,39963,167399,45589,2026-01-10,10,7,2026-01-17,,ELIGIBLE
FDX20254751945,CUST734924,Petersen-Harmon,Mid,2025-12-14,56659,153210,132198,2025-12-29,15,12,2026-01-10,,ELIGIBLE
FDX20253840731,CUST200976,Obrien-Moore,Mid,2025-12-15,58434,191779,168767,2025-12-30,15,12,2026-01-11,2026-01-02,RESOLVED_IN_GRACE
FDX20255839871,CUST286040,Knox-Brown,Large,2025-12-01,37716,198579,128573,2025-12-26,25,20,2026-01-15,,IN_GRACE
FDX20255352496,CUST598985,Fox-Hamilton,Small,2025-12-24,49670,265750,55468,2026-01-03,10,7,2026-01-10,2026-01-07,RESOLVED_IN_GRACE
FDX20252780388,CUST744610,Leon-Adams,Small,2025-12-27,44543,159958,47348,2026-01-06,10,7,2026-01-13,,ELIGIBLE
FDX20254886854,CUST728950,Garrett-Waters,Small,2026-01-08,55779,154075,128844,2026-01-18,10,7,2026-01-25,,ELIGIBLE
FDX20255674614,CUST140932,Burns-Lee,Mid,2025-12-18,43294,114134,89889,2026-01-02,15,12,2026-01-14,,ELIGIBLE
FDX20253365639,CUST921945,King-Patterson,Mid,2025-12-27,31438,183736,36854,2026-01-11,15,12,2026-01-23,2026-01-13,RESOLVED_IN_GRACE
FDX20252610210,CUST657244,Palmer-Taylor,Small,2026-01-05,38845,227590,113614,2026-01-15,10,7,2026-01-22,,ELIGIBLE
FDX20254470251,CUST627778,Williams-Esparza,Mid,2025-12-22,58127,200451,142485,2026-01-06,15,12,2026-01-18,,ELIGIBLE
FDX20259534539,CUST888930,"Kirby, Hansen and Orozco",Mid,2025-12-19,30752,119020,50001,2026-01-03,15,12,2026-01-15,,IN_GRACE
FDX20253832873,CUST223224,Boyle-Jackson,Mid,2025-12-17,44596,145266,87872,2026-01-01,15,12,2026-01-13,2026-01-07,RESOLVED_IN_GRACE
FDX20251458858,CUST197716,Williams-Thomas,Mega,2025-12-01,55192,320825,251071,2026-01-05,35,30,2026-02-04,2026-02-02,RESOLVED_IN_GRACE
FDX20251666811,CUST605666,Watson-Nelson,Small,2026-01-11,43201,218539,174330,2026-01-21,10,7,2026-01-28,,ELIGIBLE
FDX20254273782,CUST791423,Spencer-Mccoy,Mid,2026-01-04,3105,16727,7504,2026-01-19,15,12,2026-01-31,,ELIGIBLE
FDX20251111821,CUST236659,Gamble-James,Large,2025-12-04,29310,151890,124850,2025-12-29,25,20,2026-01-18,2025-12-30,RESOLVED_IN_GRACE
FDX20259193420,CUST732789,Wilkerson-Garcia,Mega,2025-12-01,1594,4836,2984,2026-01-05,35,30,2026-02-04,,ELIGIBLE
FDX20251432471,CUST665482,Holder Inc,Small,2026-01-06,47018,264902,76173,2026-01-16,10,7,2026-01-23,,ELIGIBLE
